date,ticker,price,volume,price_field
2022-01-03,AAPL,364.8267043529771,1818724.0,Close
2022-01-04,AAPL,372.5943931913045,1632048.0,Close
2022-01-05,AAPL,356.73929503449375,1345498.0,Close
2022-01-06,AAPL,346.6696442272745,861348.0,Close
2022-01-07,AAPL,347.8299517420197,1483099.0,Close
2022-01-10,AAPL,345.58364576114025,694872.0,Close
2022-01-11,AAPL,345.6366646837814,1727956.0,Close
2022-01-12,AAPL,339.3079571164932,1196850.0,Close
2022-01-13,AAPL,346.0740717573024,511325.0,Close
2022-01-14,AAPL,352.19872754484686,1015921.0,Close
2022-01-17,AAPL,352.8968886776778,1307779.0,Close
2022-01-18,AAPL,361.8651089296882,1070989.0,Close
2022-01-19,AAPL,365.7901462494754,1367166.0,Close
2022-01-20,AAPL,359.04195683338634,873783.0,Close
2022-01-21,AAPL,362.1534719312614,740883.0,Close
2022-01-24,AAPL,354.6760382785135,1110579.0,Close
2022-01-25,AAPL,361.7411854265816,1143083.0,Close
2022-01-26,AAPL,361.53211530170375,964094.0,Close
2022-01-27,AAPL,360.24604938352377,1560520.0,Close
2022-01-28,AAPL,355.0188381773224,863953.0,Close
2022-01-31,AAPL,364.7880025160435,1270598.0,Close
2022-02-01,AAPL,363.7346642763635,1099915.0,Close
2022-02-02,AAPL,360.48548489195576,687734.0,Close
2022-02-03,AAPL,357.8717821921588,734934.0,Close
2022-02-04,AAPL,362.265526382151,1111777.0,Close
2022-02-07,AAPL,365.3785283467212,1985815.0,Close
2022-02-08,AAPL,368.8997729076408,1308000.0,Close
2022-02-09,AAPL,372.6022838429017,655859.0,Close
2022-02-10,AAPL,390.4166204620024,480515.0,Close
2022-02-11,AAPL,387.1179874256893,1365013.0,Close
2022-02-14,AAPL,382.94268135125463,1071647.0,Close
2022-02-15,AAPL,376.2629329286241,1583445.0,Close
2022-02-16,AAPL,381.57757583486904,855133.0,Close
2022-02-17,AAPL,391.2892469653554,1277442.0,Close
2022-02-18,AAPL,390.5099905067734,1385450.0,Close
2022-02-21,AAPL,383.4707576642548,984760.0,Close
2022-02-22,AAPL,376.6911313781615,990120.0,Close
2022-02-23,AAPL,382.2997053475649,1124674.0,Close
2022-02-24,AAPL,388.7739343218491,1321247.0,Close
2022-02-25,AAPL,393.6401702883303,1103822.0,Close
2022-02-28,AAPL,388.06242539406793,1491893.0,Close
2022-03-01,AAPL,390.2551145875836,945960.0,Close
2022-03-02,AAPL,391.4651886971518,723943.0,Close
2022-03-03,AAPL,393.56065585241333,1964505.0,Close
2022-03-04,AAPL,401.33937062208344,944056.0,Close
2022-03-07,AAPL,403.531175175618,915701.0,Close
2022-03-08,AAPL,409.7917019042806,1096330.0,Close
2022-03-09,AAPL,410.6180387734682,1096806.0,Close
2022-03-10,AAPL,413.45456757454656,971148.0,Close
2022-03-11,AAPL,419.4342865159263,1109001.0,Close
2022-03-14,AAPL,406.15973813705455,1156031.0,Close
2022-03-15,AAPL,403.5059879776078,1148060.0,Close
2022-03-16,AAPL,399.52695422764185,542333.0,Close
2022-03-17,AAPL,394.1007232895873,1955051.0,Close
2022-03-18,AAPL,391.9132323287658,1039297.0,Close
2022-03-21,AAPL,405.0547612988468,1399695.0,Close
2022-03-22,AAPL,397.52373083272806,746070.0,Close
2022-03-23,AAPL,406.2308312873165,988623.0,Close
2022-03-24,AAPL,391.34965475635806,969271.0,Close
2022-03-25,AAPL,388.661211341452,1694747.0,Close
2022-03-28,AAPL,390.26166439210465,907329.0,Close
2022-03-29,AAPL,395.51762793705154,1395495.0,Close
2022-03-30,AAPL,401.93601202356945,921849.0,Close
2022-03-31,AAPL,409.1873314731498,983281.0,Close
2022-04-01,AAPL,406.2513098950544,1013945.0,Close
2022-04-04,AAPL,402.317149397605,1616088.0,Close
2022-04-05,AAPL,410.14943517703347,641480.0,Close
2022-04-06,AAPL,408.6320871550624,728006.0,Close
2022-04-07,AAPL,397.3366931819968,645126.0,Close
2022-04-08,AAPL,387.60278514928115,827691.0,Close
2022-04-11,AAPL,379.9373414886347,887251.0,Close
2022-04-12,AAPL,384.307141579584,680991.0,Close
2022-04-13,AAPL,385.7171825575682,866684.0,Close
2022-04-14,AAPL,391.79988653035906,611418.0,Close
2022-04-15,AAPL,388.3093063433025,808315.0,Close
2022-04-18,AAPL,389.87218641947226,1550139.0,Close
2022-04-19,AAPL,395.46178995278734,1257851.0,Close
2022-04-20,AAPL,392.96808799349935,1151652.0,Close
2022-04-21,AAPL,397.1373552670152,816046.0,Close
2022-04-22,AAPL,391.54148087094507,702432.0,Close
2022-04-25,AAPL,388.6082006242004,776231.0,Close
2022-04-26,AAPL,385.53658212720313,1079706.0,Close
2022-04-27,AAPL,375.5592803640944,1493975.0,Close
2022-04-28,AAPL,379.79424455220993,1448019.0,Close
2022-04-29,AAPL,376.05717258142727,1329087.0,Close
2022-05-02,AAPL,376.3581084082956,858428.0,Close
2022-05-03,AAPL,380.55034550813673,1112325.0,Close
2022-05-04,AAPL,384.5017906802457,1000489.0,Close
2022-05-05,AAPL,390.35223818858486,1051792.0,Close
2022-05-06,AAPL,389.7081103510382,1978409.0,Close
2022-05-09,AAPL,386.2701910827697,646448.0,Close
2022-05-10,AAPL,385.7928576831142,999514.0,Close
2022-05-11,AAPL,371.6223412113945,1706211.0,Close
2022-05-12,AAPL,359.9433860951402,753178.0,Close
2022-05-13,AAPL,349.6202138064393,956600.0,Close
2022-05-16,AAPL,342.10540759273204,970439.0,Close
2022-05-17,AAPL,345.3044824801002,1027262.0,Close
2022-05-18,AAPL,338.58208643163505,700607.0,Close
2022-05-19,AAPL,335.9326100594709,1307356.0,Close
2022-05-20,AAPL,345.74537354783484,1419217.0,Close
2022-05-23,AAPL,343.2070131740791,1271904.0,Close
2022-05-24,AAPL,348.9757231561413,864416.0,Close
2022-05-25,AAPL,341.9650426432876,1162638.0,Close
2022-05-26,AAPL,340.59323166501963,825593.0,Close
2022-05-27,AAPL,333.6275873556381,1026324.0,Close
2022-05-30,AAPL,331.30511987108747,2081161.0,Close
2022-05-31,AAPL,337.6257081237207,1162509.0,Close
2022-06-01,AAPL,324.926336113615,832664.0,Close
2022-06-02,AAPL,328.21334782966835,1162083.0,Close
2022-06-03,AAPL,330.1082640482325,724589.0,Close
2022-06-06,AAPL,325.95085555924237,773832.0,Close
2022-06-07,AAPL,315.7148056018996,855485.0,Close
2022-06-08,AAPL,316.3831583820683,941062.0,Close
2022-06-09,AAPL,312.8502706261199,1462662.0,Close
2022-06-10,AAPL,314.62154130030694,1292500.0,Close
2022-06-13,AAPL,314.938320780819,1253740.0,Close
2022-06-14,AAPL,326.24165758230566,851121.0,Close
2022-06-15,AAPL,324.68860287980567,921274.0,Close
2022-06-16,AAPL,317.52149279498656,1236071.0,Close
2022-06-17,AAPL,318.944836663283,896801.0,Close
2022-06-20,AAPL,320.6613225757916,998724.0,Close
2022-06-21,AAPL,330.45251550798497,1331454.0,Close
2022-06-22,AAPL,336.71892044211705,1017058.0,Close
2022-06-23,AAPL,339.5486602461131,1172260.0,Close
2022-06-24,AAPL,350.69712066719984,1892654.0,Close
2022-06-27,AAPL,341.67622462207834,1093075.0,Close
2022-06-28,AAPL,337.02911034983066,1584090.0,Close
2022-06-29,AAPL,330.3108293237901,1339249.0,Close
2022-06-30,AAPL,327.6411332808457,704689.0,Close
2022-07-01,AAPL,317.8538448242101,836441.0,Close
2022-07-04,AAPL,322.4780163488668,868364.0,Close
2022-07-05,AAPL,321.06486658496027,837635.0,Close
2022-07-06,AAPL,310.80681514940653,1139580.0,Close
2022-07-07,AAPL,304.0004682589228,1369216.0,Close
2022-07-08,AAPL,306.26422711639225,1591788.0,Close
2022-07-11,AAPL,312.0923370247326,1238855.0,Close
2022-07-12,AAPL,326.0150650228347,1059838.0,Close
2022-07-13,AAPL,347.16060014832277,683410.0,Close
2022-07-14,AAPL,350.5191269449593,1122999.0,Close
2022-07-15,AAPL,343.0446588472291,1145632.0,Close
2022-07-18,AAPL,327.0759819487868,1286359.0,Close
2022-07-19,AAPL,329.1808062266694,2048710.0,Close
2022-07-20,AAPL,323.4448817090201,1631255.0,Close
2022-07-21,AAPL,320.6482327577844,1387278.0,Close
2022-07-22,AAPL,316.48290619038914,831789.0,Close
2022-07-25,AAPL,315.6650523742197,923154.0,Close
2022-07-26,AAPL,323.2601249038238,1113445.0,Close
2022-07-27,AAPL,324.5505501807013,856842.0,Close
2022-07-28,AAPL,323.58398056671035,1252637.0,Close
2022-07-29,AAPL,316.35440294250975,1268919.0,Close
2022-08-01,AAPL,304.8227924132639,855134.0,Close
2022-08-02,AAPL,301.7096396828777,1576868.0,Close
2022-08-03,AAPL,301.50957386381003,1103952.0,Close
2022-08-04,AAPL,313.43703494488875,711516.0,Close
2022-08-05,AAPL,314.5029578045768,1062861.0,Close
2022-08-08,AAPL,321.49204404557634,1240008.0,Close
2022-08-09,AAPL,318.11645734835423,1475604.0,Close
2022-08-10,AAPL,309.9604516660743,1039848.0,Close
2022-08-11,AAPL,303.5179897257999,1455116.0,Close
2022-08-12,AAPL,298.8170566976685,1182672.0,Close
2022-08-15,AAPL,313.0167342599929,822810.0,Close
2022-08-16,AAPL,307.50409698308664,735762.0,Close
2022-08-17,AAPL,313.3582633310934,1581741.0,Close
2022-08-18,AAPL,307.2754528564616,1618685.0,Close
2022-08-19,AAPL,313.75678847885536,1251630.0,Close
2022-08-22,AAPL,316.5880826318457,1718824.0,Close
2022-08-23,AAPL,315.659185404127,1479883.0,Close
2022-08-24,AAPL,315.54061330732384,1313153.0,Close
2022-08-25,AAPL,311.1442116603709,846853.0,Close
2022-08-26,AAPL,314.3718250276054,1852046.0,Close
2022-08-29,AAPL,311.3785750343299,1290811.0,Close
2022-08-30,AAPL,303.1157651636055,1027433.0,Close
2022-08-31,AAPL,294.7219829717022,946996.0,Close
2022-09-01,AAPL,295.99960536773574,1169028.0,Close
2022-09-02,AAPL,306.47494496505544,715911.0,Close
2022-09-05,AAPL,307.7182802385226,1334045.0,Close
2022-09-06,AAPL,307.073585387462,807680.0,Close
2022-09-07,AAPL,309.17250604000293,1218593.0,Close
2022-09-08,AAPL,318.24983097167285,994162.0,Close
2022-09-09,AAPL,319.95826081740364,1002871.0,Close
2022-09-12,AAPL,317.22305457922334,873249.0,Close
2022-09-13,AAPL,325.13793743368257,1094207.0,Close
2022-09-14,AAPL,328.3864057936226,1939758.0,Close
2022-09-15,AAPL,339.6936997365866,1786108.0,Close
2022-09-16,AAPL,341.2461261689366,1204636.0,Close
2022-09-19,AAPL,332.19930914305496,1144717.0,Close
2022-09-20,AAPL,322.33840199061876,1498978.0,Close
2022-09-21,AAPL,334.25712746359847,1665962.0,Close
2022-09-22,AAPL,347.1533758579404,929409.0,Close
2022-09-23,AAPL,345.9594137913685,1054693.0,Close
2022-09-26,AAPL,343.2138262695546,633280.0,Close
2022-09-27,AAPL,354.4685413692451,1643750.0,Close
2022-09-28,AAPL,345.9901901008762,2127658.0,Close
2022-09-29,AAPL,339.3365821023248,1157578.0,Close
2022-09-30,AAPL,344.33454297129947,589754.0,Close
2022-10-03,AAPL,341.515044695315,1314099.0,Close
2022-10-04,AAPL,341.65550635206006,815644.0,Close
2022-10-05,AAPL,340.60172533153747,883753.0,Close
2022-10-06,AAPL,343.3189807397193,1320276.0,Close
2022-10-07,AAPL,354.16809456688736,1262579.0,Close
2022-10-10,AAPL,355.0621687227295,929906.0,Close
2022-10-11,AAPL,360.2965436331237,918155.0,Close
2022-10-12,AAPL,344.17611291558643,1258497.0,Close
2022-10-13,AAPL,343.98637070244587,946513.0,Close
2022-10-14,AAPL,337.76241522639594,807594.0,Close
2022-10-17,AAPL,328.8501351341198,1043551.0,Close
2022-10-18,AAPL,322.6464863886598,1250002.0,Close
2022-10-19,AAPL,320.4354365762498,1033691.0,Close
2022-10-20,AAPL,327.083485897308,742705.0,Close
2022-10-21,AAPL,317.6760643276192,1561582.0,Close
2022-10-24,AAPL,318.05749837223294,471502.0,Close
2022-10-25,AAPL,314.82419715763723,963048.0,Close
2022-10-26,AAPL,312.71158948335324,904917.0,Close
2022-10-27,AAPL,319.7990827003284,1192977.0,Close
2022-10-28,AAPL,323.76638986514814,1311611.0,Close
2022-10-31,AAPL,333.49663085493466,1633247.0,Close
2022-11-01,AAPL,332.53382282549666,870331.0,Close
2022-11-02,AAPL,327.59849121157345,1330764.0,Close
2022-11-03,AAPL,326.15106838897026,1148124.0,Close
2022-11-04,AAPL,328.0683644977329,650663.0,Close
2022-11-07,AAPL,329.5194124545156,1914699.0,Close
2022-11-08,AAPL,321.8026538378759,742658.0,Close
2022-11-09,AAPL,322.6143476747159,1220919.0,Close
2022-11-10,AAPL,324.4092170305495,1221106.0,Close
2022-11-11,AAPL,342.61136498763034,1355919.0,Close
2022-11-14,AAPL,356.9886783925864,1037090.0,Close
2022-11-15,AAPL,350.4505402936149,1444669.0,Close
2022-11-16,AAPL,348.41061519274086,680735.0,Close
2022-11-17,AAPL,337.3355158057686,1147463.0,Close
2022-11-18,AAPL,333.1127303195509,936056.0,Close
2022-11-21,AAPL,335.6086557717637,891595.0,Close
2022-11-22,AAPL,344.7200476370433,1314085.0,Close
2022-11-23,AAPL,339.3516085556735,1545151.0,Close
2022-11-24,AAPL,334.6282549659749,1004156.0,Close
2022-11-25,AAPL,318.9387411858293,1540377.0,Close
2022-11-28,AAPL,317.9604977960377,1094500.0,Close
2022-11-29,AAPL,310.6686915327291,873657.0,Close
2022-11-30,AAPL,307.1999797632052,1022017.0,Close
2022-12-01,AAPL,301.4135145817926,1031836.0,Close
2022-12-02,AAPL,300.944249945615,870993.0,Close
2022-12-05,AAPL,289.42255492457883,1354573.0,Close
2022-12-06,AAPL,280.1995123035611,1255977.0,Close
2022-12-07,AAPL,293.5193003032792,757552.0,Close
2022-12-08,AAPL,285.3297905945124,705494.0,Close
2022-12-09,AAPL,278.5697712810481,1299898.0,Close
2022-12-12,AAPL,290.01404698865184,939745.0,Close
2022-12-13,AAPL,308.7682150690423,1396735.0,Close
2022-12-14,AAPL,300.943080992851,1453208.0,Close
2022-12-15,AAPL,298.6540099955398,746390.0,Close
2022-12-16,AAPL,301.0628656440664,716529.0,Close
2022-12-19,AAPL,312.711867585133,1970658.0,Close
2022-12-20,AAPL,306.0621124914361,1263051.0,Close
2022-12-21,AAPL,304.5651010363252,956008.0,Close
2022-12-22,AAPL,309.9520952400984,850217.0,Close
2022-12-23,AAPL,313.0899683546999,944597.0,Close
2022-12-26,AAPL,310.6538436625164,764999.0,Close
2022-12-27,AAPL,309.898846535673,1402848.0,Close
2022-12-28,AAPL,300.65380542593306,922108.0,Close
2022-12-29,AAPL,299.2304058582725,1504379.0,Close
2022-12-30,AAPL,297.62734210043175,962686.0,Close
2023-01-02,AAPL,299.3090975598238,794550.0,Close
2023-01-03,AAPL,295.79613828003266,973294.0,Close
2023-01-04,AAPL,299.0308607395934,502201.0,Close
2023-01-05,AAPL,305.8740320303693,1101183.0,Close
2023-01-06,AAPL,307.08411804939243,1027346.0,Close
2023-01-09,AAPL,309.63013255523714,1402432.0,Close
2023-01-10,AAPL,310.1558887416148,609818.0,Close
2023-01-11,AAPL,310.3191053973879,1516422.0,Close
2023-01-12,AAPL,305.5379677089251,1429867.0,Close
2023-01-13,AAPL,307.83328177872255,1590608.0,Close
2023-01-16,AAPL,307.3334686244754,1056814.0,Close
2023-01-17,AAPL,321.69829713488514,1651374.0,Close
2023-01-18,AAPL,333.0423612166342,759878.0,Close
2023-01-19,AAPL,336.0542710552798,1359205.0,Close
2023-01-20,AAPL,330.5687091540207,889297.0,Close
2023-01-23,AAPL,322.622842174063,697973.0,Close
2023-01-24,AAPL,331.27689541978083,823965.0,Close
2023-01-25,AAPL,333.3724580319273,1090542.0,Close
2023-01-26,AAPL,337.08143943096854,862223.0,Close
2023-01-27,AAPL,324.2740396977141,1332400.0,Close
2023-01-30,AAPL,331.0843228306579,660238.0,Close
2023-01-31,AAPL,334.5798082817755,582322.0,Close
2023-02-01,AAPL,326.5521593613867,1728821.0,Close
2023-02-02,AAPL,323.323671889534,1442799.0,Close
2023-02-03,AAPL,325.3758348826706,794764.0,Close
2023-02-06,AAPL,325.92338088566305,1072886.0,Close
2023-02-07,AAPL,323.9917710059734,1476526.0,Close
2023-02-08,AAPL,323.42135829545504,1218042.0,Close
2023-02-09,AAPL,321.7915983279171,1133928.0,Close
2023-02-10,AAPL,323.0442881630134,1501363.0,Close
2023-02-13,AAPL,333.7092672014776,943123.0,Close
2023-02-14,AAPL,314.9728905641737,1260158.0,Close
2023-02-15,AAPL,313.49090347979234,1077753.0,Close
2023-02-16,AAPL,314.8770534692972,997568.0,Close
2023-02-17,AAPL,317.1000024659476,970671.0,Close
2023-02-20,AAPL,314.6623722862946,1117257.0,Close
2023-02-21,AAPL,302.62247038752105,1203463.0,Close
2023-02-22,AAPL,304.9727300141206,798292.0,Close
2023-02-23,AAPL,316.7639429702712,1516639.0,Close
2023-02-24,AAPL,306.20230236985907,876898.0,Close
2023-02-27,AAPL,312.2029949735227,1059582.0,Close
2023-02-28,AAPL,310.10210277804134,997622.0,Close
2023-03-01,AAPL,309.8448342632262,1192597.0,Close
2023-03-02,AAPL,302.804244938351,604370.0,Close
2023-03-03,AAPL,300.7269465909164,1424557.0,Close
2023-03-06,AAPL,309.51675472618285,948543.0,Close
2023-03-07,AAPL,313.6608852436396,1602535.0,Close
2023-03-08,AAPL,325.8223696171748,1033347.0,Close
2023-03-09,AAPL,334.4634665686125,1136689.0,Close
2023-03-10,AAPL,337.88139287325976,1955311.0,Close
2023-03-13,AAPL,351.0686814927747,1098274.0,Close
2023-03-14,AAPL,354.6555737702493,1596897.0,Close
2023-03-15,AAPL,361.3251660920412,1142037.0,Close
2023-03-16,AAPL,359.14864422247956,1232139.0,Close
2023-03-17,AAPL,359.8646668991885,1097645.0,Close
2023-03-20,AAPL,354.51193293483334,1439402.0,Close
2023-03-21,AAPL,362.443698283688,928227.0,Close
2023-03-22,AAPL,353.20434977649205,856153.0,Close
2023-03-23,AAPL,359.49074272511064,929286.0,Close
2023-03-24,AAPL,358.1659917556629,1113072.0,Close
2023-03-27,AAPL,367.6161184469985,1079123.0,Close
2023-03-28,AAPL,373.9034889307673,1390044.0,Close
2023-03-29,AAPL,389.12999307967215,1773402.0,Close
2023-03-30,AAPL,395.6126721988318,837138.0,Close
2023-03-31,AAPL,382.088545535894,945220.0,Close
2023-04-03,AAPL,381.7240689384866,696423.0,Close
2023-04-04,AAPL,372.04629647771185,2114109.0,Close
2023-04-05,AAPL,367.98395573635474,1209067.0,Close
2023-04-06,AAPL,380.45542509874457,1359325.0,Close
2023-04-07,AAPL,386.0103476360171,746040.0,Close
2023-04-10,AAPL,380.2558744586666,1115851.0,Close
2023-04-11,AAPL,371.9442957996646,1326447.0,Close
2023-04-12,AAPL,372.40855113783647,994144.0,Close
2023-04-13,AAPL,362.6006144544339,1591969.0,Close
2023-04-14,AAPL,357.41761102393394,2229448.0,Close
2023-04-17,AAPL,360.0672721757512,822089.0,Close
2023-04-18,AAPL,369.4408791062232,847715.0,Close
2023-04-19,AAPL,374.6002848271387,855501.0,Close
2023-04-20,AAPL,355.84560776780546,1989752.0,Close
2023-04-21,AAPL,358.42356727129544,1492458.0,Close
2023-04-24,AAPL,359.18157320521703,1032396.0,Close
2023-04-25,AAPL,362.6522770871434,1111556.0,Close
2023-04-26,AAPL,375.7836473896208,927165.0,Close
2023-04-27,AAPL,358.8618799419768,1583976.0,Close
2023-04-28,AAPL,354.36648524379365,989196.0,Close
2023-05-01,AAPL,359.17566834790523,1028499.0,Close
2023-05-02,AAPL,346.8213826609261,1414899.0,Close
2023-05-03,AAPL,358.3054688005642,1110184.0,Close
2023-05-04,AAPL,361.4074830235665,1021597.0,Close
2023-05-05,AAPL,368.3524385995693,1133645.0,Close
2023-05-08,AAPL,363.9021165806054,1405547.0,Close
2023-05-09,AAPL,370.6313079392972,1848096.0,Close
2023-05-10,AAPL,379.5692856884645,1365761.0,Close
2023-05-11,AAPL,381.7199920415892,1382739.0,Close
2023-05-12,AAPL,383.8957196502962,1023487.0,Close
2023-05-15,AAPL,386.3885020306281,880883.0,Close
2023-05-16,AAPL,379.2257336080935,1372363.0,Close
2023-05-17,AAPL,378.18932406481633,1134003.0,Close
2023-05-18,AAPL,377.11404742592913,703225.0,Close
2023-05-19,AAPL,380.50410285974664,994422.0,Close
2023-05-22,AAPL,389.103442631916,1112876.0,Close
2023-05-23,AAPL,380.2134304888976,979586.0,Close
2023-05-24,AAPL,379.36337115735375,1677697.0,Close
2023-05-25,AAPL,391.97112343147904,1356906.0,Close
2023-05-26,AAPL,385.74129988847614,1690033.0,Close
2023-05-29,AAPL,378.9405341693264,1217481.0,Close
2023-05-30,AAPL,380.831890572614,1111261.0,Close
2023-05-31,AAPL,388.1316249650772,853123.0,Close
2023-06-01,AAPL,388.4330702661206,1074787.0,Close
2023-06-02,AAPL,400.0343937706825,1168761.0,Close
2023-06-05,AAPL,407.8117998764155,750339.0,Close
2023-06-06,AAPL,415.6055845866383,960894.0,Close
2023-06-07,AAPL,420.9082618655641,1006817.0,Close
2023-06-08,AAPL,442.7607570394001,1397957.0,Close
2023-06-09,AAPL,440.9872955465688,1241805.0,Close
2023-06-12,AAPL,421.7108057118572,1015157.0,Close
2023-06-13,AAPL,436.8693243280669,1362452.0,Close
2023-06-14,AAPL,432.683532995335,1040739.0,Close
2023-06-15,AAPL,433.9410450258594,455669.0,Close
2023-06-16,AAPL,446.7155853248699,1005451.0,Close
2023-06-19,AAPL,431.1464329600385,1631269.0,Close
2023-06-20,AAPL,419.4575370560478,697585.0,Close
2023-06-21,AAPL,404.8474866447063,1220682.0,Close
2023-06-22,AAPL,397.96117387457736,1806813.0,Close
2023-06-23,AAPL,402.03282369072053,876573.0,Close
2023-06-26,AAPL,406.8966616364529,1107951.0,Close
2023-06-27,AAPL,409.5920816498752,736894.0,Close
2023-06-28,AAPL,397.03046805987486,1901042.0,Close
2023-06-29,AAPL,376.9878788036648,1199894.0,Close
2023-06-30,AAPL,377.63798307676154,1089114.0,Close
2023-07-03,AAPL,373.9023362606187,1651611.0,Close
2023-07-04,AAPL,377.89087326323573,1344686.0,Close
2023-07-05,AAPL,383.9458440370699,861119.0,Close
2023-07-06,AAPL,385.3190878804901,889323.0,Close
2023-07-07,AAPL,391.9880490242021,1303843.0,Close
2023-07-10,AAPL,394.1773880156741,900862.0,Close
2023-07-11,AAPL,398.99733745446974,586883.0,Close
2023-07-12,AAPL,392.9986678059178,1098955.0,Close
2023-07-13,AAPL,391.6462303230804,692410.0,Close
2023-07-14,AAPL,393.55318261818246,1760508.0,Close
2023-07-17,AAPL,400.88945638887026,1189661.0,Close
2023-07-18,AAPL,397.6145193453461,834332.0,Close
2023-07-19,AAPL,402.3983861896328,897704.0,Close
2023-07-20,AAPL,400.2474967651568,615885.0,Close
2023-07-21,AAPL,399.4186326574121,773037.0,Close
2023-07-24,AAPL,406.9435320031,1531263.0,Close
2023-07-25,AAPL,389.2491681942641,2359294.0,Close
2023-07-26,AAPL,378.3109134944572,1440619.0,Close
2023-07-27,AAPL,366.1287975952852,1139765.0,Close
2023-07-28,AAPL,347.45608892947354,1082201.0,Close
2023-07-31,AAPL,342.4349071451103,836698.0,Close
2023-08-01,AAPL,348.2807508373975,2083590.0,Close
2023-08-02,AAPL,346.27267491051884,1027102.0,Close
2023-08-03,AAPL,347.9664526641347,2045154.0,Close
2023-08-04,AAPL,356.5172434989136,1742642.0,Close
2023-08-07,AAPL,367.15530546177735,690535.0,Close
2023-08-08,AAPL,366.78736287999607,877597.0,Close
2023-08-09,AAPL,377.941620735302,953906.0,Close
2023-08-10,AAPL,378.9085750711008,1051175.0,Close
2023-08-11,AAPL,372.1015420772483,1105850.0,Close
2023-08-14,AAPL,367.41320986411006,2724242.0,Close
2023-08-15,AAPL,355.59539072046596,848035.0,Close
2023-08-16,AAPL,348.80883375006226,1209955.0,Close
2023-08-17,AAPL,346.23448384655813,1313990.0,Close
2023-08-18,AAPL,352.5591573005358,1126479.0,Close
2023-08-21,AAPL,366.1389888981414,1231979.0,Close
2023-08-22,AAPL,355.15726818606726,851235.0,Close
2023-08-23,AAPL,358.42391879853534,1133581.0,Close
2023-08-24,AAPL,350.37724052750576,1329517.0,Close
2023-08-25,AAPL,354.23327771355946,1217719.0,Close
2023-08-28,AAPL,353.39376875333625,1276806.0,Close
2023-08-29,AAPL,339.29305389018793,1827707.0,Close
2023-08-30,AAPL,346.42519221006893,1504499.0,Close
2023-08-31,AAPL,341.9792913006239,1133583.0,Close
2023-09-01,AAPL,338.1273048467847,777184.0,Close
2023-09-04,AAPL,330.3182292135877,954283.0,Close
2023-09-05,AAPL,325.71961108371556,1042106.0,Close
2023-09-06,AAPL,328.96766299191296,1186962.0,Close
2023-09-07,AAPL,327.7656094537975,935774.0,Close
2023-09-08,AAPL,330.3159619675779,825778.0,Close
2023-09-11,AAPL,333.12872846989166,767192.0,Close
2023-09-12,AAPL,343.01723728469244,709049.0,Close
2023-09-13,AAPL,340.60098173315663,1016783.0,Close
2023-09-14,AAPL,329.67324067782783,753680.0,Close
2023-09-15,AAPL,337.6143996626995,848598.0,Close
2023-09-18,AAPL,335.3204210128467,968724.0,Close
2023-09-19,AAPL,343.7483207643431,769615.0,Close
2023-09-20,AAPL,346.83830886061935,1229678.0,Close
2023-09-21,AAPL,346.0159358437085,1343625.0,Close
2023-09-22,AAPL,348.86196095713984,928453.0,Close
2023-09-25,AAPL,364.07286359283773,1059755.0,Close
2023-09-26,AAPL,380.95957748051984,1430074.0,Close
2023-09-27,AAPL,381.7429327367041,867767.0,Close
2023-09-28,AAPL,383.2932991188461,855137.0,Close
2023-09-29,AAPL,392.60237242834063,1641311.0,Close
2023-10-02,AAPL,385.47770709608955,1468857.0,Close
2023-10-03,AAPL,388.5146389964744,1310019.0,Close
2023-10-04,AAPL,388.4965117320002,1410649.0,Close
2023-10-05,AAPL,391.3928585193749,603597.0,Close
2023-10-06,AAPL,384.39636837784315,1689793.0,Close
2023-10-09,AAPL,371.10691645731896,1326466.0,Close
2023-10-10,AAPL,354.31589513254085,1643344.0,Close
2023-10-11,AAPL,345.760316666232,1286984.0,Close
2023-10-12,AAPL,342.44002142119024,1115492.0,Close
2023-10-13,AAPL,340.40280930056963,1001314.0,Close
2023-10-16,AAPL,355.14130099030746,1347811.0,Close
2023-10-17,AAPL,363.9999482823783,1045878.0,Close
2023-10-18,AAPL,356.45860369506676,1472377.0,Close
2023-10-19,AAPL,359.38211991053464,680169.0,Close
2023-10-20,AAPL,356.3404350055527,931292.0,Close
2023-10-23,AAPL,354.28998254276246,2007277.0,Close
2023-10-24,AAPL,355.9254736164944,897759.0,Close
2023-10-25,AAPL,360.97793602415754,1036983.0,Close
2023-10-26,AAPL,358.4632791863165,837047.0,Close
2023-10-27,AAPL,367.07125240613806,1266851.0,Close
2023-10-30,AAPL,358.008669760334,920157.0,Close
2023-10-31,AAPL,358.2465091797166,1012603.0,Close
2023-11-01,AAPL,378.9815882448342,1617667.0,Close
2023-11-02,AAPL,381.046975824239,880562.0,Close
2023-11-03,AAPL,393.3048158328364,1484279.0,Close
2023-11-06,AAPL,394.3058098990356,1377805.0,Close
2023-11-07,AAPL,399.5688328190094,1524955.0,Close
2023-11-08,AAPL,399.27740351450433,1116908.0,Close
2023-11-09,AAPL,397.98449790638983,2852688.0,Close
2023-11-10,AAPL,391.343689495561,1539446.0,Close
2023-11-13,AAPL,395.2669716955068,1213261.0,Close
2023-11-14,AAPL,388.04266848627503,866598.0,Close
2023-11-15,AAPL,393.9487074162142,1085181.0,Close
2023-11-16,AAPL,403.5952601454988,1759452.0,Close
2023-11-17,AAPL,407.0731041568559,1830520.0,Close
2023-11-20,AAPL,404.7137847256338,1693764.0,Close
2023-11-21,AAPL,408.9825635222704,1395045.0,Close
2023-11-22,AAPL,406.4096839155769,746929.0,Close
2023-11-23,AAPL,415.0177104199989,1315175.0,Close
2023-11-24,AAPL,398.4535633314742,824390.0,Close
2023-11-27,AAPL,395.7099635582376,697970.0,Close
2023-11-28,AAPL,378.5236920921672,1297504.0,Close
2023-11-29,AAPL,366.2271172058033,1371866.0,Close
2023-11-30,AAPL,377.4474327244828,1529836.0,Close
2023-12-01,AAPL,385.105649549021,1315801.0,Close
2023-12-04,AAPL,379.18993053054146,1310942.0,Close
2023-12-05,AAPL,366.8094007874483,873074.0,Close
2023-12-06,AAPL,342.99227055786577,1237008.0,Close
2023-12-07,AAPL,339.0562086404206,703230.0,Close
2023-12-08,AAPL,357.35358085461104,680627.0,Close
2023-12-11,AAPL,360.97226667566594,1374838.0,Close
2023-12-12,AAPL,356.701739942371,882634.0,Close
2023-12-13,AAPL,360.5516405821774,1433089.0,Close
2023-12-14,AAPL,348.3143050756533,1641624.0,Close
2023-12-15,AAPL,346.2103705519074,903373.0,Close
2023-12-18,AAPL,347.1523316619266,1285874.0,Close
2023-12-19,AAPL,346.6744173696354,879845.0,Close
2023-12-20,AAPL,352.9093129358446,647266.0,Close
2023-12-21,AAPL,355.77985073525554,1135778.0,Close
2023-12-22,AAPL,361.21637704266607,970228.0,Close
2023-12-25,AAPL,355.91572725294986,977528.0,Close
2023-12-26,AAPL,363.15774762699806,2050475.0,Close
2023-12-27,AAPL,376.4094715794044,750018.0,Close
2023-12-28,AAPL,368.5440542677632,1273640.0,Close
2023-12-29,AAPL,361.5139370768803,838134.0,Close
2024-01-01,AAPL,372.3657344405907,1529470.0,Close
2024-01-02,AAPL,370.98784115316863,1181501.0,Close
2024-01-03,AAPL,382.68132628457465,1310452.0,Close
2024-01-04,AAPL,379.14285203800114,827051.0,Close
2024-01-05,AAPL,391.5221915606458,932382.0,Close
2024-01-08,AAPL,392.8641340972028,1425641.0,Close
2024-01-09,AAPL,395.3100690893761,1851436.0,Close
2024-01-10,AAPL,409.17452460335335,1363903.0,Close
2024-01-11,AAPL,406.1207386405808,834546.0,Close
2024-01-12,AAPL,397.8947631017933,1254690.0,Close
2024-01-15,AAPL,394.16265543407616,2275520.0,Close
2024-01-16,AAPL,398.3059447892511,1136543.0,Close
2024-01-17,AAPL,384.7449867464141,1825808.0,Close
2024-01-18,AAPL,390.3620055646834,893136.0,Close
2024-01-19,AAPL,385.9230623148449,1091045.0,Close
2024-01-22,AAPL,395.90586958450245,1386558.0,Close
2024-01-23,AAPL,375.18440682724656,1392723.0,Close
2024-01-24,AAPL,368.86536545080975,891894.0,Close
2024-01-25,AAPL,355.3236661753811,930385.0,Close
2024-01-26,AAPL,349.0279548452761,1513602.0,Close
2024-01-29,AAPL,351.11956871722447,1555038.0,Close
2024-01-30,AAPL,349.9142340387859,1699112.0,Close
2024-01-31,AAPL,348.140155503969,1863565.0,Close
2024-02-01,AAPL,347.0991038679281,1122472.0,Close
2024-02-02,AAPL,348.83982682525476,987864.0,Close
2024-02-05,AAPL,341.25484305191816,1706945.0,Close
2024-02-06,AAPL,346.75968221205824,1387351.0,Close
2024-02-07,AAPL,352.0150403699761,831889.0,Close
2024-02-08,AAPL,355.1922472102991,804803.0,Close
2024-02-09,AAPL,359.74307038159424,1285968.0,Close
2024-02-12,AAPL,362.2861295082411,1034605.0,Close
2024-02-13,AAPL,378.7547518039906,1204577.0,Close
2024-02-14,AAPL,378.22502293206327,1480180.0,Close
2024-02-15,AAPL,375.85891345920345,1366867.0,Close
2024-02-16,AAPL,369.802686626138,1669269.0,Close
2024-02-19,AAPL,361.5681696967037,638535.0,Close
2024-02-20,AAPL,351.82290662947173,1246066.0,Close
2024-02-21,AAPL,345.1031939482277,1391442.0,Close
2024-02-22,AAPL,344.7455978437632,677968.0,Close
2024-02-23,AAPL,347.4709501022594,898694.0,Close
2024-02-26,AAPL,348.0455146849898,834451.0,Close
2024-02-27,AAPL,342.3451714139116,1128277.0,Close
2024-02-28,AAPL,349.3289718327711,1847758.0,Close
2024-02-29,AAPL,355.21521352786584,2059180.0,Close
2024-03-01,AAPL,354.1493704860346,844417.0,Close
2024-03-04,AAPL,349.22967056281186,1303449.0,Close
2024-03-05,AAPL,353.6415997144793,1311348.0,Close
2024-03-06,AAPL,355.29477327241034,1217051.0,Close
2024-03-07,AAPL,344.120983064345,1317939.0,Close
2024-03-08,AAPL,343.7849202077045,1173821.0,Close
2024-03-11,AAPL,345.95418979737406,1806228.0,Close
2024-03-12,AAPL,339.26332807085225,1573585.0,Close
2024-03-13,AAPL,340.8632934976102,788375.0,Close
2024-03-14,AAPL,330.092975400391,1485122.0,Close
2024-03-15,AAPL,340.00451761295864,1522234.0,Close
2024-03-18,AAPL,349.5512730297389,1273261.0,Close
2024-03-19,AAPL,347.78567390008317,1523002.0,Close
2024-03-20,AAPL,350.7589694379161,1159470.0,Close
2024-03-21,AAPL,332.2791745933049,1314030.0,Close
2024-03-22,AAPL,323.9698548137654,1191162.0,Close
2024-03-25,AAPL,322.0383224544426,593612.0,Close
2024-03-26,AAPL,314.5838959907677,1115424.0,Close
2024-03-27,AAPL,319.7109205730354,917114.0,Close
2024-03-28,AAPL,333.97751348816996,848673.0,Close
2024-03-29,AAPL,325.4762737550718,1768285.0,Close
2024-04-01,AAPL,319.6286752503289,1309932.0,Close
2024-04-02,AAPL,321.45788701454654,1077119.0,Close
2024-04-03,AAPL,333.06148718105027,999594.0,Close
2024-04-04,AAPL,324.2470582183206,1260449.0,Close
2024-04-05,AAPL,326.1999776785948,1464560.0,Close
2024-04-08,AAPL,339.4885484932245,935596.0,Close
2024-04-09,AAPL,327.28549204098675,1181963.0,Close
2024-04-10,AAPL,318.1997797356419,1501752.0,Close
2024-04-11,AAPL,315.39052526995124,613581.0,Close
2024-04-12,AAPL,311.93072789144406,1084724.0,Close
2024-04-15,AAPL,317.6908709619387,991385.0,Close
2024-04-16,AAPL,319.55256179343365,1044455.0,Close
2024-04-17,AAPL,307.19685236202736,1025803.0,Close
2024-04-18,AAPL,310.8538193088692,1153261.0,Close
2024-04-19,AAPL,307.0529120695918,1972556.0,Close
2024-04-22,AAPL,315.8540806419002,1052883.0,Close
2024-04-23,AAPL,311.64300150510786,1212819.0,Close
2024-04-24,AAPL,307.4259471408767,2022700.0,Close
2024-04-25,AAPL,311.26023093084467,939831.0,Close
2024-04-26,AAPL,316.666606019126,1937532.0,Close
2024-04-29,AAPL,319.96567872343576,1103613.0,Close
2024-04-30,AAPL,308.2253254700224,2024283.0,Close
2024-05-01,AAPL,312.04850173571316,1387929.0,Close
2024-05-02,AAPL,305.08592372833766,1249997.0,Close
2024-05-03,AAPL,306.8307480395856,1065601.0,Close
2024-05-06,AAPL,297.34637229872595,968202.0,Close
2024-05-07,AAPL,300.43249655306715,1127064.0,Close
2024-05-08,AAPL,295.2395769010559,1471055.0,Close
2024-05-09,AAPL,287.033280688388,1153008.0,Close
2024-05-10,AAPL,291.70763832516195,1019109.0,Close
2024-05-13,AAPL,293.41696770029836,1008444.0,Close
2024-05-14,AAPL,289.59320475017756,1495275.0,Close
2024-05-15,AAPL,299.02394744725075,1693807.0,Close
2024-05-16,AAPL,296.27144760784563,898806.0,Close
2024-05-17,AAPL,296.63683752112917,877510.0,Close
2024-05-20,AAPL,298.55364996403586,1220455.0,Close
2024-05-21,AAPL,294.6254445427975,1756265.0,Close
2024-05-22,AAPL,297.84474814980723,1556233.0,Close
2024-05-23,AAPL,294.4928298099198,758710.0,Close
2024-05-24,AAPL,291.9706945660855,1012439.0,Close
2024-05-27,AAPL,300.90811028392733,882402.0,Close
2024-05-28,AAPL,294.15239195459634,1052475.0,Close
2024-05-29,AAPL,278.63635987450846,2002598.0,Close
2024-05-30,AAPL,288.6931378860221,772784.0,Close
2024-05-31,AAPL,305.0943485179265,769459.0,Close
2024-06-03,AAPL,302.52432212470364,854368.0,Close
2024-06-04,AAPL,289.7457629124753,1312219.0,Close
2024-06-05,AAPL,287.91140817172914,1311613.0,Close
2024-06-06,AAPL,286.2428915055251,1239474.0,Close
2024-06-07,AAPL,285.19266054040565,1537056.0,Close
2024-06-10,AAPL,278.3313465088081,675015.0,Close
2024-06-11,AAPL,282.0389201042328,1587090.0,Close
2024-06-12,AAPL,285.45304822505585,1008294.0,Close
2024-06-13,AAPL,276.1840599758789,1460269.0,Close
2024-06-14,AAPL,280.5925642123088,752740.0,Close
2024-06-17,AAPL,293.45671086710917,1217221.0,Close
2024-06-18,AAPL,294.724781960515,1161808.0,Close
2024-06-19,AAPL,292.68424088349445,1542647.0,Close
2024-06-20,AAPL,291.92005307448323,669277.0,Close
2024-06-21,AAPL,296.0387109118678,1124004.0,Close
2024-06-24,AAPL,284.8816777028685,858784.0,Close
2024-06-25,AAPL,286.0650817567385,1258915.0,Close
2024-06-26,AAPL,283.7488647685646,1381793.0,Close
2024-06-27,AAPL,295.4742697310423,1766914.0,Close
2024-06-28,AAPL,294.4929270478538,919084.0,Close
2024-07-01,AAPL,305.49231886458887,1569238.0,Close
2024-07-02,AAPL,298.20769711750313,1722162.0,Close
2024-07-03,AAPL,302.2307236009409,679034.0,Close
2024-07-04,AAPL,304.52058436415746,1313106.0,Close
2024-07-05,AAPL,298.8371238939038,1504182.0,Close
2024-07-08,AAPL,300.1643105879045,1001836.0,Close
2024-07-09,AAPL,308.35760224477696,803878.0,Close
2024-07-10,AAPL,306.3148140650678,1445973.0,Close
2024-07-11,AAPL,295.03229545730665,827930.0,Close
2024-07-12,AAPL,295.0725972606573,1013207.0,Close
2024-07-15,AAPL,289.34802640299307,1117116.0,Close
2024-07-16,AAPL,287.3126676567304,1352238.0,Close
2024-07-17,AAPL,286.9457611350319,888741.0,Close
2024-07-18,AAPL,276.2899330939242,967023.0,Close
2024-07-19,AAPL,266.57880302255586,1216696.0,Close
2024-07-22,AAPL,269.55598348364055,1493450.0,Close
2024-07-23,AAPL,266.586307050686,2192337.0,Close
2024-07-24,AAPL,251.62986978001888,794161.0,Close
2024-07-25,AAPL,256.1222768581844,1237377.0,Close
2024-07-26,AAPL,257.7968371729373,786376.0,Close
2024-07-29,AAPL,253.86865149531647,1516733.0,Close
2024-07-30,AAPL,246.6206009196121,875319.0,Close
2024-07-31,AAPL,251.3010860806791,922374.0,Close
2024-08-01,AAPL,253.37125841977468,917455.0,Close
2024-08-02,AAPL,266.83305590823454,1210765.0,Close
2024-08-05,AAPL,269.44852000279434,1211861.0,Close
2024-08-06,AAPL,271.8963563767412,1268983.0,Close
2024-08-07,AAPL,271.0368144597442,1076726.0,Close
2024-08-08,AAPL,276.06678858043347,756865.0,Close
2024-08-09,AAPL,280.02168303334406,1386291.0,Close
2024-08-12,AAPL,287.90756110723703,1140463.0,Close
2024-08-13,AAPL,284.7445795310103,1563870.0,Close
2024-08-14,AAPL,282.1564954114654,887628.0,Close
2024-08-15,AAPL,279.31971772719163,680620.0,Close
2024-08-16,AAPL,284.34322039717324,1114669.0,Close
2024-08-19,AAPL,293.8992942816673,1735091.0,Close
2024-08-20,AAPL,291.07594221939456,1153627.0,Close
2024-08-21,AAPL,288.4986520929637,1033067.0,Close
2024-08-22,AAPL,290.6505643213169,841342.0,Close
2024-08-23,AAPL,289.22583006153144,1837021.0,Close
2024-08-26,AAPL,295.45723426742944,835243.0,Close
2024-08-27,AAPL,280.9226785947078,986348.0,Close
2024-08-28,AAPL,275.9422722652374,1335154.0,Close
2024-08-29,AAPL,271.31999702135045,643033.0,Close
2024-08-30,AAPL,257.5620090760775,1804349.0,Close
2024-09-02,AAPL,252.21704450569948,1368712.0,Close
2024-09-03,AAPL,247.25298742343008,1481942.0,Close
2024-09-04,AAPL,246.2847730351376,1278044.0,Close
2024-09-05,AAPL,252.46601752889828,1094692.0,Close
2024-09-06,AAPL,251.23236607869052,788064.0,Close
2024-09-09,AAPL,245.64613051602757,1092828.0,Close
2024-09-10,AAPL,245.46603685363473,799189.0,Close
2024-09-11,AAPL,251.28099560823657,1324082.0,Close
2024-09-12,AAPL,245.9980205929938,1446886.0,Close
2024-09-13,AAPL,241.18124726549664,1761807.0,Close
2024-09-16,AAPL,244.28206225956603,1240596.0,Close
2024-09-17,AAPL,243.2152826967002,1428472.0,Close
2024-09-18,AAPL,246.81983716760288,1020787.0,Close
2024-09-19,AAPL,246.87489400572488,926262.0,Close
2024-09-20,AAPL,250.8290063437386,1290783.0,Close
2024-09-23,AAPL,245.2281227887593,1015229.0,Close
2024-09-24,AAPL,245.29128275407427,1159217.0,Close
2024-09-25,AAPL,244.27883706097293,786758.0,Close
2024-09-26,AAPL,237.84899768658445,884910.0,Close
2024-09-27,AAPL,229.7630305183889,1424692.0,Close
2024-09-30,AAPL,233.36233270657073,1459580.0,Close
2024-10-01,AAPL,231.67642333079365,812175.0,Close
2024-10-02,AAPL,226.5686715123229,1392981.0,Close
2024-10-03,AAPL,226.20634461708573,915012.0,Close
2024-10-04,AAPL,231.9588435099844,1155680.0,Close
2024-10-07,AAPL,220.399670082343,1878786.0,Close
2024-10-08,AAPL,213.23217296499973,1494144.0,Close
2024-10-09,AAPL,208.99900933345137,1437390.0,Close
2024-10-10,AAPL,215.8513088326009,2080630.0,Close
2024-10-11,AAPL,217.3112662629599,882621.0,Close
2024-10-14,AAPL,221.10688003903175,836546.0,Close
2024-10-15,AAPL,215.65667270750785,923968.0,Close
2024-10-16,AAPL,210.43901851087296,1061768.0,Close
2024-10-17,AAPL,212.63007156966017,543682.0,Close
2024-10-18,AAPL,213.01515260931123,1009451.0,Close
2024-10-21,AAPL,215.70770279657657,941825.0,Close
2024-10-22,AAPL,214.92699649121096,1366351.0,Close
2024-10-23,AAPL,216.35961687579712,1211358.0,Close
2024-10-24,AAPL,217.22841891212636,903013.0,Close
2024-10-25,AAPL,221.07270734085415,1343038.0,Close
2024-10-28,AAPL,225.1277571219029,1400407.0,Close
2024-10-29,AAPL,217.1939474344589,938149.0,Close
2024-10-30,AAPL,206.5310531817927,1057285.0,Close
2024-10-31,AAPL,211.2073868321372,585275.0,Close
2024-11-01,AAPL,216.8568870532595,832108.0,Close
2024-11-04,AAPL,212.083795455446,911574.0,Close
2024-11-05,AAPL,203.48600204859767,1225366.0,Close
2024-11-06,AAPL,204.0376532567388,811153.0,Close
2024-11-07,AAPL,208.33809231202653,973841.0,Close
2024-11-08,AAPL,216.71622559154935,829045.0,Close
2024-11-11,AAPL,219.3003280608044,1164972.0,Close
2024-11-12,AAPL,217.61546757096977,1241994.0,Close
2024-11-13,AAPL,213.43825625676516,1274960.0,Close
2024-11-14,AAPL,213.60414358642817,1074928.0,Close
2024-11-15,AAPL,212.30474750975648,685216.0,Close
2024-11-18,AAPL,207.65788989918215,945376.0,Close
2024-11-19,AAPL,217.1602316909936,1075368.0,Close
2024-11-20,AAPL,225.83355928973023,1060134.0,Close
2024-11-21,AAPL,231.6166169459476,1176714.0,Close
2024-11-22,AAPL,227.02889078421,1736033.0,Close
2024-11-25,AAPL,231.4338552173689,1442564.0,Close
2024-11-26,AAPL,234.8236487680977,829414.0,Close
2024-11-27,AAPL,237.2412764150644,1350070.0,Close
2024-11-28,AAPL,243.91159761199,1403946.0,Close
2024-11-29,AAPL,247.46123531025071,875578.0,Close
2024-12-02,AAPL,251.63427831351245,1448065.0,Close
2024-12-03,AAPL,255.3048330629073,1062828.0,Close
2024-12-04,AAPL,257.3597395151876,716835.0,Close
2024-12-05,AAPL,247.3596094049471,1367574.0,Close
2024-12-06,AAPL,247.94601928304283,1148425.0,Close
2024-12-09,AAPL,245.03116901954976,1033110.0,Close
2024-12-10,AAPL,238.23554882689945,1144424.0,Close
2024-12-11,AAPL,247.2069799234125,958415.0,Close
2024-12-12,AAPL,256.77376516441666,1432033.0,Close
2024-12-13,AAPL,264.61437872083195,1151230.0,Close
2024-12-16,AAPL,266.24422528535104,1143919.0,Close
2024-12-17,AAPL,274.3234917715298,1297561.0,Close
2024-12-18,AAPL,274.5403455693393,757455.0,Close
2024-12-19,AAPL,275.913599743301,829299.0,Close
2024-12-20,AAPL,269.3968585031308,589601.0,Close
2024-12-23,AAPL,271.89947258084834,1300992.0,Close
2024-12-24,AAPL,272.4045694256955,746851.0,Close
2024-12-25,AAPL,264.71258547584137,1205991.0,Close
2024-12-26,AAPL,264.55216374583193,1196415.0,Close
2024-12-27,AAPL,264.2251770877195,1284826.0,Close
2024-12-30,AAPL,274.85056576868794,834361.0,Close
2024-12-31,AAPL,280.42124773502707,1111483.0,Close
2025-01-01,AAPL,280.63915898746137,1767612.0,Close
2025-01-02,AAPL,282.3278891118822,1819210.0,Close
2025-01-03,AAPL,282.7515386412701,1443261.0,Close
2025-01-06,AAPL,281.6330203888644,1196334.0,Close
2025-01-07,AAPL,275.0498691772576,845742.0,Close
2025-01-08,AAPL,274.27677220184336,1336695.0,Close
2025-01-09,AAPL,269.9023326170683,1067744.0,Close
2025-01-10,AAPL,262.592893106022,1366822.0,Close
2025-01-13,AAPL,265.6945956890319,915015.0,Close
2025-01-14,AAPL,268.1292222796173,1042326.0,Close
2025-01-15,AAPL,257.6922954894213,1253457.0,Close
2025-01-16,AAPL,257.1293869244422,1157927.0,Close
2025-01-17,AAPL,262.91706875940736,1322703.0,Close
2025-01-20,AAPL,269.2037744503072,962459.0,Close
2025-01-21,AAPL,275.4423572091661,763718.0,Close
2025-01-22,AAPL,275.8234471972283,1746815.0,Close
2025-01-23,AAPL,270.8217514102903,2377301.0,Close
2025-01-24,AAPL,264.4837090157413,1307735.0,Close
2025-01-27,AAPL,266.6347641431448,735742.0,Close
2025-01-28,AAPL,269.00745073350487,869883.0,Close
2025-01-29,AAPL,276.7946325650527,1352872.0,Close
2025-01-30,AAPL,283.66224742558,1716599.0,Close
2025-01-31,AAPL,282.9828345678968,747896.0,Close
2025-02-03,AAPL,275.3573252418552,1112551.0,Close
2025-02-04,AAPL,273.5616393508044,1155313.0,Close
2025-02-05,AAPL,275.0171798556425,1406953.0,Close
2025-02-06,AAPL,273.93430186497824,975192.0,Close
2025-02-07,AAPL,270.58267267636256,692893.0,Close
2025-02-10,AAPL,272.2353681660358,1310926.0,Close
2025-02-11,AAPL,269.3489412117269,1544914.0,Close
2025-02-12,AAPL,265.75503921660595,1084032.0,Close
2025-02-13,AAPL,267.72190763829263,1233368.0,Close
2025-02-14,AAPL,265.4860647697489,949912.0,Close
2025-02-17,AAPL,267.05616184028,843725.0,Close
2025-02-18,AAPL,268.80712849875465,1482342.0,Close
2025-02-19,AAPL,262.1854707103342,1288866.0,Close
2025-02-20,AAPL,259.5371036583263,1275299.0,Close
2025-02-21,AAPL,267.91225640477376,1839063.0,Close
2025-02-24,AAPL,261.1786571379426,837325.0,Close
2025-02-25,AAPL,249.10958965600904,1030902.0,Close
2025-02-26,AAPL,238.99973118666855,1256699.0,Close
2025-02-27,AAPL,239.27866931985332,905215.0,Close
2025-02-28,AAPL,239.567481354008,1356316.0,Close
2025-03-03,AAPL,239.071002779088,1016326.0,Close
2025-03-04,AAPL,245.6055105469765,858358.0,Close
2025-03-05,AAPL,231.2400179659397,1280968.0,Close
2025-03-06,AAPL,233.38276786453451,1155736.0,Close
2025-03-07,AAPL,241.55115068216625,1562780.0,Close
2025-03-10,AAPL,235.6630262474359,1290123.0,Close
2025-03-11,AAPL,233.81035928056943,1255923.0,Close
2025-03-12,AAPL,230.04624693398935,1233025.0,Close
2025-03-13,AAPL,225.62424862717165,1068029.0,Close
2025-03-14,AAPL,224.11724105127308,879141.0,Close
2025-03-17,AAPL,231.29848290407008,1277176.0,Close
2025-03-18,AAPL,240.8031635892795,1086032.0,Close
2025-03-19,AAPL,239.14332013066095,1810551.0,Close
2025-03-20,AAPL,249.32769165435545,1802375.0,Close
2025-03-21,AAPL,249.65428184661337,1296917.0,Close
2025-03-24,AAPL,259.4519041867168,1337845.0,Close
2025-03-25,AAPL,259.05349049679603,1045426.0,Close
2025-03-26,AAPL,259.9389484900496,739398.0,Close
2025-03-27,AAPL,262.1728173559109,1027182.0,Close
2025-03-28,AAPL,280.7114360614908,1335117.0,Close
2025-03-31,AAPL,286.13484316398814,1210940.0,Close
2025-04-01,AAPL,281.81661811173836,1285769.0,Close
2025-04-02,AAPL,287.993822522167,1501255.0,Close
2025-04-03,AAPL,285.84404801739566,887557.0,Close
2025-04-04,AAPL,282.90299998392675,897353.0,Close
2025-04-07,AAPL,288.7267612242412,1753123.0,Close
2025-04-08,AAPL,289.0763306175177,1351394.0,Close
2025-04-09,AAPL,291.0059603303326,969294.0,Close
2025-04-10,AAPL,291.24841548783206,1037226.0,Close
2025-04-11,AAPL,293.56556421177555,1060764.0,Close
2025-04-14,AAPL,296.4740222072683,1110686.0,Close
2025-04-15,AAPL,283.950182578351,1387272.0,Close
2025-04-16,AAPL,288.27811660219135,2390316.0,Close
2025-04-17,AAPL,282.17873200328745,1202839.0,Close
2025-04-18,AAPL,273.3407049938562,1425898.0,Close
2025-04-21,AAPL,273.13151578125616,645691.0,Close
2025-04-22,AAPL,273.7811930981847,930398.0,Close
2025-04-23,AAPL,269.73257220939746,1613279.0,Close
2025-04-24,AAPL,274.8232437397692,1273776.0,Close
2025-04-25,AAPL,266.82314003103596,311364.0,Close
2025-04-28,AAPL,264.5656343504568,1341098.0,Close
2025-04-29,AAPL,261.287858865052,1970249.0,Close
2025-04-30,AAPL,261.1561070927191,587990.0,Close
2025-05-01,AAPL,262.90102773587853,1719235.0,Close
2025-05-02,AAPL,257.1883834948343,495484.0,Close
2025-05-05,AAPL,261.43612695667684,1485834.0,Close
2025-05-06,AAPL,261.93688944983825,1071813.0,Close
2025-05-07,AAPL,251.1323614093259,593269.0,Close
2025-05-08,AAPL,240.4039678573741,1378018.0,Close
2025-05-09,AAPL,240.4646398601468,1510175.0,Close
2025-05-12,AAPL,239.41755090024165,1207270.0,Close
2025-05-13,AAPL,238.99639795917432,1280087.0,Close
2025-05-14,AAPL,238.97406195891045,944588.0,Close
2025-05-15,AAPL,240.28951742458815,621374.0,Close
2025-05-16,AAPL,245.4432176870388,1399527.0,Close
2025-05-19,AAPL,239.55058938600524,1936131.0,Close
2025-05-20,AAPL,233.47750044487955,1613480.0,Close
2025-05-21,AAPL,227.9638083196503,630213.0,Close
2025-05-22,AAPL,229.53755045725745,692288.0,Close
2025-05-23,AAPL,235.96736175681423,898631.0,Close
2025-05-26,AAPL,233.8438152291823,680426.0,Close
2025-05-27,AAPL,221.0498543483151,1260428.0,Close
2025-05-28,AAPL,212.84919183454585,1336118.0,Close
2025-05-29,AAPL,209.0458867593803,732977.0,Close
2025-05-30,AAPL,206.58125211312552,1396702.0,Close
2025-06-02,AAPL,204.82684352164935,1312202.0,Close
2025-06-03,AAPL,205.108731144396,910182.0,Close
2025-06-04,AAPL,203.8044891612549,1033919.0,Close
2025-06-05,AAPL,208.6332551266237,637592.0,Close
2025-06-06,AAPL,205.628591009274,1008875.0,Close
2025-06-09,AAPL,201.82136639214505,1130307.0,Close
2025-06-10,AAPL,204.0611082062888,1161360.0,Close
2025-06-11,AAPL,197.2492172542276,1316954.0,Close
2025-06-12,AAPL,199.04981114649664,1181171.0,Close
2025-06-13,AAPL,199.6048986552885,995256.0,Close
2025-06-16,AAPL,199.05976589327827,1173786.0,Close
2025-06-17,AAPL,206.14480133671424,1597243.0,Close
2025-06-18,AAPL,203.4208931321211,1079440.0,Close
2025-06-19,AAPL,212.7811937687856,1337504.0,Close
2025-06-20,AAPL,211.8336779096473,1023917.0,Close
2025-06-23,AAPL,205.971957553556,953073.0,Close
2025-06-24,AAPL,206.39793994982077,1257676.0,Close
2025-06-25,AAPL,201.60157542645055,967578.0,Close
2025-06-26,AAPL,198.36104911614677,1257538.0,Close
2025-06-27,AAPL,200.20394626850683,1107587.0,Close
2025-06-30,AAPL,202.76481030679153,1012773.0,Close
2025-07-01,AAPL,200.08574177641157,1006668.0,Close
2025-07-02,AAPL,204.55278701084757,978837.0,Close
2025-07-03,AAPL,209.88781262126727,703146.0,Close
2025-07-04,AAPL,216.65396743110833,1314427.0,Close
2025-07-07,AAPL,219.30006821011415,1187281.0,Close
2025-07-08,AAPL,226.01679424524957,1505345.0,Close
2025-07-09,AAPL,216.7495506496448,1023051.0,Close
2025-07-10,AAPL,215.34180631088896,1923466.0,Close
2025-07-11,AAPL,211.3324547117786,1006669.0,Close
2025-07-14,AAPL,211.99959081186736,829534.0,Close
2025-07-15,AAPL,209.43590987602897,821804.0,Close
2025-07-16,AAPL,208.77738429242552,641099.0,Close
2025-07-17,AAPL,217.56307100796585,1905785.0,Close
2025-07-18,AAPL,216.86188093937255,1627686.0,Close
2025-07-21,AAPL,218.95690735551233,1316544.0,Close
2025-07-22,AAPL,217.9488337583704,827875.0,Close
2025-07-23,AAPL,218.42746653020995,1851810.0,Close
2025-07-24,AAPL,218.57102183248125,963358.0,Close
2025-07-25,AAPL,220.84920674045853,1016433.0,Close
2025-07-28,AAPL,226.64729934900967,1773948.0,Close
2025-07-29,AAPL,235.01008359321344,1446106.0,Close
2025-07-30,AAPL,236.73989689970767,2113592.0,Close
2025-07-31,AAPL,239.9456386352736,1198000.0,Close
2025-08-01,AAPL,233.97435650371185,1019293.0,Close
2025-08-04,AAPL,233.64307567157277,893073.0,Close
2025-08-05,AAPL,238.61625515196204,653128.0,Close
2025-08-06,AAPL,243.3037316873984,1040706.0,Close
2025-08-07,AAPL,244.56808037531775,1529688.0,Close
2025-08-08,AAPL,249.48277187856047,1355819.0,Close
2025-08-11,AAPL,252.3169446083002,1111623.0,Close
2025-08-12,AAPL,259.13615725909096,857011.0,Close
2025-08-13,AAPL,260.92762861790555,1167431.0,Close
2025-08-14,AAPL,259.0152338729163,1479657.0,Close
2025-08-15,AAPL,261.07169535125564,1244796.0,Close
2025-08-18,AAPL,244.31577910515273,1339539.0,Close
2025-08-19,AAPL,246.5093074700358,863905.0,Close
2025-08-20,AAPL,226.78110414835436,1718679.0,Close
2025-08-21,AAPL,218.27032713829692,464558.0,Close
2025-08-22,AAPL,220.56197802317027,1236249.0,Close
2025-08-25,AAPL,223.00314066371405,2386858.0,Close
2025-08-26,AAPL,217.3965493997648,730825.0,Close
2025-08-27,AAPL,214.09247342008732,1039138.0,Close
2025-08-28,AAPL,220.6833210713498,1164369.0,Close
2025-08-29,AAPL,218.44058266469068,958366.0,Close
2025-09-01,AAPL,229.37279797407083,1677010.0,Close
2025-09-02,AAPL,229.48335296281596,1232934.0,Close
2025-09-03,AAPL,231.6711455051305,1150396.0,Close
2025-09-04,AAPL,240.06318619054807,1504651.0,Close
2025-09-05,AAPL,240.8835715829613,1084850.0,Close
2025-09-08,AAPL,235.6788628278861,2953474.0,Close
2025-09-09,AAPL,235.2314653988057,1124456.0,Close
2025-09-10,AAPL,235.16986179713385,1133813.0,Close
2025-09-11,AAPL,228.2068936614287,696404.0,Close
2025-09-12,AAPL,227.03750858151275,921675.0,Close
2025-09-15,AAPL,223.43606888260396,1579203.0,Close
2025-09-16,AAPL,228.11339212714984,760702.0,Close
2025-09-17,AAPL,228.4073357445293,561472.0,Close
2025-09-18,AAPL,227.10094333392735,1097379.0,Close
2025-09-19,AAPL,226.6876077786096,1620744.0,Close
2025-09-22,AAPL,227.92322970524492,1099825.0,Close
2025-09-23,AAPL,231.14680323557369,1006957.0,Close
2025-09-24,AAPL,226.16590564703887,651363.0,Close
2025-09-25,AAPL,221.0832306016724,1306219.0,Close
2025-09-26,AAPL,226.5915174905328,1400294.0,Close
2025-09-29,AAPL,224.64741698780313,642178.0,Close
2025-09-30,AAPL,217.73757809179816,1640235.0,Close
2025-10-01,AAPL,219.9853875631848,1386005.0,Close
2025-10-02,AAPL,222.35139375648572,1549090.0,Close
2025-10-03,AAPL,214.9531309729623,1399926.0,Close
2025-10-06,AAPL,216.1549742728399,1321749.0,Close
2025-10-07,AAPL,219.778938695583,1311938.0,Close
2025-10-08,AAPL,221.71092569893975,1423030.0,Close
2025-10-09,AAPL,224.92088454511588,646040.0,Close
2025-10-10,AAPL,218.06507304602223,743341.0,Close
2025-10-13,AAPL,219.77329308838105,876904.0,Close
2025-10-14,AAPL,218.42008860553895,1046628.0,Close
2025-10-15,AAPL,216.2063306157501,1236903.0,Close
2025-10-16,AAPL,220.47547412841192,1247535.0,Close
2025-10-17,AAPL,227.792133025208,1642560.0,Close
2025-10-20,AAPL,236.9363759759309,1689574.0,Close
2025-10-21,AAPL,243.93891184693277,895343.0,Close
2025-10-22,AAPL,243.47579783033,1154271.0,Close
2025-10-23,AAPL,245.49962082197692,849164.0,Close
2025-10-24,AAPL,249.78489984564305,1062669.0,Close
2025-10-27,AAPL,250.58418889864657,1188043.0,Close
2025-10-28,AAPL,251.4390737653943,388207.0,Close
2025-10-29,AAPL,256.14408282787645,2326134.0,Close
2025-10-30,AAPL,255.9431260754648,1269331.0,Close
2025-10-31,AAPL,251.9560915727613,935363.0,Close
2025-11-03,AAPL,249.7824854396465,1954196.0,Close
2025-11-04,AAPL,253.40950580536628,1004638.0,Close
2025-11-05,AAPL,253.5591358402388,1113760.0,Close
2025-11-06,AAPL,255.5967363654996,945448.0,Close
2025-11-07,AAPL,259.5122996673075,1834455.0,Close
2025-11-10,AAPL,257.50059049377785,1059408.0,Close
2025-11-11,AAPL,261.93522854068283,1175198.0,Close
2025-11-12,AAPL,264.26356583701806,1574077.0,Close
2025-11-13,AAPL,257.1972875137595,1375644.0,Close
2025-11-14,AAPL,265.52264792804203,1153257.0,Close
2025-11-17,AAPL,262.7262302865066,1537934.0,Close
2025-11-18,AAPL,253.26307445460037,2535447.0,Close
2025-11-19,AAPL,247.55211291214047,1254702.0,Close
2025-11-20,AAPL,242.1011019343727,1179644.0,Close
2025-11-21,AAPL,242.506943531056,1130230.0,Close
2025-11-24,AAPL,241.16780378974556,1609262.0,Close
2025-11-25,AAPL,239.5006931814111,911178.0,Close
2025-11-26,AAPL,242.90328015816797,1024760.0,Close
2025-11-27,AAPL,244.85345566214045,689895.0,Close
2025-11-28,AAPL,246.69047197943516,765913.0,Close
2025-12-01,AAPL,249.0520717025073,941003.0,Close
2025-12-02,AAPL,252.57073888641077,1095210.0,Close
2025-12-03,AAPL,240.94796596955857,2067337.0,Close
2025-12-04,AAPL,239.1355102024366,1283165.0,Close
2025-12-05,AAPL,227.74948558095377,928773.0,Close
2025-12-08,AAPL,228.05024189855493,862238.0,Close
2025-12-09,AAPL,228.1464983221476,1615923.0,Close
2025-12-10,AAPL,233.53282383527272,1604209.0,Close
2025-12-11,AAPL,239.77903038714143,1163979.0,Close
2025-12-12,AAPL,240.9782903542498,949663.0,Close
2025-12-15,AAPL,238.44240905725417,1544620.0,Close
2025-12-16,AAPL,241.12164958055695,819855.0,Close
2025-12-17,AAPL,238.43755371194104,1241941.0,Close
2025-12-18,AAPL,238.55525328589223,2115929.0,Close
2025-12-19,AAPL,243.8744724553303,1212366.0,Close
2025-12-22,AAPL,240.998982887469,876599.0,Close
2025-12-23,AAPL,245.4124573416598,1274827.0,Close
2025-12-24,AAPL,249.2116799247283,971038.0,Close
2025-12-25,AAPL,244.08868060384128,746638.0,Close
2025-12-26,AAPL,249.46530503663968,1405675.0,Close
2025-12-29,AAPL,253.44384706630032,1565652.0,Close
2025-12-30,AAPL,254.14711221089908,981409.0,Close
2025-12-31,AAPL,250.0026743232164,1000809.0,Close
2026-01-01,AAPL,245.39103872753017,845023.0,Close
2026-01-02,AAPL,242.60661842094248,1056234.0,Close
2026-01-05,AAPL,245.6402972523317,936443.0,Close
2026-01-06,AAPL,240.5861944543938,837614.0,Close
2026-01-07,AAPL,243.03641316783427,1942475.0,Close
2026-01-08,AAPL,236.50048474617432,1328105.0,Close
2026-01-09,AAPL,235.5588989363806,1283779.0,Close
2026-01-12,AAPL,236.25269763993396,1404995.0,Close
2026-01-13,AAPL,249.13113833221033,1566728.0,Close
2026-01-14,AAPL,241.6856359456505,1028547.0,Close
2026-01-15,AAPL,249.66743041941857,1274371.0,Close
2026-01-16,AAPL,250.62435638721695,996945.0,Close
2026-01-19,AAPL,253.03104990289404,1253772.0,Close
2026-01-20,AAPL,253.82491559744273,1194935.0,Close
2026-01-21,AAPL,256.4503948990067,982139.0,Close
2026-01-22,AAPL,255.714666414718,723248.0,Close
2026-01-23,AAPL,264.0583497269054,1225654.0,Close
2026-01-26,AAPL,261.5354794345675,1033752.0,Close
2026-01-27,AAPL,268.21075320197406,652388.0,Close
2026-01-28,AAPL,264.5355044806618,1295376.0,Close
2026-01-29,AAPL,264.32230339203664,1430800.0,Close
2026-01-30,AAPL,258.20486130559505,2439641.0,Close
2026-02-02,AAPL,260.934347918097,980275.0,Close
2026-02-03,AAPL,269.3969287772255,997455.0,Close
2026-02-04,AAPL,269.07807114224534,768691.0,Close
2026-02-05,AAPL,268.0494573481837,1150518.0,Close
2026-02-06,AAPL,261.5933102561358,1217352.0,Close
2026-02-09,AAPL,260.4061321685864,849039.0,Close
2026-02-10,AAPL,251.38475054529087,1119200.0,Close
2026-02-11,AAPL,246.44971897576593,624903.0,Close
2026-02-12,AAPL,247.81299725254033,1434173.0,Close
2026-02-13,AAPL,255.1599958823803,923319.0,Close
2026-02-16,AAPL,271.1202450731732,1255829.0,Close
2026-02-17,AAPL,267.7510207099708,722391.0,Close
2026-02-18,AAPL,276.3765909127822,983897.0,Close
2026-02-19,AAPL,278.0089476436837,999903.0,Close
2026-02-20,AAPL,277.2263317504684,1073838.0,Close
2026-02-23,AAPL,280.0196054208017,1271142.0,Close
2026-02-24,AAPL,280.5492496085132,1654663.0,Close
2026-02-25,AAPL,281.3801929375069,1342960.0,Close
2026-02-26,AAPL,278.99089265784676,1462315.0,Close
2026-02-27,AAPL,270.5249154974603,1798899.0,Close
2026-03-02,AAPL,261.44667140206815,1395219.0,Close
2026-03-03,AAPL,265.3546739986803,1104144.0,Close
2026-03-04,AAPL,263.87267222088064,1470447.0,Close
2026-03-05,AAPL,260.5381432334233,1530094.0,Close
2026-03-06,AAPL,260.7236922968534,1300723.0,Close
2026-03-09,AAPL,265.43652748131166,728066.0,Close
2026-03-10,AAPL,266.63276988538627,841312.0,Close
2026-03-11,AAPL,262.91033688168164,1025099.0,Close
2026-03-12,AAPL,270.166700535009,1461778.0,Close
2026-03-13,AAPL,279.72838336498444,1174357.0,Close
2026-03-16,AAPL,282.9295596743784,1554311.0,Close
2026-03-17,AAPL,289.1603047266579,1690059.0,Close
2026-03-18,AAPL,297.24119716438423,1659434.0,Close
2026-03-19,AAPL,304.81378866357977,1651242.0,Close
2026-03-20,AAPL,309.1065716636244,815870.0,Close
2026-03-23,AAPL,313.35230485777197,1285808.0,Close
2026-03-24,AAPL,317.11195353956094,922488.0,Close
2026-03-25,AAPL,309.595087217829,697812.0,Close
2026-03-26,AAPL,314.5473389639129,1027211.0,Close
2026-03-27,AAPL,305.2961454059002,1730124.0,Close
2026-03-30,AAPL,300.1000437145603,1289479.0,Close
2026-03-31,AAPL,308.89485511558905,2129370.0,Close
2026-04-01,AAPL,314.78730376944037,1191289.0,Close
2026-04-02,AAPL,325.29024058317475,2449673.0,Close
2026-04-03,AAPL,323.5095952234057,1145409.0,Close
2026-04-06,AAPL,315.44885409401746,1156095.0,Close
2026-04-07,AAPL,313.93964487862894,738341.0,Close
2026-04-08,AAPL,314.8115066066521,1503330.0,Close
2026-04-09,AAPL,315.5256243939707,925298.0,Close
2026-04-10,AAPL,323.5889831039864,947405.0,Close
2026-04-13,AAPL,321.1775190964433,1604314.0,Close
2026-04-14,AAPL,323.84235293382517,1550023.0,Close
2026-04-15,AAPL,316.94325388295647,1596453.0,Close
2026-04-16,AAPL,320.26072949291444,988544.0,Close
2026-04-17,AAPL,320.4506480054461,1054115.0,Close
2026-04-20,AAPL,315.3134958959487,1099915.0,Close
2026-04-21,AAPL,313.83701366248033,1370152.0,Close
2026-04-22,AAPL,312.7253697001623,1720915.0,Close
2026-04-23,AAPL,311.02399481077646,1212701.0,Close
2026-04-24,AAPL,323.35126457104656,2161999.0,Close
2026-04-27,AAPL,322.81797822499163,1405384.0,Close
2026-04-28,AAPL,321.2488589361926,1010306.0,Close
2026-04-29,AAPL,306.5401568274406,1558210.0,Close
2026-04-30,AAPL,300.64871488661623,1885240.0,Close
2026-05-01,AAPL,299.06005204338476,1976705.0,Close
2026-05-04,AAPL,294.68814891374575,1592342.0,Close
2026-05-05,AAPL,303.8327943365378,1176956.0,Close
2026-05-06,AAPL,302.88564305533686,1010572.0,Close
2026-05-07,AAPL,311.66096915702923,1380413.0,Close
2026-05-08,AAPL,312.2490037312785,1775449.0,Close
2026-05-11,AAPL,312.66939840298693,1221865.0,Close
2026-05-12,AAPL,312.22034520086015,1229829.0,Close
2026-05-13,AAPL,312.41023642453786,1087040.0,Close
2026-05-14,AAPL,324.4299946658542,1080131.0,Close
2026-05-15,AAPL,307.9842644359182,1172501.0,Close
2026-05-18,AAPL,294.5350598488314,1258539.0,Close
2026-05-19,AAPL,291.1571877197513,1850532.0,Close
2026-05-20,AAPL,291.4032574000231,996839.0,Close
2026-05-21,AAPL,295.9961935664159,1136781.0,Close
2026-05-22,AAPL,299.24322498584314,851277.0,Close
2026-05-25,AAPL,296.861390156478,1356359.0,Close
2026-05-26,AAPL,303.6963903279771,1721183.0,Close
2026-05-27,AAPL,310.7635379397518,1860878.0,Close
2026-05-28,AAPL,312.1894009856446,1151306.0,Close
2026-05-29,AAPL,318.98865021860684,1352311.0,Close
2026-06-01,AAPL,321.07617937243174,1040388.0,Close
2026-06-02,AAPL,317.26410265713486,1296438.0,Close
2026-06-03,AAPL,322.3186684732293,1230098.0,Close
2026-06-04,AAPL,323.2748734625675,1096975.0,Close
2026-06-05,AAPL,323.453954918332,1115389.0,Close
2026-06-08,AAPL,334.14289692961444,1344901.0,Close
2026-06-09,AAPL,316.23640615229385,1135477.0,Close
2026-06-10,AAPL,306.50353900356197,1085219.0,Close
2026-06-11,AAPL,298.63087831924696,1920637.0,Close
2026-06-12,AAPL,296.39228550303716,2463591.0,Close
2026-06-15,AAPL,294.8815120518421,755846.0,Close
2026-06-16,AAPL,285.2222510865269,804214.0,Close
2026-06-17,AAPL,279.16775695662295,852832.0,Close
2026-06-18,AAPL,274.0080502261943,1093293.0,Close
2026-06-19,AAPL,289.01896155123217,1627609.0,Close
2026-06-22,AAPL,300.6680712715797,1430093.0,Close
2026-06-23,AAPL,298.0923116773735,1153962.0,Close
2026-06-24,AAPL,295.85563252321094,1280381.0,Close
2026-06-25,AAPL,288.50382242564325,932851.0,Close
2026-06-26,AAPL,276.5003530004717,1116949.0,Close
2026-06-29,AAPL,275.9317956070655,1068588.0,Close
2026-06-30,AAPL,269.9971760189732,707143.0,Close
2026-07-01,AAPL,269.63293135893525,757192.0,Close
2026-07-02,AAPL,260.24777746481817,842879.0,Close
2026-07-03,AAPL,256.00585995543776,1409436.0,Close
2026-07-06,AAPL,256.9802103482994,1163202.0,Close
2026-07-07,AAPL,259.19282341772214,1316579.0,Close
2026-07-08,AAPL,261.7178520914019,633260.0,Close
2026-07-09,AAPL,254.224561275569,743452.0,Close
2026-07-10,AAPL,259.1553215604093,1379522.0,Close
2026-07-13,AAPL,254.71241768176955,488101.0,Close
2026-07-14,AAPL,258.40510525523945,1609910.0,Close
2026-07-15,AAPL,258.4799089214541,618838.0,Close
2026-07-16,AAPL,250.76030738899817,1499343.0,Close
2026-07-17,AAPL,249.1411313222064,834291.0,Close
2026-07-20,AAPL,251.28159656178627,1501306.0,Close
2026-07-21,AAPL,254.8141793616442,2915306.0,Close
2026-07-22,AAPL,254.15458120343905,544438.0,Close
2026-07-23,AAPL,262.8835408910936,1451932.0,Close
2026-07-24,AAPL,268.8692872336595,663547.0,Close
2026-07-27,AAPL,267.4866585731648,1233131.0,Close
2026-07-28,AAPL,272.0570934093734,1055668.0,Close
2026-07-29,AAPL,283.81575672832236,1254919.0,Close
2026-07-30,AAPL,296.2499039639921,919610.0,Close
2026-07-31,AAPL,288.37289187051283,1458086.0,Close
2026-08-03,AAPL,282.6247883412225,733291.0,Close
2026-08-04,AAPL,292.03914432468446,1705666.0,Close
2026-08-05,AAPL,285.3684460128818,1009768.0,Close
2026-08-06,AAPL,277.18508070947667,761807.0,Close
2026-08-07,AAPL,274.35488803836546,1776898.0,Close
2026-08-10,AAPL,277.044311045545,1077882.0,Close
2026-08-11,AAPL,276.5632300296508,1903517.0,Close
2026-08-12,AAPL,272.7356907262535,1605289.0,Close
2026-08-13,AAPL,268.81871392495924,877179.0,Close
2026-08-14,AAPL,264.7317092637217,1089066.0,Close
2026-08-17,AAPL,259.7297000181629,1170772.0,Close
2026-08-18,AAPL,272.9503002140953,1946861.0,Close
2026-08-19,AAPL,274.88640018092883,1244244.0,Close
2026-08-20,AAPL,280.41256608882134,1194426.0,Close
2026-08-21,AAPL,277.53156754672,1037288.0,Close
2022-01-03,AMZN,337.94509324875486,1122343.0,Close
2022-01-04,AMZN,337.1007742769345,815234.0,Close
2022-01-05,AMZN,334.3361321010108,523402.0,Close
2022-01-06,AMZN,335.53988590366623,888200.0,Close
2022-01-07,AMZN,332.70204781839146,631305.0,Close
2022-01-10,AMZN,320.23779477105694,1639269.0,Close
2022-01-11,AMZN,325.6202245284528,790706.0,Close
2022-01-12,AMZN,327.1526195229172,1114155.0,Close
2022-01-13,AMZN,325.44586118880505,1260922.0,Close
2022-01-14,AMZN,319.9660983437216,706399.0,Close
2022-01-17,AMZN,311.70732700495165,987105.0,Close
2022-01-18,AMZN,313.0680361351802,1071089.0,Close
2022-01-19,AMZN,322.1852843596752,1008080.0,Close
2022-01-20,AMZN,323.47276021581933,1009921.0,Close
2022-01-21,AMZN,315.6254246511165,644673.0,Close
2022-01-24,AMZN,317.0101207073041,1071341.0,Close
2022-01-25,AMZN,316.82814640653805,775301.0,Close
2022-01-26,AMZN,321.8247178584163,1041526.0,Close
2022-01-27,AMZN,325.4247223916014,1219730.0,Close
2022-01-28,AMZN,308.2355873930415,1267898.0,Close
2022-01-31,AMZN,311.34589170852587,1024355.0,Close
2022-02-01,AMZN,305.89666626972564,1142750.0,Close
2022-02-02,AMZN,298.263349118948,1183339.0,Close
2022-02-03,AMZN,297.3740508107973,1415072.0,Close
2022-02-04,AMZN,299.66336367682186,906868.0,Close
2022-02-07,AMZN,291.016328487156,1022076.0,Close
2022-02-08,AMZN,294.77901064629776,1230351.0,Close
2022-02-09,AMZN,298.89895878689975,805399.0,Close
2022-02-10,AMZN,299.26161448980474,602106.0,Close
2022-02-11,AMZN,294.74824597197994,1085288.0,Close
2022-02-14,AMZN,289.7160810163368,884942.0,Close
2022-02-15,AMZN,295.1207040046561,658244.0,Close
2022-02-16,AMZN,287.2857278794473,1123467.0,Close
2022-02-17,AMZN,292.8422687158001,1455527.0,Close
2022-02-18,AMZN,292.0905656232724,553426.0,Close
2022-02-21,AMZN,291.7017684044509,1221779.0,Close
2022-02-22,AMZN,282.9344301593164,456045.0,Close
2022-02-23,AMZN,282.30132842574886,799498.0,Close
2022-02-24,AMZN,285.4936800419664,1608242.0,Close
2022-02-25,AMZN,278.8034708197076,868548.0,Close
2022-02-28,AMZN,281.3852772588704,945547.0,Close
2022-03-01,AMZN,281.93742317137867,1132417.0,Close
2022-03-02,AMZN,278.80985391210476,552899.0,Close
2022-03-03,AMZN,283.1603064800935,957913.0,Close
2022-03-04,AMZN,272.15663979274007,1019344.0,Close
2022-03-07,AMZN,273.9400816854627,1596461.0,Close
2022-03-08,AMZN,281.94709115002973,672304.0,Close
2022-03-09,AMZN,289.286492727612,861015.0,Close
2022-03-10,AMZN,291.404461175999,692702.0,Close
2022-03-11,AMZN,289.94786167718956,666434.0,Close
2022-03-14,AMZN,286.7725159589392,1297153.0,Close
2022-03-15,AMZN,285.3327083103845,916283.0,Close
2022-03-16,AMZN,288.20461238042213,780909.0,Close
2022-03-17,AMZN,284.16804059707516,798860.0,Close
2022-03-18,AMZN,288.10973850011686,787751.0,Close
2022-03-21,AMZN,299.1679241192761,866294.0,Close
2022-03-22,AMZN,298.9506710504346,614140.0,Close
2022-03-23,AMZN,291.90258436376547,887226.0,Close
2022-03-24,AMZN,285.01884402916704,860897.0,Close
2022-03-25,AMZN,289.0695460078126,743816.0,Close
2022-03-28,AMZN,288.8706325868347,940072.0,Close
2022-03-29,AMZN,293.49210899651285,1008507.0,Close
2022-03-30,AMZN,290.81218761910213,778532.0,Close
2022-03-31,AMZN,295.22531350088246,896644.0,Close
2022-04-01,AMZN,294.5037864723366,1723776.0,Close
2022-04-04,AMZN,290.77115087438386,1756060.0,Close
2022-04-05,AMZN,288.80319862696996,665976.0,Close
2022-04-06,AMZN,282.7524852353876,723429.0,Close
2022-04-07,AMZN,292.88062838585023,721713.0,Close
2022-04-08,AMZN,292.4879235803498,1234610.0,Close
2022-04-11,AMZN,295.95664081866795,822856.0,Close
2022-04-12,AMZN,293.23715814791274,988784.0,Close
2022-04-13,AMZN,287.851757562423,1720039.0,Close
2022-04-14,AMZN,286.7606312396814,902842.0,Close
2022-04-15,AMZN,292.4946318057127,1173225.0,Close
2022-04-18,AMZN,289.89105630880397,1074768.0,Close
2022-04-19,AMZN,285.5039904166613,784710.0,Close
2022-04-20,AMZN,286.4022387803911,1242055.0,Close
2022-04-21,AMZN,289.0563855445673,713293.0,Close
2022-04-22,AMZN,297.62580679264283,1457601.0,Close
2022-04-25,AMZN,299.61363643174724,765848.0,Close
2022-04-26,AMZN,303.16407668161685,803456.0,Close
2022-04-27,AMZN,307.1632157550088,671588.0,Close
2022-04-28,AMZN,300.96884860449205,719705.0,Close
2022-04-29,AMZN,295.91652260997967,827562.0,Close
2022-05-02,AMZN,290.3133703280187,456334.0,Close
2022-05-03,AMZN,283.53227404461893,893465.0,Close
2022-05-04,AMZN,287.65729460172315,802481.0,Close
2022-05-05,AMZN,289.25207717114125,1153872.0,Close
2022-05-06,AMZN,289.77061828317284,1022124.0,Close
2022-05-09,AMZN,276.4942452846218,823759.0,Close
2022-05-10,AMZN,286.72392417756697,867026.0,Close
2022-05-11,AMZN,282.2635139541377,873587.0,Close
2022-05-12,AMZN,292.6882164940507,1553468.0,Close
2022-05-13,AMZN,285.2410314862886,753137.0,Close
2022-05-16,AMZN,281.2197577069241,752104.0,Close
2022-05-17,AMZN,270.2885319308972,712731.0,Close
2022-05-18,AMZN,272.1341053590394,585839.0,Close
2022-05-19,AMZN,266.8970987294737,1038579.0,Close
2022-05-20,AMZN,261.89523964613215,1005208.0,Close
2022-05-23,AMZN,255.5895680589641,1410854.0,Close
2022-05-24,AMZN,259.22561491448323,1276141.0,Close
2022-05-25,AMZN,262.6090691966092,1910126.0,Close
2022-05-26,AMZN,271.1860110039231,961690.0,Close
2022-05-27,AMZN,267.9750184624347,857590.0,Close
2022-05-30,AMZN,269.1205990557725,614037.0,Close
2022-05-31,AMZN,263.0397881155471,1178432.0,Close
2022-06-01,AMZN,261.56863893819605,943484.0,Close
2022-06-02,AMZN,259.2491356916536,1117685.0,Close
2022-06-03,AMZN,261.49196102856155,652796.0,Close
2022-06-06,AMZN,266.32855392007997,1050336.0,Close
2022-06-07,AMZN,271.1314468496126,1003881.0,Close
2022-06-08,AMZN,267.162182799013,974644.0,Close
2022-06-09,AMZN,272.0153381962613,769287.0,Close
2022-06-10,AMZN,271.9040592088876,1281010.0,Close
2022-06-13,AMZN,270.4339189310445,1683387.0,Close
2022-06-14,AMZN,267.1219533612095,665380.0,Close
2022-06-15,AMZN,264.55764801877905,1143565.0,Close
2022-06-16,AMZN,272.86960614984537,413269.0,Close
2022-06-17,AMZN,274.4668056674232,1113619.0,Close
2022-06-20,AMZN,275.42396162277976,516327.0,Close
2022-06-21,AMZN,274.2407474902365,774870.0,Close
2022-06-22,AMZN,286.29504979145236,683577.0,Close
2022-06-23,AMZN,293.05937163092744,898906.0,Close
2022-06-24,AMZN,289.40478479835593,1194815.0,Close
2022-06-27,AMZN,288.1028928751719,519876.0,Close
2022-06-28,AMZN,287.11160585459277,812248.0,Close
2022-06-29,AMZN,287.96584446669226,774529.0,Close
2022-06-30,AMZN,284.4765464990235,1491296.0,Close
2022-07-01,AMZN,286.80770006048846,1044397.0,Close
2022-07-04,AMZN,294.3356886718444,678586.0,Close
2022-07-05,AMZN,287.5577469228627,831136.0,Close
2022-07-06,AMZN,281.8861599163806,1512769.0,Close
2022-07-07,AMZN,279.56571482119074,1136928.0,Close
2022-07-08,AMZN,277.4953001976522,694981.0,Close
2022-07-11,AMZN,287.48015356171106,915771.0,Close
2022-07-12,AMZN,292.7189983174378,880135.0,Close
2022-07-13,AMZN,297.75402629088893,801352.0,Close
2022-07-14,AMZN,296.4636424903061,543067.0,Close
2022-07-15,AMZN,295.0629241147238,741124.0,Close
2022-07-18,AMZN,287.54236395126895,1462381.0,Close
2022-07-19,AMZN,291.6554402115796,833017.0,Close
2022-07-20,AMZN,294.3168654621502,891951.0,Close
2022-07-21,AMZN,301.17102037341897,999315.0,Close
2022-07-22,AMZN,300.1530926925469,1759722.0,Close
2022-07-25,AMZN,299.5078661177788,903676.0,Close
2022-07-26,AMZN,300.5279817429767,1256053.0,Close
2022-07-27,AMZN,305.4166299038987,784913.0,Close
2022-07-28,AMZN,297.53145202140377,892620.0,Close
2022-07-29,AMZN,301.5452443752843,935255.0,Close
2022-08-01,AMZN,301.5486196650941,709935.0,Close
2022-08-02,AMZN,295.97452943270144,889124.0,Close
2022-08-03,AMZN,285.09330109194724,1297791.0,Close
2022-08-04,AMZN,284.50739619128865,708689.0,Close
2022-08-05,AMZN,291.95283021665637,965828.0,Close
2022-08-08,AMZN,300.77372023423607,1208053.0,Close
2022-08-09,AMZN,302.7912865274103,713344.0,Close
2022-08-10,AMZN,313.48965022261825,1375747.0,Close
2022-08-11,AMZN,313.3677943534637,916361.0,Close
2022-08-12,AMZN,318.8081431950566,896605.0,Close
2022-08-15,AMZN,316.3651126138022,501530.0,Close
2022-08-16,AMZN,313.5836279176535,821663.0,Close
2022-08-17,AMZN,309.9164233191521,1036225.0,Close
2022-08-18,AMZN,298.6555774886239,1676473.0,Close
2022-08-19,AMZN,305.61659979653,1136074.0,Close
2022-08-22,AMZN,302.2379150264426,1297083.0,Close
2022-08-23,AMZN,298.03605294491183,649050.0,Close
2022-08-24,AMZN,291.8826105122468,915464.0,Close
2022-08-25,AMZN,290.9297243127523,1304207.0,Close
2022-08-26,AMZN,300.1800244173261,751572.0,Close
2022-08-29,AMZN,311.490870367758,1331475.0,Close
2022-08-30,AMZN,302.39081494438784,1213652.0,Close
2022-08-31,AMZN,300.5950134538287,989754.0,Close
2022-09-01,AMZN,295.1685807650389,855350.0,Close
2022-09-02,AMZN,300.4772152745994,702076.0,Close
2022-09-05,AMZN,302.1245674857752,1550461.0,Close
2022-09-06,AMZN,298.8117419611258,1118009.0,Close
2022-09-07,AMZN,299.31056417240796,996810.0,Close
2022-09-08,AMZN,296.87729315443045,810475.0,Close
2022-09-09,AMZN,305.5272889918994,984900.0,Close
2022-09-12,AMZN,308.6196128215768,969429.0,Close
2022-09-13,AMZN,312.4188055111505,1046920.0,Close
2022-09-14,AMZN,297.6917456143446,1274045.0,Close
2022-09-15,AMZN,297.449546886996,709866.0,Close
2022-09-16,AMZN,308.60150316059395,641615.0,Close
2022-09-19,AMZN,316.00897610454365,984565.0,Close
2022-09-20,AMZN,305.72845889705906,581923.0,Close
2022-09-21,AMZN,304.13628466261656,825331.0,Close
2022-09-22,AMZN,297.74013304035714,817135.0,Close
2022-09-23,AMZN,306.9290576573603,1133939.0,Close
2022-09-26,AMZN,308.3803846521446,1646234.0,Close
2022-09-27,AMZN,304.2779716880612,519640.0,Close
2022-09-28,AMZN,304.5776637847082,1776830.0,Close
2022-09-29,AMZN,290.54338572093405,950449.0,Close
2022-09-30,AMZN,285.0364602795157,1050505.0,Close
2022-10-03,AMZN,285.328808881208,587574.0,Close
2022-10-04,AMZN,289.7352404677804,1263613.0,Close
2022-10-05,AMZN,279.82307580821436,999768.0,Close
2022-10-06,AMZN,278.02814823603325,896054.0,Close
2022-10-07,AMZN,283.13425765098845,528370.0,Close
2022-10-10,AMZN,275.91900684770826,985538.0,Close
2022-10-11,AMZN,277.14949354399477,1169602.0,Close
2022-10-12,AMZN,277.5795711016423,838103.0,Close
2022-10-13,AMZN,286.16251092426563,1391793.0,Close
2022-10-14,AMZN,285.09687793979685,1272016.0,Close
2022-10-17,AMZN,284.3325409645988,744760.0,Close
2022-10-18,AMZN,288.77061983285597,1512739.0,Close
2022-10-19,AMZN,282.0553842510142,971078.0,Close
2022-10-20,AMZN,281.0515442183927,918667.0,Close
2022-10-21,AMZN,278.87533921251656,943917.0,Close
2022-10-24,AMZN,278.2900991363435,920071.0,Close
2022-10-25,AMZN,282.6013706295297,425714.0,Close
2022-10-26,AMZN,285.4979168035531,873068.0,Close
2022-10-27,AMZN,281.7971325158178,617912.0,Close
2022-10-28,AMZN,282.5895058161517,1470976.0,Close
2022-10-31,AMZN,290.1998779757769,1557597.0,Close
2022-11-01,AMZN,286.0106419673351,1206353.0,Close
2022-11-02,AMZN,286.8580114117748,841082.0,Close
2022-11-03,AMZN,285.97876337955313,667893.0,Close
2022-11-04,AMZN,285.76537252384804,736818.0,Close
2022-11-07,AMZN,277.5706808307524,1741846.0,Close
2022-11-08,AMZN,284.65185295376324,783262.0,Close
2022-11-09,AMZN,280.8318523333428,459515.0,Close
2022-11-10,AMZN,286.0714406458148,1288059.0,Close
2022-11-11,AMZN,283.01207345265004,1449698.0,Close
2022-11-14,AMZN,279.96460961014054,1520718.0,Close
2022-11-15,AMZN,286.121028377084,1303450.0,Close
2022-11-16,AMZN,291.29521794817066,1353795.0,Close
2022-11-17,AMZN,292.4877961222641,921007.0,Close
2022-11-18,AMZN,296.56431787042914,500422.0,Close
2022-11-21,AMZN,295.151291550949,915927.0,Close
2022-11-22,AMZN,295.2183708550836,1079803.0,Close
2022-11-23,AMZN,291.84948871412956,889323.0,Close
2022-11-24,AMZN,296.6602322116112,890156.0,Close
2022-11-25,AMZN,293.1068773275993,694677.0,Close
2022-11-28,AMZN,300.97289067233675,716438.0,Close
2022-11-29,AMZN,299.39256831648225,1578853.0,Close
2022-11-30,AMZN,299.61464101852135,1574837.0,Close
2022-12-01,AMZN,303.7775608314734,932084.0,Close
2022-12-02,AMZN,304.0210488458709,976758.0,Close
2022-12-05,AMZN,302.5218186219712,677093.0,Close
2022-12-06,AMZN,302.4738506211349,1086404.0,Close
2022-12-07,AMZN,307.40450310280914,1592436.0,Close
2022-12-08,AMZN,303.8898343341311,585423.0,Close
2022-12-09,AMZN,303.32072421886005,1034991.0,Close
2022-12-12,AMZN,303.4904705739465,1054439.0,Close
2022-12-13,AMZN,308.2796271570479,1098737.0,Close
2022-12-14,AMZN,307.8472513209816,1472069.0,Close
2022-12-15,AMZN,317.8812099936125,1810716.0,Close
2022-12-16,AMZN,317.11428343295233,840962.0,Close
2022-12-19,AMZN,315.8907478532416,1108586.0,Close
2022-12-20,AMZN,315.04705277980173,925775.0,Close
2022-12-21,AMZN,307.77525728847314,792108.0,Close
2022-12-22,AMZN,302.20621385712514,1024014.0,Close
2022-12-23,AMZN,299.4626996991567,1125182.0,Close
2022-12-26,AMZN,305.635491311073,1014814.0,Close
2022-12-27,AMZN,305.57013476404364,687916.0,Close
2022-12-28,AMZN,303.0466386120099,798540.0,Close
2022-12-29,AMZN,309.7830427892575,833110.0,Close
2022-12-30,AMZN,318.4609745731026,753961.0,Close
2023-01-02,AMZN,325.7037011231273,1050944.0,Close
2023-01-03,AMZN,320.8758787821828,1060315.0,Close
2023-01-04,AMZN,318.16535850442244,1231836.0,Close
2023-01-05,AMZN,328.56644511270656,760252.0,Close
2023-01-06,AMZN,330.1017123782352,763610.0,Close
2023-01-09,AMZN,328.651961643937,1446411.0,Close
2023-01-10,AMZN,332.98189035959524,886069.0,Close
2023-01-11,AMZN,339.0830903408587,953301.0,Close
2023-01-12,AMZN,335.75841774327967,874663.0,Close
2023-01-13,AMZN,337.1974815627885,1274189.0,Close
2023-01-16,AMZN,342.8908689166813,1337202.0,Close
2023-01-17,AMZN,335.93158058539547,1326698.0,Close
2023-01-18,AMZN,336.1318986159083,904279.0,Close
2023-01-19,AMZN,329.58465622739624,729559.0,Close
2023-01-20,AMZN,323.93306047495787,1677580.0,Close
2023-01-23,AMZN,320.80512019751836,1191335.0,Close
2023-01-24,AMZN,323.65289550547897,801644.0,Close
2023-01-25,AMZN,321.9178020027868,1394764.0,Close
2023-01-26,AMZN,318.3199834694716,788140.0,Close
2023-01-27,AMZN,318.73216834913734,1372609.0,Close
2023-01-30,AMZN,312.3388686119505,1479264.0,Close
2023-01-31,AMZN,314.84261903660735,695547.0,Close
2023-02-01,AMZN,321.3075121773585,1131937.0,Close
2023-02-02,AMZN,320.9750271614657,1135850.0,Close
2023-02-03,AMZN,319.93694667835234,1981300.0,Close
2023-02-06,AMZN,322.1860269419712,731838.0,Close
2023-02-07,AMZN,310.66339297577815,1523949.0,Close
2023-02-08,AMZN,313.7515649998006,927015.0,Close
2023-02-09,AMZN,331.20906845859224,720065.0,Close
2023-02-10,AMZN,330.60980838495993,868526.0,Close
2023-02-13,AMZN,330.0325501774566,900855.0,Close
2023-02-14,AMZN,334.5291918474041,678425.0,Close
2023-02-15,AMZN,344.4615166445607,1071010.0,Close
2023-02-16,AMZN,350.5746367389895,1257140.0,Close
2023-02-17,AMZN,337.2426117376543,1071565.0,Close
2023-02-20,AMZN,340.754710384355,784927.0,Close
2023-02-21,AMZN,356.49730588208314,975193.0,Close
2023-02-22,AMZN,360.5849350655255,925040.0,Close
2023-02-23,AMZN,353.30305327840233,1013734.0,Close
2023-02-24,AMZN,355.2100335252026,1269518.0,Close
2023-02-27,AMZN,347.23875134844315,1037030.0,Close
2023-02-28,AMZN,354.9962825115918,627311.0,Close
2023-03-01,AMZN,349.08412129565016,794282.0,Close
2023-03-02,AMZN,349.67725579527917,946027.0,Close
2023-03-03,AMZN,344.4648607271949,1310764.0,Close
2023-03-06,AMZN,341.2408588868232,1358893.0,Close
2023-03-07,AMZN,350.40467321859006,1647918.0,Close
2023-03-08,AMZN,351.1824313353002,937485.0,Close
2023-03-09,AMZN,347.81575426481857,1158321.0,Close
2023-03-10,AMZN,340.8498305184058,613628.0,Close
2023-03-13,AMZN,329.61171961401294,1119532.0,Close
2023-03-14,AMZN,322.387581565803,691236.0,Close
2023-03-15,AMZN,323.1519873954982,885105.0,Close
2023-03-16,AMZN,328.91724791823873,2341321.0,Close
2023-03-17,AMZN,325.75728682216095,1009147.0,Close
2023-03-20,AMZN,334.99510434252085,749858.0,Close
2023-03-21,AMZN,330.83881716984035,1049702.0,Close
2023-03-22,AMZN,329.560393775512,775713.0,Close
2023-03-23,AMZN,323.3455607396228,709236.0,Close
2023-03-24,AMZN,329.1749252338697,1774005.0,Close
2023-03-27,AMZN,341.6001909628402,1372925.0,Close
2023-03-28,AMZN,331.00611122158125,1085725.0,Close
2023-03-29,AMZN,329.08923795967706,810018.0,Close
2023-03-30,AMZN,336.62878104974993,871848.0,Close
2023-03-31,AMZN,328.077338549188,1530837.0,Close
2023-04-03,AMZN,331.5131904479646,1012611.0,Close
2023-04-04,AMZN,338.85247429117055,378737.0,Close
2023-04-05,AMZN,339.45228324973704,1861165.0,Close
2023-04-06,AMZN,342.90795050667276,974946.0,Close
2023-04-07,AMZN,353.7951092193664,1087212.0,Close
2023-04-10,AMZN,366.2099693553554,1371252.0,Close
2023-04-11,AMZN,365.94348303208784,1031925.0,Close
2023-04-12,AMZN,362.6101885928472,1151030.0,Close
2023-04-13,AMZN,356.80317048129353,826490.0,Close
2023-04-14,AMZN,363.14800702893695,652241.0,Close
2023-04-17,AMZN,354.40924401849253,1044355.0,Close
2023-04-18,AMZN,352.94778865600074,1392923.0,Close
2023-04-19,AMZN,353.7263658663262,742212.0,Close
2023-04-20,AMZN,350.68948278190817,738339.0,Close
2023-04-21,AMZN,352.5698014705928,1312440.0,Close
2023-04-24,AMZN,368.8116554426579,888607.0,Close
2023-04-25,AMZN,368.151441658278,795975.0,Close
2023-04-26,AMZN,365.4340935034302,818389.0,Close
2023-04-27,AMZN,372.18221194046254,926861.0,Close
2023-04-28,AMZN,373.9109611180168,566302.0,Close
2023-05-01,AMZN,383.6402400546205,821180.0,Close
2023-05-02,AMZN,384.9102862242362,969105.0,Close
2023-05-03,AMZN,383.351521016392,969158.0,Close
2023-05-04,AMZN,371.3129723044165,1386879.0,Close
2023-05-05,AMZN,360.7373532256081,1687811.0,Close
2023-05-08,AMZN,349.0749266825659,1546414.0,Close
2023-05-09,AMZN,351.565526474478,1203458.0,Close
2023-05-10,AMZN,343.1651515526781,917809.0,Close
2023-05-11,AMZN,350.97091441539607,793514.0,Close
2023-05-12,AMZN,351.2921375628305,902786.0,Close
2023-05-15,AMZN,349.8960293507212,1080205.0,Close
2023-05-16,AMZN,344.7671801979509,1196309.0,Close
2023-05-17,AMZN,348.71919095991734,1116681.0,Close
2023-05-18,AMZN,343.8521173207593,899686.0,Close
2023-05-19,AMZN,337.9448564482236,1192364.0,Close
2023-05-22,AMZN,345.22709995928835,1391704.0,Close
2023-05-23,AMZN,347.5382118826873,1189529.0,Close
2023-05-24,AMZN,346.21434421525504,897075.0,Close
2023-05-25,AMZN,350.30121670483254,722001.0,Close
2023-05-26,AMZN,350.4887987473919,693475.0,Close
2023-05-29,AMZN,353.0124284764849,745746.0,Close
2023-05-30,AMZN,348.0077588511051,1008434.0,Close
2023-05-31,AMZN,360.9757995879343,1163623.0,Close
2023-06-01,AMZN,357.38392482902225,603312.0,Close
2023-06-02,AMZN,367.42610974291466,834734.0,Close
2023-06-05,AMZN,366.3280079600361,971938.0,Close
2023-06-06,AMZN,371.73354989539354,713935.0,Close
2023-06-07,AMZN,376.7362142221752,1061173.0,Close
2023-06-08,AMZN,384.5758167242065,867580.0,Close
2023-06-09,AMZN,378.9607646955393,752366.0,Close
2023-06-12,AMZN,386.3658225378956,963246.0,Close
2023-06-13,AMZN,399.2215611197381,1107888.0,Close
2023-06-14,AMZN,397.53179355657306,703058.0,Close
2023-06-15,AMZN,397.9272161742568,835120.0,Close
2023-06-16,AMZN,394.3659087041571,1058045.0,Close
2023-06-19,AMZN,392.0801891491805,724869.0,Close
2023-06-20,AMZN,404.18290233749497,595033.0,Close
2023-06-21,AMZN,397.10339104089246,594440.0,Close
2023-06-22,AMZN,390.5873503983339,828833.0,Close
2023-06-23,AMZN,401.9444603269526,655559.0,Close
2023-06-26,AMZN,406.5682820178459,834633.0,Close
2023-06-27,AMZN,422.0804780281284,1644571.0,Close
2023-06-28,AMZN,418.85202805337616,605762.0,Close
2023-06-29,AMZN,419.9520354770102,829188.0,Close
2023-06-30,AMZN,415.16684498428856,1755808.0,Close
2023-07-03,AMZN,416.3830684813428,1021032.0,Close
2023-07-04,AMZN,403.3786429334058,877104.0,Close
2023-07-05,AMZN,408.4530899709681,886570.0,Close
2023-07-06,AMZN,410.96080236618207,1037366.0,Close
2023-07-07,AMZN,410.6940596509854,1492275.0,Close
2023-07-10,AMZN,407.9922753446416,778732.0,Close
2023-07-11,AMZN,401.6418549210024,746753.0,Close
2023-07-12,AMZN,407.00042624277535,615837.0,Close
2023-07-13,AMZN,398.6616399869573,980398.0,Close
2023-07-14,AMZN,402.44755313695265,604115.0,Close
2023-07-17,AMZN,417.473278883317,866457.0,Close
2023-07-18,AMZN,428.6795885567436,736733.0,Close
2023-07-19,AMZN,417.3453897128755,1334014.0,Close
2023-07-20,AMZN,413.51146623665875,790011.0,Close
2023-07-21,AMZN,416.7720616562096,1032604.0,Close
2023-07-24,AMZN,416.4070416675155,554893.0,Close
2023-07-25,AMZN,406.1816716522017,1000158.0,Close
2023-07-26,AMZN,409.1229723878611,637735.0,Close
2023-07-27,AMZN,409.20393238572774,788615.0,Close
2023-07-28,AMZN,423.31450035295626,1918275.0,Close
2023-07-31,AMZN,421.5639671941481,1199143.0,Close
2023-08-01,AMZN,430.49526787936054,916421.0,Close
2023-08-02,AMZN,420.9388090193109,2493731.0,Close
2023-08-03,AMZN,413.3875049150476,717123.0,Close
2023-08-04,AMZN,418.8582167377806,1320649.0,Close
2023-08-07,AMZN,427.103300660324,598815.0,Close
2023-08-08,AMZN,419.9787669848913,873960.0,Close
2023-08-09,AMZN,420.3169878811421,599116.0,Close
2023-08-10,AMZN,410.1291001119895,1037694.0,Close
2023-08-11,AMZN,408.9592667407362,918454.0,Close
2023-08-14,AMZN,415.21119294834176,853992.0,Close
2023-08-15,AMZN,412.1498015952898,1270131.0,Close
2023-08-16,AMZN,410.4762346691792,764604.0,Close
2023-08-17,AMZN,402.3682326682416,1046288.0,Close
2023-08-18,AMZN,397.87171189196414,1183844.0,Close
2023-08-21,AMZN,410.4841551211411,628451.0,Close
2023-08-22,AMZN,411.1719709208575,719006.0,Close
2023-08-23,AMZN,403.9841565774655,957814.0,Close
2023-08-24,AMZN,401.87059701415615,1098828.0,Close
2023-08-25,AMZN,390.584362511441,1487188.0,Close
2023-08-28,AMZN,383.6739701880459,883890.0,Close
2023-08-29,AMZN,393.1172896608141,874523.0,Close
2023-08-30,AMZN,392.2672960840289,693719.0,Close
2023-08-31,AMZN,405.62893521310656,1089716.0,Close
2023-09-01,AMZN,405.092525882365,822381.0,Close
2023-09-04,AMZN,404.98531317195966,825479.0,Close
2023-09-05,AMZN,409.76205720058533,901434.0,Close
2023-09-06,AMZN,390.404954605236,1206410.0,Close
2023-09-07,AMZN,391.977372548297,765303.0,Close
2023-09-08,AMZN,391.7827887561509,711390.0,Close
2023-09-11,AMZN,402.30309561449945,1101441.0,Close
2023-09-12,AMZN,409.3689798305347,380319.0,Close
2023-09-13,AMZN,401.2544313775032,791589.0,Close
2023-09-14,AMZN,410.28544167923934,676766.0,Close
2023-09-15,AMZN,408.52237152050816,1301362.0,Close
2023-09-18,AMZN,402.09310472098815,821583.0,Close
2023-09-19,AMZN,403.65646169949184,765678.0,Close
2023-09-20,AMZN,402.3501116704465,891099.0,Close
2023-09-21,AMZN,413.5299941898128,811460.0,Close
2023-09-22,AMZN,416.19521675177054,808949.0,Close
2023-09-25,AMZN,417.8768449927258,933146.0,Close
2023-09-26,AMZN,424.7395323507926,827874.0,Close
2023-09-27,AMZN,433.169560203984,834182.0,Close
2023-09-28,AMZN,439.3801157210118,689830.0,Close
2023-09-29,AMZN,450.65735749578937,682268.0,Close
2023-10-02,AMZN,455.71416395235224,942636.0,Close
2023-10-03,AMZN,457.24687598702576,991679.0,Close
2023-10-04,AMZN,467.5139378067572,622736.0,Close
2023-10-05,AMZN,466.93277118777144,1128997.0,Close
2023-10-06,AMZN,467.385084388924,1129461.0,Close
2023-10-09,AMZN,481.896860743373,1311396.0,Close
2023-10-10,AMZN,496.0036197638401,1065844.0,Close
2023-10-11,AMZN,496.11804209212335,1084849.0,Close
2023-10-12,AMZN,492.29577086181735,1764704.0,Close
2023-10-13,AMZN,505.3145398656165,882950.0,Close
2023-10-16,AMZN,512.7108407811916,683104.0,Close
2023-10-17,AMZN,515.7865485621801,575361.0,Close
2023-10-18,AMZN,513.0228099649171,1540757.0,Close
2023-10-19,AMZN,516.2476878305094,1551068.0,Close
2023-10-20,AMZN,516.2423104362415,678599.0,Close
2023-10-23,AMZN,510.3262548865023,744703.0,Close
2023-10-24,AMZN,511.6916013161014,819076.0,Close
2023-10-25,AMZN,514.3039333478371,1312720.0,Close
2023-10-26,AMZN,511.0577079627862,620141.0,Close
2023-10-27,AMZN,519.4796234933236,520947.0,Close
2023-10-30,AMZN,531.6036871722573,1835934.0,Close
2023-10-31,AMZN,540.9899774187952,1035569.0,Close
2023-11-01,AMZN,538.530944082913,1040283.0,Close
2023-11-02,AMZN,545.9855387183499,877026.0,Close
2023-11-03,AMZN,546.9493963856863,1035249.0,Close
2023-11-06,AMZN,535.1132245320101,605478.0,Close
2023-11-07,AMZN,541.7283211320412,721634.0,Close
2023-11-08,AMZN,543.3426230130614,932461.0,Close
2023-11-09,AMZN,568.6538894230938,516422.0,Close
2023-11-10,AMZN,583.6321478336316,882428.0,Close
2023-11-13,AMZN,591.2465483792176,834242.0,Close
2023-11-14,AMZN,594.0938170444732,829578.0,Close
2023-11-15,AMZN,596.0503545264337,766540.0,Close
2023-11-16,AMZN,585.6159561432113,699102.0,Close
2023-11-17,AMZN,567.6923890951715,566012.0,Close
2023-11-20,AMZN,559.0807140522707,977803.0,Close
2023-11-21,AMZN,558.8158225368826,819556.0,Close
2023-11-22,AMZN,538.0630610720984,658804.0,Close
2023-11-23,AMZN,533.0474696983496,937973.0,Close
2023-11-24,AMZN,530.8964899117661,829587.0,Close
2023-11-27,AMZN,529.0586330442252,787926.0,Close
2023-11-28,AMZN,523.0203494599592,484917.0,Close
2023-11-29,AMZN,520.0348262647394,1117881.0,Close
2023-11-30,AMZN,536.2027840122719,676301.0,Close
2023-12-01,AMZN,542.7302370821611,945989.0,Close
2023-12-04,AMZN,537.5166304815649,722929.0,Close
2023-12-05,AMZN,537.0643817800867,798938.0,Close
2023-12-06,AMZN,536.9955880126666,1265790.0,Close
2023-12-07,AMZN,529.85035613901,1092263.0,Close
2023-12-08,AMZN,522.7891082356128,1307137.0,Close
2023-12-11,AMZN,532.398168493495,1043327.0,Close
2023-12-12,AMZN,528.616680376589,1029993.0,Close
2023-12-13,AMZN,518.5056553873746,554926.0,Close
2023-12-14,AMZN,518.3022674323142,815090.0,Close
2023-12-15,AMZN,519.5870746008807,843295.0,Close
2023-12-18,AMZN,501.5208376399686,1427531.0,Close
2023-12-19,AMZN,501.3455032355485,770130.0,Close
2023-12-20,AMZN,509.2871850027835,1015631.0,Close
2023-12-21,AMZN,513.5731885506502,982442.0,Close
2023-12-22,AMZN,534.169294197002,1419825.0,Close
2023-12-25,AMZN,546.2771876926589,918778.0,Close
2023-12-26,AMZN,560.5849066839089,1238128.0,Close
2023-12-27,AMZN,588.7622271249166,617927.0,Close
2023-12-28,AMZN,596.9366373288447,574777.0,Close
2023-12-29,AMZN,598.8956023714265,455854.0,Close
2024-01-01,AMZN,609.5110375314409,1193905.0,Close
2024-01-02,AMZN,603.6674754384006,1127588.0,Close
2024-01-03,AMZN,605.0528612355985,1180023.0,Close
2024-01-04,AMZN,598.2981113058881,755300.0,Close
2024-01-05,AMZN,602.7656352051322,773147.0,Close
2024-01-08,AMZN,595.9915143207166,892677.0,Close
2024-01-09,AMZN,588.9216702420698,1430041.0,Close
2024-01-10,AMZN,593.4816958641171,1523083.0,Close
2024-01-11,AMZN,592.2489240543617,1143369.0,Close
2024-01-12,AMZN,572.1329710244914,1089766.0,Close
2024-01-15,AMZN,557.5111928979742,1439236.0,Close
2024-01-16,AMZN,546.3253189495299,879257.0,Close
2024-01-17,AMZN,537.9364199612602,833083.0,Close
2024-01-18,AMZN,542.1107716428728,881554.0,Close
2024-01-19,AMZN,544.429423643102,676218.0,Close
2024-01-22,AMZN,554.9673590941242,899035.0,Close
2024-01-23,AMZN,562.6196168316694,666934.0,Close
2024-01-24,AMZN,573.5760346202045,1289051.0,Close
2024-01-25,AMZN,580.0091812312006,1089615.0,Close
2024-01-26,AMZN,582.3942421078219,1392018.0,Close
2024-01-29,AMZN,594.0205648395977,582168.0,Close
2024-01-30,AMZN,603.9746212723268,1663930.0,Close
2024-01-31,AMZN,608.2489883813357,570576.0,Close
2024-02-01,AMZN,622.2523594318594,668258.0,Close
2024-02-02,AMZN,596.4802637170664,835685.0,Close
2024-02-05,AMZN,593.6179395866076,1344785.0,Close
2024-02-06,AMZN,590.6072462599756,972775.0,Close
2024-02-07,AMZN,602.9587054272034,884552.0,Close
2024-02-08,AMZN,620.0665405246009,766076.0,Close
2024-02-09,AMZN,604.2791510599856,637915.0,Close
2024-02-12,AMZN,619.6994141899387,1354158.0,Close
2024-02-13,AMZN,606.9988449299996,1207902.0,Close
2024-02-14,AMZN,594.8854953014958,1424050.0,Close
2024-02-15,AMZN,592.6262372064016,1020201.0,Close
2024-02-16,AMZN,589.4894786888735,411786.0,Close
2024-02-19,AMZN,573.3438205577651,667121.0,Close
2024-02-20,AMZN,580.1980987794125,1066437.0,Close
2024-02-21,AMZN,587.4395168880566,831494.0,Close
2024-02-22,AMZN,598.6923365012019,800794.0,Close
2024-02-23,AMZN,594.2941550707566,657347.0,Close
2024-02-26,AMZN,594.09870755811,1191113.0,Close
2024-02-27,AMZN,594.0002337360685,1027347.0,Close
2024-02-28,AMZN,612.0878734013493,1135870.0,Close
2024-02-29,AMZN,581.4100108861269,851819.0,Close
2024-03-01,AMZN,571.7161230864608,991357.0,Close
2024-03-04,AMZN,571.9877291098669,600327.0,Close
2024-03-05,AMZN,561.1401348960339,910293.0,Close
2024-03-06,AMZN,558.7687470115028,424792.0,Close
2024-03-07,AMZN,557.7239195472855,562583.0,Close
2024-03-08,AMZN,551.3985909247905,840624.0,Close
2024-03-11,AMZN,552.2394544412886,1834414.0,Close
2024-03-12,AMZN,558.6276433672544,539839.0,Close
2024-03-13,AMZN,556.4863715230766,623743.0,Close
2024-03-14,AMZN,552.2025390210152,977740.0,Close
2024-03-15,AMZN,550.7795123866114,1534421.0,Close
2024-03-18,AMZN,550.9138271882931,952189.0,Close
2024-03-19,AMZN,534.0392882633392,1207048.0,Close
2024-03-20,AMZN,538.6318329224911,830120.0,Close
2024-03-21,AMZN,534.5064947379866,785963.0,Close
2024-03-22,AMZN,546.7213148825101,980777.0,Close
2024-03-25,AMZN,552.6843330987017,759067.0,Close
2024-03-26,AMZN,564.4138786776278,1183682.0,Close
2024-03-27,AMZN,554.459752586205,582340.0,Close
2024-03-28,AMZN,550.9996658463465,1191448.0,Close
2024-03-29,AMZN,539.0099487667128,965273.0,Close
2024-04-01,AMZN,532.4406564952188,870332.0,Close
2024-04-02,AMZN,544.518815101612,584246.0,Close
2024-04-03,AMZN,559.1545337438927,721254.0,Close
2024-04-04,AMZN,547.9270526365054,1360312.0,Close
2024-04-05,AMZN,543.659489389411,860830.0,Close
2024-04-08,AMZN,543.1260567395868,976367.0,Close
2024-04-09,AMZN,548.9971453416407,710121.0,Close
2024-04-10,AMZN,531.9906717548475,970225.0,Close
2024-04-11,AMZN,516.9972954590305,643486.0,Close
2024-04-12,AMZN,521.7018610402522,947928.0,Close
2024-04-15,AMZN,503.7820623557502,1103948.0,Close
2024-04-16,AMZN,499.9613678013659,1008341.0,Close
2024-04-17,AMZN,501.5933742506068,689557.0,Close
2024-04-18,AMZN,505.4968112995561,827031.0,Close
2024-04-19,AMZN,504.4107157381874,1058876.0,Close
2024-04-22,AMZN,501.3135535002382,855941.0,Close
2024-04-23,AMZN,509.0456471790492,859560.0,Close
2024-04-24,AMZN,511.82388109532224,1611082.0,Close
2024-04-25,AMZN,506.11641396759654,695749.0,Close
2024-04-26,AMZN,506.6470485482759,1242208.0,Close
2024-04-29,AMZN,510.2964738640176,647005.0,Close
2024-04-30,AMZN,526.1102367963774,1191194.0,Close
2024-05-01,AMZN,533.6788088926131,1155257.0,Close
2024-05-02,AMZN,545.4280313354858,819117.0,Close
2024-05-03,AMZN,539.699647904001,641082.0,Close
2024-05-06,AMZN,534.8624478497622,509170.0,Close
2024-05-07,AMZN,532.8207175632504,753126.0,Close
2024-05-08,AMZN,531.6583093863289,1055499.0,Close
2024-05-09,AMZN,522.3100840812778,682319.0,Close
2024-05-10,AMZN,534.2871173298786,985347.0,Close
2024-05-13,AMZN,542.8969438736987,602846.0,Close
2024-05-14,AMZN,540.1445849127475,847515.0,Close
2024-05-15,AMZN,546.5233707754647,657261.0,Close
2024-05-16,AMZN,548.8994579939963,886202.0,Close
2024-05-17,AMZN,556.1455804962644,801028.0,Close
2024-05-20,AMZN,543.0347133252593,670890.0,Close
2024-05-21,AMZN,541.8298166653644,739780.0,Close
2024-05-22,AMZN,541.4734596698295,677971.0,Close
2024-05-23,AMZN,547.6936283213338,624583.0,Close
2024-05-24,AMZN,541.7674632968742,1279403.0,Close
2024-05-27,AMZN,517.8409987371455,910275.0,Close
2024-05-28,AMZN,508.05599265143144,488750.0,Close
2024-05-29,AMZN,507.6946074395464,744362.0,Close
2024-05-30,AMZN,508.46353509105745,1183613.0,Close
2024-05-31,AMZN,523.9080577153591,777576.0,Close
2024-06-03,AMZN,529.5447150203569,1448770.0,Close
2024-06-04,AMZN,530.5132199481113,696350.0,Close
2024-06-05,AMZN,530.4067210412142,1042112.0,Close
2024-06-06,AMZN,541.0408771070281,1295665.0,Close
2024-06-07,AMZN,535.5561495718824,1056162.0,Close
2024-06-10,AMZN,534.4191552046208,596680.0,Close
2024-06-11,AMZN,524.2489247777949,713484.0,Close
2024-06-12,AMZN,537.6992244819413,1369981.0,Close
2024-06-13,AMZN,541.661701402485,719002.0,Close
2024-06-14,AMZN,535.0375844918843,1244033.0,Close
2024-06-17,AMZN,534.1479040889502,790978.0,Close
2024-06-18,AMZN,539.1991040110904,960819.0,Close
2024-06-19,AMZN,536.9934637367036,598092.0,Close
2024-06-20,AMZN,532.0820923384077,766602.0,Close
2024-06-21,AMZN,526.0799252929785,711994.0,Close
2024-06-24,AMZN,529.4549778313007,976645.0,Close
2024-06-25,AMZN,526.2766972989122,937473.0,Close
2024-06-26,AMZN,522.220139959579,1052618.0,Close
2024-06-27,AMZN,509.98576500526934,827282.0,Close
2024-06-28,AMZN,510.8831552995712,681009.0,Close
2024-07-01,AMZN,509.425902816513,954053.0,Close
2024-07-02,AMZN,506.69828281132465,668100.0,Close
2024-07-03,AMZN,508.68340252370064,1252118.0,Close
2024-07-04,AMZN,515.6539681304937,900824.0,Close
2024-07-05,AMZN,522.293430227085,843398.0,Close
2024-07-08,AMZN,527.6333854691773,1060233.0,Close
2024-07-09,AMZN,525.5695188646915,885486.0,Close
2024-07-10,AMZN,520.4580478069746,560441.0,Close
2024-07-11,AMZN,510.9739529231667,686892.0,Close
2024-07-12,AMZN,505.7662940885028,1267510.0,Close
2024-07-15,AMZN,506.13370764568754,920321.0,Close
2024-07-16,AMZN,499.23382439763503,562838.0,Close
2024-07-17,AMZN,500.27610331340213,1001503.0,Close
2024-07-18,AMZN,491.85909463443,795399.0,Close
2024-07-19,AMZN,477.48857308358714,749233.0,Close
2024-07-22,AMZN,484.6391170822225,663722.0,Close
2024-07-23,AMZN,480.7251401395327,1238057.0,Close
2024-07-24,AMZN,473.73699498204314,518228.0,Close
2024-07-25,AMZN,464.68283970025306,736474.0,Close
2024-07-26,AMZN,468.3600527202013,950398.0,Close
2024-07-29,AMZN,480.00930328656955,1545115.0,Close
2024-07-30,AMZN,476.7428298311691,1078954.0,Close
2024-07-31,AMZN,475.0912798975301,701985.0,Close
2024-08-01,AMZN,484.3408816943815,1499597.0,Close
2024-08-02,AMZN,468.9003405727714,653394.0,Close
2024-08-05,AMZN,485.5083734117304,1072731.0,Close
2024-08-06,AMZN,506.83273541201646,1173204.0,Close
2024-08-07,AMZN,482.5852655802464,786159.0,Close
2024-08-08,AMZN,481.9285561038819,1108466.0,Close
2024-08-09,AMZN,475.93684330694526,796186.0,Close
2024-08-12,AMZN,473.8708209884124,1117514.0,Close
2024-08-13,AMZN,470.5168516402907,526637.0,Close
2024-08-14,AMZN,477.4988870955317,1034246.0,Close
2024-08-15,AMZN,476.7209214495744,795224.0,Close
2024-08-16,AMZN,469.1635385999652,1324451.0,Close
2024-08-19,AMZN,467.9008376331892,890896.0,Close
2024-08-20,AMZN,472.368362929975,1339954.0,Close
2024-08-21,AMZN,462.583987562486,1107599.0,Close
2024-08-22,AMZN,449.1904210734053,936755.0,Close
2024-08-23,AMZN,465.3074172654729,1256283.0,Close
2024-08-26,AMZN,460.15671739733114,1174111.0,Close
2024-08-27,AMZN,459.20382509805296,1038099.0,Close
2024-08-28,AMZN,456.12211859273674,459263.0,Close
2024-08-29,AMZN,460.7478214177869,687170.0,Close
2024-08-30,AMZN,475.47392193351754,1486490.0,Close
2024-09-02,AMZN,480.56565645079087,634107.0,Close
2024-09-03,AMZN,467.7462637438858,1260299.0,Close
2024-09-04,AMZN,456.38755476379526,1187536.0,Close
2024-09-05,AMZN,453.3152397626538,734837.0,Close
2024-09-06,AMZN,451.31946066674715,498663.0,Close
2024-09-09,AMZN,437.64320435411145,823626.0,Close
2024-09-10,AMZN,444.19654283248775,1745380.0,Close
2024-09-11,AMZN,435.76653618453287,730529.0,Close
2024-09-12,AMZN,447.5242983013563,762756.0,Close
2024-09-13,AMZN,462.2092230429659,729236.0,Close
2024-09-16,AMZN,460.33881880098016,1304901.0,Close
2024-09-17,AMZN,464.1123626599464,853034.0,Close
2024-09-18,AMZN,454.10022394035025,790225.0,Close
2024-09-19,AMZN,459.3169707035588,1415596.0,Close
2024-09-20,AMZN,455.412912850634,1092701.0,Close
2024-09-23,AMZN,446.762618527443,718389.0,Close
2024-09-24,AMZN,444.62772311158466,629256.0,Close
2024-09-25,AMZN,441.1055350512768,1297660.0,Close
2024-09-26,AMZN,438.7161296534975,914645.0,Close
2024-09-27,AMZN,446.3043152979427,591847.0,Close
2024-09-30,AMZN,440.2278389326942,545923.0,Close
2024-10-01,AMZN,454.00187568595305,700844.0,Close
2024-10-02,AMZN,443.4546855403907,660441.0,Close
2024-10-03,AMZN,456.38480465554994,527112.0,Close
2024-10-04,AMZN,448.291125777533,678147.0,Close
2024-10-07,AMZN,448.4517487812202,680433.0,Close
2024-10-08,AMZN,444.7039314066636,798982.0,Close
2024-10-09,AMZN,442.14790826558146,1513756.0,Close
2024-10-10,AMZN,448.6270337452089,862944.0,Close
2024-10-11,AMZN,460.7839511634697,920821.0,Close
2024-10-14,AMZN,470.731061038258,1110880.0,Close
2024-10-15,AMZN,467.5127770046661,851064.0,Close
2024-10-16,AMZN,469.2234717295386,1020802.0,Close
2024-10-17,AMZN,462.8619490600845,1013770.0,Close
2024-10-18,AMZN,454.85923979657343,977233.0,Close
2024-10-21,AMZN,445.7407941119949,2177040.0,Close
2024-10-22,AMZN,442.4335394969449,1203191.0,Close
2024-10-23,AMZN,444.5675986504307,656702.0,Close
2024-10-24,AMZN,429.5920977878418,1101818.0,Close
2024-10-25,AMZN,429.3989923591905,707124.0,Close
2024-10-28,AMZN,441.158790990594,1107892.0,Close
2024-10-29,AMZN,450.1429480832032,628996.0,Close
2024-10-30,AMZN,445.6191952524875,661658.0,Close
2024-10-31,AMZN,434.6965950157698,1065828.0,Close
2024-11-01,AMZN,438.4214794621209,1239004.0,Close
2024-11-04,AMZN,420.4847110241659,1169045.0,Close
2024-11-05,AMZN,428.959764336906,1226996.0,Close
2024-11-06,AMZN,427.4888473289069,1012077.0,Close
2024-11-07,AMZN,441.5975842081885,1036432.0,Close
2024-11-08,AMZN,428.17647774069354,840106.0,Close
2024-11-11,AMZN,435.3418076288661,1200225.0,Close
2024-11-12,AMZN,434.7260754528103,1223019.0,Close
2024-11-13,AMZN,432.3255980772192,893258.0,Close
2024-11-14,AMZN,421.937033367792,926960.0,Close
2024-11-15,AMZN,426.574335820048,1491059.0,Close
2024-11-18,AMZN,431.8735703068295,923198.0,Close
2024-11-19,AMZN,445.7717457674821,1004503.0,Close
2024-11-20,AMZN,453.94555112863185,1092471.0,Close
2024-11-21,AMZN,449.3131294268723,896227.0,Close
2024-11-22,AMZN,441.4461120112708,736914.0,Close
2024-11-25,AMZN,430.8490197561677,1075253.0,Close
2024-11-26,AMZN,442.3199811194867,955845.0,Close
2024-11-27,AMZN,436.3539666231343,1619256.0,Close
2024-11-28,AMZN,448.0259552739638,1225500.0,Close
2024-11-29,AMZN,452.3858348168889,770863.0,Close
2024-12-02,AMZN,455.21508961399104,1135339.0,Close
2024-12-03,AMZN,452.89760191761786,997146.0,Close
2024-12-04,AMZN,458.3990605138332,1374715.0,Close
2024-12-05,AMZN,458.4452294386885,765360.0,Close
2024-12-06,AMZN,455.602069681923,965279.0,Close
2024-12-09,AMZN,461.42317755372176,902588.0,Close
2024-12-10,AMZN,460.413247156725,917331.0,Close
2024-12-11,AMZN,454.0378148025899,715171.0,Close
2024-12-12,AMZN,459.0609166551198,1099713.0,Close
2024-12-13,AMZN,458.7103553050751,1017453.0,Close
2024-12-16,AMZN,462.87866943303686,1352680.0,Close
2024-12-17,AMZN,459.30994388519,913459.0,Close
2024-12-18,AMZN,449.5881975725553,841673.0,Close
2024-12-19,AMZN,463.65551344356334,1241268.0,Close
2024-12-20,AMZN,476.6061483283281,764779.0,Close
2024-12-23,AMZN,484.2901483167945,1299987.0,Close
2024-12-24,AMZN,481.1262398829863,1263502.0,Close
2024-12-25,AMZN,478.7329887049372,1325276.0,Close
2024-12-26,AMZN,490.70352491023374,1077825.0,Close
2024-12-27,AMZN,487.7947975715576,787653.0,Close
2024-12-30,AMZN,482.48095849306134,955557.0,Close
2024-12-31,AMZN,498.7565186298049,1105221.0,Close
2025-01-01,AMZN,498.5205581670119,758055.0,Close
2025-01-02,AMZN,514.4151586476565,1463613.0,Close
2025-01-03,AMZN,501.7923744249269,1144172.0,Close
2025-01-06,AMZN,506.6138991369844,704953.0,Close
2025-01-07,AMZN,525.4983579806926,1751534.0,Close
2025-01-08,AMZN,525.9746737452517,924555.0,Close
2025-01-09,AMZN,523.6986294549026,653307.0,Close
2025-01-10,AMZN,513.00002990247,740841.0,Close
2025-01-13,AMZN,523.0855802892432,1481812.0,Close
2025-01-14,AMZN,516.1051860208586,1610225.0,Close
2025-01-15,AMZN,515.427640142288,1217015.0,Close
2025-01-16,AMZN,504.28503091055455,1416594.0,Close
2025-01-17,AMZN,518.46290314221,1398759.0,Close
2025-01-20,AMZN,529.325941017572,1124862.0,Close
2025-01-21,AMZN,529.2272866107011,988958.0,Close
2025-01-22,AMZN,518.5440049124071,1116703.0,Close
2025-01-23,AMZN,532.9288686863231,1209697.0,Close
2025-01-24,AMZN,529.6549387509932,730086.0,Close
2025-01-27,AMZN,519.4248904877235,1180030.0,Close
2025-01-28,AMZN,503.3131301169565,1516169.0,Close
2025-01-29,AMZN,497.70999736803975,869849.0,Close
2025-01-30,AMZN,484.9983654257445,877637.0,Close
2025-01-31,AMZN,479.7991112506894,1066351.0,Close
2025-02-03,AMZN,486.3431522971805,767075.0,Close
2025-02-04,AMZN,483.27336787779103,614675.0,Close
2025-02-05,AMZN,486.5178582783715,1289019.0,Close
2025-02-06,AMZN,480.4310554852675,811545.0,Close
2025-02-07,AMZN,481.1696889263926,904621.0,Close
2025-02-10,AMZN,497.8182196086921,823120.0,Close
2025-02-11,AMZN,494.9147163812274,1336424.0,Close
2025-02-12,AMZN,498.4907465375712,1181781.0,Close
2025-02-13,AMZN,484.774326788511,901874.0,Close
2025-02-14,AMZN,498.08591770376927,680325.0,Close
2025-02-17,AMZN,494.03856657884006,826654.0,Close
2025-02-18,AMZN,503.47134778532575,1123411.0,Close
2025-02-19,AMZN,502.5558901421754,952805.0,Close
2025-02-20,AMZN,508.2209864822228,956583.0,Close
2025-02-21,AMZN,514.4880933522261,989516.0,Close
2025-02-24,AMZN,510.5344786991592,1150338.0,Close
2025-02-25,AMZN,520.6585445181413,936932.0,Close
2025-02-26,AMZN,513.8139063016722,1065356.0,Close
2025-02-27,AMZN,521.1287843829593,694454.0,Close
2025-02-28,AMZN,517.7019727995905,1964653.0,Close
2025-03-03,AMZN,521.121011026989,838690.0,Close
2025-03-04,AMZN,517.0277330135361,974329.0,Close
2025-03-05,AMZN,517.6826783888632,1065408.0,Close
2025-03-06,AMZN,507.9652825075048,836250.0,Close
2025-03-07,AMZN,510.3968905992032,910493.0,Close
2025-03-10,AMZN,510.9908019164083,897459.0,Close
2025-03-11,AMZN,506.2655144133934,699617.0,Close
2025-03-12,AMZN,505.95970270056137,1023279.0,Close
2025-03-13,AMZN,507.3580976799448,550524.0,Close
2025-03-14,AMZN,501.977572310268,1563234.0,Close
2025-03-17,AMZN,501.01494147193387,1142539.0,Close
2025-03-18,AMZN,492.2275979556937,1141840.0,Close
2025-03-19,AMZN,512.984420236901,599148.0,Close
2025-03-20,AMZN,522.8574021137996,746768.0,Close
2025-03-21,AMZN,525.5981891979941,1379929.0,Close
2025-03-24,AMZN,536.7720534946029,3309590.0,Close
2025-03-25,AMZN,518.0456647602208,1415625.0,Close
2025-03-26,AMZN,494.6338327703052,1387980.0,Close
2025-03-27,AMZN,491.3011755846432,1069433.0,Close
2025-03-28,AMZN,479.41912315727734,744843.0,Close
2025-03-31,AMZN,477.5785686822354,1220949.0,Close
2025-04-01,AMZN,479.5081956957431,651362.0,Close
2025-04-02,AMZN,487.5519157298931,654128.0,Close
2025-04-03,AMZN,477.847900966361,647628.0,Close
2025-04-04,AMZN,481.4300311820297,1227012.0,Close
2025-04-07,AMZN,481.7346450622371,881877.0,Close
2025-04-08,AMZN,484.89856259070314,941194.0,Close
2025-04-09,AMZN,480.5906388297405,915127.0,Close
2025-04-10,AMZN,492.6145407114413,686797.0,Close
2025-04-11,AMZN,491.89147561234626,735503.0,Close
2025-04-14,AMZN,507.6251697174413,814750.0,Close
2025-04-15,AMZN,500.6678502968419,611608.0,Close
2025-04-16,AMZN,507.4824164426112,801222.0,Close
2025-04-17,AMZN,507.13391211533377,648749.0,Close
2025-04-18,AMZN,504.3635020081055,1082403.0,Close
2025-04-21,AMZN,510.23530831928446,1130032.0,Close
2025-04-22,AMZN,507.707664972132,616489.0,Close
2025-04-23,AMZN,483.8197099023079,934890.0,Close
2025-04-24,AMZN,457.5999219895999,1816814.0,Close
2025-04-25,AMZN,468.14599382633486,713373.0,Close
2025-04-28,AMZN,478.58343940877273,1085847.0,Close
2025-04-29,AMZN,494.8563308104177,1018585.0,Close
2025-04-30,AMZN,494.88803156568247,1243193.0,Close
2025-05-01,AMZN,483.6768862596892,1045000.0,Close
2025-05-02,AMZN,480.24318105507024,803571.0,Close
2025-05-05,AMZN,480.5216731421428,915204.0,Close
2025-05-06,AMZN,472.0810383897772,965983.0,Close
2025-05-07,AMZN,486.12460886911134,948950.0,Close
2025-05-08,AMZN,505.70400858442287,675677.0,Close
2025-05-09,AMZN,510.20358650106823,1334951.0,Close
2025-05-12,AMZN,510.2968510829655,1233805.0,Close
2025-05-13,AMZN,498.7154323958537,699238.0,Close
2025-05-14,AMZN,512.6437692166649,886802.0,Close
2025-05-15,AMZN,513.533654648905,841384.0,Close
2025-05-16,AMZN,511.08124861424074,642039.0,Close
2025-05-19,AMZN,515.6550176311771,525229.0,Close
2025-05-20,AMZN,510.4680494506799,754407.0,Close
2025-05-21,AMZN,511.99596077194474,811917.0,Close
2025-05-22,AMZN,499.0304881018165,625301.0,Close
2025-05-23,AMZN,508.88357816194855,1000264.0,Close
2025-05-26,AMZN,508.1284516136276,1274971.0,Close
2025-05-27,AMZN,518.8104058038031,1225584.0,Close
2025-05-28,AMZN,517.1464801395964,870397.0,Close
2025-05-29,AMZN,516.0861994862115,518732.0,Close
2025-05-30,AMZN,505.13334001966945,1180643.0,Close
2025-06-02,AMZN,512.16104767204,974757.0,Close
2025-06-03,AMZN,504.3618242302673,1063538.0,Close
2025-06-04,AMZN,500.1806638552188,1640534.0,Close
2025-06-05,AMZN,500.37824029264334,700028.0,Close
2025-06-06,AMZN,501.6472726637093,380891.0,Close
2025-06-09,AMZN,486.5876410868638,711644.0,Close
2025-06-10,AMZN,484.7698446859653,1047685.0,Close
2025-06-11,AMZN,491.8206229065313,942152.0,Close
2025-06-12,AMZN,488.69052165873495,633717.0,Close
2025-06-13,AMZN,486.9177551669887,591279.0,Close
2025-06-16,AMZN,488.5099099151663,813023.0,Close
2025-06-17,AMZN,487.5974594745204,619640.0,Close
2025-06-18,AMZN,478.8285805996565,1103361.0,Close
2025-06-19,AMZN,478.6987181913812,792161.0,Close
2025-06-20,AMZN,487.35707538921537,782180.0,Close
2025-06-23,AMZN,478.41312474203016,752567.0,Close
2025-06-24,AMZN,475.4012214929023,987353.0,Close
2025-06-25,AMZN,463.87772829770734,972975.0,Close
2025-06-26,AMZN,471.83253765664546,1000378.0,Close
2025-06-27,AMZN,471.233711846606,948820.0,Close
2025-06-30,AMZN,464.2730022773911,915144.0,Close
2025-07-01,AMZN,465.21092890552154,660821.0,Close
2025-07-02,AMZN,455.4100436702347,764752.0,Close
2025-07-03,AMZN,447.195838979285,838551.0,Close
2025-07-04,AMZN,435.73056616403613,1791913.0,Close
2025-07-07,AMZN,427.6129309081818,630878.0,Close
2025-07-08,AMZN,438.1148423860252,847912.0,Close
2025-07-09,AMZN,432.5572392878462,957389.0,Close
2025-07-10,AMZN,436.3130744540196,838903.0,Close
2025-07-11,AMZN,429.976225139126,1289770.0,Close
2025-07-14,AMZN,435.95659339771834,850402.0,Close
2025-07-15,AMZN,428.15085206387727,879487.0,Close
2025-07-16,AMZN,428.6112247561558,1147096.0,Close
2025-07-17,AMZN,429.1761255325452,1547723.0,Close
2025-07-18,AMZN,447.13703760385414,1537481.0,Close
2025-07-21,AMZN,452.3275557235051,889461.0,Close
2025-07-22,AMZN,447.7196342436219,909258.0,Close
2025-07-23,AMZN,453.3526378305162,942415.0,Close
2025-07-24,AMZN,470.7936506456904,1043886.0,Close
2025-07-25,AMZN,457.30160225592385,754197.0,Close
2025-07-28,AMZN,450.6095665757334,1238088.0,Close
2025-07-29,AMZN,448.8772713216168,963748.0,Close
2025-07-30,AMZN,445.7105730684591,902227.0,Close
2025-07-31,AMZN,443.2358926273432,621761.0,Close
2025-08-01,AMZN,433.1032855875039,974962.0,Close
2025-08-04,AMZN,444.0997632877033,546112.0,Close
2025-08-05,AMZN,433.010777117259,808452.0,Close
2025-08-06,AMZN,431.6291510656547,763549.0,Close
2025-08-07,AMZN,439.834169180039,1031676.0,Close
2025-08-08,AMZN,439.7631640143805,1574699.0,Close
2025-08-11,AMZN,432.2550680761725,1117560.0,Close
2025-08-12,AMZN,422.0312174251176,1480971.0,Close
2025-08-13,AMZN,420.46065666682995,1098879.0,Close
2025-08-14,AMZN,414.94787904571535,1304371.0,Close
2025-08-15,AMZN,416.6213045339933,1582157.0,Close
2025-08-18,AMZN,406.37549034341345,772021.0,Close
2025-08-19,AMZN,412.41497035966233,736470.0,Close
2025-08-20,AMZN,413.4192187467963,1102463.0,Close
2025-08-21,AMZN,414.9730867619297,904597.0,Close
2025-08-22,AMZN,425.78368683794815,1031466.0,Close
2025-08-25,AMZN,422.6228220573108,849635.0,Close
2025-08-26,AMZN,417.3167182533632,777028.0,Close
2025-08-27,AMZN,413.40108160998176,1497226.0,Close
2025-08-28,AMZN,412.13863705081934,649720.0,Close
2025-08-29,AMZN,411.62580261592217,1104363.0,Close
2025-09-01,AMZN,405.6885980398544,1093359.0,Close
2025-09-02,AMZN,391.2185016777296,617286.0,Close
2025-09-03,AMZN,387.45597705763856,718086.0,Close
2025-09-04,AMZN,390.0857161799558,748993.0,Close
2025-09-05,AMZN,391.1795172939465,1069698.0,Close
2025-09-08,AMZN,399.6869836396922,854464.0,Close
2025-09-09,AMZN,413.7624886742139,965007.0,Close
2025-09-10,AMZN,419.51587235037834,602419.0,Close
2025-09-11,AMZN,430.0071511070372,1934293.0,Close
2025-09-12,AMZN,436.0434210063416,953356.0,Close
2025-09-15,AMZN,449.4913531414161,1136342.0,Close
2025-09-16,AMZN,464.4828455325039,837611.0,Close
2025-09-17,AMZN,472.5289924790307,774529.0,Close
2025-09-18,AMZN,478.65371951008103,1651325.0,Close
2025-09-19,AMZN,477.083653723339,508851.0,Close
2025-09-22,AMZN,476.9118398612451,974626.0,Close
2025-09-23,AMZN,474.2207536312793,633155.0,Close
2025-09-24,AMZN,479.6481606269699,820274.0,Close
2025-09-25,AMZN,473.6728269714528,767120.0,Close
2025-09-26,AMZN,472.2383112101696,672250.0,Close
2025-09-29,AMZN,452.6004785597295,1017981.0,Close
2025-09-30,AMZN,466.6654099812754,453096.0,Close
2025-10-01,AMZN,465.0079370912117,823310.0,Close
2025-10-02,AMZN,468.9573478715779,893774.0,Close
2025-10-03,AMZN,481.31392415525386,642698.0,Close
2025-10-06,AMZN,484.07018633772645,1434224.0,Close
2025-10-07,AMZN,496.7090330433212,807913.0,Close
2025-10-08,AMZN,485.907054328658,888324.0,Close
2025-10-09,AMZN,506.8444317953164,846647.0,Close
2025-10-10,AMZN,516.8520117721737,925613.0,Close
2025-10-13,AMZN,518.9729727264195,1342192.0,Close
2025-10-14,AMZN,532.3449908934906,2025845.0,Close
2025-10-15,AMZN,521.4613809340638,1188680.0,Close
2025-10-16,AMZN,518.9762210225989,1258876.0,Close
2025-10-17,AMZN,532.5255852700332,1616011.0,Close
2025-10-20,AMZN,515.0117960931356,1060119.0,Close
2025-10-21,AMZN,520.348225172898,1478920.0,Close
2025-10-22,AMZN,525.4777559905048,1169399.0,Close
2025-10-23,AMZN,544.1117788412214,1034499.0,Close
2025-10-24,AMZN,528.9711034745992,1077781.0,Close
2025-10-27,AMZN,544.3400304544331,563702.0,Close
2025-10-28,AMZN,539.1190096349422,1005645.0,Close
2025-10-29,AMZN,535.0282820489352,576378.0,Close
2025-10-30,AMZN,523.5810767457942,585233.0,Close
2025-10-31,AMZN,513.6302161880197,1002943.0,Close
2025-11-03,AMZN,517.5161972895874,655632.0,Close
2025-11-04,AMZN,507.4548893550217,945707.0,Close
2025-11-05,AMZN,514.3388420388435,971461.0,Close
2025-11-06,AMZN,508.4571737883809,978505.0,Close
2025-11-07,AMZN,497.6597349533447,726257.0,Close
2025-11-10,AMZN,493.16717638214135,1204364.0,Close
2025-11-11,AMZN,496.3112669666278,888518.0,Close
2025-11-12,AMZN,494.0455477689804,1036189.0,Close
2025-11-13,AMZN,494.5326066426734,627285.0,Close
2025-11-14,AMZN,500.852905491666,881395.0,Close
2025-11-17,AMZN,510.7003437014842,1318010.0,Close
2025-11-18,AMZN,508.07101995300286,1216534.0,Close
2025-11-19,AMZN,498.8098755116615,743548.0,Close
2025-11-20,AMZN,499.67386002967646,764250.0,Close
2025-11-21,AMZN,504.0518481707768,683153.0,Close
2025-11-24,AMZN,491.12357819781346,792019.0,Close
2025-11-25,AMZN,483.51549009826795,615901.0,Close
2025-11-26,AMZN,477.5019809719354,891191.0,Close
2025-11-27,AMZN,475.91365871228874,1093623.0,Close
2025-11-28,AMZN,469.6398679410637,735573.0,Close
2025-12-01,AMZN,475.7326746167271,905403.0,Close
2025-12-02,AMZN,462.30676728782686,909142.0,Close
2025-12-03,AMZN,449.4690913077513,1331330.0,Close
2025-12-04,AMZN,446.9644768345762,757847.0,Close
2025-12-05,AMZN,445.73390808793425,759789.0,Close
2025-12-08,AMZN,434.349712186485,747998.0,Close
2025-12-09,AMZN,429.8177938085546,656517.0,Close
2025-12-10,AMZN,426.9084204214774,1070883.0,Close
2025-12-11,AMZN,424.0776554231338,877032.0,Close
2025-12-12,AMZN,425.3848123001856,918762.0,Close
2025-12-15,AMZN,420.53088172579874,1357543.0,Close
2025-12-16,AMZN,431.76168668981336,1442417.0,Close
2025-12-17,AMZN,435.67969142655545,561364.0,Close
2025-12-18,AMZN,429.57860626197464,1133293.0,Close
2025-12-19,AMZN,430.4636322591027,964139.0,Close
2025-12-22,AMZN,431.5767571939956,785743.0,Close
2025-12-23,AMZN,441.0794145212482,1053265.0,Close
2025-12-24,AMZN,436.52731023724687,550021.0,Close
2025-12-25,AMZN,442.6594971512978,1447296.0,Close
2025-12-26,AMZN,443.1561850536892,1048613.0,Close
2025-12-29,AMZN,455.0996340845419,746631.0,Close
2025-12-30,AMZN,465.7378374844181,803947.0,Close
2025-12-31,AMZN,467.5476197043717,543498.0,Close
2026-01-01,AMZN,465.5387494596771,825509.0,Close
2026-01-02,AMZN,469.9158881523342,796619.0,Close
2026-01-05,AMZN,468.58196666208454,606877.0,Close
2026-01-06,AMZN,482.786363806436,1233278.0,Close
2026-01-07,AMZN,483.6430280222775,1320451.0,Close
2026-01-08,AMZN,480.32969230952,906432.0,Close
2026-01-09,AMZN,476.5771698642208,836187.0,Close
2026-01-12,AMZN,466.45670979596906,1085326.0,Close
2026-01-13,AMZN,471.2576224473646,917725.0,Close
2026-01-14,AMZN,464.5500269329745,674883.0,Close
2026-01-15,AMZN,473.8138674486169,780301.0,Close
2026-01-16,AMZN,463.0775995638375,874993.0,Close
2026-01-19,AMZN,464.30167709461585,972368.0,Close
2026-01-20,AMZN,473.9913462596044,954232.0,Close
2026-01-21,AMZN,455.9942726329592,1062484.0,Close
2026-01-22,AMZN,472.56274436155354,628536.0,Close
2026-01-23,AMZN,469.1599382345012,1116906.0,Close
2026-01-26,AMZN,470.51589576319583,904189.0,Close
2026-01-27,AMZN,475.48340981594595,1986987.0,Close
2026-01-28,AMZN,481.8137328983629,829027.0,Close
2026-01-29,AMZN,484.3461516513199,1002310.0,Close
2026-01-30,AMZN,493.13523094566943,2206482.0,Close
2026-02-02,AMZN,497.8813554488963,976595.0,Close
2026-02-03,AMZN,513.6886550554664,961093.0,Close
2026-02-04,AMZN,518.6624006542393,685355.0,Close
2026-02-05,AMZN,537.012325629927,1566713.0,Close
2026-02-06,AMZN,545.8356762387031,663656.0,Close
2026-02-09,AMZN,528.4803763237594,1115017.0,Close
2026-02-10,AMZN,553.2645837854805,886205.0,Close
2026-02-11,AMZN,547.8113528997653,871068.0,Close
2026-02-12,AMZN,562.6141715255413,631531.0,Close
2026-02-13,AMZN,563.0944858694658,1343289.0,Close
2026-02-16,AMZN,573.9516740721197,871550.0,Close
2026-02-17,AMZN,567.1274194784974,644130.0,Close
2026-02-18,AMZN,573.6635312165911,1349080.0,Close
2026-02-19,AMZN,571.2916494529738,779355.0,Close
2026-02-20,AMZN,587.5784292242471,1074732.0,Close
2026-02-23,AMZN,592.3918092728333,1180961.0,Close
2026-02-24,AMZN,602.4930345062552,1085157.0,Close
2026-02-25,AMZN,579.4898691469934,516374.0,Close
2026-02-26,AMZN,578.8244672695155,1107019.0,Close
2026-02-27,AMZN,583.2761801577119,888919.0,Close
2026-03-02,AMZN,585.8194933558395,821940.0,Close
2026-03-03,AMZN,596.0718213076381,912172.0,Close
2026-03-04,AMZN,592.4102785471867,562635.0,Close
2026-03-05,AMZN,593.1481666828493,952187.0,Close
2026-03-06,AMZN,605.8544116499905,632922.0,Close
2026-03-09,AMZN,581.4857606671576,921084.0,Close
2026-03-10,AMZN,587.8103072665356,969100.0,Close
2026-03-11,AMZN,584.5348441234196,1256606.0,Close
2026-03-12,AMZN,575.2536101216597,733649.0,Close
2026-03-13,AMZN,578.9193564042209,1410632.0,Close
2026-03-16,AMZN,591.7975710368032,1269070.0,Close
2026-03-17,AMZN,602.9767935956518,831873.0,Close
2026-03-18,AMZN,601.7522132874057,646019.0,Close
2026-03-19,AMZN,611.3676182568242,608537.0,Close
2026-03-20,AMZN,621.0530894475519,1017738.0,Close
2026-03-23,AMZN,620.3200609970281,720344.0,Close
2026-03-24,AMZN,612.8936316844781,1329387.0,Close
2026-03-25,AMZN,606.1877738250093,754322.0,Close
2026-03-26,AMZN,615.4648624569659,714846.0,Close
2026-03-27,AMZN,615.2343359844402,961593.0,Close
2026-03-30,AMZN,603.9983267019787,768858.0,Close
2026-03-31,AMZN,586.0945830324999,977636.0,Close
2026-04-01,AMZN,595.0012841229957,1258604.0,Close
2026-04-02,AMZN,589.4288968616403,953612.0,Close
2026-04-03,AMZN,593.12032114389,946038.0,Close
2026-04-06,AMZN,606.4439492152065,1016521.0,Close
2026-04-07,AMZN,592.5296216052994,575948.0,Close
2026-04-08,AMZN,592.2761148148353,1008495.0,Close
2026-04-09,AMZN,590.697803815925,947022.0,Close
2026-04-10,AMZN,594.9165970685194,1195655.0,Close
2026-04-13,AMZN,608.2747791222098,1146321.0,Close
2026-04-14,AMZN,594.095982964644,901796.0,Close
2026-04-15,AMZN,600.3507266372106,1259152.0,Close
2026-04-16,AMZN,611.610015355511,866384.0,Close
2026-04-17,AMZN,609.8092898975987,972939.0,Close
2026-04-20,AMZN,608.545475781502,820762.0,Close
2026-04-21,AMZN,613.3114001290032,1052718.0,Close
2026-04-22,AMZN,617.3100639819326,815502.0,Close
2026-04-23,AMZN,623.947289580321,1515335.0,Close
2026-04-24,AMZN,630.4216283687747,1691285.0,Close
2026-04-27,AMZN,619.6294545920143,1223711.0,Close
2026-04-28,AMZN,630.79484101943,1498795.0,Close
2026-04-29,AMZN,644.1452165017454,600147.0,Close
2026-04-30,AMZN,646.5232091957579,591097.0,Close
2026-05-01,AMZN,629.5556620339639,877168.0,Close
2026-05-04,AMZN,628.5055528691382,911180.0,Close
2026-05-05,AMZN,630.9190075305661,853522.0,Close
2026-05-06,AMZN,618.290253998175,580015.0,Close
2026-05-07,AMZN,614.555747115057,1287961.0,Close
2026-05-08,AMZN,599.3555053768509,1835766.0,Close
2026-05-11,AMZN,606.0660022087516,1359284.0,Close
2026-05-12,AMZN,608.0860804088393,1252613.0,Close
2026-05-13,AMZN,590.4845556915691,1041574.0,Close
2026-05-14,AMZN,594.4043304414926,709244.0,Close
2026-05-15,AMZN,594.029594212757,916927.0,Close
2026-05-18,AMZN,599.7186507170105,1732608.0,Close
2026-05-19,AMZN,595.7608716199722,821711.0,Close
2026-05-20,AMZN,587.477875984323,813834.0,Close
2026-05-21,AMZN,579.6306891032673,1298365.0,Close
2026-05-22,AMZN,574.2911495995542,1308644.0,Close
2026-05-25,AMZN,574.6999017098489,695856.0,Close
2026-05-26,AMZN,576.431161083543,835417.0,Close
2026-05-27,AMZN,574.6894098556384,777305.0,Close
2026-05-28,AMZN,570.571341359228,934074.0,Close
2026-05-29,AMZN,567.2138537205793,1269001.0,Close
2026-06-01,AMZN,592.7698356964794,798672.0,Close
2026-06-02,AMZN,584.853223690156,1291505.0,Close
2026-06-03,AMZN,579.25923870139,949719.0,Close
2026-06-04,AMZN,613.4710859099123,2118287.0,Close
2026-06-05,AMZN,618.303609575867,1008668.0,Close
2026-06-08,AMZN,603.3344160366046,933012.0,Close
2026-06-09,AMZN,612.6197975816025,1113129.0,Close
2026-06-10,AMZN,602.9175084740449,847808.0,Close
2026-06-11,AMZN,612.9094594161851,548572.0,Close
2026-06-12,AMZN,610.8364396353392,841612.0,Close
2026-06-15,AMZN,606.2800400670269,847782.0,Close
2026-06-16,AMZN,623.8900956072173,603794.0,Close
2026-06-17,AMZN,630.420761733687,903602.0,Close
2026-06-18,AMZN,641.5865473587332,507257.0,Close
2026-06-19,AMZN,646.7995078043906,826464.0,Close
2026-06-22,AMZN,641.92127966019,985188.0,Close
2026-06-23,AMZN,649.1548094293058,953106.0,Close
2026-06-24,AMZN,663.3845197015405,843659.0,Close
2026-06-25,AMZN,665.2266829009897,880084.0,Close
2026-06-26,AMZN,686.8301568840287,776757.0,Close
2026-06-29,AMZN,697.4959948589445,940263.0,Close
2026-06-30,AMZN,700.3927965616114,922593.0,Close
2026-07-01,AMZN,703.7945820291668,693513.0,Close
2026-07-02,AMZN,705.780297044497,978596.0,Close
2026-07-03,AMZN,690.312155148248,1032248.0,Close
2026-07-06,AMZN,689.4641617035645,855080.0,Close
2026-07-07,AMZN,692.4406658334864,1875373.0,Close
2026-07-08,AMZN,687.5680740577482,876608.0,Close
2026-07-09,AMZN,691.9634098774649,839332.0,Close
2026-07-10,AMZN,692.4865191938064,790707.0,Close
2026-07-13,AMZN,702.2927176606017,697640.0,Close
2026-07-14,AMZN,710.8541637185408,1140325.0,Close
2026-07-15,AMZN,713.2386835342412,736212.0,Close
2026-07-16,AMZN,696.1333477891001,809545.0,Close
2026-07-17,AMZN,718.6050912051519,835761.0,Close
2026-07-20,AMZN,717.0589037849397,670706.0,Close
2026-07-21,AMZN,716.2954064973069,531256.0,Close
2026-07-22,AMZN,712.1937721449232,792768.0,Close
2026-07-23,AMZN,706.264442927069,1192790.0,Close
2026-07-24,AMZN,725.9594011205703,1029488.0,Close
2026-07-27,AMZN,744.1598140079872,1537743.0,Close
2026-07-28,AMZN,750.3317992437012,1149686.0,Close
2026-07-29,AMZN,749.1770942276777,1052765.0,Close
2026-07-30,AMZN,757.7228687622747,1629165.0,Close
2026-07-31,AMZN,759.0042981859559,874189.0,Close
2026-08-03,AMZN,756.7176020950532,920853.0,Close
2026-08-04,AMZN,761.5607644957731,909558.0,Close
2026-08-05,AMZN,755.8615913813226,1454938.0,Close
2026-08-06,AMZN,759.543260609048,909269.0,Close
2026-08-07,AMZN,762.5927200282114,746107.0,Close
2026-08-10,AMZN,771.0716647318483,1103778.0,Close
2026-08-11,AMZN,762.8562709459532,723402.0,Close
2026-08-12,AMZN,772.7951533799891,1091996.0,Close
2026-08-13,AMZN,760.6074279258094,1061842.0,Close
2026-08-14,AMZN,753.1346173390176,870970.0,Close
2026-08-17,AMZN,746.320818889348,1089968.0,Close
2026-08-18,AMZN,732.3467971257169,605281.0,Close
2026-08-19,AMZN,745.874649851588,992477.0,Close
2026-08-20,AMZN,733.2777285920372,818911.0,Close
2026-08-21,AMZN,724.4227364388936,2189977.0,Close
2022-01-03,GOOGL,144.72505729946167,933578.0,Close
2022-01-04,GOOGL,145.96083268413548,622688.0,Close
2022-01-05,GOOGL,149.0532833595303,922064.0,Close
2022-01-06,GOOGL,149.28855011479538,1136960.0,Close
2022-01-07,GOOGL,147.061671384336,1124620.0,Close
2022-01-10,GOOGL,146.73623529545242,609056.0,Close
2022-01-11,GOOGL,148.9008280065718,325947.0,Close
2022-01-12,GOOGL,143.95216511941146,989542.0,Close
2022-01-13,GOOGL,139.1836748862373,673351.0,Close
2022-01-14,GOOGL,141.66934103840362,1014828.0,Close
2022-01-17,GOOGL,145.81001335579086,1155994.0,Close
2022-01-18,GOOGL,142.3999861041696,1194501.0,Close
2022-01-19,GOOGL,142.7432273335492,1358604.0,Close
2022-01-20,GOOGL,141.73908049786772,1182489.0,Close
2022-01-21,GOOGL,141.1133984155786,1368685.0,Close
2022-01-24,GOOGL,142.00018174883706,1231490.0,Close
2022-01-25,GOOGL,138.60503247586152,1329719.0,Close
2022-01-26,GOOGL,135.77714227856848,837760.0,Close
2022-01-27,GOOGL,135.07410543523852,551257.0,Close
2022-01-28,GOOGL,134.77243130246904,1694163.0,Close
2022-01-31,GOOGL,131.97503284265778,865129.0,Close
2022-02-01,GOOGL,134.0112903162933,1208875.0,Close
2022-02-02,GOOGL,133.02296303145872,692554.0,Close
2022-02-03,GOOGL,132.03122858198589,1091034.0,Close
2022-02-04,GOOGL,132.80389318902982,390528.0,Close
2022-02-07,GOOGL,132.54860015522954,710666.0,Close
2022-02-08,GOOGL,134.71346336850866,813948.0,Close
2022-02-09,GOOGL,132.4072314368233,965312.0,Close
2022-02-10,GOOGL,128.98003225784112,1187941.0,Close
2022-02-11,GOOGL,128.2913917418379,584778.0,Close
2022-02-14,GOOGL,128.5031483962798,978984.0,Close
2022-02-15,GOOGL,125.55720896512302,1234102.0,Close
2022-02-16,GOOGL,122.33016153058864,1739993.0,Close
2022-02-17,GOOGL,122.81413934741228,999617.0,Close
2022-02-18,GOOGL,121.11909863302796,725096.0,Close
2022-02-21,GOOGL,117.85795658455284,589771.0,Close
2022-02-22,GOOGL,120.06755148790457,1461276.0,Close
2022-02-23,GOOGL,118.6961625616473,1031201.0,Close
2022-02-24,GOOGL,121.33508410175918,846881.0,Close
2022-02-25,GOOGL,121.46255218738662,493136.0,Close
2022-02-28,GOOGL,122.20113008220528,615422.0,Close
2022-03-01,GOOGL,121.77556749944462,975914.0,Close
2022-03-02,GOOGL,115.73025698884128,1021028.0,Close
2022-03-03,GOOGL,113.30442777612204,473746.0,Close
2022-03-04,GOOGL,113.0934656293736,971595.0,Close
2022-03-07,GOOGL,113.9306328828478,510310.0,Close
2022-03-08,GOOGL,110.13742047831148,1319477.0,Close
2022-03-09,GOOGL,110.08237419170564,852054.0,Close
2022-03-10,GOOGL,107.80512916825153,738609.0,Close
2022-03-11,GOOGL,108.33819208947529,1091553.0,Close
2022-03-14,GOOGL,108.35403720564182,888979.0,Close
2022-03-15,GOOGL,109.93139200241755,1241169.0,Close
2022-03-16,GOOGL,112.2031162883666,869464.0,Close
2022-03-17,GOOGL,113.2334791448348,856117.0,Close
2022-03-18,GOOGL,115.13189453084053,770533.0,Close
2022-03-21,GOOGL,114.42899085272406,880619.0,Close
2022-03-22,GOOGL,120.58998255634894,1544883.0,Close
2022-03-23,GOOGL,117.8754234427504,733704.0,Close
2022-03-24,GOOGL,116.76073147438672,998193.0,Close
2022-03-25,GOOGL,118.80863538760912,645957.0,Close
2022-03-28,GOOGL,120.55887375764073,448905.0,Close
2022-03-29,GOOGL,121.7306422981847,875298.0,Close
2022-03-30,GOOGL,123.34594049593754,928660.0,Close
2022-03-31,GOOGL,118.55450838054956,863334.0,Close
2022-04-01,GOOGL,122.17450505989694,556929.0,Close
2022-04-04,GOOGL,121.76659525804207,884340.0,Close
2022-04-05,GOOGL,124.69478577319904,928099.0,Close
2022-04-06,GOOGL,119.9688028219091,681734.0,Close
2022-04-07,GOOGL,120.61175066671512,541037.0,Close
2022-04-08,GOOGL,119.38973966901284,763422.0,Close
2022-04-11,GOOGL,120.74123573295836,1005118.0,Close
2022-04-12,GOOGL,121.5263156007206,923250.0,Close
2022-04-13,GOOGL,122.42893363957364,627266.0,Close
2022-04-14,GOOGL,120.04272253455808,881380.0,Close
2022-04-15,GOOGL,119.9750896793682,1044624.0,Close
2022-04-18,GOOGL,119.6282891208358,567034.0,Close
2022-04-19,GOOGL,120.80891254389556,838579.0,Close
2022-04-20,GOOGL,123.12850040630128,1263298.0,Close
2022-04-21,GOOGL,123.5416226691708,550662.0,Close
2022-04-22,GOOGL,120.62677561120312,1210311.0,Close
2022-04-25,GOOGL,120.93375743749452,1308906.0,Close
2022-04-26,GOOGL,126.9605805827178,859419.0,Close
2022-04-27,GOOGL,130.97325011397115,789397.0,Close
2022-04-28,GOOGL,123.68152205336804,1271519.0,Close
2022-04-29,GOOGL,123.89292863941898,759652.0,Close
2022-05-02,GOOGL,126.1379171003969,415957.0,Close
2022-05-03,GOOGL,125.76815562206508,782663.0,Close
2022-05-04,GOOGL,124.73958058493912,942886.0,Close
2022-05-05,GOOGL,124.17448587765196,1011419.0,Close
2022-05-06,GOOGL,125.53339516462314,633778.0,Close
2022-05-09,GOOGL,122.8743765359076,783877.0,Close
2022-05-10,GOOGL,125.69642752239228,1145147.0,Close
2022-05-11,GOOGL,125.627927048556,786206.0,Close
2022-05-12,GOOGL,123.4734341978482,531197.0,Close
2022-05-13,GOOGL,126.15918046489642,1234092.0,Close
2022-05-16,GOOGL,122.54160966407478,813931.0,Close
2022-05-17,GOOGL,121.31924051758018,1141887.0,Close
2022-05-18,GOOGL,120.07133173742017,542040.0,Close
2022-05-19,GOOGL,124.99565067171716,865514.0,Close
2022-05-20,GOOGL,123.44229875743362,965948.0,Close
2022-05-23,GOOGL,118.48061320857109,872437.0,Close
2022-05-24,GOOGL,117.23920866577068,578034.0,Close
2022-05-25,GOOGL,118.30820066818464,401228.0,Close
2022-05-26,GOOGL,120.12115841175869,1320164.0,Close
2022-05-27,GOOGL,125.34839550299051,973308.0,Close
2022-05-30,GOOGL,128.74394670002502,1226303.0,Close
2022-05-31,GOOGL,129.26697886030067,1068809.0,Close
2022-06-01,GOOGL,127.15656284337538,1002704.0,Close
2022-06-02,GOOGL,131.12263613036785,793642.0,Close
2022-06-03,GOOGL,130.27697402389978,943578.0,Close
2022-06-06,GOOGL,128.72409882025295,1272172.0,Close
2022-06-07,GOOGL,127.7759489353194,837436.0,Close
2022-06-08,GOOGL,124.81884534864332,1512048.0,Close
2022-06-09,GOOGL,123.78641201189336,522314.0,Close
2022-06-10,GOOGL,123.30480105485395,499255.0,Close
2022-06-13,GOOGL,125.06988155626124,1121089.0,Close
2022-06-14,GOOGL,124.21712761458632,637918.0,Close
2022-06-15,GOOGL,121.30678739485276,1578949.0,Close
2022-06-16,GOOGL,117.69398234367618,1300321.0,Close
2022-06-17,GOOGL,118.22024975834998,1303987.0,Close
2022-06-20,GOOGL,118.44305133970094,1047911.0,Close
2022-06-21,GOOGL,117.26357365946004,624247.0,Close
2022-06-22,GOOGL,116.28823660627928,497915.0,Close
2022-06-23,GOOGL,117.20124109909604,1281074.0,Close
2022-06-24,GOOGL,120.33989424784338,550590.0,Close
2022-06-27,GOOGL,118.62816414726376,1340554.0,Close
2022-06-28,GOOGL,118.8882091925156,983408.0,Close
2022-06-29,GOOGL,121.10123950287267,824724.0,Close
2022-06-30,GOOGL,119.3878995975175,951241.0,Close
2022-07-01,GOOGL,119.41386000944402,919495.0,Close
2022-07-04,GOOGL,119.38938035477815,752557.0,Close
2022-07-05,GOOGL,116.4932903014758,1314929.0,Close
2022-07-06,GOOGL,116.9238102249494,1226637.0,Close
2022-07-07,GOOGL,117.05343330030244,840169.0,Close
2022-07-08,GOOGL,118.34081371331824,689557.0,Close
2022-07-11,GOOGL,115.74826856286404,1260198.0,Close
2022-07-12,GOOGL,115.82941677145904,436556.0,Close
2022-07-13,GOOGL,118.91205127980189,985911.0,Close
2022-07-14,GOOGL,123.63958144661696,1116701.0,Close
2022-07-15,GOOGL,126.6927701727808,669510.0,Close
2022-07-18,GOOGL,123.9407443110098,1140078.0,Close
2022-07-19,GOOGL,125.06031112671418,814364.0,Close
2022-07-20,GOOGL,123.98305890249716,696027.0,Close
2022-07-21,GOOGL,124.7115328707456,1085749.0,Close
2022-07-22,GOOGL,122.95629643824442,601385.0,Close
2022-07-25,GOOGL,119.0395691651768,1136391.0,Close
2022-07-26,GOOGL,118.32590724012384,448858.0,Close
2022-07-27,GOOGL,120.00171417105052,907693.0,Close
2022-07-28,GOOGL,120.71608745014468,824222.0,Close
2022-07-29,GOOGL,121.69683146231536,696284.0,Close
2022-08-01,GOOGL,122.2565850507562,910667.0,Close
2022-08-02,GOOGL,123.25349264751928,799417.0,Close
2022-08-03,GOOGL,124.5495236358067,1131220.0,Close
2022-08-04,GOOGL,123.96713340538972,958683.0,Close
2022-08-05,GOOGL,124.22480290160318,921138.0,Close
2022-08-08,GOOGL,128.37922003659477,959826.0,Close
2022-08-09,GOOGL,128.7894801023044,700277.0,Close
2022-08-10,GOOGL,128.95906441892308,732883.0,Close
2022-08-11,GOOGL,129.2758155598939,867306.0,Close
2022-08-12,GOOGL,128.80996527101215,766880.0,Close
2022-08-15,GOOGL,127.81669859358269,1141263.0,Close
2022-08-16,GOOGL,128.38607781789878,832885.0,Close
2022-08-17,GOOGL,127.22544442276404,918861.0,Close
2022-08-18,GOOGL,126.94096461527552,528195.0,Close
2022-08-19,GOOGL,125.11047348655988,1106442.0,Close
2022-08-22,GOOGL,125.42988913719064,676453.0,Close
2022-08-23,GOOGL,126.87836943348368,604769.0,Close
2022-08-24,GOOGL,126.43552356171028,1323265.0,Close
2022-08-25,GOOGL,121.7036286602517,1095844.0,Close
2022-08-26,GOOGL,123.12327745107642,1108885.0,Close
2022-08-29,GOOGL,123.4659292343206,923572.0,Close
2022-08-30,GOOGL,121.21275988826608,819703.0,Close
2022-08-31,GOOGL,123.04546567143768,768211.0,Close
2022-09-01,GOOGL,119.85817029936248,1088066.0,Close
2022-09-02,GOOGL,122.28654410469692,1190759.0,Close
2022-09-05,GOOGL,122.21672885053066,784339.0,Close
2022-09-06,GOOGL,117.04134788561744,1677301.0,Close
2022-09-07,GOOGL,117.49562815325244,762015.0,Close
2022-09-08,GOOGL,116.6543355565431,537342.0,Close
2022-09-09,GOOGL,115.487080652527,491128.0,Close
2022-09-12,GOOGL,113.93691599369448,501063.0,Close
2022-09-13,GOOGL,113.72153419965316,709880.0,Close
2022-09-14,GOOGL,112.73756579976452,764793.0,Close
2022-09-15,GOOGL,108.84135749824983,1082486.0,Close
2022-09-16,GOOGL,111.51254071157274,850687.0,Close
2022-09-19,GOOGL,111.05498694582931,1041931.0,Close
2022-09-20,GOOGL,109.5764615102572,842367.0,Close
2022-09-21,GOOGL,107.2969324850287,852506.0,Close
2022-09-22,GOOGL,108.91409008527552,702435.0,Close
2022-09-23,GOOGL,106.29856917189562,1312814.0,Close
2022-09-26,GOOGL,106.62211477489836,509398.0,Close
2022-09-27,GOOGL,105.50126644443084,902373.0,Close
2022-09-28,GOOGL,104.50824668054,778163.0,Close
2022-09-29,GOOGL,102.38323779370576,1072045.0,Close
2022-09-30,GOOGL,101.23602899815576,820898.0,Close
2022-10-03,GOOGL,101.30478856194308,802887.0,Close
2022-10-04,GOOGL,101.8070336705461,748714.0,Close
2022-10-05,GOOGL,100.3484403645368,1266035.0,Close
2022-10-06,GOOGL,100.2275197145051,802647.0,Close
2022-10-07,GOOGL,101.96101103400588,1517874.0,Close
2022-10-10,GOOGL,98.81100981016225,947564.0,Close
2022-10-11,GOOGL,98.84997245801536,805365.0,Close
2022-10-12,GOOGL,97.12528844505344,805131.0,Close
2022-10-13,GOOGL,95.24374068957668,1001596.0,Close
2022-10-14,GOOGL,95.7621733295983,680797.0,Close
2022-10-17,GOOGL,94.82494723871784,859410.0,Close
2022-10-18,GOOGL,92.69398694154036,855143.0,Close
2022-10-19,GOOGL,95.06030961906184,948568.0,Close
2022-10-20,GOOGL,96.76123765236083,935314.0,Close
2022-10-21,GOOGL,93.27895971030578,998954.0,Close
2022-10-24,GOOGL,90.7287983682499,889699.0,Close
2022-10-25,GOOGL,91.7924200405953,1324557.0,Close
2022-10-26,GOOGL,91.34552801981704,920444.0,Close
2022-10-27,GOOGL,93.98161929908969,1897727.0,Close
2022-10-28,GOOGL,95.12399185269643,840803.0,Close
2022-10-31,GOOGL,95.71087006869844,1085286.0,Close
2022-11-01,GOOGL,93.91244727286346,678992.0,Close
2022-11-02,GOOGL,94.83241358492616,1252362.0,Close
2022-11-03,GOOGL,92.59566448246362,692749.0,Close
2022-11-04,GOOGL,94.92617617561903,985491.0,Close
2022-11-07,GOOGL,95.73180481338063,757027.0,Close
2022-11-08,GOOGL,94.28929472814436,956614.0,Close
2022-11-09,GOOGL,95.77086449631548,779933.0,Close
2022-11-10,GOOGL,99.8751197247053,711771.0,Close
2022-11-11,GOOGL,99.5157657543963,744597.0,Close
2022-11-14,GOOGL,100.6014820265476,1310632.0,Close
2022-11-15,GOOGL,99.83243568756444,940529.0,Close
2022-11-16,GOOGL,100.04458272832424,546364.0,Close
2022-11-17,GOOGL,97.24745675424488,1203205.0,Close
2022-11-18,GOOGL,97.29634623529196,612554.0,Close
2022-11-21,GOOGL,97.426325124099,1002841.0,Close
2022-11-22,GOOGL,100.78710926728785,1041076.0,Close
2022-11-23,GOOGL,97.42135217961048,1057810.0,Close
2022-11-24,GOOGL,96.9543990733706,1413493.0,Close
2022-11-25,GOOGL,99.36324641512849,669734.0,Close
2022-11-28,GOOGL,98.96039727163644,971570.0,Close
2022-11-29,GOOGL,98.6908398875212,1175678.0,Close
2022-11-30,GOOGL,97.18802951255496,689007.0,Close
2022-12-01,GOOGL,95.52571577943128,671758.0,Close
2022-12-02,GOOGL,92.27999228850824,807945.0,Close
2022-12-05,GOOGL,91.23048397590088,911011.0,Close
2022-12-06,GOOGL,89.57226994096767,551993.0,Close
2022-12-07,GOOGL,89.81791996946147,950701.0,Close
2022-12-08,GOOGL,88.52757338087864,546353.0,Close
2022-12-09,GOOGL,87.77095504257811,1208218.0,Close
2022-12-12,GOOGL,87.06620821264572,954815.0,Close
2022-12-13,GOOGL,87.03163414244091,1420434.0,Close
2022-12-14,GOOGL,86.20735715354891,1004492.0,Close
2022-12-15,GOOGL,84.52249367135431,772116.0,Close
2022-12-16,GOOGL,84.70276797074594,632930.0,Close
2022-12-19,GOOGL,86.45420103709347,911815.0,Close
2022-12-20,GOOGL,86.70832888251972,798943.0,Close
2022-12-21,GOOGL,85.7539545853201,1178401.0,Close
2022-12-22,GOOGL,85.59844067158694,608152.0,Close
2022-12-23,GOOGL,82.32656524838636,1633393.0,Close
2022-12-26,GOOGL,82.1519859511227,1178927.0,Close
2022-12-27,GOOGL,81.5728206847237,767745.0,Close
2022-12-28,GOOGL,80.17627359988329,1440891.0,Close
2022-12-29,GOOGL,79.07831265325208,657805.0,Close
2022-12-30,GOOGL,78.50605778168914,868476.0,Close
2023-01-02,GOOGL,80.01809905639335,576408.0,Close
2023-01-03,GOOGL,81.70981464449655,1478896.0,Close
2023-01-04,GOOGL,80.3191570181919,512431.0,Close
2023-01-05,GOOGL,79.57430113520368,533198.0,Close
2023-01-06,GOOGL,78.87466427462373,678040.0,Close
2023-01-09,GOOGL,80.12127675101725,1244647.0,Close
2023-01-10,GOOGL,80.38257958585476,1074677.0,Close
2023-01-11,GOOGL,80.56468854418388,834618.0,Close
2023-01-12,GOOGL,81.42211350767239,1119561.0,Close
2023-01-13,GOOGL,80.54654387451411,796886.0,Close
2023-01-16,GOOGL,82.66301984661276,978666.0,Close
2023-01-17,GOOGL,82.70267980971929,1313619.0,Close
2023-01-18,GOOGL,81.40793820419464,777043.0,Close
2023-01-19,GOOGL,81.09654070393997,642318.0,Close
2023-01-20,GOOGL,83.02532091430874,985962.0,Close
2023-01-23,GOOGL,82.40112302876459,1020422.0,Close
2023-01-24,GOOGL,83.92140724419262,871827.0,Close
2023-01-25,GOOGL,82.97309596372709,1116482.0,Close
2023-01-26,GOOGL,81.81557268297637,783842.0,Close
2023-01-27,GOOGL,82.87692299945488,862666.0,Close
2023-01-30,GOOGL,81.55117975768744,937139.0,Close
2023-01-31,GOOGL,82.86011282724353,913078.0,Close
2023-02-01,GOOGL,83.45297029292699,1324519.0,Close
2023-02-02,GOOGL,82.11860916659647,935710.0,Close
2023-02-03,GOOGL,82.04989132665382,731372.0,Close
2023-02-06,GOOGL,81.24140750756636,964020.0,Close
2023-02-07,GOOGL,81.81861731788932,1104702.0,Close
2023-02-08,GOOGL,84.77824873883525,1117535.0,Close
2023-02-09,GOOGL,84.22805124890343,1010813.0,Close
2023-02-10,GOOGL,85.12050832724279,526085.0,Close
2023-02-13,GOOGL,85.20345118168696,379460.0,Close
2023-02-14,GOOGL,85.28585852279495,1175045.0,Close
2023-02-15,GOOGL,85.06343511919896,918770.0,Close
2023-02-16,GOOGL,83.72931670420394,831382.0,Close
2023-02-17,GOOGL,84.30231826594324,1004456.0,Close
2023-02-20,GOOGL,83.88573234016765,1445910.0,Close
2023-02-21,GOOGL,82.49500253420022,1282009.0,Close
2023-02-22,GOOGL,84.11771059894262,1129564.0,Close
2023-02-23,GOOGL,84.31816465101755,616890.0,Close
2023-02-24,GOOGL,83.99809000449484,644111.0,Close
2023-02-27,GOOGL,86.16744890850094,420854.0,Close
2023-02-28,GOOGL,83.22304808543662,1065533.0,Close
2023-03-01,GOOGL,85.26669071747934,1196618.0,Close
2023-03-02,GOOGL,83.89270847869471,1197329.0,Close
2023-03-03,GOOGL,84.27094433710289,991927.0,Close
2023-03-06,GOOGL,83.37803147996264,787338.0,Close
2023-03-07,GOOGL,81.96705219971385,708977.0,Close
2023-03-08,GOOGL,84.04343646517722,671304.0,Close
2023-03-09,GOOGL,87.03340822218067,842157.0,Close
2023-03-10,GOOGL,86.7143265020506,602553.0,Close
2023-03-13,GOOGL,87.30830431174064,1381207.0,Close
2023-03-14,GOOGL,87.44706296442722,543283.0,Close
2023-03-15,GOOGL,90.35046804774676,828337.0,Close
2023-03-16,GOOGL,86.79025361446607,499922.0,Close
2023-03-17,GOOGL,87.45303296845879,893550.0,Close
2023-03-20,GOOGL,86.2966749363488,830287.0,Close
2023-03-21,GOOGL,82.50037884741707,812821.0,Close
2023-03-22,GOOGL,81.98082057823987,615519.0,Close
2023-03-23,GOOGL,84.88476296516913,884758.0,Close
2023-03-24,GOOGL,83.87633392375807,702936.0,Close
2023-03-27,GOOGL,85.17224232856978,802581.0,Close
2023-03-28,GOOGL,87.14445236655065,1537594.0,Close
2023-03-29,GOOGL,87.16823353949002,842233.0,Close
2023-03-30,GOOGL,87.41127002841247,945558.0,Close
2023-03-31,GOOGL,84.62215267218465,761782.0,Close
2023-04-03,GOOGL,83.52074982240791,656261.0,Close
2023-04-04,GOOGL,84.99455952907583,835710.0,Close
2023-04-05,GOOGL,85.135561941464,1702287.0,Close
2023-04-06,GOOGL,85.76997369084806,749545.0,Close
2023-04-07,GOOGL,86.02969120476564,898799.0,Close
2023-04-10,GOOGL,89.63601281655208,701712.0,Close
2023-04-11,GOOGL,88.95300907024861,357668.0,Close
2023-04-12,GOOGL,91.696212390729,688916.0,Close
2023-04-13,GOOGL,91.9744736713124,1647247.0,Close
2023-04-14,GOOGL,94.96511629640166,1048673.0,Close
2023-04-17,GOOGL,92.81634111455028,1396241.0,Close
2023-04-18,GOOGL,93.18768067669876,728654.0,Close
2023-04-19,GOOGL,92.542451598221,402258.0,Close
2023-04-20,GOOGL,92.83371559618196,578460.0,Close
2023-04-21,GOOGL,95.02489919788312,964016.0,Close
2023-04-24,GOOGL,95.75358963746989,877971.0,Close
2023-04-25,GOOGL,98.0100860229206,853007.0,Close
2023-04-26,GOOGL,96.81949055425044,706487.0,Close
2023-04-27,GOOGL,95.3642416820906,1107217.0,Close
2023-04-28,GOOGL,95.4421503238678,689267.0,Close
2023-05-01,GOOGL,95.42140109658256,877066.0,Close
2023-05-02,GOOGL,95.135315125996,855031.0,Close
2023-05-03,GOOGL,93.46133933462752,753309.0,Close
2023-05-04,GOOGL,95.62545158365894,656127.0,Close
2023-05-05,GOOGL,95.01906878776724,716394.0,Close
2023-05-08,GOOGL,97.62745884243492,1517485.0,Close
2023-05-09,GOOGL,97.70101686389012,1118314.0,Close
2023-05-10,GOOGL,98.9478285365335,1126952.0,Close
2023-05-11,GOOGL,100.04098653465668,652135.0,Close
2023-05-12,GOOGL,98.53459505317608,542648.0,Close
2023-05-15,GOOGL,99.26859566381738,1135280.0,Close
2023-05-16,GOOGL,102.93545621598236,1164574.0,Close
2023-05-17,GOOGL,103.47748024202208,845927.0,Close
2023-05-18,GOOGL,105.29224497479346,752724.0,Close
2023-05-19,GOOGL,106.72512293991647,536151.0,Close
2023-05-22,GOOGL,107.39886547494746,1056342.0,Close
2023-05-23,GOOGL,107.83225233381084,1154542.0,Close
2023-05-24,GOOGL,109.0023917198612,673099.0,Close
2023-05-25,GOOGL,110.62991475137729,664227.0,Close
2023-05-26,GOOGL,107.86090035836042,1246764.0,Close
2023-05-29,GOOGL,108.4200798860858,669451.0,Close
2023-05-30,GOOGL,108.09867072805832,1374929.0,Close
2023-05-31,GOOGL,107.35460888508894,789428.0,Close
2023-06-01,GOOGL,110.0377644897718,765033.0,Close
2023-06-02,GOOGL,108.57026412649004,842477.0,Close
2023-06-05,GOOGL,105.76542394193906,766812.0,Close
2023-06-06,GOOGL,107.40941479744784,1172655.0,Close
2023-06-07,GOOGL,104.58257283268571,1124756.0,Close
2023-06-08,GOOGL,100.82743699918802,1226990.0,Close
2023-06-09,GOOGL,102.60904098547375,889441.0,Close
2023-06-12,GOOGL,102.96929976486618,704266.0,Close
2023-06-13,GOOGL,103.94157378450927,819586.0,Close
2023-06-14,GOOGL,103.12618505468812,719918.0,Close
2023-06-15,GOOGL,100.48217646136644,1336307.0,Close
2023-06-16,GOOGL,98.28295497390492,1150396.0,Close
2023-06-19,GOOGL,97.82801403560931,788332.0,Close
2023-06-20,GOOGL,95.52682087813278,647962.0,Close
2023-06-21,GOOGL,96.12987577594306,1292843.0,Close
2023-06-22,GOOGL,95.33939450661416,853171.0,Close
2023-06-23,GOOGL,95.72151957654948,777814.0,Close
2023-06-26,GOOGL,96.05113374813088,1285314.0,Close
2023-06-27,GOOGL,96.80219072528982,701898.0,Close
2023-06-28,GOOGL,97.76517086904946,747933.0,Close
2023-06-29,GOOGL,97.1801912942548,759112.0,Close
2023-06-30,GOOGL,97.56773605347176,544848.0,Close
2023-07-03,GOOGL,98.0527363218798,891681.0,Close
2023-07-04,GOOGL,93.60420210920677,722335.0,Close
2023-07-05,GOOGL,94.795367109683,699128.0,Close
2023-07-06,GOOGL,95.1124699642362,653433.0,Close
2023-07-07,GOOGL,96.17464507061044,692576.0,Close
2023-07-10,GOOGL,93.88610892282551,665717.0,Close
2023-07-11,GOOGL,93.3742237661037,874781.0,Close
2023-07-12,GOOGL,91.49682653515514,808739.0,Close
2023-07-13,GOOGL,92.83068471615314,846231.0,Close
2023-07-14,GOOGL,90.4143210751042,1745702.0,Close
2023-07-17,GOOGL,88.87461282623244,801707.0,Close
2023-07-18,GOOGL,89.81720655089175,988700.0,Close
2023-07-19,GOOGL,88.79543746436504,1025329.0,Close
2023-07-20,GOOGL,87.28374097755234,824305.0,Close
2023-07-21,GOOGL,88.82347737080373,913510.0,Close
2023-07-24,GOOGL,90.45915532231918,848583.0,Close
2023-07-25,GOOGL,91.73938733170256,885306.0,Close
2023-07-26,GOOGL,93.2571959882407,703503.0,Close
2023-07-27,GOOGL,92.89705746667116,697038.0,Close
2023-07-28,GOOGL,92.58566575516676,811324.0,Close
2023-07-31,GOOGL,91.49968552637228,457875.0,Close
2023-08-01,GOOGL,91.83650727391824,1265712.0,Close
2023-08-02,GOOGL,90.96780569248357,1571562.0,Close
2023-08-03,GOOGL,90.2702783972628,860431.0,Close
2023-08-04,GOOGL,91.33951200711792,1010442.0,Close
2023-08-07,GOOGL,93.43014363039156,1181232.0,Close
2023-08-08,GOOGL,94.1809330246537,550048.0,Close
2023-08-09,GOOGL,97.42143581995252,1164798.0,Close
2023-08-10,GOOGL,96.17303927666492,730242.0,Close
2023-08-11,GOOGL,92.88330136670471,1751961.0,Close
2023-08-14,GOOGL,94.18478163608272,787044.0,Close
2023-08-15,GOOGL,92.85987172230598,1093758.0,Close
2023-08-16,GOOGL,92.42739660188654,768113.0,Close
2023-08-17,GOOGL,89.38481911542513,1697262.0,Close
2023-08-18,GOOGL,87.91235899945407,719184.0,Close
2023-08-21,GOOGL,85.46275052788295,1228309.0,Close
2023-08-22,GOOGL,84.805438072427,986734.0,Close
2023-08-23,GOOGL,84.21686218669295,921023.0,Close
2023-08-24,GOOGL,84.40315658827528,861695.0,Close
2023-08-25,GOOGL,86.42300806611674,701215.0,Close
2023-08-28,GOOGL,87.57238531919373,382562.0,Close
2023-08-29,GOOGL,84.93383735617543,1202837.0,Close
2023-08-30,GOOGL,85.95288152677986,715009.0,Close
2023-08-31,GOOGL,86.17840226969558,1144022.0,Close
2023-09-01,GOOGL,86.06333707308717,891666.0,Close
2023-09-04,GOOGL,86.07056149282926,1145864.0,Close
2023-09-05,GOOGL,86.44726762466021,1029880.0,Close
2023-09-06,GOOGL,85.3617539287805,395897.0,Close
2023-09-07,GOOGL,85.11148550052695,969530.0,Close
2023-09-08,GOOGL,87.05860160329765,770363.0,Close
2023-09-11,GOOGL,85.94564583102893,1176999.0,Close
2023-09-12,GOOGL,84.31768408920705,1008497.0,Close
2023-09-13,GOOGL,84.26263212551662,959520.0,Close
2023-09-14,GOOGL,82.5062982958906,782556.0,Close
2023-09-15,GOOGL,79.86358125022406,666176.0,Close
2023-09-18,GOOGL,79.38486138237931,714471.0,Close
2023-09-19,GOOGL,81.59787927667357,504685.0,Close
2023-09-20,GOOGL,81.58021392224629,669902.0,Close
2023-09-21,GOOGL,81.8972379817646,521093.0,Close
2023-09-22,GOOGL,78.64382249079048,581061.0,Close
2023-09-25,GOOGL,79.33501422098738,849420.0,Close
2023-09-26,GOOGL,79.51561310076713,944453.0,Close
2023-09-27,GOOGL,78.5576528675838,820203.0,Close
2023-09-28,GOOGL,78.86511754447329,696189.0,Close
2023-09-29,GOOGL,79.15899403649708,608185.0,Close
2023-10-02,GOOGL,77.61532241795562,769147.0,Close
2023-10-03,GOOGL,78.14166477673368,637184.0,Close
2023-10-04,GOOGL,79.94880951470473,838668.0,Close
2023-10-05,GOOGL,79.64555892344738,512059.0,Close
2023-10-06,GOOGL,78.38110252154468,1033296.0,Close
2023-10-09,GOOGL,78.15836404938538,679913.0,Close
2023-10-10,GOOGL,79.46019354995228,939383.0,Close
2023-10-11,GOOGL,77.66023571203169,1113763.0,Close
2023-10-12,GOOGL,78.5487969912229,912051.0,Close
2023-10-13,GOOGL,77.58304745582376,1053153.0,Close
2023-10-16,GOOGL,77.97757942775849,436476.0,Close
2023-10-17,GOOGL,77.18630711465616,710320.0,Close
2023-10-18,GOOGL,76.39914834881232,1146701.0,Close
2023-10-19,GOOGL,78.63641078094393,1012886.0,Close
2023-10-20,GOOGL,76.58362392380958,1500455.0,Close
2023-10-23,GOOGL,77.32504991578864,1371321.0,Close
2023-10-24,GOOGL,79.89357954559699,961463.0,Close
2023-10-25,GOOGL,80.96912169100617,770919.0,Close
2023-10-26,GOOGL,78.97472493467795,643772.0,Close
2023-10-27,GOOGL,77.10332330849785,742125.0,Close
2023-10-30,GOOGL,76.04813325744728,736086.0,Close
2023-10-31,GOOGL,76.31396726176789,675898.0,Close
2023-11-01,GOOGL,76.67880702456274,615432.0,Close
2023-11-02,GOOGL,74.87612642367375,965080.0,Close
2023-11-03,GOOGL,73.68008681467512,1393237.0,Close
2023-11-06,GOOGL,72.58843538278926,1104393.0,Close
2023-11-07,GOOGL,72.37781594911614,731814.0,Close
2023-11-08,GOOGL,75.12842340568317,1206840.0,Close
2023-11-09,GOOGL,73.84259386166723,932297.0,Close
2023-11-10,GOOGL,72.51771642611608,831974.0,Close
2023-11-13,GOOGL,71.00266275415396,823397.0,Close
2023-11-14,GOOGL,71.89148239797434,780917.0,Close
2023-11-15,GOOGL,71.87220081772064,972344.0,Close
2023-11-16,GOOGL,70.69228161126948,874421.0,Close
2023-11-17,GOOGL,70.24406130613056,654519.0,Close
2023-11-20,GOOGL,69.22981954507824,660458.0,Close
2023-11-21,GOOGL,69.65226654018362,892028.0,Close
2023-11-22,GOOGL,73.21988186142738,1048505.0,Close
2023-11-23,GOOGL,74.01933431841029,751353.0,Close
2023-11-24,GOOGL,73.9272683466906,571182.0,Close
2023-11-27,GOOGL,73.03654869799698,1205178.0,Close
2023-11-28,GOOGL,71.22056971428309,1172751.0,Close
2023-11-29,GOOGL,72.24415677213379,459245.0,Close
2023-11-30,GOOGL,73.2083039346716,1242296.0,Close
2023-12-01,GOOGL,72.60127003413956,769287.0,Close
2023-12-04,GOOGL,74.30249994397973,905528.0,Close
2023-12-05,GOOGL,74.37022247135289,1127528.0,Close
2023-12-06,GOOGL,75.49677504005072,1371676.0,Close
2023-12-07,GOOGL,75.9578995952383,1099491.0,Close
2023-12-08,GOOGL,75.74268456892092,866410.0,Close
2023-12-11,GOOGL,74.4152976343323,556759.0,Close
2023-12-12,GOOGL,74.24887240512501,438080.0,Close
2023-12-13,GOOGL,75.46796459203406,1091289.0,Close
2023-12-14,GOOGL,74.78227074110235,1227933.0,Close
2023-12-15,GOOGL,75.44180640059815,642461.0,Close
2023-12-18,GOOGL,73.93749287876616,781137.0,Close
2023-12-19,GOOGL,75.06488951860223,707073.0,Close
2023-12-20,GOOGL,75.54711912423231,683690.0,Close
2023-12-21,GOOGL,73.87034833750646,1176778.0,Close
2023-12-22,GOOGL,73.59563339747672,862808.0,Close
2023-12-25,GOOGL,74.92827171861646,786608.0,Close
2023-12-26,GOOGL,73.18466983176711,1897558.0,Close
2023-12-27,GOOGL,71.74165681695511,550445.0,Close
2023-12-28,GOOGL,71.68425945679284,944217.0,Close
2023-12-29,GOOGL,74.6097777940838,654840.0,Close
2024-01-01,GOOGL,73.70011997761043,790193.0,Close
2024-01-02,GOOGL,74.42742357716747,860361.0,Close
2024-01-03,GOOGL,74.83131668154451,1046402.0,Close
2024-01-04,GOOGL,74.03636530127416,762500.0,Close
2024-01-05,GOOGL,74.29967787447687,723509.0,Close
2024-01-08,GOOGL,73.70923150568424,752514.0,Close
2024-01-09,GOOGL,73.24883139140597,588846.0,Close
2024-01-10,GOOGL,70.98774639718481,1055578.0,Close
2024-01-11,GOOGL,70.99137648713754,869692.0,Close
2024-01-12,GOOGL,72.23347949097698,958428.0,Close
2024-01-15,GOOGL,72.34887269965796,786430.0,Close
2024-01-16,GOOGL,73.876326138965,802020.0,Close
2024-01-17,GOOGL,74.72406217854076,1176279.0,Close
2024-01-18,GOOGL,74.67833143333712,1087847.0,Close
2024-01-19,GOOGL,73.83082765793091,1263328.0,Close
2024-01-22,GOOGL,73.19051177469356,916946.0,Close
2024-01-23,GOOGL,71.19496660530706,1297256.0,Close
2024-01-24,GOOGL,70.87228525356934,714988.0,Close
2024-01-25,GOOGL,71.1040829209526,759829.0,Close
2024-01-26,GOOGL,73.44460826934412,1256756.0,Close
2024-01-29,GOOGL,74.21523759559267,1061676.0,Close
2024-01-30,GOOGL,73.04083478511102,767264.0,Close
2024-01-31,GOOGL,71.09233855310575,630616.0,Close
2024-02-01,GOOGL,70.851405493937,759387.0,Close
2024-02-02,GOOGL,71.9741802936698,681686.0,Close
2024-02-05,GOOGL,71.71113710183805,1355385.0,Close
2024-02-06,GOOGL,72.48208699201943,1036226.0,Close
2024-02-07,GOOGL,72.27125770619132,640658.0,Close
2024-02-08,GOOGL,73.2871611350787,608741.0,Close
2024-02-09,GOOGL,71.11351301242297,689062.0,Close
2024-02-12,GOOGL,73.30491832615681,738305.0,Close
2024-02-13,GOOGL,71.80202230754341,806951.0,Close
2024-02-14,GOOGL,72.91540385924608,1168433.0,Close
2024-02-15,GOOGL,72.57789326759391,606328.0,Close
2024-02-16,GOOGL,72.45630760301081,1596325.0,Close
2024-02-19,GOOGL,72.16346392334378,609505.0,Close
2024-02-20,GOOGL,72.54889502142913,532066.0,Close
2024-02-21,GOOGL,73.21310439865576,1362631.0,Close
2024-02-22,GOOGL,74.71434586973982,1260999.0,Close
2024-02-23,GOOGL,76.73975970312927,818169.0,Close
2024-02-26,GOOGL,77.26011785210869,914267.0,Close
2024-02-27,GOOGL,79.80073130143427,991917.0,Close
2024-02-28,GOOGL,79.98179744375875,838306.0,Close
2024-02-29,GOOGL,81.65065685747926,575567.0,Close
2024-03-01,GOOGL,82.35376802759967,389358.0,Close
2024-03-04,GOOGL,81.54162047797469,638629.0,Close
2024-03-05,GOOGL,81.86258726877072,1394333.0,Close
2024-03-06,GOOGL,82.68265460662,1436291.0,Close
2024-03-07,GOOGL,82.67475967818365,739017.0,Close
2024-03-08,GOOGL,83.36191582438957,614510.0,Close
2024-03-11,GOOGL,84.76734491404768,912659.0,Close
2024-03-12,GOOGL,84.77338192441988,911866.0,Close
2024-03-13,GOOGL,80.10261886460886,1115181.0,Close
2024-03-14,GOOGL,82.68313377192385,410646.0,Close
2024-03-15,GOOGL,82.26072704781387,2092516.0,Close
2024-03-18,GOOGL,81.02361152903349,1173160.0,Close
2024-03-19,GOOGL,79.3446717844371,799939.0,Close
2024-03-20,GOOGL,78.88108477268172,655513.0,Close
2024-03-21,GOOGL,78.08300362022099,1107298.0,Close
2024-03-22,GOOGL,77.0359644453894,964532.0,Close
2024-03-25,GOOGL,76.08283151463814,852075.0,Close
2024-03-26,GOOGL,76.88318723663076,945918.0,Close
2024-03-27,GOOGL,79.87133876942583,862691.0,Close
2024-03-28,GOOGL,81.15033940764354,944887.0,Close
2024-03-29,GOOGL,82.91280448142302,1058507.0,Close
2024-04-01,GOOGL,82.36421128369076,903463.0,Close
2024-04-02,GOOGL,82.569286218037,878577.0,Close
2024-04-03,GOOGL,83.27681837334374,1244918.0,Close
2024-04-04,GOOGL,82.28197216430964,512686.0,Close
2024-04-05,GOOGL,81.66244906944715,643265.0,Close
2024-04-08,GOOGL,83.02254921306951,845823.0,Close
2024-04-09,GOOGL,84.77501166634131,682679.0,Close
2024-04-10,GOOGL,84.92642910795756,713455.0,Close
2024-04-11,GOOGL,83.0526395261672,1253883.0,Close
2024-04-12,GOOGL,82.63148193956812,775876.0,Close
2024-04-15,GOOGL,80.42407403753808,498655.0,Close
2024-04-16,GOOGL,80.57955807781312,707944.0,Close
2024-04-17,GOOGL,81.00963356740269,826255.0,Close
2024-04-18,GOOGL,80.63691138886502,819915.0,Close
2024-04-19,GOOGL,81.04643717162625,958642.0,Close
2024-04-22,GOOGL,81.72625172606921,944593.0,Close
2024-04-23,GOOGL,82.1646997395543,778916.0,Close
2024-04-24,GOOGL,80.34195246689076,595919.0,Close
2024-04-25,GOOGL,79.99877937394383,709085.0,Close
2024-04-26,GOOGL,80.65913998100577,679403.0,Close
2024-04-29,GOOGL,83.10589173425468,800432.0,Close
2024-04-30,GOOGL,82.72161685283251,996962.0,Close
2024-05-01,GOOGL,83.62477633282707,931732.0,Close
2024-05-02,GOOGL,85.05483934205058,1075797.0,Close
2024-05-03,GOOGL,84.782532449558,719041.0,Close
2024-05-06,GOOGL,86.66521828178105,1340217.0,Close
2024-05-07,GOOGL,88.6777315179583,1046056.0,Close
2024-05-08,GOOGL,91.03550241752856,892475.0,Close
2024-05-09,GOOGL,91.87052366408147,984107.0,Close
2024-05-10,GOOGL,96.0134729978916,740808.0,Close
2024-05-13,GOOGL,94.9467720076108,438669.0,Close
2024-05-14,GOOGL,98.8050647967335,747406.0,Close
2024-05-15,GOOGL,100.2896944782934,1045148.0,Close
2024-05-16,GOOGL,102.88043159295457,882087.0,Close
2024-05-17,GOOGL,102.31121986198228,779768.0,Close
2024-05-20,GOOGL,103.99575252284328,650308.0,Close
2024-05-21,GOOGL,106.8523238103006,481074.0,Close
2024-05-22,GOOGL,104.71235222048703,1299046.0,Close
2024-05-23,GOOGL,104.44298136018875,756653.0,Close
2024-05-24,GOOGL,100.27201513641243,786725.0,Close
2024-05-27,GOOGL,99.98564234628142,658933.0,Close
2024-05-28,GOOGL,98.49569741676878,1216431.0,Close
2024-05-29,GOOGL,98.1410264727686,1052302.0,Close
2024-05-30,GOOGL,103.6114175685574,697874.0,Close
2024-05-31,GOOGL,107.02664618517537,1245441.0,Close
2024-06-03,GOOGL,104.1713567870938,826382.0,Close
2024-06-04,GOOGL,105.3183442139236,687403.0,Close
2024-06-05,GOOGL,106.9617815964965,766054.0,Close
2024-06-06,GOOGL,106.33390401652072,642941.0,Close
2024-06-07,GOOGL,106.74658062118036,543972.0,Close
2024-06-10,GOOGL,107.3578131623053,1026035.0,Close
2024-06-11,GOOGL,104.6819586542943,803907.0,Close
2024-06-12,GOOGL,102.6962479551584,1016474.0,Close
2024-06-13,GOOGL,103.08314634232735,880939.0,Close
2024-06-14,GOOGL,103.3295604543459,948890.0,Close
2024-06-17,GOOGL,101.99950720358326,449294.0,Close
2024-06-18,GOOGL,100.52123230361188,642982.0,Close
2024-06-19,GOOGL,100.40229688518372,951403.0,Close
2024-06-20,GOOGL,102.13444231925372,573408.0,Close
2024-06-21,GOOGL,102.03924542319852,896320.0,Close
2024-06-24,GOOGL,105.21939849578456,575797.0,Close
2024-06-25,GOOGL,103.89034548399007,833565.0,Close
2024-06-26,GOOGL,104.3225877717144,1311579.0,Close
2024-06-27,GOOGL,103.67788724813444,1026936.0,Close
2024-06-28,GOOGL,104.88254825137552,474673.0,Close
2024-07-01,GOOGL,103.38782592983218,1074878.0,Close
2024-07-02,GOOGL,107.20501939670876,1533494.0,Close
2024-07-03,GOOGL,103.83633896015456,2023889.0,Close
2024-07-04,GOOGL,107.25442441773846,1012608.0,Close
2024-07-05,GOOGL,107.49173658579666,534256.0,Close
2024-07-08,GOOGL,108.66855479187872,940399.0,Close
2024-07-09,GOOGL,111.46370507290716,1389540.0,Close
2024-07-10,GOOGL,113.32669678762215,793445.0,Close
2024-07-11,GOOGL,111.82201183792668,1136351.0,Close
2024-07-12,GOOGL,113.14692095409217,643313.0,Close
2024-07-15,GOOGL,117.19635383140164,989576.0,Close
2024-07-16,GOOGL,115.29213243788664,397146.0,Close
2024-07-17,GOOGL,119.96488407123252,674000.0,Close
2024-07-18,GOOGL,120.9004448229356,816376.0,Close
2024-07-19,GOOGL,119.97302962023996,733135.0,Close
2024-07-22,GOOGL,118.01010003637708,567543.0,Close
2024-07-23,GOOGL,117.57285629906428,695577.0,Close
2024-07-24,GOOGL,113.29058210992892,978657.0,Close
2024-07-25,GOOGL,112.460026556115,795899.0,Close
2024-07-26,GOOGL,111.9591366120716,824799.0,Close
2024-07-29,GOOGL,109.74426631390683,1054508.0,Close
2024-07-30,GOOGL,111.35086378057784,752663.0,Close
2024-07-31,GOOGL,110.94780249380752,1214563.0,Close
2024-08-01,GOOGL,109.67219471185516,614442.0,Close
2024-08-02,GOOGL,109.05443376403814,1449166.0,Close
2024-08-05,GOOGL,109.84188143374038,1140164.0,Close
2024-08-06,GOOGL,110.05012818840784,722312.0,Close
2024-08-07,GOOGL,108.6493415486259,760719.0,Close
2024-08-08,GOOGL,108.96293814675305,857677.0,Close
2024-08-09,GOOGL,108.91450093535164,957685.0,Close
2024-08-12,GOOGL,106.6260280878244,1179773.0,Close
2024-08-13,GOOGL,106.09960542451414,542458.0,Close
2024-08-14,GOOGL,107.31512334297024,942570.0,Close
2024-08-15,GOOGL,108.52997103292606,437916.0,Close
2024-08-16,GOOGL,108.11416329254256,766491.0,Close
2024-08-19,GOOGL,109.55174809177382,1285464.0,Close
2024-08-20,GOOGL,107.57997666341254,550535.0,Close
2024-08-21,GOOGL,105.70662598666586,520472.0,Close
2024-08-22,GOOGL,105.25912234897233,864753.0,Close
2024-08-23,GOOGL,108.29075661121122,1316442.0,Close
2024-08-26,GOOGL,108.68022911268942,890636.0,Close
2024-08-27,GOOGL,108.17063827133656,457679.0,Close
2024-08-28,GOOGL,111.38129081140724,525288.0,Close
2024-08-29,GOOGL,110.8346863524504,835077.0,Close
2024-08-30,GOOGL,115.57028145973858,632967.0,Close
2024-09-02,GOOGL,114.51334978480033,855475.0,Close
2024-09-03,GOOGL,112.38354659409303,894870.0,Close
2024-09-04,GOOGL,112.08799718865151,695420.0,Close
2024-09-05,GOOGL,111.6180744387219,1394806.0,Close
2024-09-06,GOOGL,109.97226312827792,996262.0,Close
2024-09-09,GOOGL,115.43390360432775,1320740.0,Close
2024-09-10,GOOGL,116.18786747012828,1074021.0,Close
2024-09-11,GOOGL,117.26636617648816,785271.0,Close
2024-09-12,GOOGL,116.30336022478134,772467.0,Close
2024-09-13,GOOGL,115.09387629541926,753720.0,Close
2024-09-16,GOOGL,117.38256908489107,1038841.0,Close
2024-09-17,GOOGL,113.72683328395064,718953.0,Close
2024-09-18,GOOGL,111.3299406943026,1425680.0,Close
2024-09-19,GOOGL,110.86693049064452,646921.0,Close
2024-09-20,GOOGL,113.75322925808564,918856.0,Close
2024-09-23,GOOGL,113.00679672782768,760788.0,Close
2024-09-24,GOOGL,113.95309327353831,715626.0,Close
2024-09-25,GOOGL,114.0712087953148,1538240.0,Close
2024-09-26,GOOGL,116.9228685836772,753091.0,Close
2024-09-27,GOOGL,113.48270019741446,793740.0,Close
2024-09-30,GOOGL,115.11855517274148,683127.0,Close
2024-10-01,GOOGL,114.74505896901915,816955.0,Close
2024-10-02,GOOGL,116.8086016876608,817082.0,Close
2024-10-03,GOOGL,115.06074403290488,596883.0,Close
2024-10-04,GOOGL,115.17275775968366,705700.0,Close
2024-10-07,GOOGL,115.00879693829138,963674.0,Close
2024-10-08,GOOGL,112.88996871887444,1147657.0,Close
2024-10-09,GOOGL,110.21739403501527,862124.0,Close
2024-10-10,GOOGL,109.06549164964264,838954.0,Close
2024-10-11,GOOGL,109.38910237540442,723535.0,Close
2024-10-14,GOOGL,107.88114394595507,715782.0,Close
2024-10-15,GOOGL,107.26381289515734,616917.0,Close
2024-10-16,GOOGL,103.49780044926432,553761.0,Close
2024-10-17,GOOGL,102.82622292287758,659928.0,Close
2024-10-18,GOOGL,104.86713817748846,1110583.0,Close
2024-10-21,GOOGL,106.31782092433298,732836.0,Close
2024-10-22,GOOGL,106.19776549675288,722821.0,Close
2024-10-23,GOOGL,106.7410004198658,727176.0,Close
2024-10-24,GOOGL,105.12568546084694,1213661.0,Close
2024-10-25,GOOGL,108.4054219411951,661520.0,Close
2024-10-28,GOOGL,112.69530522265732,971542.0,Close
2024-10-29,GOOGL,113.1039653678752,791449.0,Close
2024-10-30,GOOGL,118.69702047617515,936632.0,Close
2024-10-31,GOOGL,117.23279173952515,891789.0,Close
2024-11-01,GOOGL,114.52236453446017,869393.0,Close
2024-11-04,GOOGL,113.0459426715127,1053042.0,Close
2024-11-05,GOOGL,112.63519963677892,800830.0,Close
2024-11-06,GOOGL,117.61226435584577,1527490.0,Close
2024-11-07,GOOGL,117.04792115510077,821574.0,Close
2024-11-08,GOOGL,115.2072151814038,502022.0,Close
2024-11-11,GOOGL,113.3110110152318,1015641.0,Close
2024-11-12,GOOGL,115.80925298782871,958397.0,Close
2024-11-13,GOOGL,118.0503564500182,853872.0,Close
2024-11-14,GOOGL,117.02828760344224,758510.0,Close
2024-11-15,GOOGL,112.94158208105144,468169.0,Close
2024-11-18,GOOGL,110.59168575509622,473466.0,Close
2024-11-19,GOOGL,114.24418431793886,1439880.0,Close
2024-11-20,GOOGL,115.78925196215356,697642.0,Close
2024-11-21,GOOGL,115.99180151235404,1073313.0,Close
2024-11-22,GOOGL,120.14602837595586,547154.0,Close
2024-11-25,GOOGL,124.6521470666524,649467.0,Close
2024-11-26,GOOGL,124.63143477190202,980121.0,Close
2024-11-27,GOOGL,124.65396890528446,775398.0,Close
2024-11-28,GOOGL,123.34733651090606,968596.0,Close
2024-11-29,GOOGL,122.74744954152956,807530.0,Close
2024-12-02,GOOGL,119.36406158575312,813002.0,Close
2024-12-03,GOOGL,116.06477515743876,705731.0,Close
2024-12-04,GOOGL,112.34743611970488,612242.0,Close
2024-12-05,GOOGL,114.7062567404,1293981.0,Close
2024-12-06,GOOGL,111.38183801136744,1390127.0,Close
2024-12-09,GOOGL,115.54165494108554,650780.0,Close
2024-12-10,GOOGL,114.00679499502108,596715.0,Close
2024-12-11,GOOGL,117.8067696520602,791997.0,Close
2024-12-12,GOOGL,117.05479612094985,902063.0,Close
2024-12-13,GOOGL,113.65173260570936,822757.0,Close
2024-12-16,GOOGL,116.46611401894502,997349.0,Close
2024-12-17,GOOGL,119.6099834564924,851228.0,Close
2024-12-18,GOOGL,117.62415994683413,810623.0,Close
2024-12-19,GOOGL,116.94756844689648,1676759.0,Close
2024-12-20,GOOGL,115.00651112355769,716671.0,Close
2024-12-23,GOOGL,114.80363922421104,1314021.0,Close
2024-12-24,GOOGL,115.09634470171513,1242976.0,Close
2024-12-25,GOOGL,114.39139566822698,946737.0,Close
2024-12-26,GOOGL,110.5197084317104,493959.0,Close
2024-12-27,GOOGL,109.3636695530624,831973.0,Close
2024-12-30,GOOGL,110.8731226311699,713191.0,Close
2024-12-31,GOOGL,110.4924553936686,812292.0,Close
2025-01-01,GOOGL,109.8656770122806,590854.0,Close
2025-01-02,GOOGL,107.99031901298795,1054058.0,Close
2025-01-03,GOOGL,106.80122872702223,1109406.0,Close
2025-01-06,GOOGL,109.69849430893989,1227621.0,Close
2025-01-07,GOOGL,107.39289980404544,757540.0,Close
2025-01-08,GOOGL,108.91025634172816,606237.0,Close
2025-01-09,GOOGL,109.06290542032296,891839.0,Close
2025-01-10,GOOGL,109.62318200512556,1374303.0,Close
2025-01-13,GOOGL,108.1628464942324,848600.0,Close
2025-01-14,GOOGL,107.49955852600806,932160.0,Close
2025-01-15,GOOGL,107.5430616089732,745698.0,Close
2025-01-16,GOOGL,106.5404786617158,706362.0,Close
2025-01-17,GOOGL,107.26212621727416,993451.0,Close
2025-01-20,GOOGL,108.24397353329248,795409.0,Close
2025-01-21,GOOGL,112.74204914220236,1014476.0,Close
2025-01-22,GOOGL,113.39231379797116,946710.0,Close
2025-01-23,GOOGL,109.35448576222136,981752.0,Close
2025-01-24,GOOGL,111.81300039855108,1008491.0,Close
2025-01-27,GOOGL,111.43972795545108,624935.0,Close
2025-01-28,GOOGL,115.73214454993888,677715.0,Close
2025-01-29,GOOGL,119.00717566513784,856010.0,Close
2025-01-30,GOOGL,117.93233595524931,816275.0,Close
2025-01-31,GOOGL,119.6010096610121,712272.0,Close
2025-02-03,GOOGL,118.32043853703756,886695.0,Close
2025-02-04,GOOGL,118.38711975813946,1051255.0,Close
2025-02-05,GOOGL,119.95954100414411,1186676.0,Close
2025-02-06,GOOGL,122.54313514255524,1299681.0,Close
2025-02-07,GOOGL,124.67821591378232,566849.0,Close
2025-02-10,GOOGL,124.91875545826193,567055.0,Close
2025-02-11,GOOGL,130.842952155417,836906.0,Close
2025-02-12,GOOGL,130.00785111911034,834337.0,Close
2025-02-13,GOOGL,126.1274878870349,810634.0,Close
2025-02-14,GOOGL,122.8215840369837,730323.0,Close
2025-02-17,GOOGL,126.30438821674475,791479.0,Close
2025-02-18,GOOGL,126.18626433653584,926469.0,Close
2025-02-19,GOOGL,126.63010149973168,541961.0,Close
2025-02-20,GOOGL,125.3972949262804,1661341.0,Close
2025-02-21,GOOGL,124.38925424003357,823623.0,Close
2025-02-24,GOOGL,122.6035920926224,1142534.0,Close
2025-02-25,GOOGL,123.75762699739896,690510.0,Close
2025-02-26,GOOGL,123.5934299583848,953236.0,Close
2025-02-27,GOOGL,124.67239430874795,845109.0,Close
2025-02-28,GOOGL,125.53571284857478,1054887.0,Close
2025-03-03,GOOGL,124.59016817523936,769958.0,Close
2025-03-04,GOOGL,121.22093109868104,1376169.0,Close
2025-03-05,GOOGL,117.74343168417116,554755.0,Close
2025-03-06,GOOGL,124.53557002497666,1246396.0,Close
2025-03-07,GOOGL,128.0767767445884,898802.0,Close
2025-03-10,GOOGL,131.38482925153036,634424.0,Close
2025-03-11,GOOGL,129.7779233025806,1488076.0,Close
2025-03-12,GOOGL,129.8677780660528,1394470.0,Close
2025-03-13,GOOGL,127.9341251293276,448148.0,Close
2025-03-14,GOOGL,124.8288591981624,904072.0,Close
2025-03-17,GOOGL,123.50453166322797,1019039.0,Close
2025-03-18,GOOGL,126.66183290387922,982392.0,Close
2025-03-19,GOOGL,128.73837034853537,1321148.0,Close
2025-03-20,GOOGL,126.44536135660933,1246295.0,Close
2025-03-21,GOOGL,125.75824301498008,879464.0,Close
2025-03-24,GOOGL,127.60231246480323,1652042.0,Close
2025-03-25,GOOGL,126.29147114287788,1091155.0,Close
2025-03-26,GOOGL,126.54608895340122,723565.0,Close
2025-03-27,GOOGL,127.5715676683576,693604.0,Close
2025-03-28,GOOGL,128.579048744076,1187973.0,Close
2025-03-31,GOOGL,129.2622561303757,640029.0,Close
2025-04-01,GOOGL,127.7323665289434,731834.0,Close
2025-04-02,GOOGL,126.46843854313522,765835.0,Close
2025-04-03,GOOGL,123.82501899222318,944919.0,Close
2025-04-04,GOOGL,120.23647364698851,819682.0,Close
2025-04-07,GOOGL,120.03749928807665,541014.0,Close
2025-04-08,GOOGL,121.94991374661628,1186660.0,Close
2025-04-09,GOOGL,118.83279108130712,762155.0,Close
2025-04-10,GOOGL,119.50647510337532,1489850.0,Close
2025-04-11,GOOGL,121.33902931576388,915764.0,Close
2025-04-14,GOOGL,117.1912964961048,1288678.0,Close
2025-04-15,GOOGL,116.6523901733253,979013.0,Close
2025-04-16,GOOGL,120.3397142699758,1298156.0,Close
2025-04-17,GOOGL,121.6560927363125,979436.0,Close
2025-04-18,GOOGL,117.4200229446278,947183.0,Close
2025-04-21,GOOGL,118.9404608376002,1152474.0,Close
2025-04-22,GOOGL,117.32144946940996,1753556.0,Close
2025-04-23,GOOGL,118.91367320139432,767051.0,Close
2025-04-24,GOOGL,117.42453516502428,1052521.0,Close
2025-04-25,GOOGL,117.36710951032929,799093.0,Close
2025-04-28,GOOGL,116.2355261338274,957108.0,Close
2025-04-29,GOOGL,116.30205752637838,810741.0,Close
2025-04-30,GOOGL,115.1154115733229,431131.0,Close
2025-05-01,GOOGL,114.68834688898124,760972.0,Close
2025-05-02,GOOGL,112.20025872914024,1148836.0,Close
2025-05-05,GOOGL,113.2977177821402,653893.0,Close
2025-05-06,GOOGL,113.73095212186388,1065581.0,Close
2025-05-07,GOOGL,110.31636027493371,920494.0,Close
2025-05-08,GOOGL,112.44202910371364,798181.0,Close
2025-05-09,GOOGL,112.12524290729188,1057588.0,Close
2025-05-12,GOOGL,112.52535206496567,990830.0,Close
2025-05-13,GOOGL,114.20819558810774,947321.0,Close
2025-05-14,GOOGL,114.9748983562047,1105767.0,Close
2025-05-15,GOOGL,117.56451499636567,906780.0,Close
2025-05-16,GOOGL,116.9734486078456,495296.0,Close
2025-05-19,GOOGL,119.31911911796256,756398.0,Close
2025-05-20,GOOGL,119.657361446884,469061.0,Close
2025-05-21,GOOGL,120.86612654150213,1002899.0,Close
2025-05-22,GOOGL,121.84964506902188,1071231.0,Close
2025-05-23,GOOGL,124.767946929669,1136243.0,Close
2025-05-26,GOOGL,126.53218471380316,964740.0,Close
2025-05-27,GOOGL,125.53834190682642,1093625.0,Close
2025-05-28,GOOGL,124.08200378401648,515333.0,Close
2025-05-29,GOOGL,124.02900633477108,774793.0,Close
2025-05-30,GOOGL,122.31176085368044,544467.0,Close
2025-06-02,GOOGL,119.9434279241748,759417.0,Close
2025-06-03,GOOGL,115.18335407186932,1452364.0,Close
2025-06-04,GOOGL,111.87152119116196,1205073.0,Close
2025-06-05,GOOGL,116.12452842059842,1086018.0,Close
2025-06-06,GOOGL,114.74398224497908,783792.0,Close
2025-06-09,GOOGL,118.92857310265197,658084.0,Close
2025-06-10,GOOGL,119.89525911407353,865914.0,Close
2025-06-11,GOOGL,119.84404111784671,1116628.0,Close
2025-06-12,GOOGL,116.50835416881375,979208.0,Close
2025-06-13,GOOGL,116.57836756246331,497541.0,Close
2025-06-16,GOOGL,120.80502382339742,914354.0,Close
2025-06-17,GOOGL,124.42148629552938,490580.0,Close
2025-06-18,GOOGL,125.12982771887742,1034605.0,Close
2025-06-19,GOOGL,122.47888842377192,690421.0,Close
2025-06-20,GOOGL,120.3271750040814,582897.0,Close
2025-06-23,GOOGL,118.45095538381835,1069216.0,Close
2025-06-24,GOOGL,121.37159715205529,1015119.0,Close
2025-06-25,GOOGL,125.17487236918028,937440.0,Close
2025-06-26,GOOGL,125.70225086477228,1561899.0,Close
2025-06-27,GOOGL,125.04703694045976,982010.0,Close
2025-06-30,GOOGL,128.7694049009743,717402.0,Close
2025-07-01,GOOGL,126.45510525326225,984231.0,Close
2025-07-02,GOOGL,126.64373496704238,736734.0,Close
2025-07-03,GOOGL,127.81621821748604,1201119.0,Close
2025-07-04,GOOGL,125.79857614178854,910640.0,Close
2025-07-07,GOOGL,124.35193915021271,926560.0,Close
2025-07-08,GOOGL,122.7391310866168,538639.0,Close
2025-07-09,GOOGL,126.086789666364,880631.0,Close
2025-07-10,GOOGL,130.71101852840826,872260.0,Close
2025-07-11,GOOGL,131.06147518017477,592489.0,Close
2025-07-14,GOOGL,130.46463555468168,758015.0,Close
2025-07-15,GOOGL,129.05324163991594,940348.0,Close
2025-07-16,GOOGL,129.12366895185892,799444.0,Close
2025-07-17,GOOGL,127.8478101206834,538704.0,Close
2025-07-18,GOOGL,127.67903085555622,739203.0,Close
2025-07-21,GOOGL,128.74115024837516,711822.0,Close
2025-07-22,GOOGL,127.82147610852498,865099.0,Close
2025-07-23,GOOGL,127.4292473636974,827499.0,Close
2025-07-24,GOOGL,127.04817224689802,712680.0,Close
2025-07-25,GOOGL,126.35118463517938,709606.0,Close
2025-07-28,GOOGL,125.36233791127238,834605.0,Close
2025-07-29,GOOGL,127.23156094302952,1114586.0,Close
2025-07-30,GOOGL,123.041022193034,954707.0,Close
2025-07-31,GOOGL,126.7631048111446,1335918.0,Close
2025-08-01,GOOGL,127.1526319893925,1133107.0,Close
2025-08-04,GOOGL,128.6830301750228,1297327.0,Close
2025-08-05,GOOGL,130.51153775188894,1256290.0,Close
2025-08-06,GOOGL,128.8328408066626,1326543.0,Close
2025-08-07,GOOGL,126.67367729323516,593892.0,Close
2025-08-08,GOOGL,124.26855685465732,1025782.0,Close
2025-08-11,GOOGL,123.7523007252795,1166155.0,Close
2025-08-12,GOOGL,125.45026288016778,1266017.0,Close
2025-08-13,GOOGL,124.13121874665724,654208.0,Close
2025-08-14,GOOGL,125.62036030073328,1008437.0,Close
2025-08-15,GOOGL,120.06579335905872,925845.0,Close
2025-08-18,GOOGL,119.2528764022464,1419148.0,Close
2025-08-19,GOOGL,121.94320446629024,562778.0,Close
2025-08-20,GOOGL,121.61189726487844,639647.0,Close
2025-08-21,GOOGL,119.76951153629332,485336.0,Close
2025-08-22,GOOGL,118.34485603446588,864398.0,Close
2025-08-25,GOOGL,111.63631828582926,1844183.0,Close
2025-08-26,GOOGL,109.55986978414184,832624.0,Close
2025-08-27,GOOGL,111.80408682421628,874395.0,Close
2025-08-28,GOOGL,110.63097343821411,972285.0,Close
2025-08-29,GOOGL,109.71688861456524,790909.0,Close
2025-09-01,GOOGL,104.94036443613432,1008426.0,Close
2025-09-02,GOOGL,101.76133783813448,980668.0,Close
2025-09-03,GOOGL,104.10110178343773,662898.0,Close
2025-09-04,GOOGL,105.36836268741158,805320.0,Close
2025-09-05,GOOGL,102.83996710082788,1070284.0,Close
2025-09-08,GOOGL,101.66772284429706,1092018.0,Close
2025-09-09,GOOGL,101.66382614221936,1179978.0,Close
2025-09-10,GOOGL,99.41888411591388,942334.0,Close
2025-09-11,GOOGL,95.70604920457284,988821.0,Close
2025-09-12,GOOGL,95.4672879544,1008377.0,Close
2025-09-15,GOOGL,96.54886180560727,691302.0,Close
2025-09-16,GOOGL,97.67779496647516,683570.0,Close
2025-09-17,GOOGL,99.34280026056534,809178.0,Close
2025-09-18,GOOGL,96.47836716730971,592317.0,Close
2025-09-19,GOOGL,96.63335940052218,907291.0,Close
2025-09-22,GOOGL,96.19287673884362,1109752.0,Close
2025-09-23,GOOGL,96.08371167784246,648052.0,Close
2025-09-24,GOOGL,95.7485907654314,920152.0,Close
2025-09-25,GOOGL,94.60314332142734,685471.0,Close
2025-09-26,GOOGL,89.2587218136389,688951.0,Close
2025-09-29,GOOGL,91.2634356342994,1580442.0,Close
2025-09-30,GOOGL,91.87911892441308,603624.0,Close
2025-10-01,GOOGL,89.35011216382625,589416.0,Close
2025-10-02,GOOGL,90.19448422585742,876517.0,Close
2025-10-03,GOOGL,89.47862739778576,886847.0,Close
2025-10-06,GOOGL,88.81634100050519,997964.0,Close
2025-10-07,GOOGL,87.57268574591282,1517930.0,Close
2025-10-08,GOOGL,88.50579944726758,653218.0,Close
2025-10-09,GOOGL,87.21398094964053,701282.0,Close
2025-10-10,GOOGL,85.45170237865386,1373448.0,Close
2025-10-13,GOOGL,87.32235093683781,1128822.0,Close
2025-10-14,GOOGL,87.07205721360903,1024717.0,Close
2025-10-15,GOOGL,86.87411892606727,674129.0,Close
2025-10-16,GOOGL,88.05502683325187,1165986.0,Close
2025-10-17,GOOGL,86.98974419061572,1053835.0,Close
2025-10-20,GOOGL,86.26506415420701,867080.0,Close
2025-10-21,GOOGL,86.8074704230574,683204.0,Close
2025-10-22,GOOGL,84.32445088863898,895983.0,Close
2025-10-23,GOOGL,84.71987159964516,1328893.0,Close
2025-10-24,GOOGL,83.5539068494767,599354.0,Close
2025-10-27,GOOGL,84.94696256245062,660140.0,Close
2025-10-28,GOOGL,85.86771611622282,683512.0,Close
2025-10-29,GOOGL,86.58415492823411,724195.0,Close
2025-10-30,GOOGL,84.00026084872103,866627.0,Close
2025-10-31,GOOGL,83.87926730649852,1070058.0,Close
2025-11-03,GOOGL,82.05692915651396,977649.0,Close
2025-11-04,GOOGL,82.04186180409334,814348.0,Close
2025-11-05,GOOGL,78.49579125810605,981034.0,Close
2025-11-06,GOOGL,76.25132556010075,1046369.0,Close
2025-11-07,GOOGL,78.00308363330377,515802.0,Close
2025-11-10,GOOGL,78.58686789279625,1126944.0,Close
2025-11-11,GOOGL,78.10192283256558,635241.0,Close
2025-11-12,GOOGL,76.80126438180956,734569.0,Close
2025-11-13,GOOGL,75.26764087823678,938137.0,Close
2025-11-14,GOOGL,75.59081454248319,791367.0,Close
2025-11-17,GOOGL,75.13889868841851,941468.0,Close
2025-11-18,GOOGL,77.37268545551574,908291.0,Close
2025-11-19,GOOGL,77.14231327970703,739281.0,Close
2025-11-20,GOOGL,77.26743504298994,1270374.0,Close
2025-11-21,GOOGL,75.28042762175208,1064565.0,Close
2025-11-24,GOOGL,74.80609755071193,891537.0,Close
2025-11-25,GOOGL,75.09455640893262,995100.0,Close
2025-11-26,GOOGL,74.6042524440908,659436.0,Close
2025-11-27,GOOGL,73.95812398679399,1574460.0,Close
2025-11-28,GOOGL,74.4527581162025,588254.0,Close
2025-12-01,GOOGL,76.6213894395003,899024.0,Close
2025-12-02,GOOGL,76.87050044470925,740528.0,Close
2025-12-03,GOOGL,78.57136134422856,773194.0,Close
2025-12-04,GOOGL,79.53423375256557,723002.0,Close
2025-12-05,GOOGL,81.20414060422168,673950.0,Close
2025-12-08,GOOGL,80.31050354992873,1179174.0,Close
2025-12-09,GOOGL,80.0377604683228,562455.0,Close
2025-12-10,GOOGL,79.77222399589702,1084157.0,Close
2025-12-11,GOOGL,80.63630594469345,1002373.0,Close
2025-12-12,GOOGL,81.88466439384524,745992.0,Close
2025-12-15,GOOGL,82.12008573695387,945728.0,Close
2025-12-16,GOOGL,83.52217504686158,801246.0,Close
2025-12-17,GOOGL,82.67621672566723,591828.0,Close
2025-12-18,GOOGL,84.10134308569826,605997.0,Close
2025-12-19,GOOGL,85.75824782502734,1030337.0,Close
2025-12-22,GOOGL,86.89974005303367,996064.0,Close
2025-12-23,GOOGL,87.16454014040893,867216.0,Close
2025-12-24,GOOGL,88.38374116797698,740433.0,Close
2025-12-25,GOOGL,86.9364634495828,791882.0,Close
2025-12-26,GOOGL,87.3067937609829,734080.0,Close
2025-12-29,GOOGL,87.84716624507881,481978.0,Close
2025-12-30,GOOGL,85.68597658067385,874078.0,Close
2025-12-31,GOOGL,86.4980731869856,961368.0,Close
2026-01-01,GOOGL,84.50192754881,872017.0,Close
2026-01-02,GOOGL,83.86219688979162,1389623.0,Close
2026-01-05,GOOGL,83.96818329985895,593478.0,Close
2026-01-06,GOOGL,82.85217798362441,681538.0,Close
2026-01-07,GOOGL,83.02386209966572,836886.0,Close
2026-01-08,GOOGL,83.17081358750731,864379.0,Close
2026-01-09,GOOGL,81.92487946527656,472096.0,Close
2026-01-12,GOOGL,82.84585630745514,989860.0,Close
2026-01-13,GOOGL,81.6924667784197,896948.0,Close
2026-01-14,GOOGL,85.2650721886328,478685.0,Close
2026-01-15,GOOGL,85.1324585462121,775282.0,Close
2026-01-16,GOOGL,83.29249841274063,667705.0,Close
2026-01-19,GOOGL,81.78645381441629,735398.0,Close
2026-01-20,GOOGL,83.60133044925833,570552.0,Close
2026-01-21,GOOGL,82.99805455605377,925060.0,Close
2026-01-22,GOOGL,80.90246615105528,1458454.0,Close
2026-01-23,GOOGL,82.24862615037739,908508.0,Close
2026-01-26,GOOGL,81.64513347718396,427324.0,Close
2026-01-27,GOOGL,82.69474478976045,904250.0,Close
2026-01-28,GOOGL,84.19858976679993,794977.0,Close
2026-01-29,GOOGL,84.67829672141328,584191.0,Close
2026-01-30,GOOGL,88.55412551614447,1010642.0,Close
2026-02-02,GOOGL,85.7144160128034,1140665.0,Close
2026-02-03,GOOGL,84.43399085556561,683261.0,Close
2026-02-04,GOOGL,84.06905547961568,494401.0,Close
2026-02-05,GOOGL,87.70303347701956,493743.0,Close
2026-02-06,GOOGL,90.72675745419122,722201.0,Close
2026-02-09,GOOGL,92.98186118979504,819630.0,Close
2026-02-10,GOOGL,91.6347216509656,714319.0,Close
2026-02-11,GOOGL,90.508946991055,675055.0,Close
2026-02-12,GOOGL,89.13875991798132,990659.0,Close
2026-02-13,GOOGL,87.8653119363015,957570.0,Close
2026-02-16,GOOGL,90.3879071017704,921574.0,Close
2026-02-17,GOOGL,90.01803936878753,1033527.0,Close
2026-02-18,GOOGL,89.87459963317559,659487.0,Close
2026-02-19,GOOGL,91.23537606970568,601627.0,Close
2026-02-20,GOOGL,88.41518439862725,746628.0,Close
2026-02-23,GOOGL,88.54844466729011,672301.0,Close
2026-02-24,GOOGL,86.75913945934379,458084.0,Close
2026-02-25,GOOGL,86.32111537215737,688797.0,Close
2026-02-26,GOOGL,85.40915861087889,1148535.0,Close
2026-02-27,GOOGL,84.42365087621685,1051393.0,Close
2026-03-02,GOOGL,84.82668566926803,948954.0,Close
2026-03-03,GOOGL,85.2246447381743,843067.0,Close
2026-03-04,GOOGL,84.91445629229655,1247772.0,Close
2026-03-05,GOOGL,85.55258251371554,594564.0,Close
2026-03-06,GOOGL,84.19269699569412,626858.0,Close
2026-03-09,GOOGL,85.31985477821344,1164738.0,Close
2026-03-10,GOOGL,85.03127347117226,814002.0,Close
2026-03-11,GOOGL,84.29799543924601,670332.0,Close
2026-03-12,GOOGL,83.07565850269837,984116.0,Close
2026-03-13,GOOGL,82.73943121777236,709183.0,Close
2026-03-16,GOOGL,85.70555283335695,688472.0,Close
2026-03-17,GOOGL,85.64699396442545,617715.0,Close
2026-03-18,GOOGL,83.83941857925103,935837.0,Close
2026-03-19,GOOGL,85.3375575344943,895650.0,Close
2026-03-20,GOOGL,84.6205554702586,1291427.0,Close
2026-03-23,GOOGL,85.11752507062344,745476.0,Close
2026-03-24,GOOGL,84.18734883386644,752724.0,Close
2026-03-25,GOOGL,86.26731785208047,1322100.0,Close
2026-03-26,GOOGL,85.34885858638609,1108452.0,Close
2026-03-27,GOOGL,87.64629206900698,902090.0,Close
2026-03-30,GOOGL,85.95404320718882,529318.0,Close
2026-03-31,GOOGL,85.52253319368563,635859.0,Close
2026-04-01,GOOGL,87.82809533168898,629627.0,Close
2026-04-02,GOOGL,88.1521398767244,816910.0,Close
2026-04-03,GOOGL,91.97975250288334,775518.0,Close
2026-04-06,GOOGL,91.55928504267568,1310387.0,Close
2026-04-07,GOOGL,92.05079839591832,506807.0,Close
2026-04-08,GOOGL,95.41072983969237,625840.0,Close
2026-04-09,GOOGL,92.7311058395805,932498.0,Close
2026-04-10,GOOGL,89.90983418945382,1019799.0,Close
2026-04-13,GOOGL,88.60485181159443,383778.0,Close
2026-04-14,GOOGL,90.01165539186603,497449.0,Close
2026-04-15,GOOGL,87.32055766233889,804643.0,Close
2026-04-16,GOOGL,88.35014912931457,1242847.0,Close
2026-04-17,GOOGL,89.27448420445738,1452175.0,Close
2026-04-20,GOOGL,92.71730041460106,787381.0,Close
2026-04-21,GOOGL,94.59592489377609,805450.0,Close
2026-04-22,GOOGL,95.2949521354258,635525.0,Close
2026-04-23,GOOGL,97.79040659938732,1042288.0,Close
2026-04-24,GOOGL,98.83603872992543,1304687.0,Close
2026-04-27,GOOGL,98.0277627217577,1193481.0,Close
2026-04-28,GOOGL,95.95851735449696,842427.0,Close
2026-04-29,GOOGL,94.97565920077228,640526.0,Close
2026-04-30,GOOGL,94.9524607497275,801734.0,Close
2026-05-01,GOOGL,95.31506688877808,1223184.0,Close
2026-05-04,GOOGL,91.51953280550204,793361.0,Close
2026-05-05,GOOGL,91.18688305496208,468624.0,Close
2026-05-06,GOOGL,91.28287023070855,719629.0,Close
2026-05-07,GOOGL,92.2738069531514,758942.0,Close
2026-05-08,GOOGL,95.1567048469566,506127.0,Close
2026-05-11,GOOGL,95.53920762358236,867125.0,Close
2026-05-12,GOOGL,93.94668094138407,976703.0,Close
2026-05-13,GOOGL,90.76840584748876,1537970.0,Close
2026-05-14,GOOGL,91.992900020587,557546.0,Close
2026-05-15,GOOGL,90.5298219719308,1042473.0,Close
2026-05-18,GOOGL,92.0586181368682,1122211.0,Close
2026-05-19,GOOGL,94.53590457069768,1009396.0,Close
2026-05-20,GOOGL,91.82700627937623,641631.0,Close
2026-05-21,GOOGL,92.83487357038123,599744.0,Close
2026-05-22,GOOGL,95.14927114907938,884365.0,Close
2026-05-25,GOOGL,97.02963956293888,869775.0,Close
2026-05-26,GOOGL,93.23697503352965,754939.0,Close
2026-05-27,GOOGL,91.78129617381845,1232562.0,Close
2026-05-28,GOOGL,89.60885459525878,758969.0,Close
2026-05-29,GOOGL,90.54088437187517,466940.0,Close
2026-06-01,GOOGL,91.29422430375205,765878.0,Close
2026-06-02,GOOGL,86.68841165737726,1062737.0,Close
2026-06-03,GOOGL,86.24023707403573,899253.0,Close
2026-06-04,GOOGL,87.5888846155057,924913.0,Close
2026-06-05,GOOGL,87.87862766966214,1263520.0,Close
2026-06-08,GOOGL,88.16649209795446,577626.0,Close
2026-06-09,GOOGL,87.60381672948826,717259.0,Close
2026-06-10,GOOGL,85.89636863912162,1344702.0,Close
2026-06-11,GOOGL,85.91273637911415,443169.0,Close
2026-06-12,GOOGL,86.04132850000313,789940.0,Close
2026-06-15,GOOGL,87.08542623374413,1197533.0,Close
2026-06-16,GOOGL,88.2758455527979,1197487.0,Close
2026-06-17,GOOGL,88.46428358426091,980442.0,Close
2026-06-18,GOOGL,90.33932470530551,1044051.0,Close
2026-06-19,GOOGL,89.74583515785042,596330.0,Close
2026-06-22,GOOGL,87.34380908556267,1303453.0,Close
2026-06-23,GOOGL,88.17569228182207,573489.0,Close
2026-06-24,GOOGL,88.43140479058317,572563.0,Close
2026-06-25,GOOGL,89.30685168508029,924464.0,Close
2026-06-26,GOOGL,87.21951469044879,737635.0,Close
2026-06-29,GOOGL,90.21469545363333,937904.0,Close
2026-06-30,GOOGL,91.47175281212007,947444.0,Close
2026-07-01,GOOGL,91.02102565043388,1382561.0,Close
2026-07-02,GOOGL,89.45929657602385,957088.0,Close
2026-07-03,GOOGL,91.32542374169122,705372.0,Close
2026-07-06,GOOGL,89.47155412915876,1038620.0,Close
2026-07-07,GOOGL,93.33938442346266,703453.0,Close
2026-07-08,GOOGL,92.30605649311886,1085943.0,Close
2026-07-09,GOOGL,95.35334983251204,895524.0,Close
2026-07-10,GOOGL,95.06996362493872,909254.0,Close
2026-07-13,GOOGL,97.95751445454069,511114.0,Close
2026-07-14,GOOGL,96.6479334556764,423132.0,Close
2026-07-15,GOOGL,96.73187728585287,510688.0,Close
2026-07-16,GOOGL,98.25195879112545,1412875.0,Close
2026-07-17,GOOGL,99.53113198408118,588427.0,Close
2026-07-20,GOOGL,101.65174534869448,1059165.0,Close
2026-07-21,GOOGL,100.76782540285134,676387.0,Close
2026-07-22,GOOGL,100.98092496988023,748372.0,Close
2026-07-23,GOOGL,103.41402876749773,845527.0,Close
2026-07-24,GOOGL,102.08934882712684,1358895.0,Close
2026-07-27,GOOGL,103.24581556331816,984719.0,Close
2026-07-28,GOOGL,102.87132412553184,906796.0,Close
2026-07-29,GOOGL,103.32413069676264,1194775.0,Close
2026-07-30,GOOGL,103.54213236534936,665099.0,Close
2026-07-31,GOOGL,102.05341754768264,1148621.0,Close
2026-08-03,GOOGL,101.60318475181032,1061167.0,Close
2026-08-04,GOOGL,101.93344518111282,1053907.0,Close
2026-08-05,GOOGL,101.78791355597386,766132.0,Close
2026-08-06,GOOGL,104.86410522448342,764466.0,Close
2026-08-07,GOOGL,106.91846730153516,651806.0,Close
2026-08-10,GOOGL,107.55895614500696,638577.0,Close
2026-08-11,GOOGL,106.06356074944624,632287.0,Close
2026-08-12,GOOGL,104.46698707782492,932443.0,Close
2026-08-13,GOOGL,108.41561505892024,830889.0,Close
2026-08-14,GOOGL,106.40299700044372,960257.0,Close
2026-08-17,GOOGL,106.68640495021202,932537.0,Close
2026-08-18,GOOGL,107.4685256659186,594317.0,Close
2026-08-19,GOOGL,106.89161940549556,585596.0,Close
2026-08-20,GOOGL,104.922803296845,787427.0,Close
2026-08-21,GOOGL,103.42094938630642,660564.0,Close
2022-01-03,JNJ,365.62302441633744,2829326.0,Close
2022-01-04,JNJ,361.8358918189341,2173028.0,Close
2022-01-05,JNJ,372.82034286498055,2835003.0,Close
2022-01-06,JNJ,371.8808524014895,3089734.0,Close
2022-01-07,JNJ,383.8333628303192,2106015.0,Close
2022-01-10,JNJ,396.8010756108542,1848099.0,Close
2022-01-11,JNJ,416.0048124217702,2455589.0,Close
2022-01-12,JNJ,428.8539315511099,2023647.0,Close
2022-01-13,JNJ,445.2191792338469,3775878.0,Close
2022-01-14,JNJ,447.6646001223143,1972679.0,Close
2022-01-17,JNJ,449.4268349764226,2431263.0,Close
2022-01-18,JNJ,451.6763410203656,3182905.0,Close
2022-01-19,JNJ,451.7976112843785,3430602.0,Close
2022-01-20,JNJ,453.0050104981751,2505607.0,Close
2022-01-21,JNJ,458.6015917645379,2717357.0,Close
2022-01-24,JNJ,455.2915156815118,1758222.0,Close
2022-01-25,JNJ,445.3344631948807,3381912.0,Close
2022-01-26,JNJ,448.0556783626036,3473631.0,Close
2022-01-27,JNJ,443.1874529072458,1375679.0,Close
2022-01-28,JNJ,439.1094306235453,4071829.0,Close
2022-01-31,JNJ,438.2196110342288,1903779.0,Close
2022-02-01,JNJ,435.7162826090906,2838738.0,Close
2022-02-02,JNJ,443.6048455993759,2519693.0,Close
2022-02-03,JNJ,442.5349203722632,2309601.0,Close
2022-02-04,JNJ,450.90538454112885,2319184.0,Close
2022-02-07,JNJ,452.5187125982751,1752224.0,Close
2022-02-08,JNJ,451.99601409748817,2741721.0,Close
2022-02-09,JNJ,453.26609681673455,2160974.0,Close
2022-02-10,JNJ,443.9796841890689,1673303.0,Close
2022-02-11,JNJ,446.5103987014889,1740952.0,Close
2022-02-14,JNJ,452.722766280306,1650595.0,Close
2022-02-15,JNJ,460.05212724596686,2091804.0,Close
2022-02-16,JNJ,450.1791047811473,2874567.0,Close
2022-02-17,JNJ,439.3112968578632,2022963.0,Close
2022-02-18,JNJ,435.6392374469012,3207133.0,Close
2022-02-21,JNJ,445.44882912545967,2405079.0,Close
2022-02-22,JNJ,447.14971040367067,2165273.0,Close
2022-02-23,JNJ,441.7029238113497,2432450.0,Close
2022-02-24,JNJ,431.5084803433029,3794195.0,Close
2022-02-25,JNJ,426.8811701772124,1597181.0,Close
2022-02-28,JNJ,421.84003595323054,3973720.0,Close
2022-03-01,JNJ,428.29502191087965,3257335.0,Close
2022-03-02,JNJ,435.37821284696184,2434895.0,Close
2022-03-03,JNJ,428.1494395450562,3495566.0,Close
2022-03-04,JNJ,433.4457128634695,2198278.0,Close
2022-03-07,JNJ,438.0942159284804,2625702.0,Close
2022-03-08,JNJ,429.90673543883935,2096155.0,Close
2022-03-09,JNJ,429.4426954176936,3130377.0,Close
2022-03-10,JNJ,431.9094754291482,1921079.0,Close
2022-03-11,JNJ,433.157921640595,2319153.0,Close
2022-03-14,JNJ,421.3676763016496,3096321.0,Close
2022-03-15,JNJ,422.3686212578293,3220498.0,Close
2022-03-16,JNJ,426.7999695370663,1882539.0,Close
2022-03-17,JNJ,437.74741609681183,3152049.0,Close
2022-03-18,JNJ,433.160108549216,1793800.0,Close
2022-03-21,JNJ,429.47936381130114,1256150.0,Close
2022-03-22,JNJ,428.1527878099324,1882842.0,Close
2022-03-23,JNJ,430.2708820491512,3043804.0,Close
2022-03-24,JNJ,431.05676014753607,2339126.0,Close
2022-03-25,JNJ,435.3579064529994,2048225.0,Close
2022-03-28,JNJ,427.60279478780376,2500978.0,Close
2022-03-29,JNJ,430.4440232220759,2397521.0,Close
2022-03-30,JNJ,425.4253882208161,2912254.0,Close
2022-03-31,JNJ,424.5593286546941,1448536.0,Close
2022-04-01,JNJ,436.3254141032723,2452572.0,Close
2022-04-04,JNJ,426.6385793661204,2585037.0,Close
2022-04-05,JNJ,424.8367624555035,1569814.0,Close
2022-04-06,JNJ,416.2487492369151,1637433.0,Close
2022-04-07,JNJ,417.3839204906709,2110054.0,Close
2022-04-08,JNJ,424.5260249460567,2461069.0,Close
2022-04-11,JNJ,425.7969225455829,2364420.0,Close
2022-04-12,JNJ,425.11223134088414,1985530.0,Close
2022-04-13,JNJ,434.3004584726764,2078410.0,Close
2022-04-14,JNJ,436.7231380784993,2108594.0,Close
2022-04-15,JNJ,442.5914462485103,2656620.0,Close
2022-04-18,JNJ,447.79676200200726,3511485.0,Close
2022-04-19,JNJ,427.2200731242678,1364792.0,Close
2022-04-20,JNJ,426.8080172367517,2822909.0,Close
2022-04-21,JNJ,419.5283197157751,2373901.0,Close
2022-04-22,JNJ,414.04976519147215,2840907.0,Close
2022-04-25,JNJ,423.9715090787406,3571775.0,Close
2022-04-26,JNJ,421.53143495783297,1893749.0,Close
2022-04-27,JNJ,434.4637068947199,3384868.0,Close
2022-04-28,JNJ,424.7522600460973,1710303.0,Close
2022-04-29,JNJ,417.4694289440628,2550825.0,Close
2022-05-02,JNJ,422.6952022969757,2252607.0,Close
2022-05-03,JNJ,420.4895679246847,2404627.0,Close
2022-05-04,JNJ,422.6786145045049,1762555.0,Close
2022-05-05,JNJ,422.028883910839,2674183.0,Close
2022-05-06,JNJ,421.17487695358983,3780728.0,Close
2022-05-09,JNJ,419.2285039267611,1768602.0,Close
2022-05-10,JNJ,420.5498187386724,2494985.0,Close
2022-05-11,JNJ,424.9983972840744,3114227.0,Close
2022-05-12,JNJ,436.1374848207644,2304000.0,Close
2022-05-13,JNJ,434.8348756565953,3543150.0,Close
2022-05-16,JNJ,432.20068820654745,2089828.0,Close
2022-05-17,JNJ,428.68777396301783,2309846.0,Close
2022-05-18,JNJ,438.9272030199615,1857511.0,Close
2022-05-19,JNJ,443.9135712309364,2507956.0,Close
2022-05-20,JNJ,430.48599836226646,2549113.0,Close
2022-05-23,JNJ,417.1596112518889,3088098.0,Close
2022-05-24,JNJ,411.7070222300425,2004870.0,Close
2022-05-25,JNJ,413.33973201635246,1925539.0,Close
2022-05-26,JNJ,413.22798829002306,2684612.0,Close
2022-05-27,JNJ,416.75674494684927,3641629.0,Close
2022-05-30,JNJ,415.6932986994643,2841429.0,Close
2022-05-31,JNJ,425.1389640366677,4341183.0,Close
2022-06-01,JNJ,430.52742373687573,2863054.0,Close
2022-06-02,JNJ,431.1792732302396,2740931.0,Close
2022-06-03,JNJ,439.2302542921996,3023059.0,Close
2022-06-06,JNJ,427.7097439780813,3936033.0,Close
2022-06-07,JNJ,427.2394429399522,3395810.0,Close
2022-06-08,JNJ,428.297792610168,1698794.0,Close
2022-06-09,JNJ,432.555776393336,3057328.0,Close
2022-06-10,JNJ,420.7497742641238,2735423.0,Close
2022-06-13,JNJ,419.10169684077624,2228770.0,Close
2022-06-14,JNJ,421.91073159679695,1399349.0,Close
2022-06-15,JNJ,425.2586062407575,1505998.0,Close
2022-06-16,JNJ,433.4777778956738,2214444.0,Close
2022-06-17,JNJ,438.8980513830954,1561156.0,Close
2022-06-20,JNJ,438.5863247658838,2110615.0,Close
2022-06-21,JNJ,443.4606307350781,2989415.0,Close
2022-06-22,JNJ,442.1443366242258,1978930.0,Close
2022-06-23,JNJ,443.3054109259718,2412983.0,Close
2022-06-24,JNJ,449.0857618322793,1760089.0,Close
2022-06-27,JNJ,448.8789798958135,2557393.0,Close
2022-06-28,JNJ,451.61010290170026,2769057.0,Close
2022-06-29,JNJ,458.7070682242923,1595464.0,Close
2022-06-30,JNJ,464.0791247599264,1928886.0,Close
2022-07-01,JNJ,473.4016427655538,1692735.0,Close
2022-07-04,JNJ,491.24104370681073,3027832.0,Close
2022-07-05,JNJ,496.9211999239345,2537757.0,Close
2022-07-06,JNJ,493.37067689813017,2349666.0,Close
2022-07-07,JNJ,497.5603800900758,2304008.0,Close
2022-07-08,JNJ,501.4418263799432,2632573.0,Close
2022-07-11,JNJ,506.5194375656521,2666480.0,Close
2022-07-12,JNJ,518.8232897703671,2158999.0,Close
2022-07-13,JNJ,504.9216382784812,2084680.0,Close
2022-07-14,JNJ,517.3393906675733,2463209.0,Close
2022-07-15,JNJ,532.8605692908274,2404256.0,Close
2022-07-18,JNJ,537.8672442959734,4454792.0,Close
2022-07-19,JNJ,543.1289503538608,2141989.0,Close
2022-07-20,JNJ,541.1652609815596,2574527.0,Close
2022-07-21,JNJ,541.3650106127685,2688175.0,Close
2022-07-22,JNJ,547.5814597678823,3676657.0,Close
2022-07-25,JNJ,553.3026310869935,1887939.0,Close
2022-07-26,JNJ,559.8584975599936,3613949.0,Close
2022-07-27,JNJ,565.6460107112911,2303202.0,Close
2022-07-28,JNJ,573.9631345988332,5163154.0,Close
2022-07-29,JNJ,581.3719568503739,2704054.0,Close
2022-08-01,JNJ,571.9579065520963,1693394.0,Close
2022-08-02,JNJ,579.7601243535904,2290887.0,Close
2022-08-03,JNJ,597.2301562250765,3801528.0,Close
2022-08-04,JNJ,597.1343743504452,2393894.0,Close
2022-08-05,JNJ,611.6821828443154,2461155.0,Close
2022-08-08,JNJ,602.8295681888021,3022785.0,Close
2022-08-09,JNJ,602.7025114706823,2106675.0,Close
2022-08-10,JNJ,596.6542041404584,2257865.0,Close
2022-08-11,JNJ,610.0373143059805,1877046.0,Close
2022-08-12,JNJ,626.2816234034541,4235405.0,Close
2022-08-15,JNJ,625.4508624123424,1624445.0,Close
2022-08-16,JNJ,637.387800651925,2597358.0,Close
2022-08-17,JNJ,654.4643682937802,2913197.0,Close
2022-08-18,JNJ,654.2932356948163,2327202.0,Close
2022-08-19,JNJ,655.8324439076944,1614220.0,Close
2022-08-22,JNJ,663.7391534439819,1792978.0,Close
2022-08-23,JNJ,654.9304763735096,2839917.0,Close
2022-08-24,JNJ,656.2643426624934,1859124.0,Close
2022-08-25,JNJ,679.0367405118268,1384589.0,Close
2022-08-26,JNJ,673.7624913923174,2683457.0,Close
2022-08-29,JNJ,683.1868550564984,1872615.0,Close
2022-08-30,JNJ,689.1200107390873,2895228.0,Close
2022-08-31,JNJ,687.4908810736508,2213464.0,Close
2022-09-01,JNJ,690.1234734258356,2191216.0,Close
2022-09-02,JNJ,709.7439758446612,2574095.0,Close
2022-09-05,JNJ,716.2475506635423,1704972.0,Close
2022-09-06,JNJ,724.6087374788347,1886576.0,Close
2022-09-07,JNJ,743.4426392508348,2328177.0,Close
2022-09-08,JNJ,740.1840852297705,1678228.0,Close
2022-09-09,JNJ,727.930014917099,3036166.0,Close
2022-09-12,JNJ,748.8093397302804,2312458.0,Close
2022-09-13,JNJ,750.6523577936118,1522728.0,Close
2022-09-14,JNJ,761.6320031360898,2061047.0,Close
2022-09-15,JNJ,752.5058128127163,2493419.0,Close
2022-09-16,JNJ,757.4051806508905,2082345.0,Close
2022-09-19,JNJ,744.2572510350759,2769563.0,Close
2022-09-20,JNJ,745.2186291635996,2784467.0,Close
2022-09-21,JNJ,737.6591172632969,4945442.0,Close
2022-09-22,JNJ,727.4531756810001,3434391.0,Close
2022-09-23,JNJ,724.1044155803625,1448868.0,Close
2022-09-26,JNJ,697.612972756532,2325762.0,Close
2022-09-27,JNJ,684.797098269385,2274212.0,Close
2022-09-28,JNJ,693.5899890669274,2881458.0,Close
2022-09-29,JNJ,697.650374165624,1795551.0,Close
2022-09-30,JNJ,685.7947327084546,2092431.0,Close
2022-10-03,JNJ,692.0157799640239,1651204.0,Close
2022-10-04,JNJ,682.4351272397912,2029912.0,Close
2022-10-05,JNJ,690.5347871620626,2041072.0,Close
2022-10-06,JNJ,689.4363396112125,2135791.0,Close
2022-10-07,JNJ,686.0188521149593,1659946.0,Close
2022-10-10,JNJ,685.1984997952633,3146110.0,Close
2022-10-11,JNJ,713.5634394366524,3024377.0,Close
2022-10-12,JNJ,705.0536757908714,1565932.0,Close
2022-10-13,JNJ,707.8090761686383,2380775.0,Close
2022-10-14,JNJ,716.8855532690733,1516113.0,Close
2022-10-17,JNJ,705.9906360219228,3651867.0,Close
2022-10-18,JNJ,688.0932680555949,4077604.0,Close
2022-10-19,JNJ,681.6309815648716,2360898.0,Close
2022-10-20,JNJ,690.1318334757093,1875575.0,Close
2022-10-21,JNJ,686.5236999497786,1943052.0,Close
2022-10-24,JNJ,684.1578276876027,2058836.0,Close
2022-10-25,JNJ,694.3536202960248,2362375.0,Close
2022-10-26,JNJ,685.5424979482442,3656408.0,Close
2022-10-27,JNJ,684.748143667019,3120923.0,Close
2022-10-28,JNJ,668.2741342554997,3350029.0,Close
2022-10-31,JNJ,671.8969416769526,2497485.0,Close
2022-11-01,JNJ,674.5545963676401,1671449.0,Close
2022-11-02,JNJ,683.3582088065547,1925849.0,Close
2022-11-03,JNJ,670.965038984536,2507216.0,Close
2022-11-04,JNJ,669.0756276068962,1642238.0,Close
2022-11-07,JNJ,655.5092416266813,2713457.0,Close
2022-11-08,JNJ,653.0922411377766,3005716.0,Close
2022-11-09,JNJ,668.8176660184137,2948590.0,Close
2022-11-10,JNJ,665.5493536171678,2756849.0,Close
2022-11-11,JNJ,651.1192178017924,1420643.0,Close
2022-11-14,JNJ,644.179899936881,3594687.0,Close
2022-11-15,JNJ,627.6766728505886,1571152.0,Close
2022-11-16,JNJ,614.7751889002135,2367868.0,Close
2022-11-17,JNJ,621.5682156614063,2904184.0,Close
2022-11-18,JNJ,607.2889881791082,2779316.0,Close
2022-11-21,JNJ,610.4993077321811,1616659.0,Close
2022-11-22,JNJ,610.9151493485253,1682905.0,Close
2022-11-23,JNJ,605.8606431867557,2608088.0,Close
2022-11-24,JNJ,608.2360939899268,2753644.0,Close
2022-11-25,JNJ,599.2342983578009,1749375.0,Close
2022-11-28,JNJ,607.4911829098761,2735356.0,Close
2022-11-29,JNJ,600.8366188102501,1530707.0,Close
2022-11-30,JNJ,597.2670134275587,2866125.0,Close
2022-12-01,JNJ,592.5766637617692,1833288.0,Close
2022-12-02,JNJ,599.3004376586398,2473429.0,Close
2022-12-05,JNJ,604.7038413015706,2336018.0,Close
2022-12-06,JNJ,579.390483868226,3722799.0,Close
2022-12-07,JNJ,581.9125310408805,2543628.0,Close
2022-12-08,JNJ,565.7548823423208,2113317.0,Close
2022-12-09,JNJ,562.8032117097626,2641604.0,Close
2022-12-12,JNJ,561.9754611166009,4459803.0,Close
2022-12-13,JNJ,558.9465534157906,2962563.0,Close
2022-12-14,JNJ,563.5942933820221,2351062.0,Close
2022-12-15,JNJ,570.2663675356168,1882862.0,Close
2022-12-16,JNJ,563.3311477382757,2011468.0,Close
2022-12-19,JNJ,556.1513925075499,2972783.0,Close
2022-12-20,JNJ,555.9787037461003,1791706.0,Close
2022-12-21,JNJ,542.335645198064,2508832.0,Close
2022-12-22,JNJ,538.3239384318751,3673748.0,Close
2022-12-23,JNJ,550.1292838780885,2603382.0,Close
2022-12-26,JNJ,536.9606597716449,1810475.0,Close
2022-12-27,JNJ,534.1696067772867,4557643.0,Close
2022-12-28,JNJ,529.2284201874988,4071800.0,Close
2022-12-29,JNJ,546.4231761019754,2978260.0,Close
2022-12-30,JNJ,541.8466482678882,3509665.0,Close
2023-01-02,JNJ,537.8138926222837,2203322.0,Close
2023-01-03,JNJ,529.0497197818204,3043611.0,Close
2023-01-04,JNJ,529.2704828327088,2058890.0,Close
2023-01-05,JNJ,531.7097936700272,1576307.0,Close
2023-01-06,JNJ,524.2835136758778,5294143.0,Close
2023-01-09,JNJ,532.7534835786745,1605354.0,Close
2023-01-10,JNJ,535.2165219739945,2588348.0,Close
2023-01-11,JNJ,542.6863783359809,2650526.0,Close
2023-01-12,JNJ,539.9700507900967,2766780.0,Close
2023-01-13,JNJ,542.224550154013,2301407.0,Close
2023-01-16,JNJ,540.5128730184455,2301656.0,Close
2023-01-17,JNJ,553.3181874609605,2606902.0,Close
2023-01-18,JNJ,554.4999333049665,2713733.0,Close
2023-01-19,JNJ,554.7262565252103,2336506.0,Close
2023-01-20,JNJ,550.7899063094213,2336220.0,Close
2023-01-23,JNJ,546.3706134490342,1608706.0,Close
2023-01-24,JNJ,548.6038799098684,4324388.0,Close
2023-01-25,JNJ,555.9757334953672,2852537.0,Close
2023-01-26,JNJ,550.0086087806116,2565980.0,Close
2023-01-27,JNJ,551.27445260116,1949394.0,Close
2023-01-30,JNJ,553.0533701098038,1744604.0,Close
2023-01-31,JNJ,556.3860974995966,3076802.0,Close
2023-02-01,JNJ,541.2688915455678,2406993.0,Close
2023-02-02,JNJ,533.3706502520622,2936277.0,Close
2023-02-03,JNJ,521.8069978696539,1657559.0,Close
2023-02-06,JNJ,522.2223098806209,3722589.0,Close
2023-02-07,JNJ,514.8013770680451,3190375.0,Close
2023-02-08,JNJ,510.8339920123694,2331509.0,Close
2023-02-09,JNJ,501.16724478925386,2839089.0,Close
2023-02-10,JNJ,498.0539249576083,2970541.0,Close
2023-02-13,JNJ,489.1906644600794,1646900.0,Close
2023-02-14,JNJ,495.2793060003033,4006768.0,Close
2023-02-15,JNJ,499.22580390028264,2763726.0,Close
2023-02-16,JNJ,500.56449349265534,1905529.0,Close
2023-02-17,JNJ,498.26969081431815,1703457.0,Close
2023-02-20,JNJ,482.0877864339228,3445528.0,Close
2023-02-21,JNJ,478.6671544926338,2540571.0,Close
2023-02-22,JNJ,472.9382783838903,2795564.0,Close
2023-02-23,JNJ,474.9439864327344,2383619.0,Close
2023-02-24,JNJ,479.8005707618432,1781348.0,Close
2023-02-27,JNJ,482.4318102993162,2764560.0,Close
2023-02-28,JNJ,492.35220651616675,2336325.0,Close
2023-03-01,JNJ,487.98761305777487,2381469.0,Close
2023-03-02,JNJ,483.33658940360567,4900174.0,Close
2023-03-03,JNJ,491.5268268422787,3184465.0,Close
2023-03-06,JNJ,492.9711434911754,3110502.0,Close
2023-03-07,JNJ,491.14638868966273,5339748.0,Close
2023-03-08,JNJ,505.850980740184,2855825.0,Close
2023-03-09,JNJ,510.6823986430013,2489646.0,Close
2023-03-10,JNJ,509.25536116667934,1920458.0,Close
2023-03-13,JNJ,503.7783246849087,2104268.0,Close
2023-03-14,JNJ,514.6515160264125,1345259.0,Close
2023-03-15,JNJ,516.5010370737484,2991660.0,Close
2023-03-16,JNJ,516.8426783807646,1599809.0,Close
2023-03-17,JNJ,522.5975190140216,3163430.0,Close
2023-03-20,JNJ,530.1279734823343,2404618.0,Close
2023-03-21,JNJ,534.9539281975719,2492633.0,Close
2023-03-22,JNJ,542.695853975294,2405524.0,Close
2023-03-23,JNJ,546.777277332537,3618688.0,Close
2023-03-24,JNJ,551.7989088722682,3448675.0,Close
2023-03-27,JNJ,545.4591620924034,2394555.0,Close
2023-03-28,JNJ,561.4728355922311,1939997.0,Close
2023-03-29,JNJ,550.4923810936352,3261404.0,Close
2023-03-30,JNJ,553.3763520123368,1770390.0,Close
2023-03-31,JNJ,541.637532899949,1557708.0,Close
2023-04-03,JNJ,540.9283421399068,2722099.0,Close
2023-04-04,JNJ,536.10723439756,3455309.0,Close
2023-04-05,JNJ,537.4201381369925,2082923.0,Close
2023-04-06,JNJ,540.5152537185269,2681733.0,Close
2023-04-07,JNJ,532.3535369880902,2154545.0,Close
2023-04-10,JNJ,532.2443126526305,2901394.0,Close
2023-04-11,JNJ,544.3063034012172,3463442.0,Close
2023-04-12,JNJ,532.9741940013848,2292639.0,Close
2023-04-13,JNJ,525.8023114071777,1784739.0,Close
2023-04-14,JNJ,533.2155968182688,1571917.0,Close
2023-04-17,JNJ,534.0227368577765,3096323.0,Close
2023-04-18,JNJ,535.4626787209728,1673747.0,Close
2023-04-19,JNJ,544.4021826916367,2741365.0,Close
2023-04-20,JNJ,537.6012720359385,3058707.0,Close
2023-04-21,JNJ,533.2586725276144,2057582.0,Close
2023-04-24,JNJ,527.8945418495067,2288384.0,Close
2023-04-25,JNJ,525.0820244067835,3201271.0,Close
2023-04-26,JNJ,536.5247873910636,1951988.0,Close
2023-04-27,JNJ,522.0025380341725,1921560.0,Close
2023-04-28,JNJ,512.1249609176692,2299922.0,Close
2023-05-01,JNJ,501.0232507714349,3648652.0,Close
2023-05-02,JNJ,512.4422605338985,4044409.0,Close
2023-05-03,JNJ,507.5200823683922,2332059.0,Close
2023-05-04,JNJ,504.9916961204778,1913964.0,Close
2023-05-05,JNJ,492.0244465355794,3460537.0,Close
2023-05-08,JNJ,490.0815384091427,1431848.0,Close
2023-05-09,JNJ,497.0366132633716,2622046.0,Close
2023-05-10,JNJ,499.1899094009805,2334311.0,Close
2023-05-11,JNJ,498.45820538035696,3457390.0,Close
2023-05-12,JNJ,486.05719792056425,3813189.0,Close
2023-05-15,JNJ,483.6257511954524,1786244.0,Close
2023-05-16,JNJ,484.8968502996293,2474740.0,Close
2023-05-17,JNJ,477.2984238526014,2060061.0,Close
2023-05-18,JNJ,482.4489354430436,2207454.0,Close
2023-05-19,JNJ,489.4394750993774,2932177.0,Close
2023-05-22,JNJ,485.41266483337745,2163857.0,Close
2023-05-23,JNJ,491.2040854775254,2563370.0,Close
2023-05-24,JNJ,490.46928291352054,3125635.0,Close
2023-05-25,JNJ,499.6415023203707,3884957.0,Close
2023-05-26,JNJ,516.1068653018847,2797869.0,Close
2023-05-29,JNJ,507.1747724145775,2544476.0,Close
2023-05-30,JNJ,513.5815925315651,1738439.0,Close
2023-05-31,JNJ,524.4885391028364,3996749.0,Close
2023-06-01,JNJ,516.4479099664712,2833898.0,Close
2023-06-02,JNJ,511.81322801284614,2497804.0,Close
2023-06-05,JNJ,507.1275615643166,2461048.0,Close
2023-06-06,JNJ,506.1811710883063,2616289.0,Close
2023-06-07,JNJ,503.41794596754136,2991454.0,Close
2023-06-08,JNJ,501.94859241650835,3081330.0,Close
2023-06-09,JNJ,508.84193490631935,3941621.0,Close
2023-06-12,JNJ,493.4767405060283,2738753.0,Close
2023-06-13,JNJ,485.88605646520017,4134438.0,Close
2023-06-14,JNJ,491.24664105870016,3313009.0,Close
2023-06-15,JNJ,495.74158522252645,2356126.0,Close
2023-06-16,JNJ,487.4417430410688,1487017.0,Close
2023-06-19,JNJ,491.9561199963325,2462191.0,Close
2023-06-20,JNJ,502.5769500396081,3968060.0,Close
2023-06-21,JNJ,502.3154493625056,1853283.0,Close
2023-06-22,JNJ,494.3138233508649,2507781.0,Close
2023-06-23,JNJ,501.3959423062263,2559027.0,Close
2023-06-26,JNJ,515.4125607675735,3357343.0,Close
2023-06-27,JNJ,508.2112467568274,2165596.0,Close
2023-06-28,JNJ,508.6677389638992,1803725.0,Close
2023-06-29,JNJ,517.7145233046543,2918179.0,Close
2023-06-30,JNJ,518.8126964750298,1880063.0,Close
2023-07-03,JNJ,504.3845679384743,1458572.0,Close
2023-07-04,JNJ,508.11337727168666,4145509.0,Close
2023-07-05,JNJ,500.2574195205639,3226593.0,Close
2023-07-06,JNJ,490.17632577262617,4356604.0,Close
2023-07-07,JNJ,476.69854758217537,3285252.0,Close
2023-07-10,JNJ,485.9446886757052,3030253.0,Close
2023-07-11,JNJ,479.5566899312183,2711542.0,Close
2023-07-12,JNJ,482.2536614962723,2245437.0,Close
2023-07-13,JNJ,486.86918406965304,2800835.0,Close
2023-07-14,JNJ,488.26541136387107,1994862.0,Close
2023-07-17,JNJ,490.7228999047718,1719779.0,Close
2023-07-18,JNJ,493.85889879553025,2153944.0,Close
2023-07-19,JNJ,495.0869224408668,3465503.0,Close
2023-07-20,JNJ,489.1718467289673,1671082.0,Close
2023-07-21,JNJ,482.6264584753296,1686035.0,Close
2023-07-24,JNJ,481.94138772232185,2800002.0,Close
2023-07-25,JNJ,481.0932449065649,2072426.0,Close
2023-07-26,JNJ,484.54087892358024,2759080.0,Close
2023-07-27,JNJ,493.248057879486,3311636.0,Close
2023-07-28,JNJ,496.10579972522254,2728275.0,Close
2023-07-31,JNJ,489.774180210743,2005468.0,Close
2023-08-01,JNJ,472.7390469151823,3789031.0,Close
2023-08-02,JNJ,467.02429412248654,3022966.0,Close
2023-08-03,JNJ,457.0593079008012,2504459.0,Close
2023-08-04,JNJ,451.8173421593472,2399670.0,Close
2023-08-07,JNJ,453.6971961033478,2644760.0,Close
2023-08-08,JNJ,454.4338029193467,2136655.0,Close
2023-08-09,JNJ,468.12436415268775,1560713.0,Close
2023-08-10,JNJ,471.88347316541496,2994658.0,Close
2023-08-11,JNJ,486.4863745094815,3139234.0,Close
2023-08-14,JNJ,492.20701597555217,1212067.0,Close
2023-08-15,JNJ,500.9258545865314,2866117.0,Close
2023-08-16,JNJ,498.17089860946294,4020023.0,Close
2023-08-17,JNJ,489.7025655362536,1749666.0,Close
2023-08-18,JNJ,486.3006663308898,2331745.0,Close
2023-08-21,JNJ,486.33799363841393,2211373.0,Close
2023-08-22,JNJ,481.55902959861055,3955689.0,Close
2023-08-23,JNJ,473.9408062860576,3423386.0,Close
2023-08-24,JNJ,477.2421237069505,1831499.0,Close
2023-08-25,JNJ,469.65956460596715,2710620.0,Close
2023-08-28,JNJ,458.21195753872104,4999574.0,Close
2023-08-29,JNJ,450.0725709412406,2039050.0,Close
2023-08-30,JNJ,448.4980461360636,2351544.0,Close
2023-08-31,JNJ,441.4765235940629,2851735.0,Close
2023-09-01,JNJ,439.97651976005585,1964235.0,Close
2023-09-04,JNJ,444.3393524577669,4080638.0,Close
2023-09-05,JNJ,448.559795403842,2083968.0,Close
2023-09-06,JNJ,443.9165944208872,1587006.0,Close
2023-09-07,JNJ,434.73390884711375,2118463.0,Close
2023-09-08,JNJ,430.8290283270596,2916762.0,Close
2023-09-11,JNJ,435.4833077397657,1897279.0,Close
2023-09-12,JNJ,441.8222143115691,2668134.0,Close
2023-09-13,JNJ,444.44579649046455,2813419.0,Close
2023-09-14,JNJ,453.14512213611266,1720059.0,Close
2023-09-15,JNJ,465.857710397376,2137581.0,Close
2023-09-18,JNJ,462.3649315061985,2650935.0,Close
2023-09-19,JNJ,473.5334238557965,3091517.0,Close
2023-09-20,JNJ,471.6775076247749,2009794.0,Close
2023-09-21,JNJ,479.53352635172473,2565794.0,Close
2023-09-22,JNJ,485.1218061008965,2219231.0,Close
2023-09-25,JNJ,469.8395199847931,3179221.0,Close
2023-09-26,JNJ,462.6703043555768,2853544.0,Close
2023-09-27,JNJ,453.7141897222272,2208651.0,Close
2023-09-28,JNJ,440.8430852333607,2924688.0,Close
2023-09-29,JNJ,447.19001082935085,2152185.0,Close
2023-10-02,JNJ,462.175653846381,2947568.0,Close
2023-10-03,JNJ,460.385618844551,2720780.0,Close
2023-10-04,JNJ,466.8277828771449,4955082.0,Close
2023-10-05,JNJ,478.0895386659708,2263636.0,Close
2023-10-06,JNJ,479.8179192625343,2262306.0,Close
2023-10-09,JNJ,479.751096401672,1923653.0,Close
2023-10-10,JNJ,477.9853814412572,1731714.0,Close
2023-10-11,JNJ,482.2421037469451,2090505.0,Close
2023-10-12,JNJ,489.14925272133536,2973024.0,Close
2023-10-13,JNJ,492.9099568487957,2980286.0,Close
2023-10-16,JNJ,496.4275665440904,2606127.0,Close
2023-10-17,JNJ,496.1519042176426,2140229.0,Close
2023-10-18,JNJ,483.58448920717086,2166702.0,Close
2023-10-19,JNJ,490.68976581711365,1851625.0,Close
2023-10-20,JNJ,480.69185740727806,2096443.0,Close
2023-10-23,JNJ,485.6047335746223,1631729.0,Close
2023-10-24,JNJ,491.6317963996224,3639672.0,Close
2023-10-25,JNJ,482.7538266483702,4271143.0,Close
2023-10-26,JNJ,478.1680079171229,1343554.0,Close
2023-10-27,JNJ,494.5966967474362,2809079.0,Close
2023-10-30,JNJ,494.0972954611315,2541641.0,Close
2023-10-31,JNJ,484.54136372017007,2630096.0,Close
2023-11-01,JNJ,490.90671412198213,2031569.0,Close
2023-11-02,JNJ,484.94285283493247,3288823.0,Close
2023-11-03,JNJ,470.1067523368769,2883287.0,Close
2023-11-06,JNJ,474.15892750659066,3266584.0,Close
2023-11-07,JNJ,467.3017900587746,1952664.0,Close
2023-11-08,JNJ,469.8386222112513,1567023.0,Close
2023-11-09,JNJ,463.8286037618968,2762419.0,Close
2023-11-10,JNJ,469.2236668854349,1810122.0,Close
2023-11-13,JNJ,470.7327526489102,3234777.0,Close
2023-11-14,JNJ,451.2733069430492,1386662.0,Close
2023-11-15,JNJ,454.16419422507585,2067731.0,Close
2023-11-16,JNJ,452.17122325113695,1966549.0,Close
2023-11-17,JNJ,462.58598959735417,2259358.0,Close
2023-11-20,JNJ,465.6474315903703,2575304.0,Close
2023-11-21,JNJ,471.429946784027,2727611.0,Close
2023-11-22,JNJ,466.1733970777911,2923562.0,Close
2023-11-23,JNJ,460.37972567081266,3037638.0,Close
2023-11-24,JNJ,460.3131222600716,2218773.0,Close
2023-11-27,JNJ,457.76884823348365,4468421.0,Close
2023-11-28,JNJ,467.73357025124983,3771095.0,Close
2023-11-29,JNJ,466.70633305188295,2140305.0,Close
2023-11-30,JNJ,457.6455891389917,2371507.0,Close
2023-12-01,JNJ,451.6820334488782,2195504.0,Close
2023-12-04,JNJ,458.80729124557985,2727013.0,Close
2023-12-05,JNJ,457.6968966013145,1757040.0,Close
2023-12-06,JNJ,456.1960452066441,1860613.0,Close
2023-12-07,JNJ,464.0899222239974,1281942.0,Close
2023-12-08,JNJ,457.3922304163441,2161418.0,Close
2023-12-11,JNJ,441.0863505229525,3557341.0,Close
2023-12-12,JNJ,435.1593562345729,2320698.0,Close
2023-12-13,JNJ,436.96858821391754,2296819.0,Close
2023-12-14,JNJ,435.33348547453267,2566618.0,Close
2023-12-15,JNJ,424.5341117386034,1857235.0,Close
2023-12-18,JNJ,431.57908507975526,2469827.0,Close
2023-12-19,JNJ,432.8283899981006,3076288.0,Close
2023-12-20,JNJ,435.6498188587527,2609905.0,Close
2023-12-21,JNJ,438.7038230186211,3197087.0,Close
2023-12-22,JNJ,429.6671566338438,3622553.0,Close
2023-12-25,JNJ,431.87326784316974,2892268.0,Close
2023-12-26,JNJ,438.286330210822,1969052.0,Close
2023-12-27,JNJ,446.4345943959622,2223341.0,Close
2023-12-28,JNJ,451.7281946676595,4316216.0,Close
2023-12-29,JNJ,455.5737544319685,2631218.0,Close
2024-01-01,JNJ,442.97658625264296,2669676.0,Close
2024-01-02,JNJ,442.9887699157643,1804119.0,Close
2024-01-03,JNJ,436.29797859562,2374660.0,Close
2024-01-04,JNJ,445.4038257910157,3075970.0,Close
2024-01-05,JNJ,453.61333625375534,2475028.0,Close
2024-01-08,JNJ,446.8061408916424,2087987.0,Close
2024-01-09,JNJ,446.59554511457833,2145076.0,Close
2024-01-10,JNJ,448.4983993579128,3381188.0,Close
2024-01-11,JNJ,455.1103186487576,2979005.0,Close
2024-01-12,JNJ,442.9779421919951,2959817.0,Close
2024-01-15,JNJ,427.36782608422345,2946850.0,Close
2024-01-16,JNJ,427.7441234452785,1641658.0,Close
2024-01-17,JNJ,410.4589969361606,2840866.0,Close
2024-01-18,JNJ,411.61468421070106,3243950.0,Close
2024-01-19,JNJ,415.64180077177025,2222494.0,Close
2024-01-22,JNJ,424.0087188350036,3319597.0,Close
2024-01-23,JNJ,419.8803200765253,2830171.0,Close
2024-01-24,JNJ,421.0801387220717,3018669.0,Close
2024-01-25,JNJ,425.601121440479,2447240.0,Close
2024-01-26,JNJ,417.6742105904059,3216597.0,Close
2024-01-29,JNJ,423.92940704370346,1572273.0,Close
2024-01-30,JNJ,425.9116626657422,2391335.0,Close
2024-01-31,JNJ,421.8819180616332,2973892.0,Close
2024-02-01,JNJ,422.95322007713384,2571417.0,Close
2024-02-02,JNJ,422.1193750853352,3262723.0,Close
2024-02-05,JNJ,427.52357332218264,2312980.0,Close
2024-02-06,JNJ,425.16160787839016,2014115.0,Close
2024-02-07,JNJ,426.82680337461625,1444751.0,Close
2024-02-08,JNJ,422.6821912603572,2214004.0,Close
2024-02-09,JNJ,416.42533171426066,2847641.0,Close
2024-02-12,JNJ,417.6845429415504,2960361.0,Close
2024-02-13,JNJ,411.7773503892461,1599634.0,Close
2024-02-14,JNJ,417.1848322820244,3452904.0,Close
2024-02-15,JNJ,421.26661150325776,1794240.0,Close
2024-02-16,JNJ,416.1999658866793,2332823.0,Close
2024-02-19,JNJ,417.741045201685,1990488.0,Close
2024-02-20,JNJ,412.686021460449,2742341.0,Close
2024-02-21,JNJ,402.15745618292135,2585580.0,Close
2024-02-22,JNJ,398.40558848640904,2941654.0,Close
2024-02-23,JNJ,398.1900296252357,4066332.0,Close
2024-02-26,JNJ,401.6327931626148,2699161.0,Close
2024-02-27,JNJ,402.70494784331333,1979710.0,Close
2024-02-28,JNJ,408.6863069475325,2800767.0,Close
2024-02-29,JNJ,402.3521120189369,4379646.0,Close
2024-03-01,JNJ,400.0242255360862,2892405.0,Close
2024-03-04,JNJ,410.70123093465986,3349176.0,Close
2024-03-05,JNJ,398.06677635586647,1581195.0,Close
2024-03-06,JNJ,395.28230496677907,2677301.0,Close
2024-03-07,JNJ,388.5821126462828,2264090.0,Close
2024-03-08,JNJ,387.4659584849902,1920375.0,Close
2024-03-11,JNJ,384.8646407763311,2366054.0,Close
2024-03-12,JNJ,388.6915632284331,2484229.0,Close
2024-03-13,JNJ,390.3914915697393,1961472.0,Close
2024-03-14,JNJ,382.3054915811639,2624264.0,Close
2024-03-15,JNJ,378.7945069855495,2277573.0,Close
2024-03-18,JNJ,378.8951181633957,2884946.0,Close
2024-03-19,JNJ,383.49817724724903,2591010.0,Close
2024-03-20,JNJ,398.59373191968905,2922313.0,Close
2024-03-21,JNJ,403.20177397253593,3241022.0,Close
2024-03-22,JNJ,396.7495698518427,2890285.0,Close
2024-03-25,JNJ,396.2573963874805,2339336.0,Close
2024-03-26,JNJ,397.5157533063984,1260341.0,Close
2024-03-27,JNJ,394.3043717951545,2790005.0,Close
2024-03-28,JNJ,397.3894426881213,1817754.0,Close
2024-03-29,JNJ,382.9914757922952,2522598.0,Close
2024-04-01,JNJ,386.4981754187757,2681536.0,Close
2024-04-02,JNJ,383.6428805044328,3560167.0,Close
2024-04-03,JNJ,383.0691928756515,4076142.0,Close
2024-04-04,JNJ,392.19400134368226,1897686.0,Close
2024-04-05,JNJ,384.34859561669066,1667789.0,Close
2024-04-08,JNJ,386.1357508148626,2610512.0,Close
2024-04-09,JNJ,391.1651896645683,2609184.0,Close
2024-04-10,JNJ,392.3404980627145,1642778.0,Close
2024-04-11,JNJ,382.2687079855385,2502246.0,Close
2024-04-12,JNJ,390.6660344310225,2977431.0,Close
2024-04-15,JNJ,389.4437307992919,1629503.0,Close
2024-04-16,JNJ,386.2465576559685,1775235.0,Close
2024-04-17,JNJ,384.4228271068607,1951885.0,Close
2024-04-18,JNJ,382.1650199952032,2229475.0,Close
2024-04-19,JNJ,374.9583185124196,3038001.0,Close
2024-04-22,JNJ,376.0524801053971,2135605.0,Close
2024-04-23,JNJ,372.544107491159,2440437.0,Close
2024-04-24,JNJ,376.6599842895818,4732426.0,Close
2024-04-25,JNJ,379.8935185377388,1797709.0,Close
2024-04-26,JNJ,389.9190791951767,2071501.0,Close
2024-04-29,JNJ,388.6973639207501,2888567.0,Close
2024-04-30,JNJ,383.7842412983427,3259617.0,Close
2024-05-01,JNJ,374.82292906944264,2829566.0,Close
2024-05-02,JNJ,388.133801957432,4445551.0,Close
2024-05-03,JNJ,392.3671520398159,2652259.0,Close
2024-05-06,JNJ,388.10642177977127,1332697.0,Close
2024-05-07,JNJ,398.7695991174431,2602000.0,Close
2024-05-08,JNJ,407.5663480125863,2097538.0,Close
2024-05-09,JNJ,398.825576934944,3763974.0,Close
2024-05-10,JNJ,394.103428615725,3229313.0,Close
2024-05-13,JNJ,393.3708516081218,1457367.0,Close
2024-05-14,JNJ,386.7119646683593,3678884.0,Close
2024-05-15,JNJ,386.21525237551896,3106927.0,Close
2024-05-16,JNJ,390.737076128734,2192759.0,Close
2024-05-17,JNJ,382.2192013798165,2429764.0,Close
2024-05-20,JNJ,384.12102076009705,3598251.0,Close
2024-05-21,JNJ,391.4362751200425,1366270.0,Close
2024-05-22,JNJ,394.0583689091218,2722346.0,Close
2024-05-23,JNJ,393.6849619194343,3250600.0,Close
2024-05-24,JNJ,389.5637616660427,2345001.0,Close
2024-05-27,JNJ,394.86896857538096,2951736.0,Close
2024-05-28,JNJ,387.5068357089514,2543013.0,Close
2024-05-29,JNJ,389.1223218562883,1868611.0,Close
2024-05-30,JNJ,389.3859535001853,1835468.0,Close
2024-05-31,JNJ,396.5331276943019,3050053.0,Close
2024-06-03,JNJ,392.9259736831193,1982166.0,Close
2024-06-04,JNJ,389.88840016546584,1512147.0,Close
2024-06-05,JNJ,382.212239782233,2565320.0,Close
2024-06-06,JNJ,385.0001844084657,2045619.0,Close
2024-06-07,JNJ,382.481194674345,1661438.0,Close
2024-06-10,JNJ,377.28510415389815,2482955.0,Close
2024-06-11,JNJ,372.73711423514817,3045564.0,Close
2024-06-12,JNJ,376.05382735691165,2411786.0,Close
2024-06-13,JNJ,369.48941845293893,1784518.0,Close
2024-06-14,JNJ,363.56680172603063,2827764.0,Close
2024-06-17,JNJ,368.90075004252145,3325425.0,Close
2024-06-18,JNJ,368.0146837315827,4567967.0,Close
2024-06-19,JNJ,373.7632874833725,3767185.0,Close
2024-06-20,JNJ,371.7049670518965,1755505.0,Close
2024-06-21,JNJ,371.7976693780167,3022701.0,Close
2024-06-24,JNJ,372.8309212066848,2542729.0,Close
2024-06-25,JNJ,381.241934287142,1764444.0,Close
2024-06-26,JNJ,389.3439440319232,2704512.0,Close
2024-06-27,JNJ,396.66318615061186,4386119.0,Close
2024-06-28,JNJ,392.7611981715224,3441204.0,Close
2024-07-01,JNJ,386.6380817783328,1803361.0,Close
2024-07-02,JNJ,391.46822922464304,2432418.0,Close
2024-07-03,JNJ,400.23347976469336,2887793.0,Close
2024-07-04,JNJ,407.8190567234817,1468597.0,Close
2024-07-05,JNJ,408.0136593604069,1406040.0,Close
2024-07-08,JNJ,412.89459623766345,2533560.0,Close
2024-07-09,JNJ,417.9505564734165,2545577.0,Close
2024-07-10,JNJ,419.0626637959014,1355653.0,Close
2024-07-11,JNJ,420.4701908182184,2649566.0,Close
2024-07-12,JNJ,421.24612453150667,3253033.0,Close
2024-07-15,JNJ,416.0241590815794,2268235.0,Close
2024-07-16,JNJ,411.54910379822746,2453908.0,Close
2024-07-17,JNJ,407.0200913168813,2863036.0,Close
2024-07-18,JNJ,396.6692762786133,2866835.0,Close
2024-07-19,JNJ,397.6859843552068,1426253.0,Close
2024-07-22,JNJ,397.5330797648212,1781747.0,Close
2024-07-23,JNJ,402.506825987106,2151293.0,Close
2024-07-24,JNJ,410.7686875831017,1914557.0,Close
2024-07-25,JNJ,419.6197830931643,3860158.0,Close
2024-07-26,JNJ,429.2965841773205,3019874.0,Close
2024-07-29,JNJ,424.1887784109356,1733482.0,Close
2024-07-30,JNJ,414.54156650641096,2338895.0,Close
2024-07-31,JNJ,420.8524034067925,3427237.0,Close
2024-08-01,JNJ,430.311927340287,2053121.0,Close
2024-08-02,JNJ,441.1862569479684,3243099.0,Close
2024-08-05,JNJ,444.74262276665667,3621278.0,Close
2024-08-06,JNJ,430.5919613880982,3683960.0,Close
2024-08-07,JNJ,433.2368663548283,2510191.0,Close
2024-08-08,JNJ,437.2195676506791,3492056.0,Close
2024-08-09,JNJ,446.13322558450847,2118420.0,Close
2024-08-12,JNJ,456.5014784842881,5265311.0,Close
2024-08-13,JNJ,463.2962439005915,2621949.0,Close
2024-08-14,JNJ,459.0480383335416,3384321.0,Close
2024-08-15,JNJ,451.5795812129427,2196862.0,Close
2024-08-16,JNJ,455.57503860219293,2784308.0,Close
2024-08-19,JNJ,449.8959009352509,2851178.0,Close
2024-08-20,JNJ,460.6805978588376,1894158.0,Close
2024-08-21,JNJ,448.1854891547174,1893966.0,Close
2024-08-22,JNJ,452.3880428482088,2257751.0,Close
2024-08-23,JNJ,454.83189396667495,3305720.0,Close
2024-08-26,JNJ,453.44235808301573,1360256.0,Close
2024-08-27,JNJ,446.8228940965079,2185809.0,Close
2024-08-28,JNJ,432.1388226800956,3799872.0,Close
2024-08-29,JNJ,428.5641429967352,1653431.0,Close
2024-08-30,JNJ,425.13986247465846,3482797.0,Close
2024-09-02,JNJ,432.84851518226134,1755245.0,Close
2024-09-03,JNJ,427.5191738847586,1839118.0,Close
2024-09-04,JNJ,430.74398624006295,2284594.0,Close
2024-09-05,JNJ,421.91477970323746,4347895.0,Close
2024-09-06,JNJ,425.2836092944502,1973182.0,Close
2024-09-09,JNJ,410.1051418573303,1536960.0,Close
2024-09-10,JNJ,424.0228408243805,1689364.0,Close
2024-09-11,JNJ,423.1750787662288,3106642.0,Close
2024-09-12,JNJ,404.2856112542512,1763375.0,Close
2024-09-13,JNJ,399.7309049129955,3447354.0,Close
2024-09-16,JNJ,394.2131919372386,2483059.0,Close
2024-09-17,JNJ,390.1642742743596,2383677.0,Close
2024-09-18,JNJ,387.98249503658354,2595569.0,Close
2024-09-19,JNJ,383.9551835715776,1893387.0,Close
2024-09-20,JNJ,379.02079311854413,2527345.0,Close
2024-09-23,JNJ,372.06521497742995,1722279.0,Close
2024-09-24,JNJ,377.0779987688441,3641037.0,Close
2024-09-25,JNJ,384.4568855767285,1816364.0,Close
2024-09-26,JNJ,382.9870033978119,2694053.0,Close
2024-09-27,JNJ,382.9809083725787,1711894.0,Close
2024-09-30,JNJ,376.15175566113845,2096207.0,Close
2024-10-01,JNJ,376.6816499422623,2096031.0,Close
2024-10-02,JNJ,378.174359628164,5778827.0,Close
2024-10-03,JNJ,376.94225355896594,2347547.0,Close
2024-10-04,JNJ,379.4421487243285,1861197.0,Close
2024-10-07,JNJ,381.4259276497084,2075442.0,Close
2024-10-08,JNJ,375.0669751563,1561084.0,Close
2024-10-09,JNJ,382.3577623181605,2353306.0,Close
2024-10-10,JNJ,381.1842344770343,4106083.0,Close
2024-10-11,JNJ,391.5495219823412,2793262.0,Close
2024-10-14,JNJ,394.2994715012822,3126297.0,Close
2024-10-15,JNJ,406.8928085511971,1947397.0,Close
2024-10-16,JNJ,414.68600465655743,2322964.0,Close
2024-10-17,JNJ,416.3108318146751,2511386.0,Close
2024-10-18,JNJ,411.5848091664405,1942305.0,Close
2024-10-21,JNJ,407.054893745099,2719545.0,Close
2024-10-22,JNJ,410.6503457859788,2882794.0,Close
2024-10-23,JNJ,411.70464522248534,2769052.0,Close
2024-10-24,JNJ,407.9179501415468,2293025.0,Close
2024-10-25,JNJ,413.4876495605983,3371631.0,Close
2024-10-28,JNJ,413.8558636591568,2167037.0,Close
2024-10-29,JNJ,419.546207395491,2189673.0,Close
2024-10-30,JNJ,413.0820972523837,3764539.0,Close
2024-10-31,JNJ,419.8269214890774,1757180.0,Close
2024-11-01,JNJ,423.31904665903073,1435818.0,Close
2024-11-04,JNJ,431.5785490375802,1905068.0,Close
2024-11-05,JNJ,438.4725274858875,2748236.0,Close
2024-11-06,JNJ,437.99124665149054,3442999.0,Close
2024-11-07,JNJ,436.9444818745917,1928932.0,Close
2024-11-08,JNJ,449.5805230935738,4373780.0,Close
2024-11-11,JNJ,447.6016184792838,2385135.0,Close
2024-11-12,JNJ,453.1044805232599,2338565.0,Close
2024-11-13,JNJ,450.4488188019273,1841217.0,Close
2024-11-14,JNJ,437.0924714018771,4565837.0,Close
2024-11-15,JNJ,428.5889768040316,2362253.0,Close
2024-11-18,JNJ,431.4992039027654,1597672.0,Close
2024-11-19,JNJ,436.4761194233265,5049532.0,Close
2024-11-20,JNJ,439.46299516829265,2681565.0,Close
2024-11-21,JNJ,447.6729580874633,3133524.0,Close
2024-11-22,JNJ,450.6073056545901,3942911.0,Close
2024-11-25,JNJ,445.1144954756908,2910234.0,Close
2024-11-26,JNJ,449.4843446919487,3220290.0,Close
2024-11-27,JNJ,450.8296190513266,2394595.0,Close
2024-11-28,JNJ,446.7806373594469,2988240.0,Close
2024-11-29,JNJ,450.292523055067,2365615.0,Close
2024-12-02,JNJ,450.98727611426176,2331549.0,Close
2024-12-03,JNJ,446.72351022600225,2488950.0,Close
2024-12-04,JNJ,445.5662086884132,2088979.0,Close
2024-12-05,JNJ,455.80628602364993,2903639.0,Close
2024-12-06,JNJ,466.0423470072752,2897158.0,Close
2024-12-09,JNJ,467.5759930632966,3014629.0,Close
2024-12-10,JNJ,468.13134168854214,2838900.0,Close
2024-12-11,JNJ,457.4765811343432,4545062.0,Close
2024-12-12,JNJ,470.238370743017,3469939.0,Close
2024-12-13,JNJ,478.1950471542334,2305546.0,Close
2024-12-16,JNJ,484.10105989057934,2773975.0,Close
2024-12-17,JNJ,466.5353236397477,3955536.0,Close
2024-12-18,JNJ,466.96690509309275,1760781.0,Close
2024-12-19,JNJ,466.1378765323232,4295477.0,Close
2024-12-20,JNJ,471.3771188257097,1913146.0,Close
2024-12-23,JNJ,468.0868377112047,3122971.0,Close
2024-12-24,JNJ,466.46918912538325,2363804.0,Close
2024-12-25,JNJ,471.2369081555534,2370024.0,Close
2024-12-26,JNJ,465.5051697190171,1637128.0,Close
2024-12-27,JNJ,461.3357192195129,3147926.0,Close
2024-12-30,JNJ,462.8922958125522,1602463.0,Close
2024-12-31,JNJ,472.9720905909534,1613537.0,Close
2025-01-01,JNJ,479.2431464949047,3438016.0,Close
2025-01-02,JNJ,487.6530054892339,4204542.0,Close
2025-01-03,JNJ,488.27960571939,1918707.0,Close
2025-01-06,JNJ,500.1408792915716,3384660.0,Close
2025-01-07,JNJ,486.28114828445973,3211684.0,Close
2025-01-08,JNJ,502.2131525292941,2494968.0,Close
2025-01-09,JNJ,519.7123719401537,3850278.0,Close
2025-01-10,JNJ,523.6647220143291,2273793.0,Close
2025-01-13,JNJ,530.8081151738313,2838701.0,Close
2025-01-14,JNJ,530.625977974418,1604602.0,Close
2025-01-15,JNJ,528.9809980009279,1638738.0,Close
2025-01-16,JNJ,523.929961801574,3410759.0,Close
2025-01-17,JNJ,523.6574727934167,2759084.0,Close
2025-01-20,JNJ,528.4755464217922,2298989.0,Close
2025-01-21,JNJ,532.1826033423134,4225582.0,Close
2025-01-22,JNJ,549.3137261118477,4523838.0,Close
2025-01-23,JNJ,550.3457801503058,2678747.0,Close
2025-01-24,JNJ,537.3264879393587,1615825.0,Close
2025-01-27,JNJ,551.6677296630361,2438844.0,Close
2025-01-28,JNJ,540.9918099551579,1924444.0,Close
2025-01-29,JNJ,536.273609482473,2461226.0,Close
2025-01-30,JNJ,538.7587782257144,1787638.0,Close
2025-01-31,JNJ,542.5145174440527,1664971.0,Close
2025-02-03,JNJ,530.058748788167,1265925.0,Close
2025-02-04,JNJ,523.8424273651442,2541446.0,Close
2025-02-05,JNJ,511.5178427604564,1254267.0,Close
2025-02-06,JNJ,516.7649041516449,2186310.0,Close
2025-02-07,JNJ,526.7298253338008,3042062.0,Close
2025-02-10,JNJ,516.5290257843698,1989380.0,Close
2025-02-11,JNJ,524.9312986884108,1768579.0,Close
2025-02-12,JNJ,532.9229671822706,2392369.0,Close
2025-02-13,JNJ,527.4215232671811,1877415.0,Close
2025-02-14,JNJ,510.75992517514095,2702620.0,Close
2025-02-17,JNJ,502.1042940338176,1799877.0,Close
2025-02-18,JNJ,497.4358624021912,2325979.0,Close
2025-02-19,JNJ,509.8919908640601,2262535.0,Close
2025-02-20,JNJ,509.05907209276035,2338267.0,Close
2025-02-21,JNJ,500.95929207349127,3995438.0,Close
2025-02-24,JNJ,502.28346536564146,2498823.0,Close
2025-02-25,JNJ,491.9627888215472,2883857.0,Close
2025-02-26,JNJ,496.16043407388827,1985390.0,Close
2025-02-27,JNJ,488.4984066867543,2612328.0,Close
2025-02-28,JNJ,482.0940098215737,2234716.0,Close
2025-03-03,JNJ,485.1318237121933,2400320.0,Close
2025-03-04,JNJ,498.90572457289267,3078382.0,Close
2025-03-05,JNJ,516.6587076805605,2224066.0,Close
2025-03-06,JNJ,508.163723126453,2174313.0,Close
2025-03-07,JNJ,503.42793912703627,2074309.0,Close
2025-03-10,JNJ,507.73305485147574,2057709.0,Close
2025-03-11,JNJ,517.4047712996285,2600027.0,Close
2025-03-12,JNJ,499.550542727806,2310098.0,Close
2025-03-13,JNJ,500.385246352738,3677985.0,Close
2025-03-14,JNJ,496.60211668049453,5334285.0,Close
2025-03-17,JNJ,481.3814112615454,2150197.0,Close
2025-03-18,JNJ,471.1667271645922,2712561.0,Close
2025-03-19,JNJ,466.9940250397506,3272656.0,Close
2025-03-20,JNJ,467.5602978391805,2163840.0,Close
2025-03-21,JNJ,475.2594930350649,1818259.0,Close
2025-03-24,JNJ,478.09276512441255,4003450.0,Close
2025-03-25,JNJ,485.5001175232973,3001938.0,Close
2025-03-26,JNJ,485.8384743829902,2574547.0,Close
2025-03-27,JNJ,480.46494517201415,3727647.0,Close
2025-03-28,JNJ,479.174802105652,2965576.0,Close
2025-03-31,JNJ,484.6583785313373,2380600.0,Close
2025-04-01,JNJ,492.82961249231545,1830026.0,Close
2025-04-02,JNJ,491.7903749732876,2026448.0,Close
2025-04-03,JNJ,484.57949471128035,3498984.0,Close
2025-04-04,JNJ,487.32279457960374,2913761.0,Close
2025-04-07,JNJ,491.1961281202468,2260402.0,Close
2025-04-08,JNJ,501.0574364778424,4205660.0,Close
2025-04-09,JNJ,495.7263941066862,2298442.0,Close
2025-04-10,JNJ,490.53942229173407,3238599.0,Close
2025-04-11,JNJ,496.63107041335365,2587177.0,Close
2025-04-14,JNJ,493.512435960235,4248336.0,Close
2025-04-15,JNJ,490.07832625323135,2987845.0,Close
2025-04-16,JNJ,500.08588414295315,2512513.0,Close
2025-04-17,JNJ,489.2023825227412,2357459.0,Close
2025-04-18,JNJ,505.49708596123907,2556424.0,Close
2025-04-21,JNJ,500.6559514613068,1932249.0,Close
2025-04-22,JNJ,507.7627576524913,1615541.0,Close
2025-04-23,JNJ,507.0108538035446,2572894.0,Close
2025-04-24,JNJ,509.3573118372945,2017201.0,Close
2025-04-25,JNJ,507.34268187289007,2011582.0,Close
2025-04-28,JNJ,514.4616438462531,2369217.0,Close
2025-04-29,JNJ,511.72796226609256,2409599.0,Close
2025-04-30,JNJ,507.15351621548257,2402849.0,Close
2025-05-01,JNJ,522.0669568798305,4280238.0,Close
2025-05-02,JNJ,522.4530993686907,2854533.0,Close
2025-05-05,JNJ,516.9201671354842,4533976.0,Close
2025-05-06,JNJ,504.6794992117683,2192212.0,Close
2025-05-07,JNJ,519.943809468002,3221824.0,Close
2025-05-08,JNJ,515.4715514898501,2134924.0,Close
2025-05-09,JNJ,532.6879235234301,2170871.0,Close
2025-05-12,JNJ,536.2445206627491,4533404.0,Close
2025-05-13,JNJ,537.6191936022634,1868609.0,Close
2025-05-14,JNJ,539.2302867610944,1206119.0,Close
2025-05-15,JNJ,558.5755569466465,2091357.0,Close
2025-05-16,JNJ,539.0481043473917,1412295.0,Close
2025-05-19,JNJ,541.0489182345377,1774741.0,Close
2025-05-20,JNJ,538.8879257131408,1826295.0,Close
2025-05-21,JNJ,537.1868084559751,2382113.0,Close
2025-05-22,JNJ,538.6193723443314,1272607.0,Close
2025-05-23,JNJ,536.4589910766679,3382871.0,Close
2025-05-26,JNJ,538.2242471688492,1343221.0,Close
2025-05-27,JNJ,538.1643010232227,2247878.0,Close
2025-05-28,JNJ,526.9488819003632,2251002.0,Close
2025-05-29,JNJ,530.3190777200372,3048313.0,Close
2025-05-30,JNJ,536.5629500677414,2686268.0,Close
2025-06-02,JNJ,532.0327551798501,3417993.0,Close
2025-06-03,JNJ,548.1441973614105,2285301.0,Close
2025-06-04,JNJ,560.0547437251321,2163449.0,Close
2025-06-05,JNJ,567.7997405710366,2752377.0,Close
2025-06-06,JNJ,575.5411546515893,3309597.0,Close
2025-06-09,JNJ,575.9734546070176,2997413.0,Close
2025-06-10,JNJ,586.6913142161053,2715143.0,Close
2025-06-11,JNJ,601.6566484618327,2695312.0,Close
2025-06-12,JNJ,609.6296015824378,2401459.0,Close
2025-06-13,JNJ,604.206080239515,2710942.0,Close
2025-06-16,JNJ,603.9824314242414,4304101.0,Close
2025-06-17,JNJ,609.7117006300005,2232821.0,Close
2025-06-18,JNJ,618.0825866447567,2179277.0,Close
2025-06-19,JNJ,617.4784137963575,2051537.0,Close
2025-06-20,JNJ,612.0195440402462,2693835.0,Close
2025-06-23,JNJ,627.763249644096,1330818.0,Close
2025-06-24,JNJ,617.1140828558753,2356312.0,Close
2025-06-25,JNJ,607.9444986656677,3176511.0,Close
2025-06-26,JNJ,595.1422875480508,2119898.0,Close
2025-06-27,JNJ,586.2779564768178,2579778.0,Close
2025-06-30,JNJ,598.1859267782369,4664253.0,Close
2025-07-01,JNJ,610.657656279862,2740465.0,Close
2025-07-02,JNJ,610.0944152691925,1195988.0,Close
2025-07-03,JNJ,615.1232951189338,1567434.0,Close
2025-07-04,JNJ,615.184002355994,2166197.0,Close
2025-07-07,JNJ,603.5653647864204,1938554.0,Close
2025-07-08,JNJ,625.2396127741251,2667940.0,Close
2025-07-09,JNJ,639.2188776290699,2280800.0,Close
2025-07-10,JNJ,643.0303302116671,3372079.0,Close
2025-07-11,JNJ,634.3585219392745,1751091.0,Close
2025-07-14,JNJ,632.2353293286483,2216034.0,Close
2025-07-15,JNJ,625.3698039437477,2573363.0,Close
2025-07-16,JNJ,626.5176973796496,2600776.0,Close
2025-07-17,JNJ,629.8054492780905,2478466.0,Close
2025-07-18,JNJ,626.5215982166217,1150408.0,Close
2025-07-21,JNJ,612.0467323922501,2559930.0,Close
2025-07-22,JNJ,633.1792663165896,2462837.0,Close
2025-07-23,JNJ,635.7653720428966,3062983.0,Close
2025-07-24,JNJ,640.6000424668395,2966629.0,Close
2025-07-25,JNJ,636.4231848249013,2558966.0,Close
2025-07-28,JNJ,620.619179566716,2756000.0,Close
2025-07-29,JNJ,619.9544526781569,3514513.0,Close
2025-07-30,JNJ,616.9003213322524,3345907.0,Close
2025-07-31,JNJ,624.0989507168116,2624751.0,Close
2025-08-01,JNJ,633.3526491192655,4641903.0,Close
2025-08-04,JNJ,641.3080556177724,2006734.0,Close
2025-08-05,JNJ,651.6639527485662,1715410.0,Close
2025-08-06,JNJ,670.725567768798,2531570.0,Close
2025-08-07,JNJ,675.1067713226375,2128126.0,Close
2025-08-08,JNJ,687.2120037572591,1174416.0,Close
2025-08-11,JNJ,692.8494504898475,1967130.0,Close
2025-08-12,JNJ,671.8808675907934,2823447.0,Close
2025-08-13,JNJ,670.3923127798424,2309877.0,Close
2025-08-14,JNJ,661.2241562115536,1925619.0,Close
2025-08-15,JNJ,663.8600621728442,2393038.0,Close
2025-08-18,JNJ,655.5994586382301,2513182.0,Close
2025-08-19,JNJ,662.1555875909349,2980407.0,Close
2025-08-20,JNJ,672.7710522344486,2018797.0,Close
2025-08-21,JNJ,685.9625549011158,3213283.0,Close
2025-08-22,JNJ,703.9947827305184,1816102.0,Close
2025-08-25,JNJ,685.2230282929596,2168250.0,Close
2025-08-26,JNJ,672.204270932111,4108708.0,Close
2025-08-27,JNJ,704.0094090677975,1961181.0,Close
2025-08-28,JNJ,715.6182248225476,2010999.0,Close
2025-08-29,JNJ,718.390640691351,1621903.0,Close
2025-09-01,JNJ,718.9526391385182,1826026.0,Close
2025-09-02,JNJ,718.4880528803545,2438599.0,Close
2025-09-03,JNJ,696.3543269575227,3152936.0,Close
2025-09-04,JNJ,687.8984242008546,2406487.0,Close
2025-09-05,JNJ,686.8460808912962,2127930.0,Close
2025-09-08,JNJ,679.128886520045,1662458.0,Close
2025-09-09,JNJ,672.9249840259823,1928756.0,Close
2025-09-10,JNJ,700.7732223770402,1650694.0,Close
2025-09-11,JNJ,698.1268678992195,2945302.0,Close
2025-09-12,JNJ,701.4336250178578,3015935.0,Close
2025-09-15,JNJ,704.3549676379163,2335581.0,Close
2025-09-16,JNJ,711.2150628765571,2743442.0,Close
2025-09-17,JNJ,705.95065617336,3104370.0,Close
2025-09-18,JNJ,720.2851897564911,2553521.0,Close
2025-09-19,JNJ,725.6117793034866,3625543.0,Close
2025-09-22,JNJ,710.7976774467835,1822639.0,Close
2025-09-23,JNJ,709.759914841332,2112236.0,Close
2025-09-24,JNJ,707.9863881457925,2044439.0,Close
2025-09-25,JNJ,705.6937714602198,2862849.0,Close
2025-09-26,JNJ,711.6578749265468,1557020.0,Close
2025-09-29,JNJ,719.1067403911447,3718381.0,Close
2025-09-30,JNJ,725.2692067577283,2834581.0,Close
2025-10-01,JNJ,729.4130590938739,4015098.0,Close
2025-10-02,JNJ,730.6119268869462,2318048.0,Close
2025-10-03,JNJ,705.5516757828825,2183275.0,Close
2025-10-06,JNJ,714.5597952534953,2952632.0,Close
2025-10-07,JNJ,720.3583587195775,3258284.0,Close
2025-10-08,JNJ,709.1519696548582,1972428.0,Close
2025-10-09,JNJ,712.5390069644002,1300730.0,Close
2025-10-10,JNJ,720.1483850258868,1393242.0,Close
2025-10-13,JNJ,733.8948041743669,2670001.0,Close
2025-10-14,JNJ,740.1090936949415,3800453.0,Close
2025-10-15,JNJ,744.1318268303851,1606248.0,Close
2025-10-16,JNJ,755.6518949274565,2251655.0,Close
2025-10-17,JNJ,752.1318292129193,2132556.0,Close
2025-10-20,JNJ,757.3125051237106,4240118.0,Close
2025-10-21,JNJ,749.9565712957551,4731820.0,Close
2025-10-22,JNJ,763.5374603640665,2796074.0,Close
2025-10-23,JNJ,743.9916380101807,3291585.0,Close
2025-10-24,JNJ,753.954934823289,3153228.0,Close
2025-10-27,JNJ,754.3711600825532,1592868.0,Close
2025-10-28,JNJ,766.2753972242581,3015572.0,Close
2025-10-29,JNJ,756.8692785014845,1782932.0,Close
2025-10-30,JNJ,758.1661287238443,2229204.0,Close
2025-10-31,JNJ,759.1075872342897,3298994.0,Close
2025-11-03,JNJ,764.6032114631638,2444264.0,Close
2025-11-04,JNJ,751.9369220352088,3411762.0,Close
2025-11-05,JNJ,759.8253873457435,3556385.0,Close
2025-11-06,JNJ,737.4908736964096,1499913.0,Close
2025-11-07,JNJ,729.7736982013264,1253047.0,Close
2025-11-10,JNJ,711.6431321517883,3555484.0,Close
2025-11-11,JNJ,721.3045323332973,3485534.0,Close
2025-11-12,JNJ,726.1352605141466,2572424.0,Close
2025-11-13,JNJ,731.650691017018,2686324.0,Close
2025-11-14,JNJ,749.1665846498706,3271508.0,Close
2025-11-17,JNJ,745.5635488115331,3079064.0,Close
2025-11-18,JNJ,753.0661184432347,2195621.0,Close
2025-11-19,JNJ,754.066495984128,3122739.0,Close
2025-11-20,JNJ,753.2232856637295,2111471.0,Close
2025-11-21,JNJ,769.2396168068533,2672147.0,Close
2025-11-24,JNJ,795.1793835442919,2730139.0,Close
2025-11-25,JNJ,789.8789016711253,1840332.0,Close
2025-11-26,JNJ,800.672257028632,1944991.0,Close
2025-11-27,JNJ,804.9921998634343,4637926.0,Close
2025-11-28,JNJ,809.4906179105058,1816729.0,Close
2025-12-01,JNJ,812.9223728347965,2642179.0,Close
2025-12-02,JNJ,808.7888605457034,2820902.0,Close
2025-12-03,JNJ,762.4131219721223,2692422.0,Close
2025-12-04,JNJ,781.4203969354694,3069613.0,Close
2025-12-05,JNJ,772.90588284556,2661364.0,Close
2025-12-08,JNJ,770.112520913252,1817908.0,Close
2025-12-09,JNJ,767.592398979188,2769848.0,Close
2025-12-10,JNJ,758.1299155591541,2056244.0,Close
2025-12-11,JNJ,761.2594152564976,3984798.0,Close
2025-12-12,JNJ,760.9209829829202,2659261.0,Close
2025-12-15,JNJ,752.3632385627108,1956417.0,Close
2025-12-16,JNJ,754.3695136858637,2608128.0,Close
2025-12-17,JNJ,754.1707077766484,1770588.0,Close
2025-12-18,JNJ,765.6167356101884,2637513.0,Close
2025-12-19,JNJ,749.3311600331449,2321303.0,Close
2025-12-22,JNJ,739.8338747724359,1891243.0,Close
2025-12-23,JNJ,748.6544196790377,1880030.0,Close
2025-12-24,JNJ,741.1584647018647,4993084.0,Close
2025-12-25,JNJ,730.5974572455834,2502412.0,Close
2025-12-26,JNJ,723.8628656551498,2107989.0,Close
2025-12-29,JNJ,722.8819286086722,1955331.0,Close
2025-12-30,JNJ,721.946459215417,2699867.0,Close
2025-12-31,JNJ,719.703846294931,1945862.0,Close
2026-01-01,JNJ,708.0010494440177,1763361.0,Close
2026-01-02,JNJ,716.9865863889781,2400365.0,Close
2026-01-05,JNJ,732.4581377908333,2456442.0,Close
2026-01-06,JNJ,710.1684988890327,2248428.0,Close
2026-01-07,JNJ,692.629873094953,1919497.0,Close
2026-01-08,JNJ,703.9768449175837,2178560.0,Close
2026-01-09,JNJ,721.9230607256883,2183177.0,Close
2026-01-12,JNJ,697.4163795971878,2143520.0,Close
2026-01-13,JNJ,706.7413791210862,2638622.0,Close
2026-01-14,JNJ,725.531271909128,4916443.0,Close
2026-01-15,JNJ,715.670827236024,3623608.0,Close
2026-01-16,JNJ,734.0286768792822,4502759.0,Close
2026-01-19,JNJ,732.1255542016804,1984602.0,Close
2026-01-20,JNJ,736.0229573826256,3920537.0,Close
2026-01-21,JNJ,727.7133282346196,2584338.0,Close
2026-01-22,JNJ,739.6136716245899,3292940.0,Close
2026-01-23,JNJ,749.7288802296282,2788486.0,Close
2026-01-26,JNJ,770.7077389859564,2283263.0,Close
2026-01-27,JNJ,788.7551543432114,3100984.0,Close
2026-01-28,JNJ,788.8501656051543,2701530.0,Close
2026-01-29,JNJ,828.4632031969944,1580668.0,Close
2026-01-30,JNJ,846.6673909061736,2397866.0,Close
2026-02-02,JNJ,854.2476614415242,3114922.0,Close
2026-02-03,JNJ,840.7882787756956,2657508.0,Close
2026-02-04,JNJ,820.341418134973,2884169.0,Close
2026-02-05,JNJ,801.5123413389595,1992005.0,Close
2026-02-06,JNJ,789.7015554960537,2632934.0,Close
2026-02-09,JNJ,807.3904218304783,2420834.0,Close
2026-02-10,JNJ,813.9258797712021,2250012.0,Close
2026-02-11,JNJ,806.1212801734061,1959250.0,Close
2026-02-12,JNJ,804.57691632046,3089989.0,Close
2026-02-13,JNJ,801.4597845565457,2620000.0,Close
2026-02-16,JNJ,811.9777759097294,2611586.0,Close
2026-02-17,JNJ,800.7286734846266,4499359.0,Close
2026-02-18,JNJ,805.4422565154488,2739084.0,Close
2026-02-19,JNJ,809.5416212739254,3398317.0,Close
2026-02-20,JNJ,798.7156122924313,2635816.0,Close
2026-02-23,JNJ,819.3106817718904,2262654.0,Close
2026-02-24,JNJ,815.6384836615664,1722184.0,Close
2026-02-25,JNJ,802.8451454700835,2628404.0,Close
2026-02-26,JNJ,814.0628663138524,1094167.0,Close
2026-02-27,JNJ,814.9934881409047,2542485.0,Close
2026-03-02,JNJ,820.5603368922384,2619234.0,Close
2026-03-03,JNJ,805.1590867285968,2310553.0,Close
2026-03-04,JNJ,815.8856136488216,2361877.0,Close
2026-03-05,JNJ,844.585487585883,1773493.0,Close
2026-03-06,JNJ,827.6726243975862,3750912.0,Close
2026-03-09,JNJ,832.604963930164,2147969.0,Close
2026-03-10,JNJ,822.3208860513948,1808929.0,Close
2026-03-11,JNJ,858.0810707770953,3108069.0,Close
2026-03-12,JNJ,875.4033278652263,2559990.0,Close
2026-03-13,JNJ,879.6058644814847,2127137.0,Close
2026-03-16,JNJ,862.4859446617444,2150104.0,Close
2026-03-17,JNJ,849.0505762856319,2439907.0,Close
2026-03-18,JNJ,859.45943582999,3624951.0,Close
2026-03-19,JNJ,840.8723684574093,2862523.0,Close
2026-03-20,JNJ,823.111258483993,2457379.0,Close
2026-03-23,JNJ,823.4482400295817,3019030.0,Close
2026-03-24,JNJ,825.4338772434236,2371317.0,Close
2026-03-25,JNJ,830.6953847794935,2684208.0,Close
2026-03-26,JNJ,825.050590896686,2493026.0,Close
2026-03-27,JNJ,837.4703815851669,2912705.0,Close
2026-03-30,JNJ,826.0966526529346,2126909.0,Close
2026-03-31,JNJ,834.6360698028828,1710379.0,Close
2026-04-01,JNJ,837.7310715898708,3099050.0,Close
2026-04-02,JNJ,846.0408181605532,3776435.0,Close
2026-04-03,JNJ,862.3364721375326,1779957.0,Close
2026-04-06,JNJ,856.2576316487352,2516056.0,Close
2026-04-07,JNJ,847.3907441257294,2104147.0,Close
2026-04-08,JNJ,824.6269557630652,3288722.0,Close
2026-04-09,JNJ,798.0937987298769,2756937.0,Close
2026-04-10,JNJ,796.0504811232552,6384487.0,Close
2026-04-13,JNJ,794.8880081350916,2142384.0,Close
2026-04-14,JNJ,781.2279912637491,3893994.0,Close
2026-04-15,JNJ,770.5015332493349,3969866.0,Close
2026-04-16,JNJ,789.5698610491336,2943720.0,Close
2026-04-17,JNJ,800.8933991189036,2462624.0,Close
2026-04-20,JNJ,784.8712611363464,2546483.0,Close
2026-04-21,JNJ,779.5022532978134,2390144.0,Close
2026-04-22,JNJ,784.7962946268182,3347246.0,Close
2026-04-23,JNJ,777.1060900384252,1849953.0,Close
2026-04-24,JNJ,767.215492471311,2309785.0,Close
2026-04-27,JNJ,763.2506778105019,2178653.0,Close
2026-04-28,JNJ,776.8314808342984,1465393.0,Close
2026-04-29,JNJ,791.7866395229421,3195683.0,Close
2026-04-30,JNJ,782.6411551346198,3323167.0,Close
2026-05-01,JNJ,788.642531505848,1974778.0,Close
2026-05-04,JNJ,788.7722308409564,3182003.0,Close
2026-05-05,JNJ,776.2040171932862,1521315.0,Close
2026-05-06,JNJ,772.7062751262036,2383553.0,Close
2026-05-07,JNJ,757.2154074642093,2383342.0,Close
2026-05-08,JNJ,771.5696976520026,2533532.0,Close
2026-05-11,JNJ,791.0242391144465,2574512.0,Close
2026-05-12,JNJ,786.017032918027,2324901.0,Close
2026-05-13,JNJ,778.0290587175692,2141868.0,Close
2026-05-14,JNJ,791.4219095218249,2376713.0,Close
2026-05-15,JNJ,807.0998551101105,3723541.0,Close
2026-05-18,JNJ,792.8625810223522,2066651.0,Close
2026-05-19,JNJ,791.1884935925813,4622309.0,Close
2026-05-20,JNJ,790.6508066023505,1933758.0,Close
2026-05-21,JNJ,781.0695806475022,2600503.0,Close
2026-05-22,JNJ,786.1229821530994,2825156.0,Close
2026-05-25,JNJ,777.4913790299258,2209708.0,Close
2026-05-26,JNJ,770.9495774087343,3624135.0,Close
2026-05-27,JNJ,769.9003216268407,2761064.0,Close
2026-05-28,JNJ,751.6842310467576,2351568.0,Close
2026-05-29,JNJ,727.0457084851151,3869601.0,Close
2026-06-01,JNJ,737.9682996383502,1799329.0,Close
2026-06-02,JNJ,729.3866157676341,2039337.0,Close
2026-06-03,JNJ,754.6034971199442,3050891.0,Close
2026-06-04,JNJ,778.7153787033687,3254233.0,Close
2026-06-05,JNJ,772.5860013322747,2632946.0,Close
2026-06-08,JNJ,801.8313515430452,2502734.0,Close
2026-06-09,JNJ,814.1261682120117,2264872.0,Close
2026-06-10,JNJ,805.901793474181,3377901.0,Close
2026-06-11,JNJ,772.682346933644,2819863.0,Close
2026-06-12,JNJ,781.4333512609464,1858404.0,Close
2026-06-15,JNJ,782.0353555132689,1770595.0,Close
2026-06-16,JNJ,787.6652747288816,3756109.0,Close
2026-06-17,JNJ,784.9795805174017,1901278.0,Close
2026-06-18,JNJ,770.7610867654865,2671692.0,Close
2026-06-19,JNJ,765.67836275407,3570980.0,Close
2026-06-22,JNJ,774.5774427657248,2843067.0,Close
2026-06-23,JNJ,770.3738225899848,1890488.0,Close
2026-06-24,JNJ,766.1182143642013,1750158.0,Close
2026-06-25,JNJ,747.6182873404737,4388044.0,Close
2026-06-26,JNJ,748.9139058238387,1717404.0,Close
2026-06-29,JNJ,735.7328728880469,2082254.0,Close
2026-06-30,JNJ,746.7889744525114,2728698.0,Close
2026-07-01,JNJ,738.179384176158,2262151.0,Close
2026-07-02,JNJ,734.8692450102174,2810837.0,Close
2026-07-03,JNJ,760.6195375370178,1661302.0,Close
2026-07-06,JNJ,757.0759129329863,2222734.0,Close
2026-07-07,JNJ,751.9186148436293,2919800.0,Close
2026-07-08,JNJ,759.1955910586837,2947390.0,Close
2026-07-09,JNJ,737.6192769215044,2134135.0,Close
2026-07-10,JNJ,752.6422246115388,1823525.0,Close
2026-07-13,JNJ,764.8645020280912,2610808.0,Close
2026-07-14,JNJ,771.514945278459,1616057.0,Close
2026-07-15,JNJ,729.8537156434652,3988439.0,Close
2026-07-16,JNJ,727.0065495302689,2476474.0,Close
2026-07-17,JNJ,712.3310073167542,2009187.0,Close
2026-07-20,JNJ,725.388615561007,1795280.0,Close
2026-07-21,JNJ,737.8516219934356,2030577.0,Close
2026-07-22,JNJ,742.6494573243558,1489913.0,Close
2026-07-23,JNJ,728.4905768023932,2863464.0,Close
2026-07-24,JNJ,746.1778726611634,1968814.0,Close
2026-07-27,JNJ,743.2328600194473,2663525.0,Close
2026-07-28,JNJ,764.9932940118207,2984495.0,Close
2026-07-29,JNJ,768.4602491389461,3162243.0,Close
2026-07-30,JNJ,774.9240849399317,2581714.0,Close
2026-07-31,JNJ,769.3995244652243,3342471.0,Close
2026-08-03,JNJ,787.0002512625978,3781749.0,Close
2026-08-04,JNJ,794.9052303868458,2599010.0,Close
2026-08-05,JNJ,813.5484491297606,2749808.0,Close
2026-08-06,JNJ,816.0870520153882,1993822.0,Close
2026-08-07,JNJ,815.6884940829777,1738729.0,Close
2026-08-10,JNJ,823.707254259641,3531299.0,Close
2026-08-11,JNJ,843.0213296384264,2997206.0,Close
2026-08-12,JNJ,857.0200714277256,3012113.0,Close
2026-08-13,JNJ,859.1528641800769,1970334.0,Close
2026-08-14,JNJ,833.7423499569043,4137804.0,Close
2026-08-17,JNJ,844.8224704647682,2267070.0,Close
2026-08-18,JNJ,825.5173252831793,1961543.0,Close
2026-08-19,JNJ,826.2025037563131,1970648.0,Close
2026-08-20,JNJ,824.886559243861,3758810.0,Close
2026-08-21,JNJ,806.3144859045343,1786082.0,Close
2022-01-03,JPM,350.5520823659409,5920216.0,Close
2022-01-04,JPM,355.2355859382699,6386099.0,Close
2022-01-05,JPM,357.25624833569873,4767205.0,Close
2022-01-06,JPM,350.753607832167,7999421.0,Close
2022-01-07,JPM,339.6750685205466,7058780.0,Close
2022-01-10,JPM,339.9110974060588,5099843.0,Close
2022-01-11,JPM,339.444791785138,4431037.0,Close
2022-01-12,JPM,338.12421452367806,7549479.0,Close
2022-01-13,JPM,336.2393619797486,5219332.0,Close
2022-01-14,JPM,332.51526173963356,3835342.0,Close
2022-01-17,JPM,327.6924085889069,7639321.0,Close
2022-01-18,JPM,334.5380626720409,4605653.0,Close
2022-01-19,JPM,330.1416361764131,7268975.0,Close
2022-01-20,JPM,328.8160795490399,2565337.0,Close
2022-01-21,JPM,328.6614231579204,4831748.0,Close
2022-01-24,JPM,332.16974469088296,7876702.0,Close
2022-01-25,JPM,327.97677800376226,5601899.0,Close
2022-01-26,JPM,332.81065157263066,6733556.0,Close
2022-01-27,JPM,329.9639719448996,4217128.0,Close
2022-01-28,JPM,329.20281548464584,6023118.0,Close
2022-01-31,JPM,337.32829342583744,5794773.0,Close
2022-02-01,JPM,332.4780725879461,6047396.0,Close
2022-02-02,JPM,336.0998382097631,10260875.0,Close
2022-02-03,JPM,341.18682452025763,8332631.0,Close
2022-02-04,JPM,342.806675365957,6931925.0,Close
2022-02-07,JPM,342.2433062295282,6894340.0,Close
2022-02-08,JPM,353.16032345534626,4495331.0,Close
2022-02-09,JPM,353.12746089560636,4680043.0,Close
2022-02-10,JPM,354.24525902367066,3435196.0,Close
2022-02-11,JPM,352.5031079492635,3736567.0,Close
2022-02-14,JPM,353.33960146997964,4160065.0,Close
2022-02-15,JPM,358.4735820112154,5575187.0,Close
2022-02-16,JPM,357.0387863745855,3776623.0,Close
2022-02-17,JPM,345.8228827059102,5828193.0,Close
2022-02-18,JPM,348.51791209808886,5266143.0,Close
2022-02-21,JPM,342.93822727354757,4019027.0,Close
2022-02-22,JPM,346.7814759301542,8803424.0,Close
2022-02-23,JPM,346.81412940162016,3623070.0,Close
2022-02-24,JPM,351.74434962641857,7856627.0,Close
2022-02-25,JPM,346.79668753731545,2856069.0,Close
2022-02-28,JPM,344.0608473166785,5286297.0,Close
2022-03-01,JPM,342.3507288919301,3818702.0,Close
2022-03-02,JPM,334.80198054626345,4721440.0,Close
2022-03-03,JPM,340.4040219074424,9741755.0,Close
2022-03-04,JPM,332.1696307390882,5208878.0,Close
2022-03-07,JPM,337.6575627529706,4060912.0,Close
2022-03-08,JPM,339.8387488705698,6359067.0,Close
2022-03-09,JPM,338.8669526652703,4885224.0,Close
2022-03-10,JPM,340.6542367547001,5727676.0,Close
2022-03-11,JPM,342.3114699352895,4155986.0,Close
2022-03-14,JPM,340.3009374922937,4230409.0,Close
2022-03-15,JPM,341.85680482629215,4313353.0,Close
2022-03-16,JPM,345.63327536060956,7074738.0,Close
2022-03-17,JPM,340.79049270462554,5246298.0,Close
2022-03-18,JPM,342.5934193123036,3997485.0,Close
2022-03-21,JPM,329.1788409519304,6321826.0,Close
2022-03-22,JPM,319.7188212376696,5995084.0,Close
2022-03-23,JPM,322.45402041834916,6565437.0,Close
2022-03-24,JPM,320.47621877149504,4749741.0,Close
2022-03-25,JPM,316.423154475784,5465002.0,Close
2022-03-28,JPM,316.2083379004393,6128409.0,Close
2022-03-29,JPM,314.37228372568853,4050582.0,Close
2022-03-30,JPM,309.76103359864726,7339917.0,Close
2022-03-31,JPM,302.2047862100204,5812191.0,Close
2022-04-01,JPM,293.3457233525067,4213877.0,Close
2022-04-04,JPM,296.61967011636074,3994043.0,Close
2022-04-05,JPM,294.7796121186031,5328217.0,Close
2022-04-06,JPM,299.086662826165,4769440.0,Close
2022-04-07,JPM,297.1859067516215,6887203.0,Close
2022-04-08,JPM,298.7971396010615,5025402.0,Close
2022-04-11,JPM,298.2709185103331,5933299.0,Close
2022-04-12,JPM,298.5031391449211,4187666.0,Close
2022-04-13,JPM,298.9524149828156,5376316.0,Close
2022-04-14,JPM,296.9941482645904,8154081.0,Close
2022-04-15,JPM,291.5675128153396,5437527.0,Close
2022-04-18,JPM,294.940803329984,4723866.0,Close
2022-04-19,JPM,302.0020890439038,4457631.0,Close
2022-04-20,JPM,309.528969064058,5759625.0,Close
2022-04-21,JPM,307.0035964894056,8426428.0,Close
2022-04-22,JPM,303.6730020319737,3696352.0,Close
2022-04-25,JPM,301.19080931266166,5439285.0,Close
2022-04-26,JPM,300.4332460789632,3247069.0,Close
2022-04-27,JPM,300.2318207887852,4774454.0,Close
2022-04-28,JPM,295.78614239320365,6090267.0,Close
2022-04-29,JPM,289.27539341162594,3575949.0,Close
2022-05-02,JPM,289.52438093224794,4728145.0,Close
2022-05-03,JPM,274.27390864547885,6809147.0,Close
2022-05-04,JPM,273.89236770815614,5628838.0,Close
2022-05-05,JPM,270.0545049210349,6216841.0,Close
2022-05-06,JPM,273.23552426136797,4165121.0,Close
2022-05-09,JPM,277.54681371635985,6157551.0,Close
2022-05-10,JPM,282.02411467342796,4719274.0,Close
2022-05-11,JPM,280.59530910506135,6778055.0,Close
2022-05-12,JPM,275.86469901591175,2830750.0,Close
2022-05-13,JPM,272.5360700592317,5119582.0,Close
2022-05-16,JPM,273.73916637446115,5624975.0,Close
2022-05-17,JPM,267.0337329198576,8672343.0,Close
2022-05-18,JPM,272.62833538985115,5879035.0,Close
2022-05-19,JPM,271.31160790980346,5784998.0,Close
2022-05-20,JPM,273.37161758301966,6169186.0,Close
2022-05-23,JPM,266.1210698189107,8472996.0,Close
2022-05-24,JPM,262.46677200305095,5003801.0,Close
2022-05-25,JPM,255.01781695314548,3838867.0,Close
2022-05-26,JPM,258.940815620967,3494356.0,Close
2022-05-27,JPM,258.3500471626701,6622525.0,Close
2022-05-30,JPM,260.58641990108856,5912074.0,Close
2022-05-31,JPM,260.86320388069163,5006192.0,Close
2022-06-01,JPM,262.7202394188782,4616792.0,Close
2022-06-02,JPM,261.4246066468694,5773816.0,Close
2022-06-03,JPM,260.65875498709516,5789605.0,Close
2022-06-06,JPM,260.3309367036232,6247065.0,Close
2022-06-07,JPM,261.93956017194944,3935998.0,Close
2022-06-08,JPM,263.66186250294345,3236973.0,Close
2022-06-09,JPM,274.77567986418234,4615475.0,Close
2022-06-10,JPM,281.71596596232683,3865530.0,Close
2022-06-13,JPM,274.2553394085109,3818926.0,Close
2022-06-14,JPM,273.6997515353568,8683085.0,Close
2022-06-15,JPM,272.0698258417831,2778758.0,Close
2022-06-16,JPM,277.30853866139756,6563124.0,Close
2022-06-17,JPM,276.03091451041087,7172279.0,Close
2022-06-20,JPM,277.97864835231684,7400770.0,Close
2022-06-21,JPM,268.29643509096337,6468553.0,Close
2022-06-22,JPM,262.2549251388738,8548365.0,Close
2022-06-23,JPM,270.4894246022254,10068757.0,Close
2022-06-24,JPM,270.72346430972163,4934839.0,Close
2022-06-27,JPM,266.7125787190496,6437404.0,Close
2022-06-28,JPM,267.71154511504716,7990945.0,Close
2022-06-29,JPM,263.5267262783131,4356366.0,Close
2022-06-30,JPM,262.44016513338335,5069378.0,Close
2022-07-01,JPM,256.76983089923937,4756228.0,Close
2022-07-04,JPM,253.77093153146447,6405318.0,Close
2022-07-05,JPM,252.2200674219101,3105376.0,Close
2022-07-06,JPM,256.47530932422836,8712505.0,Close
2022-07-07,JPM,258.28412319749424,6458990.0,Close
2022-07-08,JPM,260.7795237043768,6619048.0,Close
2022-07-11,JPM,260.7087418347971,2654395.0,Close
2022-07-12,JPM,263.9461090181919,4091578.0,Close
2022-07-13,JPM,260.52872852227404,8755168.0,Close
2022-07-14,JPM,257.70413734869885,5276077.0,Close
2022-07-15,JPM,259.3040796598449,3272754.0,Close
2022-07-18,JPM,258.2513148811926,5829842.0,Close
2022-07-19,JPM,258.2272821183008,6608942.0,Close
2022-07-20,JPM,257.62296527300754,6365170.0,Close
2022-07-21,JPM,262.4807293528174,5442843.0,Close
2022-07-22,JPM,267.6345799502599,8022916.0,Close
2022-07-25,JPM,265.1592999602539,4486898.0,Close
2022-07-26,JPM,258.21203261115,6835220.0,Close
2022-07-27,JPM,255.49444445026668,5789164.0,Close
2022-07-28,JPM,252.09693959426716,5384848.0,Close
2022-07-29,JPM,255.26091453646748,4991110.0,Close
2022-08-01,JPM,258.8033344709864,5063758.0,Close
2022-08-02,JPM,254.84284250111864,5691419.0,Close
2022-08-03,JPM,251.9968315572572,5101501.0,Close
2022-08-04,JPM,246.4526896026499,7158022.0,Close
2022-08-05,JPM,246.97597148727897,4617950.0,Close
2022-08-08,JPM,246.8382477456053,8641324.0,Close
2022-08-09,JPM,249.77889548406156,4689436.0,Close
2022-08-10,JPM,251.6640493062408,7263128.0,Close
2022-08-11,JPM,253.98891840895757,7394222.0,Close
2022-08-12,JPM,248.16172488813524,6053996.0,Close
2022-08-15,JPM,245.86594935492457,5667795.0,Close
2022-08-16,JPM,249.38239541175724,4516416.0,Close
2022-08-17,JPM,247.40253557983243,4724744.0,Close
2022-08-18,JPM,241.40992787078557,6174818.0,Close
2022-08-19,JPM,244.35401293541256,5511237.0,Close
2022-08-22,JPM,242.27271667895263,7881781.0,Close
2022-08-23,JPM,246.14980078572577,4927896.0,Close
2022-08-24,JPM,246.11007827785457,4790629.0,Close
2022-08-25,JPM,245.11797538374736,3310167.0,Close
2022-08-26,JPM,250.14215498163193,6938807.0,Close
2022-08-29,JPM,245.2984280119712,6731713.0,Close
2022-08-30,JPM,250.58683177094284,7692095.0,Close
2022-08-31,JPM,248.21979954824027,7556224.0,Close
2022-09-01,JPM,248.85072299972273,6880404.0,Close
2022-09-02,JPM,249.5184140971583,6970931.0,Close
2022-09-05,JPM,247.95330742796668,6593342.0,Close
2022-09-06,JPM,245.15603037367092,7006997.0,Close
2022-09-07,JPM,243.82832149597203,3151647.0,Close
2022-09-08,JPM,240.15719162057417,4049680.0,Close
2022-09-09,JPM,247.22983249093423,4015258.0,Close
2022-09-12,JPM,245.4794186823982,8056400.0,Close
2022-09-13,JPM,249.7613276978369,4483998.0,Close
2022-09-14,JPM,253.6258100440019,4678190.0,Close
2022-09-15,JPM,255.031062120051,5489732.0,Close
2022-09-16,JPM,254.5427383976376,3732286.0,Close
2022-09-19,JPM,255.3092884934263,6095521.0,Close
2022-09-20,JPM,257.52264073157664,2918166.0,Close
2022-09-21,JPM,257.93885322228186,3803748.0,Close
2022-09-22,JPM,251.92559314991647,6120494.0,Close
2022-09-23,JPM,245.10490855605093,4014844.0,Close
2022-09-26,JPM,250.66315499912497,8498993.0,Close
2022-09-27,JPM,240.81675405791896,6108510.0,Close
2022-09-28,JPM,241.54882205879304,7637700.0,Close
2022-09-29,JPM,240.72767133582028,6061267.0,Close
2022-09-30,JPM,241.33390481455896,5410517.0,Close
2022-10-03,JPM,237.24780730947313,4199537.0,Close
2022-10-04,JPM,238.5188505724464,7236122.0,Close
2022-10-05,JPM,239.2807789438177,6210932.0,Close
2022-10-06,JPM,249.18647766623977,11323239.0,Close
2022-10-07,JPM,249.6991756038528,6952286.0,Close
2022-10-10,JPM,254.76141693978545,5074451.0,Close
2022-10-11,JPM,249.0815053327063,6271194.0,Close
2022-10-12,JPM,252.90910921231645,6398784.0,Close
2022-10-13,JPM,253.79360954276427,7719285.0,Close
2022-10-14,JPM,254.8461470216345,8111825.0,Close
2022-10-17,JPM,255.9557492383299,5200641.0,Close
2022-10-18,JPM,262.515350200291,4030184.0,Close
2022-10-19,JPM,263.54661578756105,3126648.0,Close
2022-10-20,JPM,260.48669188875573,3962087.0,Close
2022-10-21,JPM,258.11735682944203,4635693.0,Close
2022-10-24,JPM,261.3004628991043,8776044.0,Close
2022-10-25,JPM,263.0784860259794,8675098.0,Close
2022-10-26,JPM,257.08810196023217,7679266.0,Close
2022-10-27,JPM,259.0957325670844,7977889.0,Close
2022-10-28,JPM,254.932147418544,4568853.0,Close
2022-10-31,JPM,256.63177794010096,3488967.0,Close
2022-11-01,JPM,253.5698988832402,4127227.0,Close
2022-11-02,JPM,252.531564026869,2962878.0,Close
2022-11-03,JPM,250.50316971424164,3951208.0,Close
2022-11-04,JPM,256.22100706624326,4947322.0,Close
2022-11-07,JPM,257.789738052101,5769637.0,Close
2022-11-08,JPM,262.6801828960139,5932144.0,Close
2022-11-09,JPM,274.0816670339574,4952598.0,Close
2022-11-10,JPM,274.30472101707767,6407825.0,Close
2022-11-11,JPM,280.49642929168544,4705763.0,Close
2022-11-14,JPM,277.59480810651866,5573216.0,Close
2022-11-15,JPM,282.8350891867622,4081600.0,Close
2022-11-16,JPM,279.4523108535534,7738820.0,Close
2022-11-17,JPM,279.4072124256831,5425616.0,Close
2022-11-18,JPM,281.6820327723204,6767798.0,Close
2022-11-21,JPM,284.63812041296734,3859496.0,Close
2022-11-22,JPM,279.2545405901418,6000928.0,Close
2022-11-23,JPM,275.6660876442528,6645387.0,Close
2022-11-24,JPM,278.2178276799419,3000047.0,Close
2022-11-25,JPM,276.7198231564811,7774506.0,Close
2022-11-28,JPM,270.9696444592262,3935520.0,Close
2022-11-29,JPM,270.71295351729106,5757509.0,Close
2022-11-30,JPM,270.26223171512214,9259873.0,Close
2022-12-01,JPM,271.007960429974,7236312.0,Close
2022-12-02,JPM,273.18345329882015,3529698.0,Close
2022-12-05,JPM,275.1166602440591,5217373.0,Close
2022-12-06,JPM,271.98801026277386,8068545.0,Close
2022-12-07,JPM,270.34821784563377,4294304.0,Close
2022-12-08,JPM,274.12948773664266,5040658.0,Close
2022-12-09,JPM,271.93426864086075,4912447.0,Close
2022-12-12,JPM,270.35878569892617,6505449.0,Close
2022-12-13,JPM,264.30855936943516,3626534.0,Close
2022-12-14,JPM,264.22533567825883,6508924.0,Close
2022-12-15,JPM,265.6195475749133,4541526.0,Close
2022-12-16,JPM,257.8038373808224,5845010.0,Close
2022-12-19,JPM,253.70762464346535,5277756.0,Close
2022-12-20,JPM,248.34315080186224,6860836.0,Close
2022-12-21,JPM,251.29886913003037,5546502.0,Close
2022-12-22,JPM,244.14179475199109,9011609.0,Close
2022-12-23,JPM,243.88238031751703,7274742.0,Close
2022-12-26,JPM,246.5279561248182,4383402.0,Close
2022-12-27,JPM,247.24839943884345,8188373.0,Close
2022-12-28,JPM,245.65006672553972,6046180.0,Close
2022-12-29,JPM,246.95066436943247,5761055.0,Close
2022-12-30,JPM,250.8078460470049,7276520.0,Close
2023-01-02,JPM,250.43286685565343,3961123.0,Close
2023-01-03,JPM,242.0775293025065,3919477.0,Close
2023-01-04,JPM,246.25950660427551,5711075.0,Close
2023-01-05,JPM,247.76141837032617,4575142.0,Close
2023-01-06,JPM,247.66711974392263,10050815.0,Close
2023-01-09,JPM,240.36158327424965,4664094.0,Close
2023-01-10,JPM,239.31685911359352,5525790.0,Close
2023-01-11,JPM,236.211353763767,5930908.0,Close
2023-01-12,JPM,231.94245695790335,8220061.0,Close
2023-01-13,JPM,231.49567059837207,4022046.0,Close
2023-01-16,JPM,229.6668460651404,3401447.0,Close
2023-01-17,JPM,228.07866540854607,8358347.0,Close
2023-01-18,JPM,230.6270295698853,5706025.0,Close
2023-01-19,JPM,231.5346377882126,6952190.0,Close
2023-01-20,JPM,229.8455506715617,7121053.0,Close
2023-01-23,JPM,227.7327777281333,7542869.0,Close
2023-01-24,JPM,226.20986684803125,4908170.0,Close
2023-01-25,JPM,225.3986956852636,4483557.0,Close
2023-01-26,JPM,227.3927841615712,3039565.0,Close
2023-01-27,JPM,223.87391774610668,4184159.0,Close
2023-01-30,JPM,228.78149807219668,5851709.0,Close
2023-01-31,JPM,230.80798317923487,4482605.0,Close
2023-02-01,JPM,221.38531500319976,4295904.0,Close
2023-02-02,JPM,221.69307333694772,5494157.0,Close
2023-02-03,JPM,225.16822555769093,8442124.0,Close
2023-02-06,JPM,226.5025876100994,5393606.0,Close
2023-02-07,JPM,225.13190046000625,3906113.0,Close
2023-02-08,JPM,224.9519072658414,7913103.0,Close
2023-02-09,JPM,225.5773379001352,4307975.0,Close
2023-02-10,JPM,228.1988136071207,8692652.0,Close
2023-02-13,JPM,223.3963383444388,5294557.0,Close
2023-02-14,JPM,221.40084497687445,5707498.0,Close
2023-02-15,JPM,226.8505589971314,9243400.0,Close
2023-02-16,JPM,226.98816893315063,3599395.0,Close
2023-02-17,JPM,232.1997761793206,4203747.0,Close
2023-02-20,JPM,242.5920721406933,5542356.0,Close
2023-02-21,JPM,240.83494224335675,5279880.0,Close
2023-02-22,JPM,236.55089979779856,12541055.0,Close
2023-02-23,JPM,235.63867441122116,4176532.0,Close
2023-02-24,JPM,239.5376888026612,3825043.0,Close
2023-02-27,JPM,244.0023055468916,4297591.0,Close
2023-02-28,JPM,252.3192591299708,6368707.0,Close
2023-03-01,JPM,252.20915647660485,6254592.0,Close
2023-03-02,JPM,254.07842992449483,4456047.0,Close
2023-03-03,JPM,251.40331023335196,5594620.0,Close
2023-03-06,JPM,242.0079796310972,10742641.0,Close
2023-03-07,JPM,241.89207361269723,5454185.0,Close
2023-03-08,JPM,237.7466578836219,6239053.0,Close
2023-03-09,JPM,240.06081796688193,9775472.0,Close
2023-03-10,JPM,233.33493031960705,4738380.0,Close
2023-03-13,JPM,230.78204699650897,4426768.0,Close
2023-03-14,JPM,231.732043747378,4738715.0,Close
2023-03-15,JPM,233.04867306724273,4678255.0,Close
2023-03-16,JPM,232.90992461812445,3126385.0,Close
2023-03-17,JPM,239.43962817817183,6089408.0,Close
2023-03-20,JPM,245.0859173274318,6158498.0,Close
2023-03-21,JPM,242.60604260384764,5251653.0,Close
2023-03-22,JPM,248.47190602934307,6225563.0,Close
2023-03-23,JPM,255.04725855088813,6285373.0,Close
2023-03-24,JPM,254.60381500680697,3650097.0,Close
2023-03-27,JPM,254.8056792927973,5890640.0,Close
2023-03-28,JPM,254.64147207081965,6384557.0,Close
2023-03-29,JPM,252.21465262704953,3433075.0,Close
2023-03-30,JPM,250.1855635070212,8560687.0,Close
2023-03-31,JPM,255.14950717853057,3941167.0,Close
2023-04-03,JPM,256.84722238385694,3906689.0,Close
2023-04-04,JPM,254.74813568437327,5866190.0,Close
2023-04-05,JPM,251.24995421662217,6587517.0,Close
2023-04-06,JPM,248.4305219481278,7034376.0,Close
2023-04-07,JPM,247.85017229458512,6421671.0,Close
2023-04-10,JPM,251.2625928209941,4801652.0,Close
2023-04-11,JPM,248.05991594064665,5780507.0,Close
2023-04-12,JPM,251.43269081793872,5100690.0,Close
2023-04-13,JPM,252.20181120629744,5730540.0,Close
2023-04-14,JPM,252.76921574751825,5538151.0,Close
2023-04-17,JPM,256.67503457190986,4846411.0,Close
2023-04-18,JPM,259.9410271272873,5041450.0,Close
2023-04-19,JPM,254.51164261846063,3285477.0,Close
2023-04-20,JPM,250.4153621190155,7247021.0,Close
2023-04-21,JPM,249.58451904374792,5951056.0,Close
2023-04-24,JPM,250.9414172574168,2741681.0,Close
2023-04-25,JPM,256.09015574878543,7257810.0,Close
2023-04-26,JPM,256.3684968331009,5321440.0,Close
2023-04-27,JPM,262.92854846266664,4381152.0,Close
2023-04-28,JPM,260.1802755804474,4086322.0,Close
2023-05-01,JPM,258.1185712773514,4488078.0,Close
2023-05-02,JPM,256.9682073486388,4129767.0,Close
2023-05-03,JPM,253.8574613168115,4396960.0,Close
2023-05-04,JPM,258.28724446068253,9446202.0,Close
2023-05-05,JPM,247.6195337291294,6770292.0,Close
2023-05-08,JPM,245.7832839372986,10147254.0,Close
2023-05-09,JPM,250.03102326801857,6065801.0,Close
2023-05-10,JPM,248.8918942589132,6499674.0,Close
2023-05-11,JPM,252.91304871850355,4338445.0,Close
2023-05-12,JPM,261.25277741817786,5631186.0,Close
2023-05-15,JPM,261.5965639371149,5279508.0,Close
2023-05-16,JPM,266.1986693232022,6833632.0,Close
2023-05-17,JPM,275.8579418356999,5887800.0,Close
2023-05-18,JPM,277.5479034598838,6098281.0,Close
2023-05-19,JPM,277.3800724757597,5935004.0,Close
2023-05-22,JPM,281.15466570542316,5122038.0,Close
2023-05-23,JPM,286.16509132187826,5026742.0,Close
2023-05-24,JPM,286.0316200669584,4415395.0,Close
2023-05-25,JPM,283.99488362130074,7615801.0,Close
2023-05-26,JPM,291.3200211252451,5302611.0,Close
2023-05-29,JPM,290.1744417919037,6018237.0,Close
2023-05-30,JPM,295.38687868476234,5419036.0,Close
2023-05-31,JPM,296.5815632123245,7502547.0,Close
2023-06-01,JPM,304.7172515427281,3212515.0,Close
2023-06-02,JPM,300.88350322887567,6124745.0,Close
2023-06-05,JPM,297.0892854623042,3838403.0,Close
2023-06-06,JPM,300.9189497728279,6293707.0,Close
2023-06-07,JPM,295.8673181560267,5417140.0,Close
2023-06-08,JPM,296.4169947721135,3477963.0,Close
2023-06-09,JPM,303.31356589848497,6379949.0,Close
2023-06-12,JPM,295.25343017904436,6223634.0,Close
2023-06-13,JPM,297.062426924078,5120461.0,Close
2023-06-14,JPM,302.4786197956019,5508439.0,Close
2023-06-15,JPM,302.39591818984013,5661394.0,Close
2023-06-16,JPM,298.238482050409,7990714.0,Close
2023-06-19,JPM,297.1014006209308,4960328.0,Close
2023-06-20,JPM,293.41023102038724,7575358.0,Close
2023-06-21,JPM,293.74708151118375,5347345.0,Close
2023-06-22,JPM,292.5652045286302,8045521.0,Close
2023-06-23,JPM,290.35325873566734,5136041.0,Close
2023-06-26,JPM,292.41012286563,4506537.0,Close
2023-06-27,JPM,299.3477240669961,4153087.0,Close
2023-06-28,JPM,300.849158898762,5415078.0,Close
2023-06-29,JPM,306.92782655083215,4505478.0,Close
2023-06-30,JPM,314.20853453772384,8797690.0,Close
2023-07-03,JPM,311.4882023717509,4257469.0,Close
2023-07-04,JPM,312.8038575060584,4437014.0,Close
2023-07-05,JPM,310.85195194925865,6535631.0,Close
2023-07-06,JPM,303.9982939367528,8200400.0,Close
2023-07-07,JPM,305.6500561678164,6820137.0,Close
2023-07-10,JPM,300.87634518842293,7750773.0,Close
2023-07-11,JPM,303.08943518688295,5377151.0,Close
2023-07-12,JPM,296.0728576935204,5650276.0,Close
2023-07-13,JPM,296.8635884443195,9933418.0,Close
2023-07-14,JPM,289.9252019766649,9575862.0,Close
2023-07-17,JPM,292.8795064648533,6881037.0,Close
2023-07-18,JPM,291.19017206976116,7641050.0,Close
2023-07-19,JPM,289.0907993791798,7123186.0,Close
2023-07-20,JPM,293.9931879015205,3944123.0,Close
2023-07-21,JPM,292.6130998316808,5400470.0,Close
2023-07-24,JPM,293.1314596153177,8488647.0,Close
2023-07-25,JPM,292.2943273455786,6746540.0,Close
2023-07-26,JPM,294.5452038246626,5409515.0,Close
2023-07-27,JPM,299.1720760497024,8873535.0,Close
2023-07-28,JPM,302.9442619525023,6248341.0,Close
2023-07-31,JPM,300.8648950922128,6899530.0,Close
2023-08-01,JPM,306.3382772117963,6359156.0,Close
2023-08-02,JPM,302.17584156285085,6597560.0,Close
2023-08-03,JPM,298.855551792263,6690107.0,Close
2023-08-04,JPM,298.3185197081305,8001873.0,Close
2023-08-07,JPM,303.0218631052804,8667653.0,Close
2023-08-08,JPM,297.75454392234593,4952554.0,Close
2023-08-09,JPM,301.75750346811253,6237564.0,Close
2023-08-10,JPM,301.5448752906681,7907497.0,Close
2023-08-11,JPM,299.6236121001026,5279667.0,Close
2023-08-14,JPM,304.57604346630046,3819519.0,Close
2023-08-15,JPM,300.9552709601583,4249686.0,Close
2023-08-16,JPM,311.2751420601966,4620210.0,Close
2023-08-17,JPM,310.4884705697706,4732703.0,Close
2023-08-18,JPM,311.21950543972935,4338666.0,Close
2023-08-21,JPM,318.4348646312482,7848866.0,Close
2023-08-22,JPM,319.3088236516659,5000559.0,Close
2023-08-23,JPM,325.02140152233676,8289653.0,Close
2023-08-24,JPM,315.5663679571806,4174440.0,Close
2023-08-25,JPM,313.51394585944604,4941772.0,Close
2023-08-28,JPM,315.40948360579085,5661314.0,Close
2023-08-29,JPM,320.5455534690931,7208718.0,Close
2023-08-30,JPM,324.2711913575435,7859785.0,Close
2023-08-31,JPM,327.5859861940625,4726135.0,Close
2023-09-01,JPM,332.8206013683453,7608356.0,Close
2023-09-04,JPM,335.2224569812809,3324263.0,Close
2023-09-05,JPM,324.5181873999177,7669696.0,Close
2023-09-06,JPM,331.55322647436617,3838514.0,Close
2023-09-07,JPM,327.43826713117426,6391361.0,Close
2023-09-08,JPM,329.01109241283564,7671103.0,Close
2023-09-11,JPM,329.9390453193314,7092173.0,Close
2023-09-12,JPM,330.21013392244276,3303906.0,Close
2023-09-13,JPM,324.7867540389617,4944738.0,Close
2023-09-14,JPM,315.4087945933444,7261245.0,Close
2023-09-15,JPM,310.71739449169485,6920864.0,Close
2023-09-18,JPM,314.59149406244774,6073278.0,Close
2023-09-19,JPM,307.822572865351,2963783.0,Close
2023-09-20,JPM,303.8059900701741,8022179.0,Close
2023-09-21,JPM,305.7396491834645,8299452.0,Close
2023-09-22,JPM,301.0775702499403,5919483.0,Close
2023-09-25,JPM,298.6671671763865,5910345.0,Close
2023-09-26,JPM,299.06660463160244,6292253.0,Close
2023-09-27,JPM,300.3646030975756,8460991.0,Close
2023-09-28,JPM,295.695554597843,6080837.0,Close
2023-09-29,JPM,296.35241522855796,5122726.0,Close
2023-10-02,JPM,298.15359102345656,6152892.0,Close
2023-10-03,JPM,292.51148990994375,5676197.0,Close
2023-10-04,JPM,293.4844983722821,5443387.0,Close
2023-10-05,JPM,290.37335990998076,3273782.0,Close
2023-10-06,JPM,290.94446696498636,6341590.0,Close
2023-10-09,JPM,294.123255654387,7909662.0,Close
2023-10-10,JPM,293.38161470406476,7374624.0,Close
2023-10-11,JPM,297.4219927623692,7464654.0,Close
2023-10-12,JPM,300.97278308044366,5494159.0,Close
2023-10-13,JPM,305.0925693309551,5861138.0,Close
2023-10-16,JPM,306.9662778165051,7846554.0,Close
2023-10-17,JPM,312.0536634297232,7338439.0,Close
2023-10-18,JPM,313.8860674934689,8565708.0,Close
2023-10-19,JPM,306.0967888456517,4732190.0,Close
2023-10-20,JPM,302.50645368446226,4550756.0,Close
2023-10-23,JPM,301.5853708499743,4922022.0,Close
2023-10-24,JPM,301.2264157865708,4075737.0,Close
2023-10-25,JPM,302.872025682783,3684801.0,Close
2023-10-26,JPM,299.2521229279464,6425125.0,Close
2023-10-27,JPM,308.27428874256134,6626985.0,Close
2023-10-30,JPM,307.83714618385693,5827044.0,Close
2023-10-31,JPM,307.83684396447615,5992589.0,Close
2023-11-01,JPM,304.7845310081741,3577255.0,Close
2023-11-02,JPM,300.2466090420212,4874801.0,Close
2023-11-03,JPM,299.7138004746724,4961291.0,Close
2023-11-06,JPM,299.87142588120145,5476824.0,Close
2023-11-07,JPM,299.5159409244555,3490406.0,Close
2023-11-08,JPM,306.9626777139256,4384154.0,Close
2023-11-09,JPM,306.4179226449721,4752940.0,Close
2023-11-10,JPM,306.0591434266703,7428984.0,Close
2023-11-13,JPM,309.8250842303659,6044852.0,Close
2023-11-14,JPM,309.06790880640295,7375559.0,Close
2023-11-15,JPM,311.595589491255,5322306.0,Close
2023-11-16,JPM,305.6718902527502,5698250.0,Close
2023-11-17,JPM,299.89691385318247,6614406.0,Close
2023-11-20,JPM,300.4784264426773,5139902.0,Close
2023-11-21,JPM,299.4720411997352,4513067.0,Close
2023-11-22,JPM,295.8834926612843,3570762.0,Close
2023-11-23,JPM,296.45630800569506,4530412.0,Close
2023-11-24,JPM,297.41698177280733,6993127.0,Close
2023-11-27,JPM,294.29389119156605,8114198.0,Close
2023-11-28,JPM,292.0445180332636,4371564.0,Close
2023-11-29,JPM,293.02371795934334,3235826.0,Close
2023-11-30,JPM,288.58334368033576,7439756.0,Close
2023-12-01,JPM,286.0098181537986,5649620.0,Close
2023-12-04,JPM,288.3258104481999,3685054.0,Close
2023-12-05,JPM,288.25590957927676,2120999.0,Close
2023-12-06,JPM,286.23195745389677,4121508.0,Close
2023-12-07,JPM,282.3995659779181,4878778.0,Close
2023-12-08,JPM,278.153405510686,3986932.0,Close
2023-12-11,JPM,277.6371263366105,6669346.0,Close
2023-12-12,JPM,286.0786245709552,4608571.0,Close
2023-12-13,JPM,288.5314210780601,5548424.0,Close
2023-12-14,JPM,282.8140008783778,11637011.0,Close
2023-12-15,JPM,285.83687799805784,5761499.0,Close
2023-12-18,JPM,282.62600682546935,5381062.0,Close
2023-12-19,JPM,282.6376905555414,5241683.0,Close
2023-12-20,JPM,280.1813069195561,6758764.0,Close
2023-12-21,JPM,288.6873504823713,6924653.0,Close
2023-12-22,JPM,283.8247875237407,4189689.0,Close
2023-12-25,JPM,285.1880645961272,4832471.0,Close
2023-12-26,JPM,282.2981722102305,4545534.0,Close
2023-12-27,JPM,285.4489711178719,5116852.0,Close
2023-12-28,JPM,286.7340101815803,9447956.0,Close
2023-12-29,JPM,292.1454206744398,6853122.0,Close
2024-01-01,JPM,295.31565872633416,5433069.0,Close
2024-01-02,JPM,292.28688745408977,8069253.0,Close
2024-01-03,JPM,305.0651685267698,6450628.0,Close
2024-01-04,JPM,307.63349379616795,3380166.0,Close
2024-01-05,JPM,305.1355822319317,9094354.0,Close
2024-01-08,JPM,306.1081401923865,5191350.0,Close
2024-01-09,JPM,309.03039083316304,2817432.0,Close
2024-01-10,JPM,311.8047690465827,3424946.0,Close
2024-01-11,JPM,314.1529067717449,7729495.0,Close
2024-01-12,JPM,318.7286148608892,3497838.0,Close
2024-01-15,JPM,322.9024411426095,8395518.0,Close
2024-01-16,JPM,318.84704348090247,5729890.0,Close
2024-01-17,JPM,328.9336104127528,7309914.0,Close
2024-01-18,JPM,338.6547914118204,5431979.0,Close
2024-01-19,JPM,342.7492432619133,6534104.0,Close
2024-01-22,JPM,342.9866243379001,5938418.0,Close
2024-01-23,JPM,343.3123241675431,5342441.0,Close
2024-01-24,JPM,341.6894542323577,3970321.0,Close
2024-01-25,JPM,340.7352703745764,6051452.0,Close
2024-01-26,JPM,329.63283038449106,3429977.0,Close
2024-01-29,JPM,337.2127789485941,7618331.0,Close
2024-01-30,JPM,343.1881092578643,6021221.0,Close
2024-01-31,JPM,334.623310488773,6658241.0,Close
2024-02-01,JPM,339.1144409455462,2556911.0,Close
2024-02-02,JPM,339.11397206802525,3844644.0,Close
2024-02-05,JPM,338.1433417655457,4670271.0,Close
2024-02-06,JPM,340.6737182764784,6744326.0,Close
2024-02-07,JPM,331.83496128533193,4377632.0,Close
2024-02-08,JPM,331.81696483778416,11576311.0,Close
2024-02-09,JPM,332.24912530805307,4999324.0,Close
2024-02-12,JPM,332.6866565303381,3989002.0,Close
2024-02-13,JPM,325.92203237931113,5406240.0,Close
2024-02-14,JPM,328.13714486683097,4134213.0,Close
2024-02-15,JPM,333.37446924503257,3958503.0,Close
2024-02-16,JPM,335.44291267211145,7434516.0,Close
2024-02-19,JPM,334.3316081928042,6348756.0,Close
2024-02-20,JPM,347.81241370774944,7052839.0,Close
2024-02-21,JPM,343.043672457294,8229552.0,Close
2024-02-22,JPM,347.0500608913516,6454875.0,Close
2024-02-23,JPM,348.3520200551432,3956526.0,Close
2024-02-26,JPM,358.8732743576148,7269781.0,Close
2024-02-27,JPM,360.9894850793072,3911602.0,Close
2024-02-28,JPM,364.2754644484776,4796696.0,Close
2024-02-29,JPM,367.0715216573992,5438196.0,Close
2024-03-01,JPM,361.3046357772451,5399452.0,Close
2024-03-04,JPM,356.6517891900768,3270517.0,Close
2024-03-05,JPM,355.222351970846,4079880.0,Close
2024-03-06,JPM,360.3479152567429,5584647.0,Close
2024-03-07,JPM,361.6449270734462,4535481.0,Close
2024-03-08,JPM,360.5682307826029,7622972.0,Close
2024-03-11,JPM,368.00736297379615,8446041.0,Close
2024-03-12,JPM,357.1407781543609,4191922.0,Close
2024-03-13,JPM,350.26164319491204,5803729.0,Close
2024-03-14,JPM,337.2262135452354,9631669.0,Close
2024-03-15,JPM,343.35737305627094,5458858.0,Close
2024-03-18,JPM,342.8999106789504,4788859.0,Close
2024-03-19,JPM,347.89334928777714,7280671.0,Close
2024-03-20,JPM,347.36465295675856,4986255.0,Close
2024-03-21,JPM,352.7186022163698,8255338.0,Close
2024-03-22,JPM,352.0903096401905,4532631.0,Close
2024-03-25,JPM,354.28845918511644,4761567.0,Close
2024-03-26,JPM,355.7247929394707,6913894.0,Close
2024-03-27,JPM,357.56158289326834,5640270.0,Close
2024-03-28,JPM,366.6096374311228,5989991.0,Close
2024-03-29,JPM,357.74680399676674,3259629.0,Close
2024-04-01,JPM,357.4217810633815,4860274.0,Close
2024-04-02,JPM,358.52062407407897,7048318.0,Close
2024-04-03,JPM,358.8203393085775,4270747.0,Close
2024-04-04,JPM,356.72648579711216,6766284.0,Close
2024-04-05,JPM,353.915003714032,5978458.0,Close
2024-04-08,JPM,362.0520073116264,5425890.0,Close
2024-04-09,JPM,361.7104175315436,8121784.0,Close
2024-04-10,JPM,374.9371524735219,5400734.0,Close
2024-04-11,JPM,377.9415104210042,5089132.0,Close
2024-04-12,JPM,376.3476989370143,5122425.0,Close
2024-04-15,JPM,379.5006876567773,5659737.0,Close
2024-04-16,JPM,380.1620740833269,6818906.0,Close
2024-04-17,JPM,387.83379008068766,3674470.0,Close
2024-04-18,JPM,381.10630241140393,7356180.0,Close
2024-04-19,JPM,370.88574121358766,5942965.0,Close
2024-04-22,JPM,372.9298826819463,6468904.0,Close
2024-04-23,JPM,377.6323993589123,11462526.0,Close
2024-04-24,JPM,379.28980931836094,4683191.0,Close
2024-04-25,JPM,383.1468481121166,3846051.0,Close
2024-04-26,JPM,386.2007305128691,5848393.0,Close
2024-04-29,JPM,377.695968460932,6385445.0,Close
2024-04-30,JPM,379.3273077511347,7090488.0,Close
2024-05-01,JPM,386.8391415523401,4857847.0,Close
2024-05-02,JPM,387.87676126818263,4234984.0,Close
2024-05-03,JPM,380.32360279493673,3601254.0,Close
2024-05-06,JPM,378.4683821185243,3627983.0,Close
2024-05-07,JPM,381.662214491846,4877387.0,Close
2024-05-08,JPM,391.95297475728256,5624912.0,Close
2024-05-09,JPM,380.5321870869505,10888858.0,Close
2024-05-10,JPM,382.6309238422404,3297064.0,Close
2024-05-13,JPM,377.34112840399195,6206858.0,Close
2024-05-14,JPM,380.2488147029635,4434745.0,Close
2024-05-15,JPM,383.63435055523354,5915742.0,Close
2024-05-16,JPM,382.3406787844489,4611217.0,Close
2024-05-17,JPM,385.9950574209727,7563112.0,Close
2024-05-20,JPM,392.61803014414966,7716398.0,Close
2024-05-21,JPM,391.696643028962,5246086.0,Close
2024-05-22,JPM,383.90978211377,8793909.0,Close
2024-05-23,JPM,392.13687160380465,7204723.0,Close
2024-05-24,JPM,397.04053187437535,8490883.0,Close
2024-05-27,JPM,400.4326468372827,5456259.0,Close
2024-05-28,JPM,396.3411618726078,7390011.0,Close
2024-05-29,JPM,402.2262852118608,4470500.0,Close
2024-05-30,JPM,414.5558061568709,4533404.0,Close
2024-05-31,JPM,413.8510966423271,10416921.0,Close
2024-06-03,JPM,414.4829913710378,3908703.0,Close
2024-06-04,JPM,407.9286810724299,4952607.0,Close
2024-06-05,JPM,403.5863080972181,3146939.0,Close
2024-06-06,JPM,397.1477125750967,4381488.0,Close
2024-06-07,JPM,397.9698417682513,4024165.0,Close
2024-06-10,JPM,395.987353458084,4473377.0,Close
2024-06-11,JPM,398.2398242194119,5997141.0,Close
2024-06-12,JPM,392.9742514046618,6590357.0,Close
2024-06-13,JPM,392.0344896112182,4012854.0,Close
2024-06-14,JPM,386.4896659280823,4432894.0,Close
2024-06-17,JPM,387.61768252142383,7524526.0,Close
2024-06-18,JPM,378.20119120202,9643955.0,Close
2024-06-19,JPM,379.1014739796478,7911267.0,Close
2024-06-20,JPM,377.5647006907098,3328712.0,Close
2024-06-21,JPM,378.62936605735155,7765129.0,Close
2024-06-24,JPM,369.31832778105553,10091399.0,Close
2024-06-25,JPM,372.9758938568282,3336392.0,Close
2024-06-26,JPM,371.352343724791,7554788.0,Close
2024-06-27,JPM,372.60021092900706,5824030.0,Close
2024-06-28,JPM,362.2239714823409,5293572.0,Close
2024-07-01,JPM,355.5344508509956,5871882.0,Close
2024-07-02,JPM,353.50087086701865,6261307.0,Close
2024-07-03,JPM,360.8116360580972,8100024.0,Close
2024-07-04,JPM,363.6973921120627,7689932.0,Close
2024-07-05,JPM,364.4451237325056,3450322.0,Close
2024-07-08,JPM,359.44978978365623,4618604.0,Close
2024-07-09,JPM,353.5449716803782,5815768.0,Close
2024-07-10,JPM,355.0477629451327,8747202.0,Close
2024-07-11,JPM,358.8080656371212,2453285.0,Close
2024-07-12,JPM,359.97011581086963,4530423.0,Close
2024-07-15,JPM,369.2127097905438,3670160.0,Close
2024-07-16,JPM,365.4871720777078,3681816.0,Close
2024-07-17,JPM,366.5090690655885,7304353.0,Close
2024-07-18,JPM,357.2719019016752,4941745.0,Close
2024-07-19,JPM,358.4400426873591,2702152.0,Close
2024-07-22,JPM,366.35607247948377,5479516.0,Close
2024-07-23,JPM,360.69253037949983,10386313.0,Close
2024-07-24,JPM,365.2754471876776,3253719.0,Close
2024-07-25,JPM,373.18768415910137,6734456.0,Close
2024-07-26,JPM,369.38157567905625,8889281.0,Close
2024-07-29,JPM,372.00265284250696,5422919.0,Close
2024-07-30,JPM,380.83150422449194,10294158.0,Close
2024-07-31,JPM,382.1873150901727,4468610.0,Close
2024-08-01,JPM,386.726657109861,8612294.0,Close
2024-08-02,JPM,376.5128643321703,8361422.0,Close
2024-08-05,JPM,379.9175238739873,5481636.0,Close
2024-08-06,JPM,382.8990901855729,3530737.0,Close
2024-08-07,JPM,375.34980451292387,4226369.0,Close
2024-08-08,JPM,369.9803929059474,2781974.0,Close
2024-08-09,JPM,373.36396127707025,6617437.0,Close
2024-08-12,JPM,371.7165641066133,6295513.0,Close
2024-08-13,JPM,377.9391552031036,5795967.0,Close
2024-08-14,JPM,379.73818038479936,5268586.0,Close
2024-08-15,JPM,380.1020141328781,8121743.0,Close
2024-08-16,JPM,379.1765958301741,5935872.0,Close
2024-08-19,JPM,380.8792043471587,4624574.0,Close
2024-08-20,JPM,385.49536866069826,5837364.0,Close
2024-08-21,JPM,388.6164681040413,10202648.0,Close
2024-08-22,JPM,386.2027565280697,6616117.0,Close
2024-08-23,JPM,393.40411131663353,5062460.0,Close
2024-08-26,JPM,397.317733342523,5476482.0,Close
2024-08-27,JPM,399.6516381759088,6302079.0,Close
2024-08-28,JPM,400.24514687001863,4770812.0,Close
2024-08-29,JPM,403.28337795062606,4730595.0,Close
2024-08-30,JPM,392.28419434207905,5810388.0,Close
2024-09-02,JPM,393.7443268977533,8595412.0,Close
2024-09-03,JPM,403.4456711284271,7337526.0,Close
2024-09-04,JPM,404.81871978337887,4814809.0,Close
2024-09-05,JPM,405.37014693225166,7022920.0,Close
2024-09-06,JPM,401.80453189534546,5545655.0,Close
2024-09-09,JPM,404.8106082049584,6110262.0,Close
2024-09-10,JPM,403.6759779520696,5864150.0,Close
2024-09-11,JPM,411.62483531482974,3030460.0,Close
2024-09-12,JPM,406.35634889777685,2243069.0,Close
2024-09-13,JPM,403.65444965886434,5883397.0,Close
2024-09-16,JPM,400.0737854471355,4283637.0,Close
2024-09-17,JPM,411.0939716807132,3568042.0,Close
2024-09-18,JPM,409.9743620798656,4245805.0,Close
2024-09-19,JPM,406.6613099429623,7284464.0,Close
2024-09-20,JPM,393.9956406670845,6560522.0,Close
2024-09-23,JPM,388.6714766610491,7068618.0,Close
2024-09-24,JPM,391.7836204882167,6322174.0,Close
2024-09-25,JPM,394.8971972883707,4188360.0,Close
2024-09-26,JPM,391.0970616268741,6999375.0,Close
2024-09-27,JPM,387.6583276002034,6593963.0,Close
2024-09-30,JPM,398.48312856109624,5638389.0,Close
2024-10-01,JPM,414.5943587333424,6150495.0,Close
2024-10-02,JPM,421.7692720661444,7190434.0,Close
2024-10-03,JPM,431.650901172857,4606595.0,Close
2024-10-04,JPM,443.13328189712786,8065057.0,Close
2024-10-07,JPM,457.8573578887945,7021282.0,Close
2024-10-08,JPM,455.8425173704785,5464047.0,Close
2024-10-09,JPM,449.908236149793,8864720.0,Close
2024-10-10,JPM,462.29380348780256,3956862.0,Close
2024-10-11,JPM,455.68088983045413,4895713.0,Close
2024-10-14,JPM,448.7244465095277,4592856.0,Close
2024-10-15,JPM,442.0282605973059,6269015.0,Close
2024-10-16,JPM,441.2101878302235,7726514.0,Close
2024-10-17,JPM,428.1692185742773,4368627.0,Close
2024-10-18,JPM,419.0430063944652,15456486.0,Close
2024-10-21,JPM,415.1913694044692,4539293.0,Close
2024-10-22,JPM,407.8142409378067,6325151.0,Close
2024-10-23,JPM,414.3391087325044,5652429.0,Close
2024-10-24,JPM,414.42751885613353,5467841.0,Close
2024-10-25,JPM,418.05038174223336,4360388.0,Close
2024-10-28,JPM,421.0204966187587,7581803.0,Close
2024-10-29,JPM,419.76678573165873,4208534.0,Close
2024-10-30,JPM,426.016666839488,3311549.0,Close
2024-10-31,JPM,428.94539466371026,3928320.0,Close
2024-11-01,JPM,426.9521333523335,8430331.0,Close
2024-11-04,JPM,416.2507598155734,8432042.0,Close
2024-11-05,JPM,419.5387568379223,3021179.0,Close
2024-11-06,JPM,411.67425921493555,7266162.0,Close
2024-11-07,JPM,414.0620218750492,3025474.0,Close
2024-11-08,JPM,414.5976297799526,5366102.0,Close
2024-11-11,JPM,406.21162355327874,3978808.0,Close
2024-11-12,JPM,407.8273843481963,7124174.0,Close
2024-11-13,JPM,409.0405321244408,6421679.0,Close
2024-11-14,JPM,410.279478388616,7295929.0,Close
2024-11-15,JPM,411.2280160536939,4966607.0,Close
2024-11-18,JPM,407.26344115996056,5235751.0,Close
2024-11-19,JPM,410.91250673137466,3529472.0,Close
2024-11-20,JPM,406.7342844698408,4076750.0,Close
2024-11-21,JPM,400.24533692826,7506042.0,Close
2024-11-22,JPM,404.3283927300437,6201069.0,Close
2024-11-25,JPM,410.035844722185,5796029.0,Close
2024-11-26,JPM,413.79919634731186,8086477.0,Close
2024-11-27,JPM,412.5643793509905,3681303.0,Close
2024-11-28,JPM,400.6471456638441,7268483.0,Close
2024-11-29,JPM,409.56909192640944,4036264.0,Close
2024-12-02,JPM,397.64264979232905,9129496.0,Close
2024-12-03,JPM,401.17252809038206,6514444.0,Close
2024-12-04,JPM,413.8765138174454,7881380.0,Close
2024-12-05,JPM,414.8486501691193,4397010.0,Close
2024-12-06,JPM,416.70244746290416,10510169.0,Close
2024-12-09,JPM,419.11337920604416,9985886.0,Close
2024-12-10,JPM,420.4030131648749,6188542.0,Close
2024-12-11,JPM,435.226992011137,8478471.0,Close
2024-12-12,JPM,429.7895298224328,5107070.0,Close
2024-12-13,JPM,423.6130899588672,3842263.0,Close
2024-12-16,JPM,421.5869624348786,6940550.0,Close
2024-12-17,JPM,432.60877667260945,4411042.0,Close
2024-12-18,JPM,428.9265243243566,8188066.0,Close
2024-12-19,JPM,431.7351239978598,7524828.0,Close
2024-12-20,JPM,438.698212612042,6063057.0,Close
2024-12-23,JPM,443.85803505551866,5887683.0,Close
2024-12-24,JPM,450.6653291004313,7584953.0,Close
2024-12-25,JPM,460.2718514493284,6226122.0,Close
2024-12-26,JPM,462.4456152817481,4841029.0,Close
2024-12-27,JPM,459.33797053895233,3490358.0,Close
2024-12-30,JPM,460.4014525923482,7235422.0,Close
2024-12-31,JPM,458.11983946260807,6104867.0,Close
2025-01-01,JPM,475.4446941343608,13715959.0,Close
2025-01-02,JPM,471.7121957296971,5359669.0,Close
2025-01-03,JPM,475.1736676623778,6030219.0,Close
2025-01-06,JPM,464.564171533493,6340027.0,Close
2025-01-07,JPM,465.5397224619244,6592311.0,Close
2025-01-08,JPM,463.5942641978406,4082837.0,Close
2025-01-09,JPM,468.3308567514964,5427200.0,Close
2025-01-10,JPM,473.2983871002834,7127922.0,Close
2025-01-13,JPM,483.3803714461504,5188858.0,Close
2025-01-14,JPM,493.10302672104166,7243067.0,Close
2025-01-15,JPM,492.6703533166957,5562461.0,Close
2025-01-16,JPM,485.7695699338799,6335192.0,Close
2025-01-17,JPM,479.8172993168444,7891910.0,Close
2025-01-20,JPM,482.0439576156466,5103957.0,Close
2025-01-21,JPM,483.236175368897,3512169.0,Close
2025-01-22,JPM,485.1549123055997,5034612.0,Close
2025-01-23,JPM,481.3283840259189,4306461.0,Close
2025-01-24,JPM,491.7270800415925,3032765.0,Close
2025-01-27,JPM,480.9551925710934,5562468.0,Close
2025-01-28,JPM,476.7637066977115,5870354.0,Close
2025-01-29,JPM,469.1395880744728,7671287.0,Close
2025-01-30,JPM,467.7271553983449,3863584.0,Close
2025-01-31,JPM,476.49852046617974,5845597.0,Close
2025-02-03,JPM,474.5026346771607,7654640.0,Close
2025-02-04,JPM,475.2766918767395,4558004.0,Close
2025-02-05,JPM,480.0513282443288,6520534.0,Close
2025-02-06,JPM,477.6991608338865,8831324.0,Close
2025-02-07,JPM,480.4866227407019,3136247.0,Close
2025-02-10,JPM,482.3429238272929,5916333.0,Close
2025-02-11,JPM,474.24227474210625,8023855.0,Close
2025-02-12,JPM,471.00382892261536,4950369.0,Close
2025-02-13,JPM,473.55473194539366,8302379.0,Close
2025-02-14,JPM,482.68764016988536,6895777.0,Close
2025-02-17,JPM,491.9899596955987,9693062.0,Close
2025-02-18,JPM,507.46136729408994,7023683.0,Close
2025-02-19,JPM,511.20274472223633,9602618.0,Close
2025-02-20,JPM,508.101744207761,6004034.0,Close
2025-02-21,JPM,507.6737836895172,3584367.0,Close
2025-02-24,JPM,506.86805920858296,4481003.0,Close
2025-02-25,JPM,503.8345396547955,7446181.0,Close
2025-02-26,JPM,506.77697486131177,7399204.0,Close
2025-02-27,JPM,510.08920129270103,5005986.0,Close
2025-02-28,JPM,501.19500182808395,9744224.0,Close
2025-03-03,JPM,509.40695948999434,5084471.0,Close
2025-03-04,JPM,495.47431877931115,6698271.0,Close
2025-03-05,JPM,493.8825201798142,6198292.0,Close
2025-03-06,JPM,502.4262064334337,3803232.0,Close
2025-03-07,JPM,507.0464912657091,5357318.0,Close
2025-03-10,JPM,504.397854523656,11179093.0,Close
2025-03-11,JPM,519.3041552420673,4448926.0,Close
2025-03-12,JPM,515.9462314106511,6627032.0,Close
2025-03-13,JPM,500.5606829099664,4152724.0,Close
2025-03-14,JPM,504.00630632350754,4157984.0,Close
2025-03-17,JPM,490.660658042167,3805893.0,Close
2025-03-18,JPM,484.6165988577727,7411304.0,Close
2025-03-19,JPM,489.18440062751,4266804.0,Close
2025-03-20,JPM,485.8692114440525,8042760.0,Close
2025-03-21,JPM,490.1426703855,4716398.0,Close
2025-03-24,JPM,481.71102567844144,5889178.0,Close
2025-03-25,JPM,487.9493432696601,6333966.0,Close
2025-03-26,JPM,475.6677611705441,3568440.0,Close
2025-03-27,JPM,485.100593448539,6069532.0,Close
2025-03-28,JPM,481.70791570614625,6111245.0,Close
2025-03-31,JPM,492.7912969808087,8110420.0,Close
2025-04-01,JPM,486.6542064863943,4192202.0,Close
2025-04-02,JPM,500.7155382242367,4583299.0,Close
2025-04-03,JPM,493.6026781879882,6848259.0,Close
2025-04-04,JPM,480.4185890705166,8892389.0,Close
2025-04-07,JPM,480.7829712876623,4521840.0,Close
2025-04-08,JPM,489.7087571148798,3927627.0,Close
2025-04-09,JPM,495.55498800255054,5076219.0,Close
2025-04-10,JPM,504.22879385243107,4185296.0,Close
2025-04-11,JPM,510.3971335084746,6295113.0,Close
2025-04-14,JPM,504.1952833811395,4040025.0,Close
2025-04-15,JPM,510.0307207414186,7466307.0,Close
2025-04-16,JPM,510.79681882856687,5770034.0,Close
2025-04-17,JPM,505.4343521313992,7513008.0,Close
2025-04-18,JPM,506.847419653429,2626774.0,Close
2025-04-21,JPM,506.4783140335204,3187172.0,Close
2025-04-22,JPM,517.2594637135388,8449457.0,Close
2025-04-23,JPM,513.3362065957433,4441711.0,Close
2025-04-24,JPM,509.0839457688681,3557397.0,Close
2025-04-25,JPM,503.8238991652896,5228445.0,Close
2025-04-28,JPM,518.1710217923724,6290725.0,Close
2025-04-29,JPM,513.2505971645434,5286105.0,Close
2025-04-30,JPM,523.2614741393737,6564444.0,Close
2025-05-01,JPM,515.2515027767413,6227949.0,Close
2025-05-02,JPM,519.2133883382721,5996932.0,Close
2025-05-05,JPM,521.3105549871843,8173955.0,Close
2025-05-06,JPM,530.9839022771653,5665052.0,Close
2025-05-07,JPM,539.6856013788665,5580711.0,Close
2025-05-08,JPM,540.407929868222,6884329.0,Close
2025-05-09,JPM,536.1297252984335,6512133.0,Close
2025-05-12,JPM,549.2172385629232,4411502.0,Close
2025-05-13,JPM,544.049135895648,5390303.0,Close
2025-05-14,JPM,525.663533410737,6769529.0,Close
2025-05-15,JPM,511.1152169026348,4894488.0,Close
2025-05-16,JPM,498.8305003500774,4914887.0,Close
2025-05-19,JPM,503.3304828594635,3646117.0,Close
2025-05-20,JPM,520.0539606730653,2495726.0,Close
2025-05-21,JPM,504.2503533107438,5256259.0,Close
2025-05-22,JPM,498.40754019896633,5793598.0,Close
2025-05-23,JPM,499.12779961326663,3896578.0,Close
2025-05-26,JPM,510.71907137883056,8715544.0,Close
2025-05-27,JPM,504.7601999548125,4074675.0,Close
2025-05-28,JPM,509.2767247357222,7276469.0,Close
2025-05-29,JPM,507.43035600406114,6176895.0,Close
2025-05-30,JPM,527.2695487356629,11567572.0,Close
2025-06-02,JPM,528.4691913476917,6379892.0,Close
2025-06-03,JPM,531.3400372787023,3549050.0,Close
2025-06-04,JPM,532.0700005883416,7424757.0,Close
2025-06-05,JPM,528.83150209872,9131835.0,Close
2025-06-06,JPM,536.4026981330801,3302854.0,Close
2025-06-09,JPM,527.1678237413237,6865405.0,Close
2025-06-10,JPM,511.4475565569341,7600198.0,Close
2025-06-11,JPM,510.3572500498664,5088197.0,Close
2025-06-12,JPM,516.6390479637553,2702213.0,Close
2025-06-13,JPM,512.2114222575415,5058120.0,Close
2025-06-16,JPM,513.6980934997032,4566495.0,Close
2025-06-17,JPM,504.38042864235666,8991827.0,Close
2025-06-18,JPM,512.4522142523742,5499806.0,Close
2025-06-19,JPM,517.5058142784037,4903059.0,Close
2025-06-20,JPM,517.7174512753921,4525234.0,Close
2025-06-23,JPM,519.0826151333893,5989457.0,Close
2025-06-24,JPM,508.3254757135033,5822743.0,Close
2025-06-25,JPM,498.13087450057,4507933.0,Close
2025-06-26,JPM,497.27902153128184,5863346.0,Close
2025-06-27,JPM,501.15558657796976,4666167.0,Close
2025-06-30,JPM,505.4418710416553,2539720.0,Close
2025-07-01,JPM,502.7565802772676,6690017.0,Close
2025-07-02,JPM,508.41721063254954,6616535.0,Close
2025-07-03,JPM,519.2761150699062,6088638.0,Close
2025-07-04,JPM,518.6468438936892,4736439.0,Close
2025-07-07,JPM,521.1074068480419,5349008.0,Close
2025-07-08,JPM,519.5472348225591,6952655.0,Close
2025-07-09,JPM,518.6252376051954,4482420.0,Close
2025-07-10,JPM,519.9992667709845,7030146.0,Close
2025-07-11,JPM,533.3018407679097,3728052.0,Close
2025-07-14,JPM,540.6611796406312,5902704.0,Close
2025-07-15,JPM,547.3937531257743,5633894.0,Close
2025-07-16,JPM,543.7423144531481,7426218.0,Close
2025-07-17,JPM,536.5018791194275,4254123.0,Close
2025-07-18,JPM,539.6878798648236,4302140.0,Close
2025-07-21,JPM,549.7859711174378,3745903.0,Close
2025-07-22,JPM,564.0161103901066,4899625.0,Close
2025-07-23,JPM,543.3962928746369,6456524.0,Close
2025-07-24,JPM,563.3353605239175,3488515.0,Close
2025-07-25,JPM,566.9119415412782,4808527.0,Close
2025-07-28,JPM,574.6812922093106,6739094.0,Close
2025-07-29,JPM,559.7956545061201,5631462.0,Close
2025-07-30,JPM,557.8764799659084,5568864.0,Close
2025-07-31,JPM,564.8039363547321,3557801.0,Close
2025-08-01,JPM,554.9473373400913,5503658.0,Close
2025-08-04,JPM,531.0439222879766,6138189.0,Close
2025-08-05,JPM,533.7684907647599,5209857.0,Close
2025-08-06,JPM,533.4320018832101,5652664.0,Close
2025-08-07,JPM,544.9890521493827,5231148.0,Close
2025-08-08,JPM,543.7480029163756,4732218.0,Close
2025-08-11,JPM,543.1049191222305,3959063.0,Close
2025-08-12,JPM,548.8324728516657,7447535.0,Close
2025-08-13,JPM,557.3764834082808,3904167.0,Close
2025-08-14,JPM,551.5332038104052,5828428.0,Close
2025-08-15,JPM,559.3851177664418,9681132.0,Close
2025-08-18,JPM,555.0850019019982,7672383.0,Close
2025-08-19,JPM,555.2853918058959,6285773.0,Close
2025-08-20,JPM,560.9179885662719,5985241.0,Close
2025-08-21,JPM,568.0701479979417,5384931.0,Close
2025-08-22,JPM,570.8386667010408,4172465.0,Close
2025-08-25,JPM,561.6807258544184,5234410.0,Close
2025-08-26,JPM,546.0374218362167,6938633.0,Close
2025-08-27,JPM,544.5650705690501,6106588.0,Close
2025-08-28,JPM,552.5358902641899,7127696.0,Close
2025-08-29,JPM,556.3141521701515,7929620.0,Close
2025-09-01,JPM,558.3908456546347,5196558.0,Close
2025-09-02,JPM,558.3958183416028,5708630.0,Close
2025-09-03,JPM,561.0402653975347,3091891.0,Close
2025-09-04,JPM,552.7648603130658,11073508.0,Close
2025-09-05,JPM,559.2763653557114,4928190.0,Close
2025-09-08,JPM,566.4173778899374,6803888.0,Close
2025-09-09,JPM,563.4730763071011,4833219.0,Close
2025-09-10,JPM,567.2192117606756,4820231.0,Close
2025-09-11,JPM,552.7252771487501,5404101.0,Close
2025-09-12,JPM,554.2762924267536,3740594.0,Close
2025-09-15,JPM,553.2361504869672,2575251.0,Close
2025-09-16,JPM,563.7158600618944,8065339.0,Close
2025-09-17,JPM,562.1057621971307,6402189.0,Close
2025-09-18,JPM,569.4708173695304,4255428.0,Close
2025-09-19,JPM,566.2048965247269,6277858.0,Close
2025-09-22,JPM,546.9149802963225,7605648.0,Close
2025-09-23,JPM,545.1329417746985,4420348.0,Close
2025-09-24,JPM,546.7988508833048,6153848.0,Close
2025-09-25,JPM,548.0944123825959,7341336.0,Close
2025-09-26,JPM,549.5168997640601,3527703.0,Close
2025-09-29,JPM,545.4181898113745,6465950.0,Close
2025-09-30,JPM,542.8402465417197,6096978.0,Close
2025-10-01,JPM,533.7598278244672,9949243.0,Close
2025-10-02,JPM,517.8857376794657,6937696.0,Close
2025-10-03,JPM,517.120379573078,4785337.0,Close
2025-10-06,JPM,511.41725164982984,5095667.0,Close
2025-10-07,JPM,519.7329652739511,10371307.0,Close
2025-10-08,JPM,502.835413161194,5317533.0,Close
2025-10-09,JPM,505.0807782547614,6511359.0,Close
2025-10-10,JPM,521.1602060622738,5496432.0,Close
2025-10-13,JPM,519.7947512367274,7512775.0,Close
2025-10-14,JPM,519.832633278805,7567151.0,Close
2025-10-15,JPM,523.2057698548349,5456875.0,Close
2025-10-16,JPM,527.2123547154043,4879691.0,Close
2025-10-17,JPM,524.0521343165444,4821270.0,Close
2025-10-20,JPM,516.2109996508957,3353914.0,Close
2025-10-21,JPM,521.3079283891523,5718781.0,Close
2025-10-22,JPM,506.4943461596323,5991399.0,Close
2025-10-23,JPM,512.8548033865295,4377766.0,Close
2025-10-24,JPM,509.9087754161871,3161479.0,Close
2025-10-27,JPM,509.9904118262319,5736004.0,Close
2025-10-28,JPM,506.04046198400584,6093079.0,Close
2025-10-29,JPM,516.9249578441579,6458012.0,Close
2025-10-30,JPM,518.9085460215246,4050586.0,Close
2025-10-31,JPM,516.4713388691001,6155961.0,Close
2025-11-03,JPM,513.8280752293953,5186501.0,Close
2025-11-04,JPM,512.7483479106544,7028882.0,Close
2025-11-05,JPM,531.1837272048872,4456585.0,Close
2025-11-06,JPM,520.78330828903,8056963.0,Close
2025-11-07,JPM,529.2750390757348,8891993.0,Close
2025-11-10,JPM,533.8313158926275,5724289.0,Close
2025-11-11,JPM,546.1830496644777,6505251.0,Close
2025-11-12,JPM,551.3827377253912,7012713.0,Close
2025-11-13,JPM,551.4733048249229,3963704.0,Close
2025-11-14,JPM,559.9471669505568,4872388.0,Close
2025-11-17,JPM,561.934739561918,5756080.0,Close
2025-11-18,JPM,568.3421422737152,10237941.0,Close
2025-11-19,JPM,580.5440619990816,4006763.0,Close
2025-11-20,JPM,581.4133500366951,8848044.0,Close
2025-11-21,JPM,577.790204630972,5180758.0,Close
2025-11-24,JPM,572.2939278116112,5486025.0,Close
2025-11-25,JPM,576.2145093642346,7926043.0,Close
2025-11-26,JPM,568.7140507210454,10269096.0,Close
2025-11-27,JPM,565.8042453663295,6212004.0,Close
2025-11-28,JPM,557.6829546226941,7972359.0,Close
2025-12-01,JPM,561.985408599223,4183656.0,Close
2025-12-02,JPM,555.7290572259262,4751254.0,Close
2025-12-03,JPM,545.100286628403,3797923.0,Close
2025-12-04,JPM,536.1089544160562,4845351.0,Close
2025-12-05,JPM,531.5921350809059,6546489.0,Close
2025-12-08,JPM,527.8350041207906,5865115.0,Close
2025-12-09,JPM,529.879730041806,9153005.0,Close
2025-12-10,JPM,528.6595805477372,10051226.0,Close
2025-12-11,JPM,531.6470440933906,5260661.0,Close
2025-12-12,JPM,535.2897416326141,4485448.0,Close
2025-12-15,JPM,541.277619235566,7888576.0,Close
2025-12-16,JPM,525.8984911949516,8546000.0,Close
2025-12-17,JPM,517.0945513920086,6460930.0,Close
2025-12-18,JPM,521.4437686316298,6827679.0,Close
2025-12-19,JPM,523.1515479062695,6416804.0,Close
2025-12-22,JPM,530.8531186364169,4182825.0,Close
2025-12-23,JPM,518.6579118656485,3996715.0,Close
2025-12-24,JPM,515.0321061931298,5418840.0,Close
2025-12-25,JPM,512.8083877572636,5139686.0,Close
2025-12-26,JPM,514.1439986503468,5901835.0,Close
2025-12-29,JPM,514.478409939527,5191273.0,Close
2025-12-30,JPM,518.1455205056853,3302156.0,Close
2025-12-31,JPM,517.3162877606304,2873494.0,Close
2026-01-01,JPM,527.9904529841069,7139816.0,Close
2026-01-02,JPM,541.4022856020483,4754068.0,Close
2026-01-05,JPM,532.414302096728,5277028.0,Close
2026-01-06,JPM,532.8341063459128,4569333.0,Close
2026-01-07,JPM,539.2525848768358,4246021.0,Close
2026-01-08,JPM,544.0336225710565,4173237.0,Close
2026-01-09,JPM,540.7779710472794,7449460.0,Close
2026-01-12,JPM,542.9004265824942,5075157.0,Close
2026-01-13,JPM,530.108291977035,6980548.0,Close
2026-01-14,JPM,530.0169818238542,6791278.0,Close
2026-01-15,JPM,518.5044198335803,6312264.0,Close
2026-01-16,JPM,522.5018240918909,7013768.0,Close
2026-01-19,JPM,513.842760128583,5681472.0,Close
2026-01-20,JPM,515.1539386477534,8175710.0,Close
2026-01-21,JPM,517.6713512539744,7000459.0,Close
2026-01-22,JPM,518.3175702134808,7207109.0,Close
2026-01-23,JPM,513.4789402479463,4180632.0,Close
2026-01-26,JPM,511.922304703134,5885100.0,Close
2026-01-27,JPM,521.0211404120613,3273431.0,Close
2026-01-28,JPM,517.7725955890936,8358141.0,Close
2026-01-29,JPM,517.9975168583616,4475872.0,Close
2026-01-30,JPM,513.7440444720695,4774656.0,Close
2026-02-02,JPM,521.6412326533956,3740696.0,Close
2026-02-03,JPM,522.3077486167052,5351310.0,Close
2026-02-04,JPM,516.4008145205682,5141199.0,Close
2026-02-05,JPM,516.5146857582566,9317251.0,Close
2026-02-06,JPM,514.7120273978354,7046868.0,Close
2026-02-09,JPM,525.4882729541058,4908250.0,Close
2026-02-10,JPM,525.1970382502707,3274576.0,Close
2026-02-11,JPM,514.3982066147419,2883926.0,Close
2026-02-12,JPM,518.2920713740359,4051050.0,Close
2026-02-13,JPM,532.192828711566,3905632.0,Close
2026-02-16,JPM,541.7781508470155,6306651.0,Close
2026-02-17,JPM,532.9051420182415,5413396.0,Close
2026-02-18,JPM,530.8245901625802,5480735.0,Close
2026-02-19,JPM,530.6415519838802,4058260.0,Close
2026-02-20,JPM,530.5548552231232,5643456.0,Close
2026-02-23,JPM,533.6375247786355,3580690.0,Close
2026-02-24,JPM,530.9527001130992,5327530.0,Close
2026-02-25,JPM,523.7440447461465,7195055.0,Close
2026-02-26,JPM,531.2575182052187,5037469.0,Close
2026-02-27,JPM,522.3929162312432,6464565.0,Close
2026-03-02,JPM,516.1870859720857,3084396.0,Close
2026-03-03,JPM,507.5259818942,3053787.0,Close
2026-03-04,JPM,512.2297494050354,6110442.0,Close
2026-03-05,JPM,513.1036001708935,7415761.0,Close
2026-03-06,JPM,519.9404466826812,5218041.0,Close
2026-03-09,JPM,513.895317518798,10614752.0,Close
2026-03-10,JPM,504.32575360288,3690411.0,Close
2026-03-11,JPM,501.0358206680276,4480717.0,Close
2026-03-12,JPM,499.72570800353617,5664611.0,Close
2026-03-13,JPM,501.34505283780726,6255017.0,Close
2026-03-16,JPM,488.7904335631755,4863040.0,Close
2026-03-17,JPM,492.34499535876427,4007627.0,Close
2026-03-18,JPM,485.81794208352943,6749555.0,Close
2026-03-19,JPM,481.1703804999949,5769956.0,Close
2026-03-20,JPM,489.66966767370104,5117396.0,Close
2026-03-23,JPM,473.7406506930397,6869962.0,Close
2026-03-24,JPM,476.0791095815605,5249813.0,Close
2026-03-25,JPM,478.4022503974299,5243595.0,Close
2026-03-26,JPM,472.5997786870144,5297124.0,Close
2026-03-27,JPM,469.4948778989017,4295626.0,Close
2026-03-30,JPM,478.1202434415805,4311231.0,Close
2026-03-31,JPM,492.2077914960048,5009764.0,Close
2026-04-01,JPM,500.09995371703616,5703042.0,Close
2026-04-02,JPM,514.2589502143043,3335214.0,Close
2026-04-03,JPM,509.00161793247054,7374506.0,Close
2026-04-06,JPM,497.0339074745092,5801341.0,Close
2026-04-07,JPM,496.69947824461775,3923117.0,Close
2026-04-08,JPM,502.7336625081723,9071819.0,Close
2026-04-09,JPM,488.8486357312076,5909361.0,Close
2026-04-10,JPM,482.13243647510967,3759335.0,Close
2026-04-13,JPM,476.3091597240187,8948686.0,Close
2026-04-14,JPM,478.9028827273467,8224042.0,Close
2026-04-15,JPM,480.5873924988117,4146479.0,Close
2026-04-16,JPM,475.0718988265222,5059933.0,Close
2026-04-17,JPM,476.40332762700774,4737424.0,Close
2026-04-20,JPM,468.3027323535681,3213333.0,Close
2026-04-21,JPM,465.370165578964,6052160.0,Close
2026-04-22,JPM,456.6222754232644,7336053.0,Close
2026-04-23,JPM,455.64855075467574,6605090.0,Close
2026-04-24,JPM,450.2467050722209,5635980.0,Close
2026-04-27,JPM,454.9458189395307,7373370.0,Close
2026-04-28,JPM,454.8195301401664,3836750.0,Close
2026-04-29,JPM,453.3293659845347,9390163.0,Close
2026-04-30,JPM,465.3660426142842,4615472.0,Close
2026-05-01,JPM,468.0861346032851,4497303.0,Close
2026-05-04,JPM,465.5627624813524,4608375.0,Close
2026-05-05,JPM,461.5522687603065,4551549.0,Close
2026-05-06,JPM,453.4532121909354,5354210.0,Close
2026-05-07,JPM,453.0581842982157,5040844.0,Close
2026-05-08,JPM,455.1936918862252,5682155.0,Close
2026-05-11,JPM,442.215845201904,4576149.0,Close
2026-05-12,JPM,433.24731056749147,6010103.0,Close
2026-05-13,JPM,429.95332206687954,3974192.0,Close
2026-05-14,JPM,422.9422879840288,7042055.0,Close
2026-05-15,JPM,423.26405148092846,6703956.0,Close
2026-05-18,JPM,424.4650992505693,5425650.0,Close
2026-05-19,JPM,423.7372167994864,4457638.0,Close
2026-05-20,JPM,427.27135992918267,6064489.0,Close
2026-05-21,JPM,423.58320043364927,4236209.0,Close
2026-05-22,JPM,423.34073305565266,5454685.0,Close
2026-05-25,JPM,417.0380334975049,5379243.0,Close
2026-05-26,JPM,418.8603752955358,12017856.0,Close
2026-05-27,JPM,419.3835238804784,3743500.0,Close
2026-05-28,JPM,411.9155443755168,2550392.0,Close
2026-05-29,JPM,411.0074580471756,4480411.0,Close
2026-06-01,JPM,410.8218637561478,3225510.0,Close
2026-06-02,JPM,412.59488063274785,4389664.0,Close
2026-06-03,JPM,414.6044710792797,3704772.0,Close
2026-06-04,JPM,410.18084344116295,4239959.0,Close
2026-06-05,JPM,414.9111771491733,4050887.0,Close
2026-06-08,JPM,418.203465302004,7365510.0,Close
2026-06-09,JPM,413.7202171122447,5482124.0,Close
2026-06-10,JPM,406.69850469947215,7820085.0,Close
2026-06-11,JPM,402.80336096416374,5611785.0,Close
2026-06-12,JPM,393.98569606768893,7588089.0,Close
2026-06-15,JPM,395.2559738132651,4969799.0,Close
2026-06-16,JPM,402.2959040928624,9159734.0,Close
2026-06-17,JPM,410.8927813312374,6604987.0,Close
2026-06-18,JPM,404.246865248568,4471988.0,Close
2026-06-19,JPM,409.0487540536202,6720466.0,Close
2026-06-22,JPM,409.6122035455339,5455642.0,Close
2026-06-23,JPM,394.98447649198664,5614873.0,Close
2026-06-24,JPM,393.0663625380008,5627508.0,Close
2026-06-25,JPM,390.5035028902557,6883612.0,Close
2026-06-26,JPM,397.6179452511387,3011257.0,Close
2026-06-29,JPM,392.4851283376462,5038511.0,Close
2026-06-30,JPM,395.8342626486636,6783380.0,Close
2026-07-01,JPM,395.2455536573834,5831749.0,Close
2026-07-02,JPM,386.74603987524034,4091862.0,Close
2026-07-03,JPM,383.59694378298786,2713399.0,Close
2026-07-06,JPM,392.4256504371031,9596922.0,Close
2026-07-07,JPM,391.4530856721721,5132947.0,Close
2026-07-08,JPM,396.7998975961228,8835443.0,Close
2026-07-09,JPM,401.8945301039411,7104159.0,Close
2026-07-10,JPM,399.2465819714005,4331379.0,Close
2026-07-13,JPM,391.6304284265262,2690207.0,Close
2026-07-14,JPM,384.9302140745747,4932293.0,Close
2026-07-15,JPM,393.32936016005016,5678179.0,Close
2026-07-16,JPM,394.2665902662624,6213461.0,Close
2026-07-17,JPM,384.09022686856247,4160829.0,Close
2026-07-20,JPM,388.9235052468848,5899425.0,Close
2026-07-21,JPM,378.5766626382254,6137859.0,Close
2026-07-22,JPM,373.9434160914861,7510040.0,Close
2026-07-23,JPM,374.44058054796375,4934915.0,Close
2026-07-24,JPM,388.5945688288283,6852710.0,Close
2026-07-27,JPM,393.3801763431569,6093407.0,Close
2026-07-28,JPM,390.5875983425967,7157396.0,Close
2026-07-29,JPM,390.797475511863,4220842.0,Close
2026-07-30,JPM,396.2162174039535,2234228.0,Close
2026-07-31,JPM,404.68505396531486,5341406.0,Close
2026-08-03,JPM,403.2327029619888,5082565.0,Close
2026-08-04,JPM,401.96055020934944,3844184.0,Close
2026-08-05,JPM,397.017531786619,3554471.0,Close
2026-08-06,JPM,401.01141220268033,4672617.0,Close
2026-08-07,JPM,407.2089407783323,5448037.0,Close
2026-08-10,JPM,395.451157004827,6026096.0,Close
2026-08-11,JPM,393.14993000468394,2762434.0,Close
2026-08-12,JPM,386.0614379692054,3356883.0,Close
2026-08-13,JPM,386.97655613135817,7616749.0,Close
2026-08-14,JPM,379.85760596059697,5372183.0,Close
2026-08-17,JPM,372.4027686838923,5702330.0,Close
2026-08-18,JPM,378.70133313146783,3795874.0,Close
2026-08-19,JPM,377.80681589146417,5420224.0,Close
2026-08-20,JPM,377.5114566473264,4826098.0,Close
2026-08-21,JPM,379.9912203143383,4564695.0,Close
2022-01-03,META,97.20451108221955,2818286.0,Close
2022-01-04,META,91.71292925166205,1979539.0,Close
2022-01-05,META,92.32415086211576,2660247.0,Close
2022-01-06,META,93.35997155379218,1507248.0,Close
2022-01-07,META,91.99685301985834,1902780.0,Close
2022-01-10,META,92.32229157479628,2996789.0,Close
2022-01-11,META,93.2927423306244,1437150.0,Close
2022-01-12,META,91.02983229801552,2112100.0,Close
2022-01-13,META,92.60677372722452,2378039.0,Close
2022-01-14,META,93.19950515970552,1701430.0,Close
2022-01-17,META,92.95426656523456,2244930.0,Close
2022-01-18,META,93.19049661325938,2097004.0,Close
2022-01-19,META,94.55301993244036,2538342.0,Close
2022-01-20,META,98.9866762254466,4106194.0,Close
2022-01-21,META,100.24087674124053,4797478.0,Close
2022-01-24,META,101.91434934754164,2499495.0,Close
2022-01-25,META,102.35445199294536,2029874.0,Close
2022-01-26,META,106.30306661067816,2637966.0,Close
2022-01-27,META,103.22386114868476,2099872.0,Close
2022-01-28,META,99.67194156616854,1419419.0,Close
2022-01-31,META,100.021408972819,2064126.0,Close
2022-02-01,META,101.3894181364736,2983412.0,Close
2022-02-02,META,96.19810863198413,1539854.0,Close
2022-02-03,META,96.23350218740228,1543336.0,Close
2022-02-04,META,95.92717038910946,1756176.0,Close
2022-02-07,META,97.40082801497569,2422935.0,Close
2022-02-08,META,98.28093112188438,4340836.0,Close
2022-02-09,META,94.75949664694046,1799524.0,Close
2022-02-10,META,92.7481648827918,2264415.0,Close
2022-02-11,META,91.28786556141785,2172995.0,Close
2022-02-14,META,92.68070821093416,1979022.0,Close
2022-02-15,META,93.41761544450522,2090666.0,Close
2022-02-16,META,92.2953978104686,1866759.0,Close
2022-02-17,META,92.60329383816313,4763925.0,Close
2022-02-18,META,90.67868412830585,2755521.0,Close
2022-02-21,META,94.44602085926496,2031630.0,Close
2022-02-22,META,95.57527379502956,3060372.0,Close
2022-02-23,META,97.12407269945317,2345968.0,Close
2022-02-24,META,99.84852328343096,2285087.0,Close
2022-02-25,META,101.92731024104356,2083816.0,Close
2022-02-28,META,102.03628560380982,1927864.0,Close
2022-03-01,META,101.7023237053777,1450633.0,Close
2022-03-02,META,104.37462135717966,1352556.0,Close
2022-03-03,META,104.47576493875512,2321806.0,Close
2022-03-04,META,102.95187515612264,2040966.0,Close
2022-03-07,META,107.05771567310929,3017595.0,Close
2022-03-08,META,105.09482568643742,1673295.0,Close
2022-03-09,META,101.4842108034488,1643671.0,Close
2022-03-10,META,103.54928629798336,2774109.0,Close
2022-03-11,META,102.075818994662,1976686.0,Close
2022-03-14,META,103.01118805408426,2751262.0,Close
2022-03-15,META,106.81067793055448,2323807.0,Close
2022-03-16,META,103.9120312329406,3934356.0,Close
2022-03-17,META,103.87214982365738,2601514.0,Close
2022-03-18,META,107.00797278893964,2554466.0,Close
2022-03-21,META,108.51820660193228,2744685.0,Close
2022-03-22,META,108.1742258112889,1926713.0,Close
2022-03-23,META,113.40554344172295,1448923.0,Close
2022-03-24,META,113.2382781450253,2318485.0,Close
2022-03-25,META,114.18912408802682,3802184.0,Close
2022-03-28,META,118.01646783670095,1146713.0,Close
2022-03-29,META,120.38975593673064,2528291.0,Close
2022-03-30,META,123.63381223036076,1412556.0,Close
2022-03-31,META,121.45723374594778,2165598.0,Close
2022-04-01,META,124.50217548653364,2280910.0,Close
2022-04-04,META,124.98005268254646,2621445.0,Close
2022-04-05,META,123.16520499802384,2302304.0,Close
2022-04-06,META,123.76727593729818,3173498.0,Close
2022-04-07,META,124.29360380927328,2976706.0,Close
2022-04-08,META,129.0049140059995,2174760.0,Close
2022-04-11,META,130.0478411547945,2946158.0,Close
2022-04-12,META,128.06804413790655,1971993.0,Close
2022-04-13,META,125.5260012324625,1897628.0,Close
2022-04-14,META,125.4615047959123,1445486.0,Close
2022-04-15,META,122.12837633474936,3315119.0,Close
2022-04-18,META,120.42945933721236,1972098.0,Close
2022-04-19,META,119.892240014145,1015177.0,Close
2022-04-20,META,118.93012468166712,2495850.0,Close
2022-04-21,META,120.71601075518976,1900427.0,Close
2022-04-22,META,118.98233313010584,1975494.0,Close
2022-04-25,META,113.13993645029686,2215404.0,Close
2022-04-26,META,109.36396353286231,2059939.0,Close
2022-04-27,META,109.3726532319793,4696366.0,Close
2022-04-28,META,108.13318131263212,3527060.0,Close
2022-04-29,META,105.4983182303838,2741552.0,Close
2022-05-02,META,109.68840290010044,2492256.0,Close
2022-05-03,META,111.55956609246772,3054937.0,Close
2022-05-04,META,111.477566472871,2233391.0,Close
2022-05-05,META,112.04788846059682,2686426.0,Close
2022-05-06,META,111.5009775710881,2484879.0,Close
2022-05-09,META,108.74571304161684,2312286.0,Close
2022-05-10,META,111.04131004608574,2920395.0,Close
2022-05-11,META,112.98584089502717,1922007.0,Close
2022-05-12,META,108.55429506507956,2356080.0,Close
2022-05-13,META,109.0947152642352,1567079.0,Close
2022-05-16,META,109.87939034984068,1632931.0,Close
2022-05-17,META,109.21834890956042,987442.0,Close
2022-05-18,META,113.86026403069484,2678339.0,Close
2022-05-19,META,118.45164075595396,2891786.0,Close
2022-05-20,META,117.60651599681104,2930065.0,Close
2022-05-23,META,117.13230223602636,1506089.0,Close
2022-05-24,META,116.38407270579414,2408912.0,Close
2022-05-25,META,115.00788541163402,2144413.0,Close
2022-05-26,META,112.93421645285792,2724199.0,Close
2022-05-27,META,114.1316305287609,1757877.0,Close
2022-05-30,META,118.67144981199937,2096068.0,Close
2022-05-31,META,122.41274479936058,1422677.0,Close
2022-06-01,META,124.40381103355726,1752050.0,Close
2022-06-02,META,118.45207102777462,2370893.0,Close
2022-06-03,META,114.0740773315268,2424464.0,Close
2022-06-06,META,116.5586711618692,1330761.0,Close
2022-06-07,META,120.39534693477984,1952200.0,Close
2022-06-08,META,121.78506675803938,2248712.0,Close
2022-06-09,META,121.09185050902283,3214159.0,Close
2022-06-10,META,124.42909912654451,1740469.0,Close
2022-06-13,META,126.3641585376354,2511395.0,Close
2022-06-14,META,129.3021670213499,1872317.0,Close
2022-06-15,META,124.54384950287496,2012158.0,Close
2022-06-16,META,125.45589996637592,1626907.0,Close
2022-06-17,META,129.97595429521974,1677917.0,Close
2022-06-20,META,131.40773729335183,1855762.0,Close
2022-06-21,META,133.96435042940607,3002216.0,Close
2022-06-22,META,134.12060042566011,1657354.0,Close
2022-06-23,META,134.46453360285045,1588297.0,Close
2022-06-24,META,138.30578592062705,2394524.0,Close
2022-06-27,META,136.50822949109477,2155525.0,Close
2022-06-28,META,134.46612859592227,2120491.0,Close
2022-06-29,META,133.23514412629487,2296784.0,Close
2022-06-30,META,133.35600050090548,1534285.0,Close
2022-07-01,META,129.10776086103465,1732947.0,Close
2022-07-04,META,131.0572268099677,2910713.0,Close
2022-07-05,META,130.6827394610169,1999659.0,Close
2022-07-06,META,132.97741026301327,2607754.0,Close
2022-07-07,META,127.38372797358343,3367859.0,Close
2022-07-08,META,129.6302660375929,2810884.0,Close
2022-07-11,META,133.1627751111573,1485670.0,Close
2022-07-12,META,134.3922260600731,2055650.0,Close
2022-07-13,META,134.5318482631208,2839369.0,Close
2022-07-14,META,136.92517400242804,2552412.0,Close
2022-07-15,META,140.4766842632497,2359233.0,Close
2022-07-18,META,142.01140030981543,1308138.0,Close
2022-07-19,META,143.7756923014906,1785784.0,Close
2022-07-20,META,148.61658594557656,2328550.0,Close
2022-07-21,META,150.9503413231954,1414087.0,Close
2022-07-22,META,148.59343334410786,2751341.0,Close
2022-07-25,META,152.43332542401623,2154600.0,Close
2022-07-26,META,152.12165712505612,1150780.0,Close
2022-07-27,META,152.28965747470698,1753379.0,Close
2022-07-28,META,152.68264236828637,1915606.0,Close
2022-07-29,META,155.71632573695894,2110990.0,Close
2022-08-01,META,161.24631142139555,3509047.0,Close
2022-08-02,META,161.3957298277006,2470782.0,Close
2022-08-03,META,167.0704665303426,1520234.0,Close
2022-08-04,META,167.69496662191742,1339798.0,Close
2022-08-05,META,172.4843042227119,2075872.0,Close
2022-08-08,META,173.2461262451792,2179829.0,Close
2022-08-09,META,171.61075109135808,2868706.0,Close
2022-08-10,META,178.3015051987679,3887641.0,Close
2022-08-11,META,176.27702536218854,3658242.0,Close
2022-08-12,META,174.03891777076888,1883059.0,Close
2022-08-15,META,169.73053156391242,2945337.0,Close
2022-08-16,META,174.11876984028967,2536057.0,Close
2022-08-17,META,179.44526426931938,1630338.0,Close
2022-08-18,META,180.8665815889896,1203622.0,Close
2022-08-19,META,177.37648883897214,2288116.0,Close
2022-08-22,META,177.42985620948275,1323886.0,Close
2022-08-23,META,176.43043977183365,1631565.0,Close
2022-08-24,META,172.8610650466039,1789065.0,Close
2022-08-25,META,171.24157061974165,2274054.0,Close
2022-08-26,META,173.05335169597876,3138215.0,Close
2022-08-29,META,171.0284696665885,2152315.0,Close
2022-08-30,META,172.10390969626138,1795429.0,Close
2022-08-31,META,166.04748921122936,1231265.0,Close
2022-09-01,META,171.71233392215728,2620000.0,Close
2022-09-02,META,170.43932255528028,2135682.0,Close
2022-09-05,META,173.48869152901833,1850761.0,Close
2022-09-06,META,174.2210301219905,2976155.0,Close
2022-09-07,META,175.70359027008536,1486148.0,Close
2022-09-08,META,171.7911737624389,1799341.0,Close
2022-09-09,META,169.24565126534952,2010141.0,Close
2022-09-12,META,166.8149217566304,1825309.0,Close
2022-09-13,META,166.97259842958636,2450466.0,Close
2022-09-14,META,171.48674493139362,2573788.0,Close
2022-09-15,META,173.05182419483657,2916904.0,Close
2022-09-16,META,170.00245979412526,2535599.0,Close
2022-09-19,META,170.3745051364671,2014059.0,Close
2022-09-20,META,170.17339089550495,1877254.0,Close
2022-09-21,META,169.05017914869595,2421558.0,Close
2022-09-22,META,169.0717542239274,1957193.0,Close
2022-09-23,META,171.73538499819057,2200245.0,Close
2022-09-26,META,169.33064641302047,2515005.0,Close
2022-09-27,META,168.22989028655,2201417.0,Close
2022-09-28,META,171.61720258641773,2409574.0,Close
2022-09-29,META,173.30638239467868,1682102.0,Close
2022-09-30,META,177.82824165327597,3348440.0,Close
2022-10-03,META,183.02711528872695,1616542.0,Close
2022-10-04,META,178.11260767038942,2553470.0,Close
2022-10-05,META,179.22031830479574,1823857.0,Close
2022-10-06,META,177.47271456256934,2949860.0,Close
2022-10-07,META,173.28336045891095,2891468.0,Close
2022-10-10,META,170.61620834852923,2165706.0,Close
2022-10-11,META,169.66150557757842,3357793.0,Close
2022-10-12,META,168.73340491364078,1990286.0,Close
2022-10-13,META,166.75324976100384,2793593.0,Close
2022-10-14,META,166.78046867617505,1666691.0,Close
2022-10-17,META,175.03755232483414,2686373.0,Close
2022-10-18,META,169.05730449979666,1726436.0,Close
2022-10-19,META,172.987032796494,2228820.0,Close
2022-10-20,META,172.9988480796206,2040105.0,Close
2022-10-21,META,171.55506678542642,2763551.0,Close
2022-10-24,META,164.68566197411255,1897309.0,Close
2022-10-25,META,167.27705900516895,5454012.0,Close
2022-10-26,META,162.5156263925538,1485181.0,Close
2022-10-27,META,165.28517288663184,2334893.0,Close
2022-10-28,META,171.13004276115944,2497739.0,Close
2022-10-31,META,166.80180587545814,2618977.0,Close
2022-11-01,META,170.78343045010783,1901733.0,Close
2022-11-02,META,170.94517315764554,2233542.0,Close
2022-11-03,META,163.83963391113969,1966786.0,Close
2022-11-04,META,159.95205925948795,3892014.0,Close
2022-11-07,META,160.59370460346076,1732647.0,Close
2022-11-08,META,161.95606577397282,2031847.0,Close
2022-11-09,META,156.89222449212122,1856844.0,Close
2022-11-10,META,157.0605280578451,1634528.0,Close
2022-11-11,META,159.72344518334353,1429761.0,Close
2022-11-14,META,162.99219336835642,2689686.0,Close
2022-11-15,META,161.7137914112889,1732616.0,Close
2022-11-16,META,163.20658869983097,1675970.0,Close
2022-11-17,META,166.7883924806252,1653728.0,Close
2022-11-18,META,169.71292029961657,2388825.0,Close
2022-11-21,META,172.8214159238739,2199466.0,Close
2022-11-22,META,173.29035118909832,2104768.0,Close
2022-11-23,META,173.03753945606238,1655626.0,Close
2022-11-24,META,174.05751886818018,2402042.0,Close
2022-11-25,META,171.46720941693118,1773923.0,Close
2022-11-28,META,175.36669704545895,2259794.0,Close
2022-11-29,META,170.06042182913973,2166663.0,Close
2022-11-30,META,168.41457468142565,1284405.0,Close
2022-12-01,META,168.36572043596763,3810367.0,Close
2022-12-02,META,170.02531711400331,2534000.0,Close
2022-12-05,META,172.34186813749608,2275826.0,Close
2022-12-06,META,177.56401835264865,2500866.0,Close
2022-12-07,META,177.91848744549554,3857003.0,Close
2022-12-08,META,175.43409433719648,3035322.0,Close
2022-12-09,META,175.00039673265218,2316920.0,Close
2022-12-12,META,173.9557742176703,1704850.0,Close
2022-12-13,META,175.84580836907136,1813272.0,Close
2022-12-14,META,172.15942220661725,1281762.0,Close
2022-12-15,META,171.62887411599843,1871871.0,Close
2022-12-16,META,177.2895754502465,2776314.0,Close
2022-12-19,META,178.00654999464015,2535443.0,Close
2022-12-20,META,174.32508631495674,2646559.0,Close
2022-12-21,META,173.21321355408213,1808621.0,Close
2022-12-22,META,165.5312695093518,2768887.0,Close
2022-12-23,META,165.4081617564889,2658346.0,Close
2022-12-26,META,170.94669326807318,1168657.0,Close
2022-12-27,META,166.95293173451515,2428534.0,Close
2022-12-28,META,162.15023131264232,4200961.0,Close
2022-12-29,META,160.0965229474069,1970078.0,Close
2022-12-30,META,163.12482525494573,1027233.0,Close
2023-01-02,META,168.77324856369123,1791858.0,Close
2023-01-03,META,170.36419425091196,1235833.0,Close
2023-01-04,META,166.04471434831595,1842681.0,Close
2023-01-05,META,166.043231851362,1434802.0,Close
2023-01-06,META,172.07507766309803,3037147.0,Close
2023-01-09,META,171.07724210006128,2661851.0,Close
2023-01-10,META,171.63397168764982,2318295.0,Close
2023-01-11,META,172.53705547664725,3039678.0,Close
2023-01-12,META,167.26290562598655,1908556.0,Close
2023-01-13,META,170.68383974704517,2247535.0,Close
2023-01-16,META,173.68114187752053,4211778.0,Close
2023-01-17,META,166.81254128398285,2761903.0,Close
2023-01-18,META,162.43341733550173,2661439.0,Close
2023-01-19,META,159.34519436565483,1739202.0,Close
2023-01-20,META,161.80649025259285,1912756.0,Close
2023-01-23,META,159.4395744428819,1600445.0,Close
2023-01-24,META,160.79268157547205,3517095.0,Close
2023-01-25,META,160.27669924692404,1310407.0,Close
2023-01-26,META,160.57550439124242,2740223.0,Close
2023-01-27,META,162.24287279006757,2542715.0,Close
2023-01-30,META,163.19994011610774,1303109.0,Close
2023-01-31,META,163.2091309450771,2918622.0,Close
2023-02-01,META,164.35110756589506,1956945.0,Close
2023-02-02,META,165.13811835072784,1413710.0,Close
2023-02-03,META,164.51580941475055,2336857.0,Close
2023-02-06,META,163.1647453634471,1658334.0,Close
2023-02-07,META,169.38988427782388,2170825.0,Close
2023-02-08,META,167.95982590912354,1824867.0,Close
2023-02-09,META,172.63823950718557,1724158.0,Close
2023-02-10,META,170.34134657202384,1508080.0,Close
2023-02-13,META,173.18371853095354,2762447.0,Close
2023-02-14,META,179.45527126289593,2531513.0,Close
2023-02-15,META,178.31887704301656,2282424.0,Close
2023-02-16,META,176.00984158085123,1929119.0,Close
2023-02-17,META,174.5714651342702,2155085.0,Close
2023-02-20,META,174.57991067801194,1661215.0,Close
2023-02-21,META,175.78320911099786,1686569.0,Close
2023-02-22,META,175.71898075578775,3463874.0,Close
2023-02-23,META,174.3155641726374,2765608.0,Close
2023-02-24,META,181.2252002605764,1958433.0,Close
2023-02-27,META,180.5758109495902,1336513.0,Close
2023-02-28,META,178.40882701258968,1288222.0,Close
2023-03-01,META,181.45858642337535,1800345.0,Close
2023-03-02,META,184.61843641050615,2251178.0,Close
2023-03-03,META,189.92932396499023,2331493.0,Close
2023-03-06,META,197.35624182173444,2419693.0,Close
2023-03-07,META,198.81311296166984,2340562.0,Close
2023-03-08,META,197.7505317887832,1541288.0,Close
2023-03-09,META,190.29218550984305,3624577.0,Close
2023-03-10,META,186.79586034906785,2059904.0,Close
2023-03-13,META,187.6588405172047,2294323.0,Close
2023-03-14,META,183.29594706301225,1819900.0,Close
2023-03-15,META,177.54858888707545,2488223.0,Close
2023-03-16,META,177.86056438495547,3882851.0,Close
2023-03-17,META,180.70920171814873,1613409.0,Close
2023-03-20,META,179.89479471922513,1502261.0,Close
2023-03-21,META,183.2090883779705,1686502.0,Close
2023-03-22,META,185.55480693254685,1946368.0,Close
2023-03-23,META,189.9128883065497,1896270.0,Close
2023-03-24,META,198.27456797282895,1716153.0,Close
2023-03-27,META,208.7565137910844,2364418.0,Close
2023-03-28,META,211.9112013435108,3458726.0,Close
2023-03-29,META,210.04928876102937,2032552.0,Close
2023-03-30,META,210.40155414165952,2022445.0,Close
2023-03-31,META,217.13256619439736,2516191.0,Close
2023-04-03,META,213.3374379132096,2647528.0,Close
2023-04-04,META,219.62497516206727,3403870.0,Close
2023-04-05,META,218.9724035457661,2245902.0,Close
2023-04-06,META,220.06556818973507,2100739.0,Close
2023-04-07,META,216.59672142836885,1611177.0,Close
2023-04-10,META,210.94076476320885,2788852.0,Close
2023-04-11,META,209.853212489078,1632666.0,Close
2023-04-12,META,215.4292350669657,1719900.0,Close
2023-04-13,META,212.49029703529948,2284785.0,Close
2023-04-14,META,219.45547977099224,3612769.0,Close
2023-04-17,META,217.02980126265527,2661205.0,Close
2023-04-18,META,212.47469841979253,2177163.0,Close
2023-04-19,META,213.64840353902673,1568594.0,Close
2023-04-20,META,216.65162379975075,3408117.0,Close
2023-04-21,META,217.56356916331836,2062245.0,Close
2023-04-24,META,218.31731197209697,1918413.0,Close
2023-04-25,META,225.4316324736948,2685974.0,Close
2023-04-26,META,225.9592579783429,1823581.0,Close
2023-04-27,META,223.92607247093932,1697158.0,Close
2023-04-28,META,218.9354546412622,1814505.0,Close
2023-05-01,META,224.62380781977583,1831890.0,Close
2023-05-02,META,222.80415217830435,1512891.0,Close
2023-05-03,META,221.43527443884807,1454711.0,Close
2023-05-04,META,226.2036957607523,2951846.0,Close
2023-05-05,META,235.6220122027187,2847881.0,Close
2023-05-08,META,236.9126888721376,1644902.0,Close
2023-05-09,META,236.3652039930089,2722770.0,Close
2023-05-10,META,236.4416588644053,2275009.0,Close
2023-05-11,META,234.3846628247854,1928701.0,Close
2023-05-12,META,232.81420961904803,1462830.0,Close
2023-05-15,META,231.2792987988421,2340208.0,Close
2023-05-16,META,235.60494137497648,3828321.0,Close
2023-05-17,META,235.2912127421182,2088777.0,Close
2023-05-18,META,241.80884355205896,3027219.0,Close
2023-05-19,META,241.3505395895488,1954970.0,Close
2023-05-22,META,239.67928489663456,2788020.0,Close
2023-05-23,META,245.92698085814936,2134965.0,Close
2023-05-24,META,246.14070504333205,1009268.0,Close
2023-05-25,META,245.6240473122676,1678628.0,Close
2023-05-26,META,245.8966777207963,2162409.0,Close
2023-05-29,META,253.23745840177568,3122959.0,Close
2023-05-30,META,254.90268908156503,2017190.0,Close
2023-05-31,META,261.4020621001602,2249871.0,Close
2023-06-01,META,260.2861417277915,1759035.0,Close
2023-06-02,META,266.0870804304224,3529719.0,Close
2023-06-05,META,267.4718044569491,3299987.0,Close
2023-06-06,META,272.32333234484474,1783064.0,Close
2023-06-07,META,277.7220472201852,1392457.0,Close
2023-06-08,META,272.59834413633826,1271161.0,Close
2023-06-09,META,273.1108480420913,2496444.0,Close
2023-06-12,META,278.4734200241825,2284215.0,Close
2023-06-13,META,284.830952126706,1750547.0,Close
2023-06-14,META,292.11598838234715,2419840.0,Close
2023-06-15,META,292.8571839518911,1442973.0,Close
2023-06-16,META,302.03195683760407,2876357.0,Close
2023-06-19,META,298.18267373422464,1917550.0,Close
2023-06-20,META,289.3733563466065,1630200.0,Close
2023-06-21,META,287.8885377486155,1883990.0,Close
2023-06-22,META,294.9192327558867,1970885.0,Close
2023-06-23,META,288.62300314761745,2459154.0,Close
2023-06-26,META,280.2402943359532,3194920.0,Close
2023-06-27,META,270.69221221226155,3189234.0,Close
2023-06-28,META,274.80605986178506,2272075.0,Close
2023-06-29,META,266.94730163605504,2126278.0,Close
2023-06-30,META,270.0034789012378,1806509.0,Close
2023-07-03,META,268.3447038972399,1241198.0,Close
2023-07-04,META,264.31446335022224,2152279.0,Close
2023-07-05,META,259.13539820250776,1698995.0,Close
2023-07-06,META,260.32077759195823,3026333.0,Close
2023-07-07,META,256.4968859770145,2036287.0,Close
2023-07-10,META,256.58334919945696,2594404.0,Close
2023-07-11,META,258.76116562490125,1837877.0,Close
2023-07-12,META,262.05386215357305,1756002.0,Close
2023-07-13,META,267.0790851648443,2626343.0,Close
2023-07-14,META,268.0781620175163,2276571.0,Close
2023-07-17,META,262.5491563845218,2422785.0,Close
2023-07-18,META,265.11631634085535,2073002.0,Close
2023-07-19,META,268.7214128099142,2731967.0,Close
2023-07-20,META,267.8602510185028,2537604.0,Close
2023-07-21,META,266.4305252581725,1095335.0,Close
2023-07-24,META,279.77361660803905,2205507.0,Close
2023-07-25,META,272.64005451405893,3023306.0,Close
2023-07-26,META,275.45870384943623,1572872.0,Close
2023-07-27,META,281.3581651235673,1326803.0,Close
2023-07-28,META,279.5552632158321,2025116.0,Close
2023-07-31,META,278.7325115034329,2443012.0,Close
2023-08-01,META,276.6098797926935,1845342.0,Close
2023-08-02,META,276.7319450090601,3056979.0,Close
2023-08-03,META,281.8453324190049,3800978.0,Close
2023-08-04,META,280.8479991051871,1174986.0,Close
2023-08-07,META,298.4923645534219,2193928.0,Close
2023-08-08,META,295.9123067284592,1071723.0,Close
2023-08-09,META,304.21719264676847,2738367.0,Close
2023-08-10,META,307.668907000136,1746713.0,Close
2023-08-11,META,308.4726777830272,1809925.0,Close
2023-08-14,META,317.7069849404712,3185624.0,Close
2023-08-15,META,307.6497925192047,1522609.0,Close
2023-08-16,META,310.4077331486351,1324308.0,Close
2023-08-17,META,306.0833034327727,1089721.0,Close
2023-08-18,META,303.54045928664425,3108052.0,Close
2023-08-21,META,300.7325146867771,2906820.0,Close
2023-08-22,META,295.05035763257274,2004087.0,Close
2023-08-23,META,285.3996675901514,1551545.0,Close
2023-08-24,META,287.74981811778514,2726048.0,Close
2023-08-25,META,287.4953589241668,4745859.0,Close
2023-08-28,META,285.8876661446607,1962366.0,Close
2023-08-29,META,290.3656497280678,1511751.0,Close
2023-08-30,META,293.12446964432223,3092046.0,Close
2023-08-31,META,291.6837479033896,1496473.0,Close
2023-09-01,META,309.6597979898452,2198696.0,Close
2023-09-04,META,316.11757214511374,997295.0,Close
2023-09-05,META,331.756440199013,2171941.0,Close
2023-09-06,META,329.14026467741144,1445010.0,Close
2023-09-07,META,330.93243136047903,3071215.0,Close
2023-09-08,META,322.8580528284322,1658675.0,Close
2023-09-11,META,320.85907641525506,2665968.0,Close
2023-09-12,META,317.24122462725626,2075092.0,Close
2023-09-13,META,336.4397266173881,2541254.0,Close
2023-09-14,META,331.91392613403633,2520481.0,Close
2023-09-15,META,330.5009235730642,2064473.0,Close
2023-09-18,META,321.0092256689193,1852480.0,Close
2023-09-19,META,324.58578462927295,1677812.0,Close
2023-09-20,META,318.86697278889375,2540653.0,Close
2023-09-21,META,324.88077479789297,1237057.0,Close
2023-09-22,META,313.36985347975883,3791209.0,Close
2023-09-25,META,312.74231739265673,2167895.0,Close
2023-09-26,META,301.3009564984523,2077444.0,Close
2023-09-27,META,298.46834082056523,2306795.0,Close
2023-09-28,META,296.8793741255543,1760813.0,Close
2023-09-29,META,293.4421593125039,2031856.0,Close
2023-10-02,META,290.62631751744675,1517531.0,Close
2023-10-03,META,296.4142417430347,2456593.0,Close
2023-10-04,META,309.4711117719604,2290569.0,Close
2023-10-05,META,311.71237709663535,2238834.0,Close
2023-10-06,META,306.4715939349215,3395225.0,Close
2023-10-09,META,306.99934381925,1635765.0,Close
2023-10-10,META,304.95206635540586,2032697.0,Close
2023-10-11,META,310.52512511070967,1331320.0,Close
2023-10-12,META,312.45361128997683,2488524.0,Close
2023-10-13,META,302.7023501441626,2253475.0,Close
2023-10-16,META,309.5004065918855,2222484.0,Close
2023-10-17,META,315.6373501206657,2093412.0,Close
2023-10-18,META,325.23976613261516,1900473.0,Close
2023-10-19,META,322.01296006542617,4510276.0,Close
2023-10-20,META,324.0974783356977,2135967.0,Close
2023-10-23,META,316.5375857420548,2422532.0,Close
2023-10-24,META,316.3505199397006,1474273.0,Close
2023-10-25,META,319.0075739769324,2769419.0,Close
2023-10-26,META,315.07727151519373,2069848.0,Close
2023-10-27,META,317.378303482065,2419684.0,Close
2023-10-30,META,318.58636388988515,2746356.0,Close
2023-10-31,META,315.8511586853164,2059531.0,Close
2023-11-01,META,324.8420576784573,1835043.0,Close
2023-11-02,META,323.4564965776489,1043535.0,Close
2023-11-03,META,324.45964840065596,1861397.0,Close
2023-11-06,META,315.0553357022715,1834693.0,Close
2023-11-07,META,318.4737292031791,1517913.0,Close
2023-11-08,META,315.56666119184223,3290904.0,Close
2023-11-09,META,321.7629417453954,2945524.0,Close
2023-11-10,META,313.4419746026201,1289156.0,Close
2023-11-13,META,316.2865322857406,2228202.0,Close
2023-11-14,META,302.58240349906896,1831712.0,Close
2023-11-15,META,306.45218054146926,2401055.0,Close
2023-11-16,META,305.51163334179057,1644591.0,Close
2023-11-17,META,308.0921618448812,1806778.0,Close
2023-11-20,META,304.5181382624947,2861488.0,Close
2023-11-21,META,298.85316905411054,2796392.0,Close
2023-11-22,META,296.3792906634632,3338744.0,Close
2023-11-23,META,297.650157712172,1965777.0,Close
2023-11-24,META,301.2222534466588,1386651.0,Close
2023-11-27,META,303.18952352863073,2784343.0,Close
2023-11-28,META,297.62551612596326,2886195.0,Close
2023-11-29,META,308.72539391746744,2780853.0,Close
2023-11-30,META,310.921052859488,1692500.0,Close
2023-12-01,META,307.1757593919117,1556562.0,Close
2023-12-04,META,309.92354677016044,2498003.0,Close
2023-12-05,META,311.65016618112423,1614378.0,Close
2023-12-06,META,310.6903489992281,1906035.0,Close
2023-12-07,META,309.00157024218413,5034673.0,Close
2023-12-08,META,315.2403691942553,4160819.0,Close
2023-12-11,META,326.3027545624281,2904096.0,Close
2023-12-12,META,313.1204933692101,1903961.0,Close
2023-12-13,META,320.985273295353,1793504.0,Close
2023-12-14,META,321.2537946519877,2574007.0,Close
2023-12-15,META,322.9192011367677,3296133.0,Close
2023-12-18,META,331.8144741478397,1923471.0,Close
2023-12-19,META,314.2913154804624,2092262.0,Close
2023-12-20,META,319.5647749468989,2233667.0,Close
2023-12-21,META,327.9244628078341,1472677.0,Close
2023-12-22,META,323.53860130404144,1433391.0,Close
2023-12-25,META,314.6343692831895,1575781.0,Close
2023-12-26,META,325.12067243837197,2684072.0,Close
2023-12-27,META,313.80948157048743,2482077.0,Close
2023-12-28,META,316.5815495405042,2990561.0,Close
2023-12-29,META,323.21618043308507,1307393.0,Close
2024-01-01,META,325.92839524905963,1347173.0,Close
2024-01-02,META,329.76181763162066,2458652.0,Close
2024-01-03,META,328.1530380327148,1617919.0,Close
2024-01-04,META,331.3418725151611,1677201.0,Close
2024-01-05,META,326.7783759338485,2922774.0,Close
2024-01-08,META,323.1266487497754,1813595.0,Close
2024-01-09,META,323.4981685088895,1823740.0,Close
2024-01-10,META,313.6484607550236,2097197.0,Close
2024-01-11,META,317.4155051116249,2027475.0,Close
2024-01-12,META,301.7609489227747,2920294.0,Close
2024-01-15,META,304.08865573722096,1474172.0,Close
2024-01-16,META,307.0079723304697,2014114.0,Close
2024-01-17,META,302.2497491193266,3072156.0,Close
2024-01-18,META,294.90128194137094,4214143.0,Close
2024-01-19,META,292.6158729309949,1410877.0,Close
2024-01-22,META,296.4979208105303,2378692.0,Close
2024-01-23,META,298.68324252815944,1999820.0,Close
2024-01-24,META,292.15493685165325,2142756.0,Close
2024-01-25,META,292.9018176923101,1647050.0,Close
2024-01-26,META,294.56867600568796,2642935.0,Close
2024-01-29,META,295.9945951684766,2596037.0,Close
2024-01-30,META,290.2667971944939,4671656.0,Close
2024-01-31,META,291.3000680431412,1408491.0,Close
2024-02-01,META,296.78928251923014,1295425.0,Close
2024-02-02,META,300.11526910676974,3965796.0,Close
2024-02-05,META,302.72320984903064,2092560.0,Close
2024-02-06,META,312.829251319028,1987005.0,Close
2024-02-07,META,314.01868521445124,2216733.0,Close
2024-02-08,META,308.85334131828364,1430370.0,Close
2024-02-09,META,303.79258270975504,2432611.0,Close
2024-02-12,META,304.99784063533036,2046178.0,Close
2024-02-13,META,296.33722194163045,3102184.0,Close
2024-02-14,META,294.61832189988144,2725293.0,Close
2024-02-15,META,297.48986770934056,2826787.0,Close
2024-02-16,META,304.60768137574655,2350882.0,Close
2024-02-19,META,295.30766587529087,3658901.0,Close
2024-02-20,META,296.02349464789364,2480207.0,Close
2024-02-21,META,295.74767001215673,1770170.0,Close
2024-02-22,META,296.09933622853316,1630707.0,Close
2024-02-23,META,297.06941115480697,1697304.0,Close
2024-02-26,META,297.01050021289046,2473079.0,Close
2024-02-27,META,305.43373933354866,1507403.0,Close
2024-02-28,META,313.18791102065364,2335330.0,Close
2024-02-29,META,326.7878860207458,1823609.0,Close
2024-03-01,META,326.86134365755606,1423271.0,Close
2024-03-04,META,324.3117335305373,1527836.0,Close
2024-03-05,META,318.1584480824706,2173724.0,Close
2024-03-06,META,314.98277136718934,2682791.0,Close
2024-03-07,META,319.63469944017066,1766133.0,Close
2024-03-08,META,325.3423061010341,1170711.0,Close
2024-03-11,META,329.8923769139802,5560126.0,Close
2024-03-12,META,325.6399795452769,3008679.0,Close
2024-03-13,META,321.4776184573679,2844916.0,Close
2024-03-14,META,334.23295566626456,3777444.0,Close
2024-03-15,META,328.80157785322007,2233413.0,Close
2024-03-18,META,338.28676916288987,2161325.0,Close
2024-03-19,META,341.179570124879,3190853.0,Close
2024-03-20,META,336.31545803151556,3237541.0,Close
2024-03-21,META,328.47253272879357,2665517.0,Close
2024-03-22,META,324.07734695165675,2807591.0,Close
2024-03-25,META,326.9334990260894,1466215.0,Close
2024-03-26,META,321.11166831402653,2019850.0,Close
2024-03-27,META,331.2630714273188,3780941.0,Close
2024-03-28,META,330.0267372892037,2666210.0,Close
2024-03-29,META,334.80735206367586,1393966.0,Close
2024-04-01,META,339.1150656867495,1834481.0,Close
2024-04-02,META,350.2946558823724,3614010.0,Close
2024-04-03,META,347.3705896635217,2433960.0,Close
2024-04-04,META,348.26142184533205,2204391.0,Close
2024-04-05,META,338.62480479507053,2390624.0,Close
2024-04-08,META,339.47328114746136,2035295.0,Close
2024-04-09,META,347.3836203814387,1893672.0,Close
2024-04-10,META,349.06451543859737,1636493.0,Close
2024-04-11,META,365.40825893368384,3198729.0,Close
2024-04-12,META,369.3767911006696,2296867.0,Close
2024-04-15,META,365.5344945507294,2640757.0,Close
2024-04-16,META,369.035587031185,2510686.0,Close
2024-04-17,META,358.3652297475973,3435011.0,Close
2024-04-18,META,352.7789750202173,2485110.0,Close
2024-04-19,META,344.32199337437083,2842694.0,Close
2024-04-22,META,344.58366568307537,2182962.0,Close
2024-04-23,META,344.31590028834114,1562544.0,Close
2024-04-24,META,352.7886402817177,2078735.0,Close
2024-04-25,META,352.2417598731519,2483915.0,Close
2024-04-26,META,345.31298970095804,2688163.0,Close
2024-04-29,META,356.2634644135048,3505757.0,Close
2024-04-30,META,335.37815772720825,2121773.0,Close
2024-05-01,META,335.7834041613499,2224736.0,Close
2024-05-02,META,337.39561402086883,2021369.0,Close
2024-05-03,META,337.4733824594,3374359.0,Close
2024-05-06,META,341.00573942997147,2391864.0,Close
2024-05-07,META,341.91176493383,2350993.0,Close
2024-05-08,META,345.4876168658484,2113648.0,Close
2024-05-09,META,341.46553508460937,2003767.0,Close
2024-05-10,META,331.6220827307442,1457268.0,Close
2024-05-13,META,331.4586372265088,1420966.0,Close
2024-05-14,META,324.7790969846368,2317694.0,Close
2024-05-15,META,320.17534112403837,2194844.0,Close
2024-05-16,META,327.7738751748633,2345091.0,Close
2024-05-17,META,338.159476824579,3008502.0,Close
2024-05-20,META,346.05747750788885,2279198.0,Close
2024-05-21,META,352.8536418289694,1975799.0,Close
2024-05-22,META,353.4320602647653,1954497.0,Close
2024-05-23,META,360.7846404305671,2367732.0,Close
2024-05-24,META,363.5155656311736,1890183.0,Close
2024-05-27,META,377.8734255067117,3188401.0,Close
2024-05-28,META,371.0802703381951,2175734.0,Close
2024-05-29,META,376.24837766830075,2327166.0,Close
2024-05-30,META,366.8719601203401,1742550.0,Close
2024-05-31,META,372.0236968584933,2971144.0,Close
2024-06-03,META,359.3589271525559,3515401.0,Close
2024-06-04,META,350.7691919853914,1474812.0,Close
2024-06-05,META,341.8987710863277,2513340.0,Close
2024-06-06,META,343.77709096750067,2038459.0,Close
2024-06-07,META,346.3717373514779,2306707.0,Close
2024-06-10,META,363.5467775021477,2725164.0,Close
2024-06-11,META,363.0399339362404,1063863.0,Close
2024-06-12,META,368.8237034829784,2725778.0,Close
2024-06-13,META,370.17484045618625,2923758.0,Close
2024-06-14,META,375.45128079827,3119069.0,Close
2024-06-17,META,376.6971255262995,1575762.0,Close
2024-06-18,META,385.1696520120814,2190707.0,Close
2024-06-19,META,377.2057229553273,1871475.0,Close
2024-06-20,META,358.85405245251536,1336273.0,Close
2024-06-21,META,362.01505333943544,1764984.0,Close
2024-06-24,META,349.0667801300138,1656843.0,Close
2024-06-25,META,358.40295150964886,2473811.0,Close
2024-06-26,META,354.6194074419808,1309918.0,Close
2024-06-27,META,347.389829540455,1638398.0,Close
2024-06-28,META,366.3575197162166,2062818.0,Close
2024-07-01,META,366.38198625448496,2610309.0,Close
2024-07-02,META,364.9980817880107,4820226.0,Close
2024-07-03,META,370.63321986977127,2373636.0,Close
2024-07-04,META,376.857049587871,1596376.0,Close
2024-07-05,META,385.6318096125236,1807619.0,Close
2024-07-08,META,375.4903345637357,2722567.0,Close
2024-07-09,META,379.6918504845098,1429659.0,Close
2024-07-10,META,377.62498300054995,2925411.0,Close
2024-07-11,META,370.8141228844432,2370114.0,Close
2024-07-12,META,371.33393772034304,2003500.0,Close
2024-07-15,META,358.0064393934743,1384052.0,Close
2024-07-16,META,364.78989633832504,2885284.0,Close
2024-07-17,META,362.82251352383366,1674949.0,Close
2024-07-18,META,359.5062052915509,2228614.0,Close
2024-07-19,META,358.67051133506806,1989775.0,Close
2024-07-22,META,357.62211136042214,1299281.0,Close
2024-07-23,META,365.9601587124779,2068084.0,Close
2024-07-24,META,358.0775023572765,1533806.0,Close
2024-07-25,META,355.4889609903027,1740321.0,Close
2024-07-26,META,354.10020779013723,2386209.0,Close
2024-07-29,META,346.690010086277,2717866.0,Close
2024-07-30,META,347.9492393002904,2082530.0,Close
2024-07-31,META,343.04950776387204,1656016.0,Close
2024-08-01,META,333.53724028536584,1847629.0,Close
2024-08-02,META,337.20323584778765,1752828.0,Close
2024-08-05,META,347.8150892543843,1194009.0,Close
2024-08-06,META,348.30481156574564,2126364.0,Close
2024-08-07,META,347.7354223048636,1262747.0,Close
2024-08-08,META,347.01917471003327,2132381.0,Close
2024-08-09,META,343.5796988933667,1376702.0,Close
2024-08-12,META,351.7930498804529,1545898.0,Close
2024-08-13,META,352.610324021755,2549125.0,Close
2024-08-14,META,337.3565054049296,2357527.0,Close
2024-08-15,META,345.6163411518198,1263199.0,Close
2024-08-16,META,352.37925682394916,1854519.0,Close
2024-08-19,META,356.78506000762826,2324785.0,Close
2024-08-20,META,337.2233263256674,2003129.0,Close
2024-08-21,META,337.3506946947963,1870877.0,Close
2024-08-22,META,343.5431470281342,2351486.0,Close
2024-08-23,META,346.3081094997098,2150047.0,Close
2024-08-26,META,347.8843338177967,1559095.0,Close
2024-08-27,META,354.2846888603156,2200392.0,Close
2024-08-28,META,355.42935019514346,1918729.0,Close
2024-08-29,META,364.1649758525021,3730705.0,Close
2024-08-30,META,365.5055227873919,2030492.0,Close
2024-09-02,META,366.2676675621064,2170480.0,Close
2024-09-03,META,372.9834723773782,2362461.0,Close
2024-09-04,META,370.1646339202753,1923119.0,Close
2024-09-05,META,362.1800633595073,1777036.0,Close
2024-09-06,META,362.3658886911502,2381400.0,Close
2024-09-09,META,366.8149620961636,2471377.0,Close
2024-09-10,META,373.7832109211478,4089483.0,Close
2024-09-11,META,380.9253432047856,2736515.0,Close
2024-09-12,META,380.5672617072007,2608617.0,Close
2024-09-13,META,379.4254451061318,2592186.0,Close
2024-09-16,META,375.085154551844,1741706.0,Close
2024-09-17,META,377.1288219402144,1443458.0,Close
2024-09-18,META,364.8801130361403,1682229.0,Close
2024-09-19,META,365.2060635299296,2553049.0,Close
2024-09-20,META,386.2391112978358,3721336.0,Close
2024-09-23,META,374.75782957419705,2811854.0,Close
2024-09-24,META,376.10038072073934,1991384.0,Close
2024-09-25,META,379.11482671392486,3507779.0,Close
2024-09-26,META,383.13150794673504,1870889.0,Close
2024-09-27,META,375.8708120080317,1551263.0,Close
2024-09-30,META,379.9218893307882,2306981.0,Close
2024-10-01,META,376.0149041668523,3146099.0,Close
2024-10-02,META,365.4128223863773,1744172.0,Close
2024-10-03,META,372.549348593878,1314847.0,Close
2024-10-04,META,377.6781870373837,2181477.0,Close
2024-10-07,META,370.5214469190078,2759204.0,Close
2024-10-08,META,366.642087462463,877899.0,Close
2024-10-09,META,362.53703243376594,2870448.0,Close
2024-10-10,META,350.74435594385386,1508767.0,Close
2024-10-11,META,356.2611168729681,2696018.0,Close
2024-10-14,META,362.1325229759261,1194190.0,Close
2024-10-15,META,359.87489885665025,1355668.0,Close
2024-10-16,META,359.8290949977342,2494823.0,Close
2024-10-17,META,360.81405670128976,3007561.0,Close
2024-10-18,META,362.740279539773,2098802.0,Close
2024-10-21,META,353.0949150396629,4588589.0,Close
2024-10-22,META,356.7082981964563,1570949.0,Close
2024-10-23,META,348.454043449062,1623731.0,Close
2024-10-24,META,353.36830122914307,1971893.0,Close
2024-10-25,META,345.9753963703234,1982088.0,Close
2024-10-28,META,337.10487263281163,2428728.0,Close
2024-10-29,META,337.06255511855585,1658212.0,Close
2024-10-30,META,336.86835944908665,2460096.0,Close
2024-10-31,META,337.716478010453,2456721.0,Close
2024-11-01,META,331.81705050792925,3537122.0,Close
2024-11-04,META,333.31178789803715,1812144.0,Close
2024-11-05,META,335.4428270162495,2335697.0,Close
2024-11-06,META,343.43216830855766,2661760.0,Close
2024-11-07,META,344.8567226936116,2092624.0,Close
2024-11-08,META,340.86154016706445,2011509.0,Close
2024-11-11,META,331.801130049034,1204199.0,Close
2024-11-12,META,321.76239121430604,2316641.0,Close
2024-11-13,META,323.98729299675,2527933.0,Close
2024-11-14,META,329.283141761686,2135602.0,Close
2024-11-15,META,323.5476445458703,1723699.0,Close
2024-11-18,META,325.345469156692,1272506.0,Close
2024-11-19,META,324.3507462172727,2394724.0,Close
2024-11-20,META,329.1650750558226,2185239.0,Close
2024-11-21,META,335.02669950065325,3311000.0,Close
2024-11-22,META,319.945098545479,1522078.0,Close
2024-11-25,META,326.7081424096744,1912885.0,Close
2024-11-26,META,328.50343385237886,1416486.0,Close
2024-11-27,META,325.14597656767364,2903790.0,Close
2024-11-28,META,322.004735952983,3091024.0,Close
2024-11-29,META,322.3504345201886,3699549.0,Close
2024-12-02,META,319.2343529144173,2492373.0,Close
2024-12-03,META,313.37434267400994,2769336.0,Close
2024-12-04,META,309.062525877705,2458359.0,Close
2024-12-05,META,302.7497763515559,2610716.0,Close
2024-12-06,META,311.0586440237081,2275189.0,Close
2024-12-09,META,311.54330522211603,2505610.0,Close
2024-12-10,META,325.75641825984405,4474939.0,Close
2024-12-11,META,328.32319366713773,2264123.0,Close
2024-12-12,META,332.34464047687834,2163027.0,Close
2024-12-13,META,325.4134065186112,2335743.0,Close
2024-12-16,META,324.13136255620725,2004195.0,Close
2024-12-17,META,324.74552194640296,2243002.0,Close
2024-12-18,META,320.73675607477765,2033350.0,Close
2024-12-19,META,317.8868224806136,2997333.0,Close
2024-12-20,META,320.70445922372926,2908629.0,Close
2024-12-23,META,323.6732205838986,4077130.0,Close
2024-12-24,META,315.13536919876833,2219578.0,Close
2024-12-25,META,317.066443908913,2300273.0,Close
2024-12-26,META,320.7217570455716,2307843.0,Close
2024-12-27,META,317.0648149262819,2274438.0,Close
2024-12-30,META,312.8032299673778,3024509.0,Close
2024-12-31,META,315.7095737607593,1307631.0,Close
2025-01-01,META,299.5543872395339,2743529.0,Close
2025-01-02,META,299.69776566860713,3774946.0,Close
2025-01-03,META,309.653187840185,3428423.0,Close
2025-01-06,META,293.6633789134843,3479247.0,Close
2025-01-07,META,298.6383473914916,2802221.0,Close
2025-01-08,META,302.0297433549673,1791381.0,Close
2025-01-09,META,293.45002883521056,1795082.0,Close
2025-01-10,META,296.64164013182415,1712097.0,Close
2025-01-13,META,302.72934905799696,1562722.0,Close
2025-01-14,META,295.71743163687773,2942860.0,Close
2025-01-15,META,291.6519622788706,3350619.0,Close
2025-01-16,META,291.9320811762992,2366532.0,Close
2025-01-17,META,297.7840800606988,2795621.0,Close
2025-01-20,META,294.6822818403416,2332712.0,Close
2025-01-21,META,294.56223604019533,2459774.0,Close
2025-01-22,META,290.76273589008383,1140049.0,Close
2025-01-23,META,291.0329645065055,2282811.0,Close
2025-01-24,META,297.26975289079763,1940345.0,Close
2025-01-27,META,298.03099584836383,2062307.0,Close
2025-01-28,META,296.02445680400876,2261315.0,Close
2025-01-29,META,295.959283210126,1672301.0,Close
2025-01-30,META,291.33605995374813,1570408.0,Close
2025-01-31,META,285.6528275199998,1752966.0,Close
2025-02-03,META,292.67232648698837,1440297.0,Close
2025-02-04,META,302.41363999582904,1610966.0,Close
2025-02-05,META,291.6794274127557,1688839.0,Close
2025-02-06,META,295.21238848650927,1395689.0,Close
2025-02-07,META,300.4271022746314,2556117.0,Close
2025-02-10,META,293.2572048195823,1694218.0,Close
2025-02-11,META,290.6105403890341,1216506.0,Close
2025-02-12,META,287.3740504616924,1897826.0,Close
2025-02-13,META,298.4562624534282,1654878.0,Close
2025-02-14,META,308.4783270098798,3532221.0,Close
2025-02-17,META,302.91368113305924,2272313.0,Close
2025-02-18,META,294.18037692679883,1447780.0,Close
2025-02-19,META,298.86969061045545,2574208.0,Close
2025-02-20,META,302.2608668629708,2197206.0,Close
2025-02-21,META,309.93446804256257,2075161.0,Close
2025-02-24,META,303.4863423398839,3529479.0,Close
2025-02-25,META,308.0230809282759,1615159.0,Close
2025-02-26,META,303.63686037501276,2946437.0,Close
2025-02-27,META,307.56455187700647,1903009.0,Close
2025-02-28,META,307.469925534918,2061917.0,Close
2025-03-03,META,319.3250817954637,1845460.0,Close
2025-03-04,META,322.3299665884135,1733664.0,Close
2025-03-05,META,320.4408273086178,1849357.0,Close
2025-03-06,META,321.46730581196306,1182410.0,Close
2025-03-07,META,320.9596298020209,2309293.0,Close
2025-03-10,META,313.66824409316314,2290154.0,Close
2025-03-11,META,325.9151026938064,1476498.0,Close
2025-03-12,META,336.5080001600455,2771106.0,Close
2025-03-13,META,335.465077730449,3236829.0,Close
2025-03-14,META,340.32066338404445,1770693.0,Close
2025-03-17,META,354.4718485653359,1841069.0,Close
2025-03-18,META,363.420490108272,3111946.0,Close
2025-03-19,META,361.33865283861655,2377941.0,Close
2025-03-20,META,360.8590451226644,1996543.0,Close
2025-03-21,META,348.58572596398443,2914641.0,Close
2025-03-24,META,354.15482435638313,2356716.0,Close
2025-03-25,META,363.1377190043786,3421597.0,Close
2025-03-26,META,372.3984293763996,2218684.0,Close
2025-03-27,META,377.7972561322955,2456494.0,Close
2025-03-28,META,380.63216090430626,2944386.0,Close
2025-03-31,META,373.18087600729655,1052260.0,Close
2025-04-01,META,375.73685824068434,2970808.0,Close
2025-04-02,META,371.14073987826634,1845459.0,Close
2025-04-03,META,375.2122443558803,2485777.0,Close
2025-04-04,META,369.62763354413664,3564921.0,Close
2025-04-07,META,373.6353635455773,1951231.0,Close
2025-04-08,META,383.7139674257869,1953027.0,Close
2025-04-09,META,386.78417120974274,2086562.0,Close
2025-04-10,META,389.50119803350776,1368052.0,Close
2025-04-11,META,396.80404117770206,4232023.0,Close
2025-04-14,META,411.06678909017035,2265670.0,Close
2025-04-15,META,410.3618328446427,3411081.0,Close
2025-04-16,META,414.8293844787018,1935560.0,Close
2025-04-17,META,427.5842694980175,2285659.0,Close
2025-04-18,META,433.5108510163353,2864060.0,Close
2025-04-21,META,416.289881084734,1665535.0,Close
2025-04-22,META,410.49671675005334,2092492.0,Close
2025-04-23,META,416.8595488129968,2845427.0,Close
2025-04-24,META,413.6958570167543,1987391.0,Close
2025-04-25,META,425.82778608105303,1949588.0,Close
2025-04-28,META,441.8818429584697,3221799.0,Close
2025-04-29,META,436.84368681473984,3261502.0,Close
2025-04-30,META,427.98805429050645,3508885.0,Close
2025-05-01,META,425.0745997629401,1726229.0,Close
2025-05-02,META,421.68875157609466,1782542.0,Close
2025-05-05,META,434.86476631683325,1966680.0,Close
2025-05-06,META,426.02455170646493,2726381.0,Close
2025-05-07,META,432.5544843144571,1513066.0,Close
2025-05-08,META,444.78383918925,1596048.0,Close
2025-05-09,META,452.2863472295496,1756430.0,Close
2025-05-12,META,456.4431854747155,1606330.0,Close
2025-05-13,META,455.157565670803,2723568.0,Close
2025-05-14,META,472.235698660589,2944619.0,Close
2025-05-15,META,470.1190392725313,1816793.0,Close
2025-05-16,META,479.2658489282588,2068429.0,Close
2025-05-19,META,477.94935975326285,974829.0,Close
2025-05-20,META,460.5033391789335,2003521.0,Close
2025-05-21,META,458.2140225498804,3053261.0,Close
2025-05-22,META,456.9778892081426,1790930.0,Close
2025-05-23,META,455.86322192049835,1503443.0,Close
2025-05-26,META,450.0250416148394,3250435.0,Close
2025-05-27,META,455.8698655590676,1540488.0,Close
2025-05-28,META,462.80842335326383,3444188.0,Close
2025-05-29,META,460.17184359663503,5010524.0,Close
2025-05-30,META,457.4727871247124,2039796.0,Close
2025-06-02,META,448.0321037210565,3194475.0,Close
2025-06-03,META,450.5135397580507,1276369.0,Close
2025-06-04,META,463.1610177591781,1343394.0,Close
2025-06-05,META,476.1700359890656,1768447.0,Close
2025-06-06,META,470.6559031749053,2743123.0,Close
2025-06-09,META,489.6580439033567,2323496.0,Close
2025-06-10,META,486.31506816284474,1998855.0,Close
2025-06-11,META,476.6181127744106,1490434.0,Close
2025-06-12,META,463.8078417444399,2154506.0,Close
2025-06-13,META,453.99847105589106,1816032.0,Close
2025-06-16,META,457.2358346247037,1604221.0,Close
2025-06-17,META,455.0744478027802,1552852.0,Close
2025-06-18,META,449.504692881581,2274731.0,Close
2025-06-19,META,442.0612582393378,1751732.0,Close
2025-06-20,META,432.6244895109112,2199741.0,Close
2025-06-23,META,425.0920302628964,1282012.0,Close
2025-06-24,META,433.93495088012247,2559211.0,Close
2025-06-25,META,449.81956087994337,2471018.0,Close
2025-06-26,META,466.8434123885984,2151901.0,Close
2025-06-27,META,473.48079992753,2266969.0,Close
2025-06-30,META,469.0127296844521,2819015.0,Close
2025-07-01,META,462.9355616644477,1393353.0,Close
2025-07-02,META,470.1585452038632,2212171.0,Close
2025-07-03,META,468.0407992068912,1419211.0,Close
2025-07-04,META,472.1120775321131,2182048.0,Close
2025-07-07,META,490.59772874885215,2141759.0,Close
2025-07-08,META,492.9455902600579,2085486.0,Close
2025-07-09,META,515.6818262986541,3041471.0,Close
2025-07-10,META,504.25191463864786,2823987.0,Close
2025-07-11,META,508.9972720246931,2950793.0,Close
2025-07-14,META,512.4225072369251,1876285.0,Close
2025-07-15,META,502.5324050566531,2705967.0,Close
2025-07-16,META,510.83196243456104,2530887.0,Close
2025-07-17,META,526.7392511838782,2026212.0,Close
2025-07-18,META,550.239888311118,2432687.0,Close
2025-07-21,META,555.019263714693,2042733.0,Close
2025-07-22,META,534.1099067111574,3503502.0,Close
2025-07-23,META,539.4529894386444,2720607.0,Close
2025-07-24,META,547.716415414277,1958914.0,Close
2025-07-25,META,545.3720552089645,1857713.0,Close
2025-07-28,META,547.9633540413273,2800110.0,Close
2025-07-29,META,542.8896800795552,3182318.0,Close
2025-07-30,META,541.6710701272126,2292384.0,Close
2025-07-31,META,552.9618529083297,2681691.0,Close
2025-08-01,META,568.6085647589098,3322233.0,Close
2025-08-04,META,554.3651994532249,2113284.0,Close
2025-08-05,META,548.9220795466127,2186478.0,Close
2025-08-06,META,531.6735949245617,2623014.0,Close
2025-08-07,META,551.5091204124121,2025085.0,Close
2025-08-08,META,561.3821660823987,3633684.0,Close
2025-08-11,META,539.097050744021,2032641.0,Close
2025-08-12,META,538.6347594893672,2115255.0,Close
2025-08-13,META,535.8077632834317,3738767.0,Close
2025-08-14,META,527.9180602482327,1237278.0,Close
2025-08-15,META,539.1211288802489,2350733.0,Close
2025-08-18,META,550.3144247845507,1804844.0,Close
2025-08-19,META,553.5289022712311,2107796.0,Close
2025-08-20,META,546.6470677987181,1496420.0,Close
2025-08-21,META,539.9429386544134,1921466.0,Close
2025-08-22,META,540.6545082997993,2095096.0,Close
2025-08-25,META,535.9335909906463,2283192.0,Close
2025-08-26,META,536.1051281111149,2712507.0,Close
2025-08-27,META,542.3401089259288,1067547.0,Close
2025-08-28,META,525.8959094607961,2176068.0,Close
2025-08-29,META,518.1284738879482,2052726.0,Close
2025-09-01,META,518.0046715866234,2033286.0,Close
2025-09-02,META,534.494118961334,2291283.0,Close
2025-09-03,META,543.7897774673647,1699007.0,Close
2025-09-04,META,543.9882320393933,1303712.0,Close
2025-09-05,META,548.6153154026771,2267209.0,Close
2025-09-08,META,547.738073839707,1544546.0,Close
2025-09-09,META,559.8115797835698,2491975.0,Close
2025-09-10,META,564.9263131277157,1606568.0,Close
2025-09-11,META,579.6626743975827,2749399.0,Close
2025-09-12,META,564.1584889479525,2201343.0,Close
2025-09-15,META,555.2827177480549,2178913.0,Close
2025-09-16,META,558.5832352167934,1958133.0,Close
2025-09-17,META,564.356238107148,1890323.0,Close
2025-09-18,META,591.7726145184876,2213059.0,Close
2025-09-19,META,570.5748692576203,3269989.0,Close
2025-09-22,META,570.4456043388591,1308116.0,Close
2025-09-23,META,569.8032634272844,1711126.0,Close
2025-09-24,META,572.7702917174411,2888447.0,Close
2025-09-25,META,592.9320769528797,2928651.0,Close
2025-09-26,META,603.61203236981,3267112.0,Close
2025-09-29,META,584.4566792679216,2228632.0,Close
2025-09-30,META,602.6912134652888,1525322.0,Close
2025-10-01,META,621.1574357260737,1622234.0,Close
2025-10-02,META,624.7062710504497,1926301.0,Close
2025-10-03,META,604.7092082568106,2852298.0,Close
2025-10-06,META,603.1344496529033,1934016.0,Close
2025-10-07,META,609.0680920499697,1930546.0,Close
2025-10-08,META,621.507969335638,2476312.0,Close
2025-10-09,META,599.7100280702091,2308457.0,Close
2025-10-10,META,590.721012825529,1896536.0,Close
2025-10-13,META,603.9883198468982,1637175.0,Close
2025-10-14,META,622.4446420560788,3004217.0,Close
2025-10-15,META,628.0913533859375,2913678.0,Close
2025-10-16,META,642.8341007440997,1614398.0,Close
2025-10-17,META,648.9849376383643,1888415.0,Close
2025-10-20,META,661.8044790027402,2680176.0,Close
2025-10-21,META,664.0198814484155,1487228.0,Close
2025-10-22,META,670.7019518460854,2380989.0,Close
2025-10-23,META,654.5594143370388,2013731.0,Close
2025-10-24,META,664.3258241942677,1502277.0,Close
2025-10-27,META,647.9293693298225,3791850.0,Close
2025-10-28,META,657.5822846095207,1953288.0,Close
2025-10-29,META,652.0797947364192,2485083.0,Close
2025-10-30,META,657.2035824454232,1514625.0,Close
2025-10-31,META,644.9314812151403,3484864.0,Close
2025-11-03,META,638.6989074533464,3822925.0,Close
2025-11-04,META,643.6917101905589,1350868.0,Close
2025-11-05,META,653.7116093265029,2063685.0,Close
2025-11-06,META,668.3382560004336,3292195.0,Close
2025-11-07,META,653.2137926532182,1922017.0,Close
2025-11-10,META,633.8322389831213,2550481.0,Close
2025-11-11,META,621.7103992159321,1323004.0,Close
2025-11-12,META,608.6943650811045,1737841.0,Close
2025-11-13,META,628.0888210004061,2486867.0,Close
2025-11-14,META,645.2463872042603,1877888.0,Close
2025-11-17,META,632.6304654288957,1968083.0,Close
2025-11-18,META,654.6081357288275,1451631.0,Close
2025-11-19,META,671.7061872153821,2717956.0,Close
2025-11-20,META,650.0451614576417,1519972.0,Close
2025-11-21,META,636.8971395230265,3488032.0,Close
2025-11-24,META,615.9797861391216,1854071.0,Close
2025-11-25,META,615.1791858253553,2644079.0,Close
2025-11-26,META,615.6627551524175,2563150.0,Close
2025-11-27,META,616.1235853117529,1544870.0,Close
2025-11-28,META,591.3475236925227,1953049.0,Close
2025-12-01,META,574.6780293745497,1958482.0,Close
2025-12-02,META,577.9276627273097,1874133.0,Close
2025-12-03,META,585.3925324900989,1457813.0,Close
2025-12-04,META,561.9334554543689,2723474.0,Close
2025-12-05,META,547.7398240172182,1812375.0,Close
2025-12-08,META,559.211224295242,2127405.0,Close
2025-12-09,META,545.7231824696867,3004129.0,Close
2025-12-10,META,545.8006823711279,2460059.0,Close
2025-12-11,META,531.5940520603081,1853390.0,Close
2025-12-12,META,540.6915873500559,2975960.0,Close
2025-12-15,META,519.0545366480123,2832777.0,Close
2025-12-16,META,516.1116849937117,1704604.0,Close
2025-12-17,META,526.0707610872996,1878139.0,Close
2025-12-18,META,532.7371539817824,2902821.0,Close
2025-12-19,META,528.0108311939616,2686100.0,Close
2025-12-22,META,520.8422980895945,1373514.0,Close
2025-12-23,META,518.636882482552,1551412.0,Close
2025-12-24,META,505.45136397223234,2746523.0,Close
2025-12-25,META,504.65831266786864,1463168.0,Close
2025-12-26,META,504.0399071825962,2646852.0,Close
2025-12-29,META,500.0348622322608,3790563.0,Close
2025-12-30,META,510.2858728620675,2459337.0,Close
2025-12-31,META,499.55270737574017,1669483.0,Close
2026-01-01,META,482.6939490811775,2405149.0,Close
2026-01-02,META,477.8190354472099,2910871.0,Close
2026-01-05,META,479.2160950511004,2152493.0,Close
2026-01-06,META,478.3996091564756,2407213.0,Close
2026-01-07,META,477.1581653657865,1642388.0,Close
2026-01-08,META,466.5870012396369,1777961.0,Close
2026-01-09,META,457.5959791799054,2875531.0,Close
2026-01-12,META,453.3138761659156,1719938.0,Close
2026-01-13,META,448.35492808873175,984767.0,Close
2026-01-14,META,458.42538386927953,2016836.0,Close
2026-01-15,META,461.0522235473194,2315263.0,Close
2026-01-16,META,456.3288900870501,2933056.0,Close
2026-01-19,META,466.5503271371685,3621866.0,Close
2026-01-20,META,470.9301833675309,2184538.0,Close
2026-01-21,META,458.3134298399244,2726755.0,Close
2026-01-22,META,428.7152208308722,2563827.0,Close
2026-01-23,META,417.49866930883655,2484330.0,Close
2026-01-26,META,422.66283940793534,2031142.0,Close
2026-01-27,META,430.4048216380996,2453824.0,Close
2026-01-28,META,416.2608312149248,1828082.0,Close
2026-01-29,META,421.9415923331542,3905444.0,Close
2026-01-30,META,427.3791026123732,1049993.0,Close
2026-02-02,META,439.5238871332745,2667915.0,Close
2026-02-03,META,448.0940252713295,2413152.0,Close
2026-02-04,META,460.4395767249715,2506833.0,Close
2026-02-05,META,465.1507406501542,1497218.0,Close
2026-02-06,META,469.5980949916148,1287956.0,Close
2026-02-09,META,466.6264714929996,2531366.0,Close
2026-02-10,META,474.50711119184854,3254194.0,Close
2026-02-11,META,462.0337576568326,2387376.0,Close
2026-02-12,META,460.95047672955474,2655971.0,Close
2026-02-13,META,466.1431581780285,1866404.0,Close
2026-02-16,META,479.512656245214,2484903.0,Close
2026-02-17,META,475.1255596123776,3074049.0,Close
2026-02-18,META,484.54413658170216,1997557.0,Close
2026-02-19,META,482.83954026757857,2987492.0,Close
2026-02-20,META,492.6093462625848,1345519.0,Close
2026-02-23,META,484.9070452040119,1804276.0,Close
2026-02-24,META,492.1794335629255,2549774.0,Close
2026-02-25,META,491.45330242211526,3682087.0,Close
2026-02-26,META,479.9864718575987,2225894.0,Close
2026-02-27,META,478.7203507958616,1531009.0,Close
2026-03-02,META,491.6200038353128,3935276.0,Close
2026-03-03,META,481.78507373133976,2114168.0,Close
2026-03-04,META,467.65248204110617,2751088.0,Close
2026-03-05,META,471.59681541371526,1921067.0,Close
2026-03-06,META,455.9330051860876,2377118.0,Close
2026-03-09,META,470.428351535076,1916853.0,Close
2026-03-10,META,485.1468261262399,4460354.0,Close
2026-03-11,META,495.46172698921833,3150063.0,Close
2026-03-12,META,495.5665437252987,3522925.0,Close
2026-03-13,META,512.3288830350563,1800980.0,Close
2026-03-16,META,526.3780613463374,1296633.0,Close
2026-03-17,META,520.9838453040178,1955438.0,Close
2026-03-18,META,536.2462031568955,4794158.0,Close
2026-03-19,META,526.6750603170943,1981431.0,Close
2026-03-20,META,524.8237887362451,2869812.0,Close
2026-03-23,META,506.17454474524766,1685499.0,Close
2026-03-24,META,507.8771100841831,1631595.0,Close
2026-03-25,META,505.0989901050768,2055583.0,Close
2026-03-26,META,500.73854762548496,4001613.0,Close
2026-03-27,META,499.2935868774219,2906385.0,Close
2026-03-30,META,493.7079968857201,1156356.0,Close
2026-03-31,META,494.3363295404752,2539711.0,Close
2026-04-01,META,507.2786009637135,1582825.0,Close
2026-04-02,META,496.6965024148814,1794010.0,Close
2026-04-03,META,505.50609099975605,2542580.0,Close
2026-04-06,META,507.90921582098406,3196038.0,Close
2026-04-07,META,511.9423228081899,3178923.0,Close
2026-04-08,META,511.8506391119845,2289257.0,Close
2026-04-09,META,504.7093445540725,2393865.0,Close
2026-04-10,META,509.4331052401582,3189216.0,Close
2026-04-13,META,514.9569298474509,1333182.0,Close
2026-04-14,META,506.9143257720386,3751728.0,Close
2026-04-15,META,493.5269860672015,1792609.0,Close
2026-04-16,META,494.5870005972589,2254272.0,Close
2026-04-17,META,502.2897517941028,1868261.0,Close
2026-04-20,META,512.634765806006,1554837.0,Close
2026-04-21,META,525.2310379746651,2554412.0,Close
2026-04-22,META,529.3728727007601,2276326.0,Close
2026-04-23,META,526.8094534914583,2036077.0,Close
2026-04-24,META,527.016815750075,1980998.0,Close
2026-04-27,META,514.1063254163722,3514584.0,Close
2026-04-28,META,507.29192617437246,4158089.0,Close
2026-04-29,META,506.97177160753546,3022193.0,Close
2026-04-30,META,504.4819880921216,2284321.0,Close
2026-05-01,META,505.6333381820784,1276170.0,Close
2026-05-04,META,491.9114664166096,2703741.0,Close
2026-05-05,META,480.7657634398019,2705808.0,Close
2026-05-06,META,488.454530092495,2735962.0,Close
2026-05-07,META,480.50376684667793,1542807.0,Close
2026-05-08,META,474.1970546916333,2778357.0,Close
2026-05-11,META,475.3080712414881,3332426.0,Close
2026-05-12,META,466.63855005712776,1626952.0,Close
2026-05-13,META,477.19683368271353,2716357.0,Close
2026-05-14,META,465.37612179900026,1744327.0,Close
2026-05-15,META,465.5936374807007,2010414.0,Close
2026-05-18,META,458.806501916155,1626476.0,Close
2026-05-19,META,460.4441891720213,1884491.0,Close
2026-05-20,META,456.051226399996,1922358.0,Close
2026-05-21,META,456.03410204724656,2344367.0,Close
2026-05-22,META,467.40385506955226,2907978.0,Close
2026-05-25,META,461.1634822685964,3102927.0,Close
2026-05-26,META,454.929433648971,1772488.0,Close
2026-05-27,META,452.2457475496644,2348375.0,Close
2026-05-28,META,465.8135389064035,1624096.0,Close
2026-05-29,META,465.1785797410227,2011931.0,Close
2026-06-01,META,476.8968803438859,2256683.0,Close
2026-06-02,META,475.4130425376222,1585263.0,Close
2026-06-03,META,486.964214806311,2628226.0,Close
2026-06-04,META,491.155904186384,2027877.0,Close
2026-06-05,META,496.8334960904095,2244813.0,Close
2026-06-08,META,482.7432648973926,3245362.0,Close
2026-06-09,META,467.6159833290765,1993248.0,Close
2026-06-10,META,477.85753872072235,2848853.0,Close
2026-06-11,META,488.204267303529,3400826.0,Close
2026-06-12,META,512.1279592411679,3596137.0,Close
2026-06-15,META,497.08849509351575,2130193.0,Close
2026-06-16,META,502.149058537344,1594413.0,Close
2026-06-17,META,492.0570025970696,1774975.0,Close
2026-06-18,META,484.9628942976891,1342533.0,Close
2026-06-19,META,480.2894941215865,2618301.0,Close
2026-06-22,META,484.1825504907418,2655604.0,Close
2026-06-23,META,477.9456017342979,2228561.0,Close
2026-06-24,META,478.477013389824,1375352.0,Close
2026-06-25,META,486.6708203054712,1951763.0,Close
2026-06-26,META,497.89362150469486,3350773.0,Close
2026-06-29,META,505.02741582860415,2594011.0,Close
2026-06-30,META,509.8251024654723,2694562.0,Close
2026-07-01,META,508.5995412999253,5628393.0,Close
2026-07-02,META,503.0181112345461,2360881.0,Close
2026-07-03,META,508.67589375007265,1120539.0,Close
2026-07-06,META,498.17629963487246,1580864.0,Close
2026-07-07,META,499.5842309808848,2289492.0,Close
2026-07-08,META,489.0241189863322,2215163.0,Close
2026-07-09,META,488.8328731008367,1969533.0,Close
2026-07-10,META,478.715395223854,2100407.0,Close
2026-07-13,META,475.0785048843375,1674350.0,Close
2026-07-14,META,468.84518253216737,2408421.0,Close
2026-07-15,META,461.5595324822387,3293969.0,Close
2026-07-16,META,460.95245708993485,3496841.0,Close
2026-07-17,META,438.7452229391461,3952744.0,Close
2026-07-20,META,423.0753913014925,1721533.0,Close
2026-07-21,META,430.0801345222513,2161157.0,Close
2026-07-22,META,431.5401629207512,1904465.0,Close
2026-07-23,META,425.467711045389,2578377.0,Close
2026-07-24,META,433.9643885017251,2141692.0,Close
2026-07-27,META,428.5906004924937,2007736.0,Close
2026-07-28,META,423.7946909638484,3312201.0,Close
2026-07-29,META,417.3210738337361,2231203.0,Close
2026-07-30,META,433.46200166720655,2399488.0,Close
2026-07-31,META,435.69529198413,2381023.0,Close
2026-08-03,META,437.59586582034734,2570448.0,Close
2026-08-04,META,441.8805145116733,2616292.0,Close
2026-08-05,META,425.6535258270223,3663330.0,Close
2026-08-06,META,420.76827009726225,1457011.0,Close
2026-08-07,META,424.79182736076893,2348654.0,Close
2026-08-10,META,424.94238559576064,2010873.0,Close
2026-08-11,META,443.9247522673742,2146241.0,Close
2026-08-12,META,439.3534846346606,2680435.0,Close
2026-08-13,META,447.856755798858,3233685.0,Close
2026-08-14,META,455.2923821903389,1820843.0,Close
2026-08-17,META,456.7954661986427,3470008.0,Close
2026-08-18,META,459.9671444445193,1376222.0,Close
2026-08-19,META,457.4908392095382,2512607.0,Close
2026-08-20,META,439.5852928037915,1771866.0,Close
2026-08-21,META,442.855953739056,1746763.0,Close
2022-01-03,MSFT,170.39284680621856,4384919.0,Close
2022-01-04,MSFT,171.99512692058445,3162810.0,Close
2022-01-05,MSFT,175.22982387095297,4026941.0,Close
2022-01-06,MSFT,178.25332088748902,7087764.0,Close
2022-01-07,MSFT,175.09198293244495,4213375.0,Close
2022-01-10,MSFT,176.09860759558313,3829894.0,Close
2022-01-11,MSFT,174.9828132219796,4407452.0,Close
2022-01-12,MSFT,173.92796247292287,3922623.0,Close
2022-01-13,MSFT,178.64814347212183,6699853.0,Close
2022-01-14,MSFT,185.30537205930517,8476497.0,Close
2022-01-17,MSFT,175.27641619659823,5042603.0,Close
2022-01-18,MSFT,174.33331482338676,5174984.0,Close
2022-01-19,MSFT,173.18253215039863,5911258.0,Close
2022-01-20,MSFT,177.9683232715159,4844754.0,Close
2022-01-21,MSFT,172.0527995494159,3659645.0,Close
2022-01-24,MSFT,160.161723907985,4624056.0,Close
2022-01-25,MSFT,163.31652371139194,5189856.0,Close
2022-01-26,MSFT,167.07396575124207,5209968.0,Close
2022-01-27,MSFT,160.2214288186393,2840765.0,Close
2022-01-28,MSFT,159.84729504115734,3825469.0,Close
2022-01-31,MSFT,165.63820906946137,3848785.0,Close
2022-02-01,MSFT,161.5699080141212,6058546.0,Close
2022-02-02,MSFT,162.04160671259865,3542860.0,Close
2022-02-03,MSFT,164.05144464864537,3911326.0,Close
2022-02-04,MSFT,158.68546821738593,4097862.0,Close
2022-02-07,MSFT,156.68967960533715,5698042.0,Close
2022-02-08,MSFT,150.603296724507,6466054.0,Close
2022-02-09,MSFT,150.11076316097223,5070918.0,Close
2022-02-10,MSFT,147.42810900006108,6358770.0,Close
2022-02-11,MSFT,148.224922775621,6375071.0,Close
2022-02-14,MSFT,150.5016545193981,2631736.0,Close
2022-02-15,MSFT,155.4574727551726,5682923.0,Close
2022-02-16,MSFT,163.9955217323778,4514377.0,Close
2022-02-17,MSFT,164.8819324924048,3018461.0,Close
2022-02-18,MSFT,163.758440354377,4014857.0,Close
2022-02-21,MSFT,162.42087413614342,5524281.0,Close
2022-02-22,MSFT,158.8600285047493,7141757.0,Close
2022-02-23,MSFT,160.60896669337066,2988138.0,Close
2022-02-24,MSFT,158.84715033469868,5384853.0,Close
2022-02-25,MSFT,160.85472182062696,8105876.0,Close
2022-02-28,MSFT,157.4475790664363,7976660.0,Close
2022-03-01,MSFT,155.82611685273812,1584268.0,Close
2022-03-02,MSFT,157.48426682406517,8591511.0,Close
2022-03-03,MSFT,157.1146763338946,5818338.0,Close
2022-03-04,MSFT,150.17145053616423,2454606.0,Close
2022-03-07,MSFT,150.20301595665714,3443948.0,Close
2022-03-08,MSFT,147.4809739158888,6658915.0,Close
2022-03-09,MSFT,151.62511977161074,5231538.0,Close
2022-03-10,MSFT,155.1424736126644,3899226.0,Close
2022-03-11,MSFT,146.9752599799548,5115418.0,Close
2022-03-14,MSFT,149.80373931907604,5395638.0,Close
2022-03-15,MSFT,151.2474854536956,3744950.0,Close
2022-03-16,MSFT,146.10146090296743,4593962.0,Close
2022-03-17,MSFT,149.1747230703836,6025231.0,Close
2022-03-18,MSFT,144.80903353263815,3817497.0,Close
2022-03-21,MSFT,148.75642483004728,3118012.0,Close
2022-03-22,MSFT,146.600016599886,3732441.0,Close
2022-03-23,MSFT,141.49593155959133,3663282.0,Close
2022-03-24,MSFT,148.56958942463265,4153566.0,Close
2022-03-25,MSFT,143.29900251567307,2853608.0,Close
2022-03-28,MSFT,140.6878823229044,4901765.0,Close
2022-03-29,MSFT,138.76735920464589,5848021.0,Close
2022-03-30,MSFT,137.37193670682993,3496944.0,Close
2022-03-31,MSFT,139.68673450379896,3741218.0,Close
2022-04-01,MSFT,139.95409873704713,4117294.0,Close
2022-04-04,MSFT,143.30897888690433,3531563.0,Close
2022-04-05,MSFT,144.6320729117903,5978334.0,Close
2022-04-06,MSFT,139.0741749874167,3699496.0,Close
2022-04-07,MSFT,140.93493942447822,3846912.0,Close
2022-04-08,MSFT,141.78245900402672,3506386.0,Close
2022-04-11,MSFT,139.79839067061718,6104667.0,Close
2022-04-12,MSFT,146.6339742863362,4633167.0,Close
2022-04-13,MSFT,148.79578212805023,8222693.0,Close
2022-04-14,MSFT,152.14559851343623,5140608.0,Close
2022-04-15,MSFT,155.69439396875563,6559085.0,Close
2022-04-18,MSFT,154.25799237359792,4037824.0,Close
2022-04-19,MSFT,156.6222145361201,3413895.0,Close
2022-04-20,MSFT,157.86420344050137,4389648.0,Close
2022-04-21,MSFT,155.9038235408324,3663982.0,Close
2022-04-22,MSFT,151.5530481270093,2576746.0,Close
2022-04-25,MSFT,151.72415900765026,5889221.0,Close
2022-04-26,MSFT,153.8852700076476,4560137.0,Close
2022-04-27,MSFT,154.03036226036767,3519857.0,Close
2022-04-28,MSFT,153.46279308820004,4901600.0,Close
2022-04-29,MSFT,153.64724237383848,4407755.0,Close
2022-05-02,MSFT,152.70626788996844,6731713.0,Close
2022-05-03,MSFT,158.30659155049958,5473459.0,Close
2022-05-04,MSFT,159.3930046965853,4216434.0,Close
2022-05-05,MSFT,157.67577541230756,5504270.0,Close
2022-05-06,MSFT,151.12042790232377,4818368.0,Close
2022-05-09,MSFT,150.5111114039331,4631402.0,Close
2022-05-10,MSFT,148.5725917031495,6497695.0,Close
2022-05-11,MSFT,146.53044348498315,3175683.0,Close
2022-05-12,MSFT,149.83228153642835,3568402.0,Close
2022-05-13,MSFT,150.19527520900635,3846336.0,Close
2022-05-16,MSFT,144.39053168761424,4452556.0,Close
2022-05-17,MSFT,146.55454529144842,6402115.0,Close
2022-05-18,MSFT,141.23347464757026,3141392.0,Close
2022-05-19,MSFT,143.59536389057251,4507706.0,Close
2022-05-20,MSFT,142.0864420482218,3786684.0,Close
2022-05-23,MSFT,142.4544192127859,7268650.0,Close
2022-05-24,MSFT,142.45211131823453,5645672.0,Close
2022-05-25,MSFT,142.04070121888807,4692291.0,Close
2022-05-26,MSFT,142.81448286102676,5885843.0,Close
2022-05-27,MSFT,143.16762634087576,2936579.0,Close
2022-05-30,MSFT,149.48726518015698,9009673.0,Close
2022-05-31,MSFT,150.35186839896443,3422368.0,Close
2022-06-01,MSFT,151.3029031663721,6433829.0,Close
2022-06-02,MSFT,148.88624584739233,5354761.0,Close
2022-06-03,MSFT,150.29198531830016,4820681.0,Close
2022-06-06,MSFT,146.7913465109737,6671184.0,Close
2022-06-07,MSFT,150.80902374594078,6319081.0,Close
2022-06-08,MSFT,145.6768430160693,4928882.0,Close
2022-06-09,MSFT,142.894616333155,4034657.0,Close
2022-06-10,MSFT,137.549580376779,4997560.0,Close
2022-06-13,MSFT,138.9725041849321,4329305.0,Close
2022-06-14,MSFT,137.67800211349535,4950284.0,Close
2022-06-15,MSFT,139.95671088346612,6173852.0,Close
2022-06-16,MSFT,136.8533774707513,5315667.0,Close
2022-06-17,MSFT,138.62579802195108,4755326.0,Close
2022-06-20,MSFT,140.57742413094755,3709377.0,Close
2022-06-21,MSFT,141.35068440964213,4852289.0,Close
2022-06-22,MSFT,141.53215752824795,2613657.0,Close
2022-06-23,MSFT,142.06459477690686,3447526.0,Close
2022-06-24,MSFT,139.12940414386898,5516243.0,Close
2022-06-27,MSFT,135.7211918317266,6062715.0,Close
2022-06-28,MSFT,137.5181638802488,4474700.0,Close
2022-06-29,MSFT,136.4140738497721,4710453.0,Close
2022-06-30,MSFT,137.93254892556666,5000877.0,Close
2022-07-01,MSFT,142.99642973072798,5897932.0,Close
2022-07-04,MSFT,141.5535172715994,4200007.0,Close
2022-07-05,MSFT,139.65360817108464,3354404.0,Close
2022-07-06,MSFT,138.6769148266851,4965941.0,Close
2022-07-07,MSFT,138.8811275880934,7827053.0,Close
2022-07-08,MSFT,140.947379785353,3430193.0,Close
2022-07-11,MSFT,140.93366350342768,4169951.0,Close
2022-07-12,MSFT,147.84059517845853,4423735.0,Close
2022-07-13,MSFT,149.37413224965348,9210004.0,Close
2022-07-14,MSFT,152.17680027582492,3428867.0,Close
2022-07-15,MSFT,152.13193784893437,4130643.0,Close
2022-07-18,MSFT,155.805429742366,4162922.0,Close
2022-07-19,MSFT,155.14793908352232,3010068.0,Close
2022-07-20,MSFT,152.90598216358453,3051175.0,Close
2022-07-21,MSFT,156.21867528714077,5469413.0,Close
2022-07-22,MSFT,156.0982436314773,5368735.0,Close
2022-07-25,MSFT,157.07863493437125,3730353.0,Close
2022-07-26,MSFT,160.76193243418868,7073586.0,Close
2022-07-27,MSFT,161.37339669210766,2229525.0,Close
2022-07-28,MSFT,160.90312118216804,2994716.0,Close
2022-07-29,MSFT,158.98611540562084,3502190.0,Close
2022-08-01,MSFT,163.0098283694276,4646814.0,Close
2022-08-02,MSFT,161.8035184167354,3866587.0,Close
2022-08-03,MSFT,161.70211717183463,4084709.0,Close
2022-08-04,MSFT,162.87464589844427,5117794.0,Close
2022-08-05,MSFT,164.04002766431836,6848608.0,Close
2022-08-08,MSFT,168.00820435925155,5908985.0,Close
2022-08-09,MSFT,167.8296177282746,4418129.0,Close
2022-08-10,MSFT,173.30812867894204,4641652.0,Close
2022-08-11,MSFT,172.40113584246373,6120772.0,Close
2022-08-12,MSFT,173.98817887398985,7831852.0,Close
2022-08-15,MSFT,173.3411379259582,5302981.0,Close
2022-08-16,MSFT,181.89526348809923,4291842.0,Close
2022-08-17,MSFT,180.51142270317956,4787565.0,Close
2022-08-18,MSFT,179.51859492662112,5239079.0,Close
2022-08-19,MSFT,180.0999705271702,3701771.0,Close
2022-08-22,MSFT,179.0818075514899,5710066.0,Close
2022-08-23,MSFT,180.495474901198,4798507.0,Close
2022-08-24,MSFT,185.7678013539294,6679784.0,Close
2022-08-25,MSFT,186.51040292024123,3269329.0,Close
2022-08-26,MSFT,187.416659543154,2605735.0,Close
2022-08-29,MSFT,186.52147514030693,3904337.0,Close
2022-08-30,MSFT,184.431070084048,4508104.0,Close
2022-08-31,MSFT,184.95007425292073,2544215.0,Close
2022-09-01,MSFT,185.08719694644157,3616008.0,Close
2022-09-02,MSFT,190.25282585291413,6897504.0,Close
2022-09-05,MSFT,186.1074711466731,5414009.0,Close
2022-09-06,MSFT,192.52161164823556,4980577.0,Close
2022-09-07,MSFT,191.97148366932487,3181927.0,Close
2022-09-08,MSFT,192.7443888424197,6377506.0,Close
2022-09-09,MSFT,188.069653561242,4098898.0,Close
2022-09-12,MSFT,190.63890898940775,4638313.0,Close
2022-09-13,MSFT,186.4789284730417,5213843.0,Close
2022-09-14,MSFT,188.20698969944928,4685547.0,Close
2022-09-15,MSFT,189.5225447718337,6916936.0,Close
2022-09-16,MSFT,188.1911740882513,5254454.0,Close
2022-09-19,MSFT,179.238832644355,5477194.0,Close
2022-09-20,MSFT,188.36591579830164,4864287.0,Close
2022-09-21,MSFT,183.84410811045493,5284614.0,Close
2022-09-22,MSFT,185.1165157479084,4150539.0,Close
2022-09-23,MSFT,182.07225810899072,4809807.0,Close
2022-09-26,MSFT,186.62220819669025,4201595.0,Close
2022-09-27,MSFT,185.07692249143363,3820547.0,Close
2022-09-28,MSFT,181.9376904193124,3457347.0,Close
2022-09-29,MSFT,184.56404051396876,4165031.0,Close
2022-09-30,MSFT,179.19676168179376,4255842.0,Close
2022-10-03,MSFT,177.57182779789062,7700917.0,Close
2022-10-04,MSFT,180.52868921212865,6123080.0,Close
2022-10-05,MSFT,186.97064573725984,4605167.0,Close
2022-10-06,MSFT,182.8822784942137,4064254.0,Close
2022-10-07,MSFT,180.37877810463377,5421917.0,Close
2022-10-10,MSFT,181.96096372359463,7959327.0,Close
2022-10-11,MSFT,173.59274722335962,6258234.0,Close
2022-10-12,MSFT,179.18348326112184,2834601.0,Close
2022-10-13,MSFT,175.11051706081955,5993068.0,Close
2022-10-14,MSFT,173.42415078899504,6087660.0,Close
2022-10-17,MSFT,174.5763315322245,8543692.0,Close
2022-10-18,MSFT,174.8833149985915,4040805.0,Close
2022-10-19,MSFT,171.05434434673438,4810847.0,Close
2022-10-20,MSFT,178.01383372460816,5561804.0,Close
2022-10-21,MSFT,167.4302736279903,4057704.0,Close
2022-10-24,MSFT,163.1463995288552,3608415.0,Close
2022-10-25,MSFT,160.81718488768382,5090787.0,Close
2022-10-26,MSFT,157.3483258815183,2902234.0,Close
2022-10-27,MSFT,161.90955092011504,3170750.0,Close
2022-10-28,MSFT,155.7430234068388,6163094.0,Close
2022-10-31,MSFT,161.48427717823793,5584140.0,Close
2022-11-01,MSFT,160.52859841198506,6412232.0,Close
2022-11-02,MSFT,155.52736058875956,5441242.0,Close
2022-11-03,MSFT,147.99970091065913,4974848.0,Close
2022-11-04,MSFT,147.34114719557985,6460250.0,Close
2022-11-07,MSFT,145.01369855329708,3995328.0,Close
2022-11-08,MSFT,145.89483186514812,3989833.0,Close
2022-11-09,MSFT,144.4450649970255,4374125.0,Close
2022-11-10,MSFT,147.7443215298504,5296801.0,Close
2022-11-11,MSFT,147.33703316294788,4279926.0,Close
2022-11-14,MSFT,145.9644971052299,2851187.0,Close
2022-11-15,MSFT,149.35782843513283,4276467.0,Close
2022-11-16,MSFT,150.23637684155412,4365409.0,Close
2022-11-17,MSFT,153.0335390331458,4732642.0,Close
2022-11-18,MSFT,157.21683258947866,4094662.0,Close
2022-11-21,MSFT,156.22900284272984,5134823.0,Close
2022-11-22,MSFT,156.45642897088916,2682868.0,Close
2022-11-23,MSFT,159.6216342889479,5203521.0,Close
2022-11-24,MSFT,150.59464067837487,8673351.0,Close
2022-11-25,MSFT,150.32243002999752,3629344.0,Close
2022-11-28,MSFT,149.61942791018865,4467826.0,Close
2022-11-29,MSFT,151.00822871349277,4133171.0,Close
2022-11-30,MSFT,148.2739307973136,4261120.0,Close
2022-12-01,MSFT,152.14322314863875,3429859.0,Close
2022-12-02,MSFT,149.61299918328675,8263440.0,Close
2022-12-05,MSFT,148.0968370038219,5009673.0,Close
2022-12-06,MSFT,145.8870957235084,3699646.0,Close
2022-12-07,MSFT,150.15119947457032,3722313.0,Close
2022-12-08,MSFT,142.93738817398167,5046940.0,Close
2022-12-09,MSFT,148.97085946111446,2546238.0,Close
2022-12-12,MSFT,154.17049576996035,6560829.0,Close
2022-12-13,MSFT,152.22781439529592,3852171.0,Close
2022-12-14,MSFT,155.95716868927653,5223902.0,Close
2022-12-15,MSFT,156.51803074047592,4988308.0,Close
2022-12-16,MSFT,162.6360419789831,6463427.0,Close
2022-12-19,MSFT,166.33127975099384,5362414.0,Close
2022-12-20,MSFT,174.92716064937414,6251191.0,Close
2022-12-21,MSFT,168.65703410490764,6511311.0,Close
2022-12-22,MSFT,169.50435384101388,3981154.0,Close
2022-12-23,MSFT,162.78877881633505,9238781.0,Close
2022-12-26,MSFT,160.91260224157625,4980548.0,Close
2022-12-27,MSFT,169.44037505262202,4977062.0,Close
2022-12-28,MSFT,171.38495817266548,3480601.0,Close
2022-12-29,MSFT,175.4143399789885,4356755.0,Close
2022-12-30,MSFT,177.61447615963405,5069185.0,Close
2023-01-02,MSFT,179.57943805750662,4603974.0,Close
2023-01-03,MSFT,177.49453471616755,7753604.0,Close
2023-01-04,MSFT,174.66317132993495,4036736.0,Close
2023-01-05,MSFT,172.52620771033065,5504281.0,Close
2023-01-06,MSFT,161.6445969855709,3674131.0,Close
2023-01-09,MSFT,161.42673903746723,8370253.0,Close
2023-01-10,MSFT,162.42022473953722,3082959.0,Close
2023-01-11,MSFT,160.16783098872426,8404210.0,Close
2023-01-12,MSFT,159.77037901739487,4188537.0,Close
2023-01-13,MSFT,161.81567135696227,2300223.0,Close
2023-01-16,MSFT,165.24391840002775,6909643.0,Close
2023-01-17,MSFT,160.72404846786517,4803039.0,Close
2023-01-18,MSFT,157.83755397740234,3983380.0,Close
2023-01-19,MSFT,160.69651289219811,5535079.0,Close
2023-01-20,MSFT,162.99320552180686,5512353.0,Close
2023-01-23,MSFT,168.1923311324024,5373336.0,Close
2023-01-24,MSFT,173.39472107785363,6652118.0,Close
2023-01-25,MSFT,183.25169862976412,5468025.0,Close
2023-01-26,MSFT,182.10470437112252,5361303.0,Close
2023-01-27,MSFT,188.9073035464865,4118038.0,Close
2023-01-30,MSFT,184.96325384703437,5789854.0,Close
2023-01-31,MSFT,195.38811430309775,4334852.0,Close
2023-02-01,MSFT,197.56899354016463,3193958.0,Close
2023-02-02,MSFT,200.17631036352248,4231832.0,Close
2023-02-03,MSFT,204.90771815608448,4269342.0,Close
2023-02-06,MSFT,198.5505028759507,6252653.0,Close
2023-02-07,MSFT,193.6890497941219,3005992.0,Close
2023-02-08,MSFT,194.3205268760171,6070917.0,Close
2023-02-09,MSFT,195.99593459220492,3685222.0,Close
2023-02-10,MSFT,205.61968309855496,2371763.0,Close
2023-02-13,MSFT,201.18684379106512,3209578.0,Close
2023-02-14,MSFT,208.52234259297353,4380795.0,Close
2023-02-15,MSFT,207.3492538841158,5031361.0,Close
2023-02-16,MSFT,206.11542310824564,4235031.0,Close
2023-02-17,MSFT,205.4446518489742,3042077.0,Close
2023-02-20,MSFT,204.09884228151412,3495888.0,Close
2023-02-21,MSFT,206.52841437689065,3135903.0,Close
2023-02-22,MSFT,204.74389852128644,4801386.0,Close
2023-02-23,MSFT,198.12886272770123,4622892.0,Close
2023-02-24,MSFT,197.0039927378709,5294704.0,Close
2023-02-27,MSFT,199.21182522113605,2631871.0,Close
2023-02-28,MSFT,192.81326786487412,4045015.0,Close
2023-03-01,MSFT,195.53672346124705,8296446.0,Close
2023-03-02,MSFT,201.02706663721048,5690917.0,Close
2023-03-03,MSFT,208.0743946641633,4379144.0,Close
2023-03-06,MSFT,209.8293207787262,3301800.0,Close
2023-03-07,MSFT,201.12220482081855,6789240.0,Close
2023-03-08,MSFT,204.271413263706,7180668.0,Close
2023-03-09,MSFT,208.9912829304258,3280864.0,Close
2023-03-10,MSFT,205.71646660534253,3304890.0,Close
2023-03-13,MSFT,205.48406664588876,4724256.0,Close
2023-03-14,MSFT,207.9160535761531,5014140.0,Close
2023-03-15,MSFT,216.6941562855588,5639391.0,Close
2023-03-16,MSFT,215.5242842179547,7650445.0,Close
2023-03-17,MSFT,220.12282574427363,3442798.0,Close
2023-03-20,MSFT,221.86975314090844,4486951.0,Close
2023-03-21,MSFT,223.0262027832455,5460610.0,Close
2023-03-22,MSFT,230.06784481443017,5866806.0,Close
2023-03-23,MSFT,225.73947958681467,3766880.0,Close
2023-03-24,MSFT,227.0790867977684,3672363.0,Close
2023-03-27,MSFT,227.35110256597028,3786746.0,Close
2023-03-28,MSFT,219.49451693028527,7967460.0,Close
2023-03-29,MSFT,225.92389677013676,3512653.0,Close
2023-03-30,MSFT,230.41660934314856,4163431.0,Close
2023-03-31,MSFT,230.7285722524294,5486966.0,Close
2023-04-03,MSFT,229.4531982536739,3175577.0,Close
2023-04-04,MSFT,229.58386324990576,4687028.0,Close
2023-04-05,MSFT,233.49845098483576,2574651.0,Close
2023-04-06,MSFT,233.9180715524992,4612840.0,Close
2023-04-07,MSFT,230.4109500490255,4596961.0,Close
2023-04-10,MSFT,227.76418848700123,4705115.0,Close
2023-04-11,MSFT,227.8283522275982,3339601.0,Close
2023-04-12,MSFT,223.00490932881456,4931200.0,Close
2023-04-13,MSFT,224.8632027592936,4387078.0,Close
2023-04-14,MSFT,220.83403382157573,6738130.0,Close
2023-04-17,MSFT,216.0467510177622,5584786.0,Close
2023-04-18,MSFT,232.24716810784767,3434590.0,Close
2023-04-19,MSFT,242.87847957512713,3836621.0,Close
2023-04-20,MSFT,243.83036313928065,3641764.0,Close
2023-04-21,MSFT,248.8041811921244,4851067.0,Close
2023-04-24,MSFT,254.86486020708568,4417094.0,Close
2023-04-25,MSFT,254.56053711722137,4125906.0,Close
2023-04-26,MSFT,256.38176441160294,10301016.0,Close
2023-04-27,MSFT,254.95986076804857,3774691.0,Close
2023-04-28,MSFT,262.5652725788004,7161042.0,Close
2023-05-01,MSFT,270.48177340133105,4518003.0,Close
2023-05-02,MSFT,280.48080426676177,2502529.0,Close
2023-05-03,MSFT,282.37793231866755,4679412.0,Close
2023-05-04,MSFT,296.8042531660117,6987017.0,Close
2023-05-05,MSFT,296.4435757972949,5255944.0,Close
2023-05-08,MSFT,310.7533551022568,5353627.0,Close
2023-05-09,MSFT,307.573197655824,4495350.0,Close
2023-05-10,MSFT,298.446031348337,4065639.0,Close
2023-05-11,MSFT,312.7194603074214,6479421.0,Close
2023-05-12,MSFT,317.709058878985,3983583.0,Close
2023-05-15,MSFT,321.73231337865093,3709404.0,Close
2023-05-16,MSFT,319.21076200840884,5013409.0,Close
2023-05-17,MSFT,313.103188761848,4184877.0,Close
2023-05-18,MSFT,307.8049788423692,6682313.0,Close
2023-05-19,MSFT,308.9725977122558,5038893.0,Close
2023-05-22,MSFT,308.06533268532513,3459299.0,Close
2023-05-23,MSFT,294.3058259004494,3483415.0,Close
2023-05-24,MSFT,306.0899046426309,4083871.0,Close
2023-05-25,MSFT,303.26842788224593,8974178.0,Close
2023-05-26,MSFT,312.19287302915575,4388623.0,Close
2023-05-29,MSFT,307.23461143165036,5695725.0,Close
2023-05-30,MSFT,308.5167507496734,2963687.0,Close
2023-05-31,MSFT,315.68225921967587,3347182.0,Close
2023-06-01,MSFT,321.9991089340211,4338178.0,Close
2023-06-02,MSFT,320.1698347519285,7336892.0,Close
2023-06-05,MSFT,324.15090887238324,3049842.0,Close
2023-06-06,MSFT,329.44052828253297,3760533.0,Close
2023-06-07,MSFT,328.49059943678037,5724801.0,Close
2023-06-08,MSFT,320.14929625984513,7514837.0,Close
2023-06-09,MSFT,315.6696674023965,5145010.0,Close
2023-06-12,MSFT,313.0577253501292,5435583.0,Close
2023-06-13,MSFT,313.4245147426843,3320510.0,Close
2023-06-14,MSFT,325.2335493171495,3241053.0,Close
2023-06-15,MSFT,332.2959056830913,3270848.0,Close
2023-06-16,MSFT,326.1632276086972,3516854.0,Close
2023-06-19,MSFT,340.3081400059272,5236617.0,Close
2023-06-20,MSFT,339.8749379385669,3015020.0,Close
2023-06-21,MSFT,345.39214793622875,4895700.0,Close
2023-06-22,MSFT,338.0282471335159,4191796.0,Close
2023-06-23,MSFT,334.65612482676454,3767529.0,Close
2023-06-26,MSFT,342.9406120431042,6066823.0,Close
2023-06-27,MSFT,336.10946284516973,3441880.0,Close
2023-06-28,MSFT,336.73131640986713,6698830.0,Close
2023-06-29,MSFT,340.61708534543857,5748694.0,Close
2023-06-30,MSFT,332.6885402832289,3442358.0,Close
2023-07-03,MSFT,319.0935139480343,6972668.0,Close
2023-07-04,MSFT,326.0218124304571,3307918.0,Close
2023-07-05,MSFT,347.9631864172825,7671521.0,Close
2023-07-06,MSFT,351.8808874642627,4947021.0,Close
2023-07-07,MSFT,357.4163484718747,2823742.0,Close
2023-07-10,MSFT,350.25353675051866,3112594.0,Close
2023-07-11,MSFT,362.4485161782923,4235680.0,Close
2023-07-12,MSFT,359.470317200552,5756772.0,Close
2023-07-13,MSFT,369.4228696534359,4456082.0,Close
2023-07-14,MSFT,374.860184163436,4264003.0,Close
2023-07-17,MSFT,380.5906977687549,4584027.0,Close
2023-07-18,MSFT,386.06827594215474,2482912.0,Close
2023-07-19,MSFT,391.3379139862715,5772391.0,Close
2023-07-20,MSFT,394.1434879362925,6611850.0,Close
2023-07-21,MSFT,403.2697330357766,5868812.0,Close
2023-07-24,MSFT,396.6732405987803,4001011.0,Close
2023-07-25,MSFT,394.68914959874974,3370523.0,Close
2023-07-26,MSFT,408.4166769298445,3456840.0,Close
2023-07-27,MSFT,410.2930122532302,3124994.0,Close
2023-07-28,MSFT,407.4077106677721,8722734.0,Close
2023-07-31,MSFT,417.4640377912028,4542498.0,Close
2023-08-01,MSFT,425.847575975356,6023048.0,Close
2023-08-02,MSFT,413.187031331835,6086132.0,Close
2023-08-03,MSFT,420.44945240201855,4758137.0,Close
2023-08-04,MSFT,422.03252045498414,3311569.0,Close
2023-08-07,MSFT,429.27306875554336,5320051.0,Close
2023-08-08,MSFT,429.62240467280736,3137316.0,Close
2023-08-09,MSFT,434.51392129147735,5365365.0,Close
2023-08-10,MSFT,416.21641783130127,3573655.0,Close
2023-08-11,MSFT,407.7698442213727,4030692.0,Close
2023-08-14,MSFT,415.0336995050651,4000415.0,Close
2023-08-15,MSFT,440.6252393557449,7807629.0,Close
2023-08-16,MSFT,444.64562317100257,2143548.0,Close
2023-08-17,MSFT,437.7168396371872,9121284.0,Close
2023-08-18,MSFT,439.34525908967095,3438426.0,Close
2023-08-21,MSFT,430.4447864629116,4426805.0,Close
2023-08-22,MSFT,443.22622679622657,5338862.0,Close
2023-08-23,MSFT,443.97300657780994,4801906.0,Close
2023-08-24,MSFT,455.12166044931206,5997880.0,Close
2023-08-25,MSFT,453.75072459902873,5247724.0,Close
2023-08-28,MSFT,466.08350442863934,8629356.0,Close
2023-08-29,MSFT,448.709598241579,5996474.0,Close
2023-08-30,MSFT,449.2187900862561,4194929.0,Close
2023-08-31,MSFT,455.1216721283877,3813114.0,Close
2023-09-01,MSFT,452.5319905861364,3702308.0,Close
2023-09-04,MSFT,456.57911442558145,6554395.0,Close
2023-09-05,MSFT,460.48189134086607,7520009.0,Close
2023-09-06,MSFT,471.9981511921998,6291899.0,Close
2023-09-07,MSFT,479.1017362890603,1751584.0,Close
2023-09-08,MSFT,483.7596368326556,2271159.0,Close
2023-09-11,MSFT,493.94843571892466,4593706.0,Close
2023-09-12,MSFT,478.6504089680617,4502015.0,Close
2023-09-13,MSFT,470.5267967570064,4578269.0,Close
2023-09-14,MSFT,455.60096014942087,6904089.0,Close
2023-09-15,MSFT,461.6834138120282,6459316.0,Close
2023-09-18,MSFT,466.3967086481992,4703597.0,Close
2023-09-19,MSFT,481.7182903848203,3011734.0,Close
2023-09-20,MSFT,485.9383683307254,3073654.0,Close
2023-09-21,MSFT,479.05816440871206,4606708.0,Close
2023-09-22,MSFT,480.82464776631616,4961632.0,Close
2023-09-25,MSFT,460.0791717148432,3394692.0,Close
2023-09-26,MSFT,455.9614070338704,5421319.0,Close
2023-09-27,MSFT,431.2761311435155,2975687.0,Close
2023-09-28,MSFT,434.8216637068379,1995914.0,Close
2023-09-29,MSFT,432.2365454337299,3389989.0,Close
2023-10-02,MSFT,431.14790559332255,6587230.0,Close
2023-10-03,MSFT,422.0300437837643,7270931.0,Close
2023-10-04,MSFT,415.6892295191834,2804687.0,Close
2023-10-05,MSFT,422.63410860061504,2883617.0,Close
2023-10-06,MSFT,408.7270042971911,5978145.0,Close
2023-10-09,MSFT,413.7748678817223,3934800.0,Close
2023-10-10,MSFT,406.18514937989187,6883766.0,Close
2023-10-11,MSFT,390.50057249239194,6041758.0,Close
2023-10-12,MSFT,401.8822329690355,6199260.0,Close
2023-10-13,MSFT,414.5588542182913,3704462.0,Close
2023-10-16,MSFT,409.58044480652194,5125473.0,Close
2023-10-17,MSFT,404.56820347259054,8220707.0,Close
2023-10-18,MSFT,402.43096173429257,4590941.0,Close
2023-10-19,MSFT,395.06016960790544,4507201.0,Close
2023-10-20,MSFT,389.4469147099608,3961889.0,Close
2023-10-23,MSFT,393.7517564732405,2766903.0,Close
2023-10-24,MSFT,413.0061925093236,3571161.0,Close
2023-10-25,MSFT,409.8248765248866,3390526.0,Close
2023-10-26,MSFT,419.8284910470354,2837909.0,Close
2023-10-27,MSFT,423.5183807062884,2797335.0,Close
2023-10-30,MSFT,407.25103311558274,2317043.0,Close
2023-10-31,MSFT,407.2489015033699,3424477.0,Close
2023-11-01,MSFT,406.0544685091599,5349596.0,Close
2023-11-02,MSFT,420.14368818140554,4348172.0,Close
2023-11-03,MSFT,435.11948634834533,4365288.0,Close
2023-11-06,MSFT,439.18622300703913,5603396.0,Close
2023-11-07,MSFT,451.8631929612009,7810149.0,Close
2023-11-08,MSFT,450.5767920119898,8638163.0,Close
2023-11-09,MSFT,462.585925155477,4883988.0,Close
2023-11-10,MSFT,463.9287320732649,4014115.0,Close
2023-11-13,MSFT,476.0592981665345,4125885.0,Close
2023-11-14,MSFT,489.635844245867,5613301.0,Close
2023-11-15,MSFT,498.08813548394033,4346128.0,Close
2023-11-16,MSFT,489.7602589171563,4344059.0,Close
2023-11-17,MSFT,485.23624262298114,4336555.0,Close
2023-11-20,MSFT,494.0175089799379,3441521.0,Close
2023-11-21,MSFT,504.58351363900493,2289233.0,Close
2023-11-22,MSFT,506.7309423638823,3588026.0,Close
2023-11-23,MSFT,503.3286550247173,6840581.0,Close
2023-11-24,MSFT,505.8578482062413,6711293.0,Close
2023-11-27,MSFT,502.86010330897136,5842993.0,Close
2023-11-28,MSFT,499.94533565833495,3799264.0,Close
2023-11-29,MSFT,523.0659212003651,3890173.0,Close
2023-11-30,MSFT,517.5644453464489,7272725.0,Close
2023-12-01,MSFT,523.9818151585796,3245501.0,Close
2023-12-04,MSFT,526.1450491868508,4436275.0,Close
2023-12-05,MSFT,511.4011540093384,7793224.0,Close
2023-12-06,MSFT,496.6595558437792,4883252.0,Close
2023-12-07,MSFT,496.0008412447301,3981322.0,Close
2023-12-08,MSFT,473.7072872542892,6959653.0,Close
2023-12-11,MSFT,494.1832998216011,4998911.0,Close
2023-12-12,MSFT,490.29716116775137,4701375.0,Close
2023-12-13,MSFT,485.50938584892896,7021484.0,Close
2023-12-14,MSFT,499.6230879351124,2194212.0,Close
2023-12-15,MSFT,498.2664029327366,4862009.0,Close
2023-12-18,MSFT,506.1081029611039,3603565.0,Close
2023-12-19,MSFT,499.6396494439533,4225531.0,Close
2023-12-20,MSFT,500.4506618241761,4501592.0,Close
2023-12-21,MSFT,512.029254763913,3781616.0,Close
2023-12-22,MSFT,502.0335509117142,4909428.0,Close
2023-12-25,MSFT,508.4917410375765,5048857.0,Close
2023-12-26,MSFT,480.1399453760131,5373023.0,Close
2023-12-27,MSFT,494.57249431916387,4881492.0,Close
2023-12-28,MSFT,488.4378435262976,4335957.0,Close
2023-12-29,MSFT,487.73834984785714,4223202.0,Close
2024-01-01,MSFT,486.900080734156,4457763.0,Close
2024-01-02,MSFT,476.11211963613584,3480984.0,Close
2024-01-03,MSFT,464.71125527290945,6794379.0,Close
2024-01-04,MSFT,470.6201133664885,4374483.0,Close
2024-01-05,MSFT,477.119528803137,3995902.0,Close
2024-01-08,MSFT,467.5444441537796,5170154.0,Close
2024-01-09,MSFT,473.7042053926524,4349420.0,Close
2024-01-10,MSFT,480.13093599799976,6542819.0,Close
2024-01-11,MSFT,476.169494121559,5803971.0,Close
2024-01-12,MSFT,462.08305017788706,4848151.0,Close
2024-01-15,MSFT,461.9394714191334,5744786.0,Close
2024-01-16,MSFT,466.1307171468044,4773704.0,Close
2024-01-17,MSFT,465.7542419873367,3070599.0,Close
2024-01-18,MSFT,459.58542099763696,5880325.0,Close
2024-01-19,MSFT,464.84666853302616,2532785.0,Close
2024-01-22,MSFT,478.8175630929527,1643714.0,Close
2024-01-23,MSFT,470.4915016597214,5617780.0,Close
2024-01-24,MSFT,467.4891611804889,5041573.0,Close
2024-01-25,MSFT,497.6412427975863,5786902.0,Close
2024-01-26,MSFT,501.2956511346853,6715006.0,Close
2024-01-29,MSFT,486.77772095518657,4671990.0,Close
2024-01-30,MSFT,481.6341406896259,3988515.0,Close
2024-01-31,MSFT,473.4092529118184,5781368.0,Close
2024-02-01,MSFT,477.8735049803552,3594646.0,Close
2024-02-02,MSFT,481.5705252460107,4125543.0,Close
2024-02-05,MSFT,474.6984496428888,4871382.0,Close
2024-02-06,MSFT,495.5039117202642,5413961.0,Close
2024-02-07,MSFT,496.7666878244686,3948735.0,Close
2024-02-08,MSFT,491.77056693708187,3850751.0,Close
2024-02-09,MSFT,478.0521136941858,3353756.0,Close
2024-02-12,MSFT,468.3525558693466,3627786.0,Close
2024-02-13,MSFT,455.0155478166493,8112358.0,Close
2024-02-14,MSFT,453.2513504573208,4045390.0,Close
2024-02-15,MSFT,444.15853756392545,4859348.0,Close
2024-02-16,MSFT,452.524876642249,2924938.0,Close
2024-02-19,MSFT,446.61630398762014,9709189.0,Close
2024-02-20,MSFT,455.6141100615868,3546392.0,Close
2024-02-21,MSFT,461.09003502816944,3153729.0,Close
2024-02-22,MSFT,468.2871660713544,4450850.0,Close
2024-02-23,MSFT,478.3387454462103,3526648.0,Close
2024-02-26,MSFT,500.831241165264,5513193.0,Close
2024-02-27,MSFT,491.20373842007257,2910314.0,Close
2024-02-28,MSFT,501.1662110683336,6461537.0,Close
2024-02-29,MSFT,506.0992579765712,5910592.0,Close
2024-03-01,MSFT,518.9267803046994,4496807.0,Close
2024-03-04,MSFT,520.5596439401836,2660266.0,Close
2024-03-05,MSFT,535.1213879295675,3678828.0,Close
2024-03-06,MSFT,519.3145804324826,4803532.0,Close
2024-03-07,MSFT,507.45196023333455,3218179.0,Close
2024-03-08,MSFT,501.00624000585145,3282935.0,Close
2024-03-11,MSFT,500.41611502340095,5953645.0,Close
2024-03-12,MSFT,501.2391472728351,4558910.0,Close
2024-03-13,MSFT,492.8768180784926,4718653.0,Close
2024-03-14,MSFT,481.7724563080481,5415835.0,Close
2024-03-15,MSFT,474.6863695598485,4304749.0,Close
2024-03-18,MSFT,456.0435228577722,4755096.0,Close
2024-03-19,MSFT,453.23831364166193,5056970.0,Close
2024-03-20,MSFT,452.8770960897075,5533217.0,Close
2024-03-21,MSFT,457.7878237265902,5192055.0,Close
2024-03-22,MSFT,459.82659173844195,6801036.0,Close
2024-03-25,MSFT,479.3059983663464,4917068.0,Close
2024-03-26,MSFT,488.6515271118204,3059900.0,Close
2024-03-27,MSFT,497.3244275981251,6322055.0,Close
2024-03-28,MSFT,501.8323207160937,4132945.0,Close
2024-03-29,MSFT,508.3813746128758,3573278.0,Close
2024-04-01,MSFT,506.0527712487675,5435975.0,Close
2024-04-02,MSFT,507.51331142384294,4881922.0,Close
2024-04-03,MSFT,530.5287705681956,3352204.0,Close
2024-04-04,MSFT,529.9619264791284,5312570.0,Close
2024-04-05,MSFT,513.8102209265293,8293495.0,Close
2024-04-08,MSFT,522.444592731685,5012606.0,Close
2024-04-09,MSFT,533.396351689016,4262350.0,Close
2024-04-10,MSFT,535.6183335246541,2657350.0,Close
2024-04-11,MSFT,512.4722476784194,9051696.0,Close
2024-04-12,MSFT,528.1287134705163,4048276.0,Close
2024-04-15,MSFT,531.2566405520965,2888975.0,Close
2024-04-16,MSFT,527.7148512257239,4566481.0,Close
2024-04-17,MSFT,542.6249294836109,6356779.0,Close
2024-04-18,MSFT,517.3259233528308,7151880.0,Close
2024-04-19,MSFT,518.966574935439,3573301.0,Close
2024-04-22,MSFT,512.7183087085933,4356248.0,Close
2024-04-23,MSFT,530.838447389577,4790246.0,Close
2024-04-24,MSFT,534.1429658064333,5913021.0,Close
2024-04-25,MSFT,523.6801903355565,5477445.0,Close
2024-04-26,MSFT,537.8681529696431,5078510.0,Close
2024-04-29,MSFT,507.34539170311047,6668172.0,Close
2024-04-30,MSFT,513.6373926934393,2984989.0,Close
2024-05-01,MSFT,498.8041184073584,5338988.0,Close
2024-05-02,MSFT,493.7095273400421,4769999.0,Close
2024-05-03,MSFT,491.2187100648509,4330601.0,Close
2024-05-06,MSFT,501.91549783156114,4280487.0,Close
2024-05-07,MSFT,527.9742304273746,5210552.0,Close
2024-05-08,MSFT,506.3741507900019,4097580.0,Close
2024-05-09,MSFT,511.9271383535011,10137516.0,Close
2024-05-10,MSFT,538.4942639282677,7523830.0,Close
2024-05-13,MSFT,531.6075593408137,6241423.0,Close
2024-05-14,MSFT,524.039886847885,3852040.0,Close
2024-05-15,MSFT,527.2173617515642,3308700.0,Close
2024-05-16,MSFT,537.6993444059417,4306109.0,Close
2024-05-17,MSFT,546.2437843709813,4695033.0,Close
2024-05-20,MSFT,541.9853354409851,2869930.0,Close
2024-05-21,MSFT,532.1536088497126,5273377.0,Close
2024-05-22,MSFT,548.7775303361088,6552936.0,Close
2024-05-23,MSFT,539.1802852546849,2330583.0,Close
2024-05-24,MSFT,515.4047619124121,3742731.0,Close
2024-05-27,MSFT,498.2368452168078,6884566.0,Close
2024-05-28,MSFT,491.8277084235665,5031615.0,Close
2024-05-29,MSFT,509.21366440041334,3693534.0,Close
2024-05-30,MSFT,495.3974133934354,5838940.0,Close
2024-05-31,MSFT,513.2491581427066,4015147.0,Close
2024-06-03,MSFT,529.171144261778,4409831.0,Close
2024-06-04,MSFT,532.2475803653837,3130879.0,Close
2024-06-05,MSFT,500.9265579657993,5120945.0,Close
2024-06-06,MSFT,487.38539128218446,6354222.0,Close
2024-06-07,MSFT,480.4638574363437,3912422.0,Close
2024-06-10,MSFT,500.1154338963093,5900656.0,Close
2024-06-11,MSFT,493.7633972994614,4428712.0,Close
2024-06-12,MSFT,485.14711868674937,6299152.0,Close
2024-06-13,MSFT,487.5500475175584,3824871.0,Close
2024-06-14,MSFT,471.80846118927775,7573423.0,Close
2024-06-17,MSFT,471.80395278466005,5313186.0,Close
2024-06-18,MSFT,463.2890917559492,4911689.0,Close
2024-06-19,MSFT,492.5721600094662,5603958.0,Close
2024-06-20,MSFT,482.3155733640717,4001961.0,Close
2024-06-21,MSFT,504.28250256415174,4199461.0,Close
2024-06-24,MSFT,491.16649073943455,5050450.0,Close
2024-06-25,MSFT,494.4517666796546,3083095.0,Close
2024-06-26,MSFT,500.496422279123,3747906.0,Close
2024-06-27,MSFT,502.43252101705184,3307022.0,Close
2024-06-28,MSFT,503.6575362049646,5178527.0,Close
2024-07-01,MSFT,514.0540402808437,5484242.0,Close
2024-07-02,MSFT,519.3445638625346,6530225.0,Close
2024-07-03,MSFT,517.54477776757,3957582.0,Close
2024-07-04,MSFT,509.7016293977172,3553085.0,Close
2024-07-05,MSFT,508.0203141355564,2814387.0,Close
2024-07-08,MSFT,506.19837292374086,4747761.0,Close
2024-07-09,MSFT,504.1508212598615,6664444.0,Close
2024-07-10,MSFT,505.3306606763134,4264389.0,Close
2024-07-11,MSFT,489.0173868560073,4788013.0,Close
2024-07-12,MSFT,477.5816217630411,4625693.0,Close
2024-07-15,MSFT,487.10947184873424,4953119.0,Close
2024-07-16,MSFT,461.8355278251177,6749510.0,Close
2024-07-17,MSFT,474.9808316690592,8359361.0,Close
2024-07-18,MSFT,469.0614716588454,5216795.0,Close
2024-07-19,MSFT,487.57729321309745,5736716.0,Close
2024-07-22,MSFT,501.7869258890906,4382959.0,Close
2024-07-23,MSFT,498.2411360621753,4281572.0,Close
2024-07-24,MSFT,495.9244128453381,4233999.0,Close
2024-07-25,MSFT,514.6197530543814,4318835.0,Close
2024-07-26,MSFT,530.1814403271228,4907576.0,Close
2024-07-29,MSFT,542.5005594981493,5587509.0,Close
2024-07-30,MSFT,557.2737323912428,4774468.0,Close
2024-07-31,MSFT,543.4632243364111,4276963.0,Close
2024-08-01,MSFT,546.3702611325398,4569510.0,Close
2024-08-02,MSFT,536.868522887406,3416395.0,Close
2024-08-05,MSFT,523.2420319484021,5930290.0,Close
2024-08-06,MSFT,525.535912032702,3876005.0,Close
2024-08-07,MSFT,520.7635101030447,3145819.0,Close
2024-08-08,MSFT,519.0395527475805,5023326.0,Close
2024-08-09,MSFT,513.2834646826784,5216515.0,Close
2024-08-12,MSFT,498.56585848323414,3633610.0,Close
2024-08-13,MSFT,518.563813400405,5849657.0,Close
2024-08-14,MSFT,520.7397562274957,5303495.0,Close
2024-08-15,MSFT,503.5300880913895,8607929.0,Close
2024-08-16,MSFT,505.94976885211486,4093876.0,Close
2024-08-19,MSFT,524.1755393022315,4720865.0,Close
2024-08-20,MSFT,536.183916757045,3857872.0,Close
2024-08-21,MSFT,530.0041698058443,5195438.0,Close
2024-08-22,MSFT,524.1922952601534,4466802.0,Close
2024-08-23,MSFT,512.7953092586827,6204359.0,Close
2024-08-26,MSFT,504.2135739727891,3992778.0,Close
2024-08-27,MSFT,496.7316535853693,5211132.0,Close
2024-08-28,MSFT,480.0135054752787,4439419.0,Close
2024-08-29,MSFT,475.3173287471144,2564773.0,Close
2024-08-30,MSFT,479.39616950288826,5362964.0,Close
2024-09-02,MSFT,475.0410383500844,2633096.0,Close
2024-09-03,MSFT,477.715559113998,4197925.0,Close
2024-09-04,MSFT,496.0437003251184,4624966.0,Close
2024-09-05,MSFT,517.5460114257451,4881396.0,Close
2024-09-06,MSFT,517.0187006487894,4405843.0,Close
2024-09-09,MSFT,527.9166500298431,4656403.0,Close
2024-09-10,MSFT,526.1641308951134,4876940.0,Close
2024-09-11,MSFT,520.4781659308355,4327422.0,Close
2024-09-12,MSFT,507.22406553944506,10216600.0,Close
2024-09-13,MSFT,508.5341949725348,3938057.0,Close
2024-09-16,MSFT,521.6735370831384,3233481.0,Close
2024-09-17,MSFT,506.4728842109273,3084796.0,Close
2024-09-18,MSFT,503.3697661800777,5372951.0,Close
2024-09-19,MSFT,499.7196209460794,2744824.0,Close
2024-09-20,MSFT,502.8769622681947,3069576.0,Close
2024-09-23,MSFT,506.2404523360905,2942988.0,Close
2024-09-24,MSFT,512.8648545534891,5162054.0,Close
2024-09-25,MSFT,535.8292555299366,7322421.0,Close
2024-09-26,MSFT,525.260503047753,3455580.0,Close
2024-09-27,MSFT,514.227425032261,5224755.0,Close
2024-09-30,MSFT,517.482262608857,2000532.0,Close
2024-10-01,MSFT,535.2952960451485,3821103.0,Close
2024-10-02,MSFT,517.3527691076234,5710149.0,Close
2024-10-03,MSFT,521.6403254737926,4041248.0,Close
2024-10-04,MSFT,519.4868637722585,5907388.0,Close
2024-10-07,MSFT,530.12332579966,2352177.0,Close
2024-10-08,MSFT,538.1840295633623,3632059.0,Close
2024-10-09,MSFT,539.0962826670946,4985744.0,Close
2024-10-10,MSFT,545.5259981211768,5118698.0,Close
2024-10-11,MSFT,537.4642111912781,5281163.0,Close
2024-10-14,MSFT,547.7915258834494,4874338.0,Close
2024-10-15,MSFT,565.8026899050183,3375424.0,Close
2024-10-16,MSFT,567.4427837073131,3457724.0,Close
2024-10-17,MSFT,562.3677195514388,8909156.0,Close
2024-10-18,MSFT,560.782558400946,2993053.0,Close
2024-10-21,MSFT,571.4204667577441,2993262.0,Close
2024-10-22,MSFT,571.1853458488268,5316884.0,Close
2024-10-23,MSFT,555.5374631939128,3410602.0,Close
2024-10-24,MSFT,568.1785643012439,7919956.0,Close
2024-10-25,MSFT,555.4841051331817,10494978.0,Close
2024-10-28,MSFT,561.2932751568143,4154932.0,Close
2024-10-29,MSFT,537.1944461987309,5363840.0,Close
2024-10-30,MSFT,538.8516533885955,2528184.0,Close
2024-10-31,MSFT,538.2980016744962,5919463.0,Close
2024-11-01,MSFT,513.9230144172171,2512987.0,Close
2024-11-04,MSFT,518.1994205395247,2969763.0,Close
2024-11-05,MSFT,505.1901283957871,4825321.0,Close
2024-11-06,MSFT,506.47309883155265,5142675.0,Close
2024-11-07,MSFT,501.8986933378068,2849809.0,Close
2024-11-08,MSFT,484.86294045600766,4054781.0,Close
2024-11-11,MSFT,473.3192528761943,2818496.0,Close
2024-11-12,MSFT,462.9332778697502,4196835.0,Close
2024-11-13,MSFT,473.79420356397384,3645439.0,Close
2024-11-14,MSFT,483.2911256044121,3793814.0,Close
2024-11-15,MSFT,508.2825468321339,6081592.0,Close
2024-11-18,MSFT,502.50547642767714,4872886.0,Close
2024-11-19,MSFT,496.4170708811978,5310818.0,Close
2024-11-20,MSFT,498.2576538928441,4212212.0,Close
2024-11-21,MSFT,494.4131941458863,5493962.0,Close
2024-11-22,MSFT,487.9792277540179,4452451.0,Close
2024-11-25,MSFT,488.87357404937853,3757500.0,Close
2024-11-26,MSFT,497.1663826064779,5400515.0,Close
2024-11-27,MSFT,472.9728877532419,4370718.0,Close
2024-11-28,MSFT,466.93215870633094,4073242.0,Close
2024-11-29,MSFT,451.92953409474654,6541660.0,Close
2024-12-02,MSFT,450.56425200311486,5852886.0,Close
2024-12-03,MSFT,455.3616230034743,4087722.0,Close
2024-12-04,MSFT,467.4726632727276,6075776.0,Close
2024-12-05,MSFT,463.0106864101418,3035776.0,Close
2024-12-06,MSFT,464.4187734654292,4004292.0,Close
2024-12-09,MSFT,446.4733964742865,3856757.0,Close
2024-12-10,MSFT,437.7714783489444,4581318.0,Close
2024-12-11,MSFT,440.13198106747103,5485504.0,Close
2024-12-12,MSFT,426.43953312923645,5593568.0,Close
2024-12-13,MSFT,438.9747126240003,5344599.0,Close
2024-12-16,MSFT,444.5785483416065,4685703.0,Close
2024-12-17,MSFT,435.456449089499,4382464.0,Close
2024-12-18,MSFT,420.6596056126392,6842240.0,Close
2024-12-19,MSFT,413.8448508163782,2855322.0,Close
2024-12-20,MSFT,405.4041114129455,3762352.0,Close
2024-12-23,MSFT,394.1339074829101,5307788.0,Close
2024-12-24,MSFT,381.43340230584863,7510714.0,Close
2024-12-25,MSFT,379.600394180315,3960020.0,Close
2024-12-26,MSFT,386.29308404413257,4216262.0,Close
2024-12-27,MSFT,380.10903446720874,3082125.0,Close
2024-12-30,MSFT,384.26479050230694,3801910.0,Close
2024-12-31,MSFT,381.5463808684065,5469332.0,Close
2025-01-01,MSFT,387.2067662853355,7264640.0,Close
2025-01-02,MSFT,380.3276831790162,4177139.0,Close
2025-01-03,MSFT,383.0330596820153,3480268.0,Close
2025-01-06,MSFT,384.3216428045136,4466717.0,Close
2025-01-07,MSFT,396.7411804366696,2926516.0,Close
2025-01-08,MSFT,402.1316066179502,6529383.0,Close
2025-01-09,MSFT,404.75791821105287,3052222.0,Close
2025-01-10,MSFT,391.12001579627093,5238930.0,Close
2025-01-13,MSFT,386.5527034386066,4902854.0,Close
2025-01-14,MSFT,379.559826792993,5511618.0,Close
2025-01-15,MSFT,372.50054197005903,4936511.0,Close
2025-01-16,MSFT,372.8453660228603,4346077.0,Close
2025-01-17,MSFT,375.14844608799234,5015973.0,Close
2025-01-20,MSFT,377.8077976438042,5681054.0,Close
2025-01-21,MSFT,389.12858183737626,8090602.0,Close
2025-01-22,MSFT,393.73362062267233,3221405.0,Close
2025-01-23,MSFT,382.6882598951992,2704119.0,Close
2025-01-24,MSFT,384.7107109763508,2765852.0,Close
2025-01-27,MSFT,390.16752749813463,2620529.0,Close
2025-01-28,MSFT,401.8654395023553,3293363.0,Close
2025-01-29,MSFT,400.64802472185033,2935124.0,Close
2025-01-30,MSFT,399.5250994908798,3854146.0,Close
2025-01-31,MSFT,409.7968188947023,6028648.0,Close
2025-02-03,MSFT,411.7337159709573,5300027.0,Close
2025-02-04,MSFT,396.6274724274271,3988592.0,Close
2025-02-05,MSFT,380.0929501751887,4148588.0,Close
2025-02-06,MSFT,396.6143552102246,8948547.0,Close
2025-02-07,MSFT,380.99684473356024,5787964.0,Close
2025-02-10,MSFT,379.7270321854264,4606404.0,Close
2025-02-11,MSFT,387.75706050049865,4776205.0,Close
2025-02-12,MSFT,372.0285095619934,4453755.0,Close
2025-02-13,MSFT,362.8604875352745,8482054.0,Close
2025-02-14,MSFT,352.52145554002067,4440443.0,Close
2025-02-17,MSFT,367.5186431093087,5106894.0,Close
2025-02-18,MSFT,385.0128346555858,3017790.0,Close
2025-02-19,MSFT,378.6420893160526,3755511.0,Close
2025-02-20,MSFT,383.9697689851804,3825985.0,Close
2025-02-21,MSFT,386.94331261511286,5127106.0,Close
2025-02-24,MSFT,384.6293613225996,3493492.0,Close
2025-02-25,MSFT,370.2632540702128,4886062.0,Close
2025-02-26,MSFT,390.3847259680124,4198845.0,Close
2025-02-27,MSFT,374.0818614170287,3502681.0,Close
2025-02-28,MSFT,376.14221545046144,3125789.0,Close
2025-03-03,MSFT,370.67721395758775,4290191.0,Close
2025-03-04,MSFT,379.595294780474,4788878.0,Close
2025-03-05,MSFT,387.29368723484,4334609.0,Close
2025-03-06,MSFT,378.67693234242415,3598224.0,Close
2025-03-07,MSFT,371.9171821003293,4377719.0,Close
2025-03-10,MSFT,358.69008049907717,4350323.0,Close
2025-03-11,MSFT,360.5210020343594,3216596.0,Close
2025-03-12,MSFT,366.697629175179,4668006.0,Close
2025-03-13,MSFT,363.1298637630575,7671829.0,Close
2025-03-14,MSFT,361.262907475584,4204341.0,Close
2025-03-17,MSFT,377.5305492812,3171085.0,Close
2025-03-18,MSFT,385.98153743978247,7179616.0,Close
2025-03-19,MSFT,398.3237817272957,6920065.0,Close
2025-03-20,MSFT,377.7342661247871,7687585.0,Close
2025-03-21,MSFT,382.76475661964855,4446852.0,Close
2025-03-24,MSFT,385.2232376857538,3489316.0,Close
2025-03-25,MSFT,374.1999316055986,3597137.0,Close
2025-03-26,MSFT,365.30686939725615,6533373.0,Close
2025-03-27,MSFT,363.6532238442354,7105996.0,Close
2025-03-28,MSFT,352.48426471261126,3588424.0,Close
2025-03-31,MSFT,346.1216465812287,2143396.0,Close
2025-04-01,MSFT,342.5933081169176,4439200.0,Close
2025-04-02,MSFT,347.36602302576955,3439591.0,Close
2025-04-03,MSFT,341.8397653643959,3669773.0,Close
2025-04-04,MSFT,338.46944989836095,4151085.0,Close
2025-04-07,MSFT,346.74102688410744,5256156.0,Close
2025-04-08,MSFT,332.67901899200916,3842837.0,Close
2025-04-09,MSFT,334.6290467837393,4590281.0,Close
2025-04-10,MSFT,337.8548744581849,4290271.0,Close
2025-04-11,MSFT,341.3277514730138,2235474.0,Close
2025-04-14,MSFT,337.5319681298131,5269821.0,Close
2025-04-15,MSFT,329.34541249708633,4057723.0,Close
2025-04-16,MSFT,341.19499195517466,3283887.0,Close
2025-04-17,MSFT,334.57655898211254,3685662.0,Close
2025-04-18,MSFT,326.0548948572528,4954061.0,Close
2025-04-21,MSFT,326.39239911996805,4404633.0,Close
2025-04-22,MSFT,320.9539763130353,5516776.0,Close
2025-04-23,MSFT,328.99550234278877,5307579.0,Close
2025-04-24,MSFT,327.1478428115082,3098485.0,Close
2025-04-25,MSFT,336.3332539300932,1935305.0,Close
2025-04-28,MSFT,340.04090856321324,4638979.0,Close
2025-04-29,MSFT,337.15613055653665,5366115.0,Close
2025-04-30,MSFT,346.1003292381809,4399672.0,Close
2025-05-01,MSFT,341.04567889596495,5511015.0,Close
2025-05-02,MSFT,338.6934208501478,3272892.0,Close
2025-05-05,MSFT,343.0616345376574,4054562.0,Close
2025-05-06,MSFT,345.067231277169,3343105.0,Close
2025-05-07,MSFT,339.84390423996365,5580544.0,Close
2025-05-08,MSFT,327.8667916937017,3643960.0,Close
2025-05-09,MSFT,327.90933954451265,8036796.0,Close
2025-05-12,MSFT,322.5373828528579,3908157.0,Close
2025-05-13,MSFT,322.9422432815392,5522879.0,Close
2025-05-14,MSFT,319.9559240938213,3843205.0,Close
2025-05-15,MSFT,314.785482225332,6782284.0,Close
2025-05-16,MSFT,312.9957541504121,6504225.0,Close
2025-05-19,MSFT,312.63675058763533,3943196.0,Close
2025-05-20,MSFT,317.87738017964193,4938989.0,Close
2025-05-21,MSFT,321.19202539732237,6544838.0,Close
2025-05-22,MSFT,337.0519763768692,5447324.0,Close
2025-05-23,MSFT,338.3532321915951,3323386.0,Close
2025-05-26,MSFT,333.2374940484733,4623103.0,Close
2025-05-27,MSFT,332.1339772638804,3494202.0,Close
2025-05-28,MSFT,336.72075995088886,4718919.0,Close
2025-05-29,MSFT,344.7855062688504,3665017.0,Close
2025-05-30,MSFT,355.75987296232495,5305418.0,Close
2025-06-02,MSFT,347.5280391092122,2707868.0,Close
2025-06-03,MSFT,358.09726707305595,3375032.0,Close
2025-06-04,MSFT,357.91524611661004,3418641.0,Close
2025-06-05,MSFT,350.38474944971756,4387808.0,Close
2025-06-06,MSFT,348.91835305107867,2785811.0,Close
2025-06-09,MSFT,358.96127466306103,3609149.0,Close
2025-06-10,MSFT,362.98949517614847,5653270.0,Close
2025-06-11,MSFT,352.9403275700517,6138744.0,Close
2025-06-12,MSFT,343.2310604147545,2192185.0,Close
2025-06-13,MSFT,333.5668876942835,3938317.0,Close
2025-06-16,MSFT,328.0678844244032,6661932.0,Close
2025-06-17,MSFT,328.8452042952831,4896795.0,Close
2025-06-18,MSFT,320.3993775514531,5270455.0,Close
2025-06-19,MSFT,317.3816681626212,5274029.0,Close
2025-06-20,MSFT,327.93179634337963,3571787.0,Close
2025-06-23,MSFT,340.48177277453647,5147853.0,Close
2025-06-24,MSFT,352.9777009933198,5538140.0,Close
2025-06-25,MSFT,338.41065872453504,5025538.0,Close
2025-06-26,MSFT,351.80266925301106,4305019.0,Close
2025-06-27,MSFT,352.75304787891025,4303085.0,Close
2025-06-30,MSFT,353.59313199308644,3098017.0,Close
2025-07-01,MSFT,362.2719485589718,5590018.0,Close
2025-07-02,MSFT,368.4159396429087,2958590.0,Close
2025-07-03,MSFT,352.57830892776514,3827111.0,Close
2025-07-04,MSFT,347.7443604891905,5531889.0,Close
2025-07-07,MSFT,344.9736852907191,4837436.0,Close
2025-07-08,MSFT,334.4727389568081,4087072.0,Close
2025-07-09,MSFT,342.43477524092896,2775767.0,Close
2025-07-10,MSFT,354.1121466915749,4707930.0,Close
2025-07-11,MSFT,354.22479836538935,3587973.0,Close
2025-07-14,MSFT,356.88981116886106,5114764.0,Close
2025-07-15,MSFT,356.99735380908163,3712118.0,Close
2025-07-16,MSFT,358.02380325107646,2583319.0,Close
2025-07-17,MSFT,367.552171046256,3087559.0,Close
2025-07-18,MSFT,352.63555255213026,4273696.0,Close
2025-07-21,MSFT,356.8297151950057,4633794.0,Close
2025-07-22,MSFT,357.1296524168666,3061910.0,Close
2025-07-23,MSFT,351.3925824864536,3615423.0,Close
2025-07-24,MSFT,347.46851034670283,5676763.0,Close
2025-07-25,MSFT,362.5037586550104,6825267.0,Close
2025-07-28,MSFT,351.49256601122477,5134442.0,Close
2025-07-29,MSFT,350.3100660673274,4015723.0,Close
2025-07-30,MSFT,363.8118114063301,4009548.0,Close
2025-07-31,MSFT,353.24735006569705,5534388.0,Close
2025-08-01,MSFT,349.6910594890875,4057354.0,Close
2025-08-04,MSFT,350.2332146322645,5733723.0,Close
2025-08-05,MSFT,353.7993050845782,5974979.0,Close
2025-08-06,MSFT,353.33670327634627,4916636.0,Close
2025-08-07,MSFT,346.1626643527431,3957166.0,Close
2025-08-08,MSFT,349.96760546344046,3943285.0,Close
2025-08-11,MSFT,349.3445127170511,2658874.0,Close
2025-08-12,MSFT,354.65287962175904,4456960.0,Close
2025-08-13,MSFT,362.4880706232743,4503040.0,Close
2025-08-14,MSFT,350.1362652067659,3157434.0,Close
2025-08-15,MSFT,358.7647256566565,9452290.0,Close
2025-08-18,MSFT,356.8380590648459,5199398.0,Close
2025-08-19,MSFT,363.90246830968766,3565298.0,Close
2025-08-20,MSFT,368.2965302484524,8310567.0,Close
2025-08-21,MSFT,384.4193932437718,4221819.0,Close
2025-08-22,MSFT,384.6923511780813,5567333.0,Close
2025-08-25,MSFT,381.293336895189,4563720.0,Close
2025-08-26,MSFT,376.9499237502676,3899162.0,Close
2025-08-27,MSFT,368.0512812001315,4191378.0,Close
2025-08-28,MSFT,375.1909205826191,7051547.0,Close
2025-08-29,MSFT,365.7713111626115,6056744.0,Close
2025-09-01,MSFT,372.7919269102771,4414745.0,Close
2025-09-02,MSFT,371.06042114033056,2373646.0,Close
2025-09-03,MSFT,356.0210846590828,5321547.0,Close
2025-09-04,MSFT,368.57118667337573,3294553.0,Close
2025-09-05,MSFT,339.78026298196653,6282731.0,Close
2025-09-08,MSFT,339.3245367576639,3509543.0,Close
2025-09-09,MSFT,341.36628600955834,3672043.0,Close
2025-09-10,MSFT,323.2117074897067,4146605.0,Close
2025-09-11,MSFT,326.71805836630904,6073092.0,Close
2025-09-12,MSFT,321.80217215844027,2664338.0,Close
2025-09-15,MSFT,320.1198341334642,5488071.0,Close
2025-09-16,MSFT,330.3205976266677,5257604.0,Close
2025-09-17,MSFT,331.6057519890741,4286627.0,Close
2025-09-18,MSFT,329.083496598341,3872243.0,Close
2025-09-19,MSFT,327.9617950489895,5062218.0,Close
2025-09-22,MSFT,341.72288285220503,4272689.0,Close
2025-09-23,MSFT,345.1382303519146,3898173.0,Close
2025-09-24,MSFT,338.2239678630039,4679427.0,Close
2025-09-25,MSFT,334.56547411136484,7489845.0,Close
2025-09-26,MSFT,325.47453944965713,2974838.0,Close
2025-09-29,MSFT,322.23164529289545,5182826.0,Close
2025-09-30,MSFT,334.4890159140955,4622039.0,Close
2025-10-01,MSFT,333.381054078854,4093481.0,Close
2025-10-02,MSFT,323.1805659442712,2990422.0,Close
2025-10-03,MSFT,326.60879827954,2638680.0,Close
2025-10-06,MSFT,323.8047268748096,4918955.0,Close
2025-10-07,MSFT,328.22430949869147,3080261.0,Close
2025-10-08,MSFT,326.555214094136,5963981.0,Close
2025-10-09,MSFT,337.73933523362336,3520956.0,Close
2025-10-10,MSFT,330.76168310524116,5425523.0,Close
2025-10-13,MSFT,321.9661310686482,3933870.0,Close
2025-10-14,MSFT,329.1835406566228,3832707.0,Close
2025-10-15,MSFT,313.9976429418518,3747729.0,Close
2025-10-16,MSFT,312.9165804599281,4987861.0,Close
2025-10-17,MSFT,318.93208120791206,5677030.0,Close
2025-10-20,MSFT,302.8005368144584,4537155.0,Close
2025-10-21,MSFT,303.4276089103675,5203033.0,Close
2025-10-22,MSFT,293.01963154522264,4794242.0,Close
2025-10-23,MSFT,280.5859395397979,3271480.0,Close
2025-10-24,MSFT,273.7735113262565,5204657.0,Close
2025-10-27,MSFT,272.75781562871947,4001198.0,Close
2025-10-28,MSFT,268.4244173516673,2070849.0,Close
2025-10-29,MSFT,275.50179673957246,4156117.0,Close
2025-10-30,MSFT,276.186265880874,2624950.0,Close
2025-10-31,MSFT,273.1947077247254,3090098.0,Close
2025-11-03,MSFT,265.00835653484984,4380150.0,Close
2025-11-04,MSFT,266.54210211298675,4307399.0,Close
2025-11-05,MSFT,279.48284275307236,3861840.0,Close
2025-11-06,MSFT,275.06187632403675,5313443.0,Close
2025-11-07,MSFT,271.4632426711507,4348488.0,Close
2025-11-10,MSFT,264.9053748507216,4089650.0,Close
2025-11-11,MSFT,272.3660687615278,4757957.0,Close
2025-11-12,MSFT,278.4043544566964,6629935.0,Close
2025-11-13,MSFT,275.6657408331902,2338886.0,Close
2025-11-14,MSFT,271.9725200798616,6652211.0,Close
2025-11-17,MSFT,266.1431092576804,3830565.0,Close
2025-11-18,MSFT,264.4987140264867,3491656.0,Close
2025-11-19,MSFT,270.93510981261693,4118525.0,Close
2025-11-20,MSFT,271.3502102655712,3334294.0,Close
2025-11-21,MSFT,279.64677444735725,3460224.0,Close
2025-11-24,MSFT,275.1108206342838,5854720.0,Close
2025-11-25,MSFT,260.43708581217504,5269961.0,Close
2025-11-26,MSFT,276.3982576851631,2883941.0,Close
2025-11-27,MSFT,277.93655745221315,5389638.0,Close
2025-11-28,MSFT,283.1365211682408,5359272.0,Close
2025-12-01,MSFT,278.0994934447651,2922107.0,Close
2025-12-02,MSFT,269.4249832478352,4998897.0,Close
2025-12-03,MSFT,270.5487459051365,5281760.0,Close
2025-12-04,MSFT,258.1426077404988,3044354.0,Close
2025-12-05,MSFT,256.68151296267865,4797570.0,Close
2025-12-08,MSFT,262.9422342622817,3795352.0,Close
2025-12-09,MSFT,265.83898167866164,5263833.0,Close
2025-12-10,MSFT,267.56832230415483,3336491.0,Close
2025-12-11,MSFT,278.5935079386235,6651956.0,Close
2025-12-12,MSFT,281.1878476010654,4137864.0,Close
2025-12-15,MSFT,268.86574080600974,4074432.0,Close
2025-12-16,MSFT,268.08333005642993,3517050.0,Close
2025-12-17,MSFT,280.26426520657884,6396043.0,Close
2025-12-18,MSFT,278.40116250088664,3555459.0,Close
2025-12-19,MSFT,290.65366470050435,6738473.0,Close
2025-12-22,MSFT,297.7520285858035,4955107.0,Close
2025-12-23,MSFT,295.0853798680074,2934439.0,Close
2025-12-24,MSFT,287.82081254584557,4686733.0,Close
2025-12-25,MSFT,290.2632876381863,4503631.0,Close
2025-12-26,MSFT,299.0221185714916,3086076.0,Close
2025-12-29,MSFT,288.18897108087197,4813124.0,Close
2025-12-30,MSFT,289.1602045382421,5146928.0,Close
2025-12-31,MSFT,275.5656970738194,6931481.0,Close
2026-01-01,MSFT,273.54016267686154,6127574.0,Close
2026-01-02,MSFT,263.14506439664416,9878485.0,Close
2026-01-05,MSFT,266.7417729532816,4508876.0,Close
2026-01-06,MSFT,262.6088793249223,5350879.0,Close
2026-01-07,MSFT,269.8448855472488,3908836.0,Close
2026-01-08,MSFT,266.59789743817856,7896483.0,Close
2026-01-09,MSFT,262.8240489942538,3455598.0,Close
2026-01-12,MSFT,253.07855745532228,8355614.0,Close
2026-01-13,MSFT,255.52794806558904,7445347.0,Close
2026-01-14,MSFT,258.6028553718489,3545513.0,Close
2026-01-15,MSFT,264.4127931932235,6307947.0,Close
2026-01-16,MSFT,268.5997379315992,5202381.0,Close
2026-01-19,MSFT,271.2633257280426,3940891.0,Close
2026-01-20,MSFT,275.1835208392591,4337877.0,Close
2026-01-21,MSFT,279.8080170593473,4925941.0,Close
2026-01-22,MSFT,285.8851078436081,5139727.0,Close
2026-01-23,MSFT,275.86815231580437,7492433.0,Close
2026-01-26,MSFT,273.05452604632546,5297277.0,Close
2026-01-27,MSFT,262.87946562990635,3821712.0,Close
2026-01-28,MSFT,265.06274167779935,5547696.0,Close
2026-01-29,MSFT,275.281781916607,2860039.0,Close
2026-01-30,MSFT,281.18796935137647,4104522.0,Close
2026-02-02,MSFT,277.36828149355097,4131065.0,Close
2026-02-03,MSFT,280.79206507116555,5471448.0,Close
2026-02-04,MSFT,283.2340965206737,7558584.0,Close
2026-02-05,MSFT,284.9328713060996,4705951.0,Close
2026-02-06,MSFT,276.43833402413446,4233114.0,Close
2026-02-09,MSFT,285.0675716253676,3840953.0,Close
2026-02-10,MSFT,277.40121469923906,6012188.0,Close
2026-02-11,MSFT,275.18663882201525,4182475.0,Close
2026-02-12,MSFT,281.4935676732933,3979758.0,Close
2026-02-13,MSFT,279.20254385153487,5901436.0,Close
2026-02-16,MSFT,279.87613372341536,6194617.0,Close
2026-02-17,MSFT,280.8142547331135,3280134.0,Close
2026-02-18,MSFT,281.4041093633489,2781507.0,Close
2026-02-19,MSFT,282.3175050842948,4246274.0,Close
2026-02-20,MSFT,283.88437635437646,3127169.0,Close
2026-02-23,MSFT,284.5388329079398,2972673.0,Close
2026-02-24,MSFT,278.760819310904,3362301.0,Close
2026-02-25,MSFT,268.8474998827201,6560163.0,Close
2026-02-26,MSFT,275.25343538734273,5639779.0,Close
2026-02-27,MSFT,282.10486274254083,9727408.0,Close
2026-03-02,MSFT,284.48291871426585,3662230.0,Close
2026-03-03,MSFT,286.82565319031073,6613031.0,Close
2026-03-04,MSFT,280.86950692742175,5334457.0,Close
2026-03-05,MSFT,265.06466598207476,4283452.0,Close
2026-03-06,MSFT,263.677895286208,4209136.0,Close
2026-03-09,MSFT,252.16657494634487,4138862.0,Close
2026-03-10,MSFT,253.3926192362382,4748289.0,Close
2026-03-11,MSFT,261.238115433084,6363117.0,Close
2026-03-12,MSFT,257.63410735237227,4037675.0,Close
2026-03-13,MSFT,254.4247431620405,5794398.0,Close
2026-03-16,MSFT,248.60395164124552,6776342.0,Close
2026-03-17,MSFT,249.0006390543184,6811668.0,Close
2026-03-18,MSFT,248.94829935264843,3047841.0,Close
2026-03-19,MSFT,243.17561339336052,4563970.0,Close
2026-03-20,MSFT,248.48496453661917,5708525.0,Close
2026-03-23,MSFT,264.2755993014212,3721621.0,Close
2026-03-24,MSFT,271.7535386903792,3171771.0,Close
2026-03-25,MSFT,271.2063547157586,4322291.0,Close
2026-03-26,MSFT,270.5848112776171,3852217.0,Close
2026-03-27,MSFT,267.498768121382,4253006.0,Close
2026-03-30,MSFT,264.3194049701279,3893536.0,Close
2026-03-31,MSFT,270.37120179733313,8847057.0,Close
2026-04-01,MSFT,276.8359898738615,4040904.0,Close
2026-04-02,MSFT,269.44624136517444,5575662.0,Close
2026-04-03,MSFT,271.898713720594,5197641.0,Close
2026-04-06,MSFT,279.0934177252407,2816321.0,Close
2026-04-07,MSFT,276.9730609843554,6876146.0,Close
2026-04-08,MSFT,275.7638333617025,5293282.0,Close
2026-04-09,MSFT,280.39262822698817,4767877.0,Close
2026-04-10,MSFT,285.284944233368,6258476.0,Close
2026-04-13,MSFT,288.29875991185423,4404174.0,Close
2026-04-14,MSFT,290.169682514628,5751998.0,Close
2026-04-15,MSFT,292.9614020955683,2537739.0,Close
2026-04-16,MSFT,291.230472893313,5632280.0,Close
2026-04-17,MSFT,283.8081744172477,4925632.0,Close
2026-04-20,MSFT,273.6718872548436,5089867.0,Close
2026-04-21,MSFT,277.62504197718755,3509321.0,Close
2026-04-22,MSFT,278.4817953280785,4092898.0,Close
2026-04-23,MSFT,281.59548762256907,4154711.0,Close
2026-04-24,MSFT,276.3144005531728,3250101.0,Close
2026-04-27,MSFT,277.13097361215887,4864692.0,Close
2026-04-28,MSFT,277.7952928654383,6992272.0,Close
2026-04-29,MSFT,286.2329766596786,3084858.0,Close
2026-04-30,MSFT,292.07667988256225,5323895.0,Close
2026-05-01,MSFT,287.2043281063662,4008384.0,Close
2026-05-04,MSFT,290.74376558632395,3823695.0,Close
2026-05-05,MSFT,285.8466828166434,4652526.0,Close
2026-05-06,MSFT,268.59992876810827,5254212.0,Close
2026-05-07,MSFT,279.55626378234393,5137332.0,Close
2026-05-08,MSFT,277.2711458751962,3160256.0,Close
2026-05-11,MSFT,284.14490792657784,6452065.0,Close
2026-05-12,MSFT,279.9255146300466,4634890.0,Close
2026-05-13,MSFT,274.81621691622456,5458339.0,Close
2026-05-14,MSFT,271.47033159896745,6462006.0,Close
2026-05-15,MSFT,273.22205247500506,2480657.0,Close
2026-05-18,MSFT,274.4979142007356,5305458.0,Close
2026-05-19,MSFT,277.83689704368766,4272818.0,Close
2026-05-20,MSFT,274.7794583167019,6072857.0,Close
2026-05-21,MSFT,275.1934170581777,3420531.0,Close
2026-05-22,MSFT,269.9407295167389,6061593.0,Close
2026-05-25,MSFT,279.33704080795667,3485149.0,Close
2026-05-26,MSFT,270.93996134291234,5326505.0,Close
2026-05-27,MSFT,265.90233596706815,4979070.0,Close
2026-05-28,MSFT,263.42829128347785,4248603.0,Close
2026-05-29,MSFT,278.244140804252,3713505.0,Close
2026-06-01,MSFT,283.3740190459745,4091499.0,Close
2026-06-02,MSFT,277.89644475402326,6043098.0,Close
2026-06-03,MSFT,283.3784696037009,7167193.0,Close
2026-06-04,MSFT,286.9452382392553,8076825.0,Close
2026-06-05,MSFT,288.937893438636,5177613.0,Close
2026-06-08,MSFT,293.7866841943734,4904888.0,Close
2026-06-09,MSFT,294.3500926711823,4983340.0,Close
2026-06-10,MSFT,295.68792092733696,7828611.0,Close
2026-06-11,MSFT,285.1527545543589,5603691.0,Close
2026-06-12,MSFT,294.9044605102921,4901364.0,Close
2026-06-15,MSFT,291.99505641022597,4105232.0,Close
2026-06-16,MSFT,283.73995478687755,4477916.0,Close
2026-06-17,MSFT,280.564951450411,5026000.0,Close
2026-06-18,MSFT,277.68879847983465,3562795.0,Close
2026-06-19,MSFT,272.65988972519494,3783540.0,Close
2026-06-22,MSFT,277.75556311713154,4486581.0,Close
2026-06-23,MSFT,284.21880440365305,4045445.0,Close
2026-06-24,MSFT,271.4010458309341,5879812.0,Close
2026-06-25,MSFT,268.2979972744986,5482652.0,Close
2026-06-26,MSFT,265.6785976494613,4822580.0,Close
2026-06-29,MSFT,264.76257719832057,5067993.0,Close
2026-06-30,MSFT,275.4412278555568,5028816.0,Close
2026-07-01,MSFT,270.37378320694353,1464820.0,Close
2026-07-02,MSFT,280.37193023621643,3699250.0,Close
2026-07-03,MSFT,279.57472777069535,5399918.0,Close
2026-07-06,MSFT,289.9738162587466,3742790.0,Close
2026-07-07,MSFT,288.03589404601536,5709675.0,Close
2026-07-08,MSFT,285.32464483144804,5853398.0,Close
2026-07-09,MSFT,285.3351130182697,3999417.0,Close
2026-07-10,MSFT,294.0898809513642,3961320.0,Close
2026-07-13,MSFT,295.3409757900497,4398420.0,Close
2026-07-14,MSFT,296.9480081761675,4343476.0,Close
2026-07-15,MSFT,301.5220826356622,5468270.0,Close
2026-07-16,MSFT,295.50998333451133,2273794.0,Close
2026-07-17,MSFT,297.9956311325815,3562229.0,Close
2026-07-20,MSFT,293.8011113849888,3331183.0,Close
2026-07-21,MSFT,304.04144599457686,2247113.0,Close
2026-07-22,MSFT,307.17973969534063,3848711.0,Close
2026-07-23,MSFT,312.31254956079374,2900025.0,Close
2026-07-24,MSFT,297.6445669875489,4398466.0,Close
2026-07-27,MSFT,302.7152066057444,3931979.0,Close
2026-07-28,MSFT,301.63342345154933,5014652.0,Close
2026-07-29,MSFT,291.7002909719144,4414300.0,Close
2026-07-30,MSFT,292.5106188543469,2628850.0,Close
2026-07-31,MSFT,282.3248120288939,5306911.0,Close
2026-08-03,MSFT,286.5047319482205,9347522.0,Close
2026-08-04,MSFT,296.2417217017611,6588314.0,Close
2026-08-05,MSFT,284.04604550209075,5965003.0,Close
2026-08-06,MSFT,284.00784590155314,4085537.0,Close
2026-08-07,MSFT,283.07664939754994,3774253.0,Close
2026-08-10,MSFT,270.1100211069152,4163525.0,Close
2026-08-11,MSFT,276.03217952419345,4960871.0,Close
2026-08-12,MSFT,280.21338904893156,3219888.0,Close
2026-08-13,MSFT,293.60359646331034,5289691.0,Close
2026-08-14,MSFT,297.16451542741635,3677874.0,Close
2026-08-17,MSFT,291.24431367544537,2743938.0,Close
2026-08-18,MSFT,294.89994543809166,3666829.0,Close
2026-08-19,MSFT,303.8970243638713,6880031.0,Close
2026-08-20,MSFT,300.77591147699127,4653156.0,Close
2026-08-21,MSFT,306.92114193232806,1583160.0,Close
2022-01-03,NVDA,56.796654869011235,880240.0,Close
2022-01-04,NVDA,58.135487824097176,835838.0,Close
2022-01-05,NVDA,57.436686307285896,1166053.0,Close
2022-01-06,NVDA,58.25807264727414,1199739.0,Close
2022-01-07,NVDA,59.378805198952186,1125949.0,Close
2022-01-10,NVDA,60.85039361982851,996475.0,Close
2022-01-11,NVDA,62.38627696809188,674679.0,Close
2022-01-12,NVDA,63.90551165292628,748261.0,Close
2022-01-13,NVDA,61.96783845426524,591303.0,Close
2022-01-14,NVDA,60.69332220331859,867167.0,Close
2022-01-17,NVDA,58.67976427416537,845586.0,Close
2022-01-18,NVDA,56.63595476049646,823362.0,Close
2022-01-19,NVDA,58.787610321057706,1058130.0,Close
2022-01-20,NVDA,57.39535900453438,768182.0,Close
2022-01-21,NVDA,55.83789286630847,852924.0,Close
2022-01-24,NVDA,55.7909156707786,756852.0,Close
2022-01-25,NVDA,54.79841161347099,911403.0,Close
2022-01-26,NVDA,57.87156379164985,1138468.0,Close
2022-01-27,NVDA,57.51366892224448,594410.0,Close
2022-01-28,NVDA,58.172995374854786,1035174.0,Close
2022-01-31,NVDA,57.08883202897589,998472.0,Close
2022-02-01,NVDA,54.78887858799139,1110130.0,Close
2022-02-02,NVDA,53.83742844585972,956520.0,Close
2022-02-03,NVDA,52.916696041091626,1023567.0,Close
2022-02-04,NVDA,52.00260540613434,811083.0,Close
2022-02-07,NVDA,49.986715721312585,1113844.0,Close
2022-02-08,NVDA,50.1802944995172,1245718.0,Close
2022-02-09,NVDA,49.79186749828611,770384.0,Close
2022-02-10,NVDA,47.93277500650284,846397.0,Close
2022-02-11,NVDA,48.08331908376472,1065369.0,Close
2022-02-14,NVDA,49.008947204755565,782497.0,Close
2022-02-15,NVDA,50.47656552141488,767243.0,Close
2022-02-16,NVDA,47.50302510013401,1166702.0,Close
2022-02-17,NVDA,46.6755477776743,807825.0,Close
2022-02-18,NVDA,45.12898873685342,1385530.0,Close
2022-02-21,NVDA,44.42996402289233,794811.0,Close
2022-02-22,NVDA,45.96867775603326,754201.0,Close
2022-02-23,NVDA,45.17208430970746,917628.0,Close
2022-02-24,NVDA,44.66905740218403,1028686.0,Close
2022-02-25,NVDA,43.78324825478183,1018851.0,Close
2022-02-28,NVDA,45.554813668615594,1151460.0,Close
2022-03-01,NVDA,43.00605206380549,864164.0,Close
2022-03-02,NVDA,42.441250210481165,1276449.0,Close
2022-03-03,NVDA,41.56154049675145,564685.0,Close
2022-03-04,NVDA,39.82677797060588,777643.0,Close
2022-03-07,NVDA,40.92600632877309,956813.0,Close
2022-03-08,NVDA,39.13542009236001,801704.0,Close
2022-03-09,NVDA,38.71460409896734,821708.0,Close
2022-03-10,NVDA,38.66029486866518,653438.0,Close
2022-03-11,NVDA,37.967843977428615,864749.0,Close
2022-03-14,NVDA,36.37087291192945,1130375.0,Close
2022-03-15,NVDA,36.239881778227705,751919.0,Close
2022-03-16,NVDA,35.581072877538126,707656.0,Close
2022-03-17,NVDA,36.306586375718,807259.0,Close
2022-03-18,NVDA,36.78605078749971,1264662.0,Close
2022-03-21,NVDA,38.56209658677585,1389202.0,Close
2022-03-22,NVDA,38.686717190966995,764148.0,Close
2022-03-23,NVDA,39.26710440870889,1063219.0,Close
2022-03-24,NVDA,38.94180245505758,890333.0,Close
2022-03-25,NVDA,40.59952631539072,1448014.0,Close
2022-03-28,NVDA,40.631314588033746,927379.0,Close
2022-03-29,NVDA,40.55054508913148,827183.0,Close
2022-03-30,NVDA,41.11042094129529,1470115.0,Close
2022-03-31,NVDA,40.48106877669014,692501.0,Close
2022-04-01,NVDA,40.00584681087481,995176.0,Close
2022-04-04,NVDA,40.55749535961308,1370462.0,Close
2022-04-05,NVDA,41.308367052554026,1126024.0,Close
2022-04-06,NVDA,41.93601275640457,726522.0,Close
2022-04-07,NVDA,41.87569020768319,686668.0,Close
2022-04-08,NVDA,42.17603177262497,584811.0,Close
2022-04-11,NVDA,43.19322754845736,1461588.0,Close
2022-04-12,NVDA,42.05567960634794,670968.0,Close
2022-04-13,NVDA,42.07944010903856,1083835.0,Close
2022-04-14,NVDA,39.093039308551226,690639.0,Close
2022-04-15,NVDA,39.8244805033137,1986811.0,Close
2022-04-18,NVDA,39.0801815094616,614759.0,Close
2022-04-19,NVDA,38.37527923170104,932624.0,Close
2022-04-20,NVDA,38.280762468335105,1265885.0,Close
2022-04-21,NVDA,38.88312566663766,740815.0,Close
2022-04-22,NVDA,41.18780730212942,1218456.0,Close
2022-04-25,NVDA,39.63872001322492,893284.0,Close
2022-04-26,NVDA,38.83276827654816,1041288.0,Close
2022-04-27,NVDA,39.071476250521414,1230346.0,Close
2022-04-28,NVDA,38.39487830834645,808097.0,Close
2022-04-29,NVDA,39.20349904468305,1455182.0,Close
2022-05-02,NVDA,39.0627532303518,981408.0,Close
2022-05-03,NVDA,39.93280487868246,1671988.0,Close
2022-05-04,NVDA,39.71030226528185,691968.0,Close
2022-05-05,NVDA,40.26277668939129,750556.0,Close
2022-05-06,NVDA,39.33772165842876,870895.0,Close
2022-05-09,NVDA,41.230340333499214,694766.0,Close
2022-05-10,NVDA,39.53118454634435,1295795.0,Close
2022-05-11,NVDA,38.865034171501264,897050.0,Close
2022-05-12,NVDA,37.5299211499628,683205.0,Close
2022-05-13,NVDA,38.28747622543694,723791.0,Close
2022-05-16,NVDA,38.815196692342056,700696.0,Close
2022-05-17,NVDA,37.67454230733953,1254049.0,Close
2022-05-18,NVDA,38.6171204326226,1077149.0,Close
2022-05-19,NVDA,37.97511932976304,881343.0,Close
2022-05-20,NVDA,38.35650197498209,806449.0,Close
2022-05-23,NVDA,38.96290570165104,851727.0,Close
2022-05-24,NVDA,38.749271002360146,1515039.0,Close
2022-05-25,NVDA,39.635696599219074,870225.0,Close
2022-05-26,NVDA,39.51645659589883,1140014.0,Close
2022-05-27,NVDA,39.8661695862819,812371.0,Close
2022-05-30,NVDA,39.6189401675654,1473992.0,Close
2022-05-31,NVDA,37.82217968923288,688385.0,Close
2022-06-01,NVDA,37.7275060547386,1121180.0,Close
2022-06-02,NVDA,36.93803304000667,739233.0,Close
2022-06-03,NVDA,38.22065506986153,1873626.0,Close
2022-06-06,NVDA,36.96043854513394,1183315.0,Close
2022-06-07,NVDA,38.092023119962874,572081.0,Close
2022-06-08,NVDA,37.94499943645145,668221.0,Close
2022-06-09,NVDA,38.343676950532696,1106687.0,Close
2022-06-10,NVDA,37.06458157098869,1170591.0,Close
2022-06-13,NVDA,36.80317132081174,1062545.0,Close
2022-06-14,NVDA,36.221987630988494,958921.0,Close
2022-06-15,NVDA,38.112212694115534,918107.0,Close
2022-06-16,NVDA,37.48721389111913,1269776.0,Close
2022-06-17,NVDA,38.56896881665597,732399.0,Close
2022-06-20,NVDA,39.69518941965769,965408.0,Close
2022-06-21,NVDA,40.82691002502864,787271.0,Close
2022-06-22,NVDA,40.253117805738825,737945.0,Close
2022-06-23,NVDA,42.05876621589457,863593.0,Close
2022-06-24,NVDA,44.159521225947536,805605.0,Close
2022-06-27,NVDA,44.58110365328132,1059655.0,Close
2022-06-28,NVDA,44.09521442567475,579340.0,Close
2022-06-29,NVDA,43.18659215696733,1055568.0,Close
2022-06-30,NVDA,43.70987288241461,748425.0,Close
2022-07-01,NVDA,43.80274376918621,887153.0,Close
2022-07-04,NVDA,44.022549732336955,843395.0,Close
2022-07-05,NVDA,42.58866399627007,825518.0,Close
2022-07-06,NVDA,42.64573265134481,1262054.0,Close
2022-07-07,NVDA,43.86636602621195,848662.0,Close
2022-07-08,NVDA,44.76786168982798,1145303.0,Close
2022-07-11,NVDA,44.336313788888056,1114289.0,Close
2022-07-12,NVDA,44.24111521989551,810128.0,Close
2022-07-13,NVDA,42.66922050743368,662793.0,Close
2022-07-14,NVDA,41.99473926230442,702211.0,Close
2022-07-15,NVDA,41.666339918207605,1312088.0,Close
2022-07-18,NVDA,42.33661321763971,1061506.0,Close
2022-07-19,NVDA,41.62466029075964,956634.0,Close
2022-07-20,NVDA,40.58770417354135,791962.0,Close
2022-07-21,NVDA,41.36449887271026,1552965.0,Close
2022-07-22,NVDA,40.95714081583859,693139.0,Close
2022-07-25,NVDA,40.13501069827319,965779.0,Close
2022-07-26,NVDA,40.957090414739895,1077850.0,Close
2022-07-27,NVDA,41.44030440057703,611318.0,Close
2022-07-28,NVDA,41.25114890257587,705286.0,Close
2022-07-29,NVDA,40.91716479353278,779990.0,Close
2022-08-01,NVDA,41.32026570128477,1164732.0,Close
2022-08-02,NVDA,41.888929859116416,797636.0,Close
2022-08-03,NVDA,42.12608195407492,577398.0,Close
2022-08-04,NVDA,42.27325229782567,557402.0,Close
2022-08-05,NVDA,41.66589656600105,723895.0,Close
2022-08-08,NVDA,41.12858486292342,580257.0,Close
2022-08-09,NVDA,40.97685817043181,1112257.0,Close
2022-08-10,NVDA,40.03139995085414,1190141.0,Close
2022-08-11,NVDA,38.99278106715912,943520.0,Close
2022-08-12,NVDA,38.92754668843371,811284.0,Close
2022-08-15,NVDA,39.894142912816946,1172477.0,Close
2022-08-16,NVDA,37.88435560829646,1240597.0,Close
2022-08-17,NVDA,37.540267277550335,667424.0,Close
2022-08-18,NVDA,37.81144216950774,691893.0,Close
2022-08-19,NVDA,38.82726950340765,1166804.0,Close
2022-08-22,NVDA,40.564192275190486,1074536.0,Close
2022-08-23,NVDA,40.32886061504118,1066643.0,Close
2022-08-24,NVDA,42.30393133794102,766206.0,Close
2022-08-25,NVDA,42.79969336211564,721694.0,Close
2022-08-26,NVDA,43.678262929492554,1065793.0,Close
2022-08-29,NVDA,42.558618713029794,766663.0,Close
2022-08-30,NVDA,43.05510179699335,573044.0,Close
2022-08-31,NVDA,44.03020329860056,763748.0,Close
2022-09-01,NVDA,43.30814628982243,861806.0,Close
2022-09-02,NVDA,40.55978578733282,1732335.0,Close
2022-09-05,NVDA,40.729741247636824,687805.0,Close
2022-09-06,NVDA,40.53636370186793,869731.0,Close
2022-09-07,NVDA,41.89613090761215,1774565.0,Close
2022-09-08,NVDA,41.364483027632474,653202.0,Close
2022-09-09,NVDA,40.6702372720531,1118583.0,Close
2022-09-12,NVDA,39.52178106136399,765532.0,Close
2022-09-13,NVDA,38.93118694149475,1029583.0,Close
2022-09-14,NVDA,41.501762991668734,2108358.0,Close
2022-09-15,NVDA,39.90660568005892,1235390.0,Close
2022-09-16,NVDA,38.61910913663284,1002739.0,Close
2022-09-19,NVDA,38.58810368250318,658270.0,Close
2022-09-20,NVDA,40.47985740699853,950638.0,Close
2022-09-21,NVDA,41.2385488856913,778713.0,Close
2022-09-22,NVDA,42.83260561255007,630869.0,Close
2022-09-23,NVDA,42.45029226086033,473568.0,Close
2022-09-26,NVDA,41.02358382302183,749546.0,Close
2022-09-27,NVDA,40.59277263877725,892567.0,Close
2022-09-28,NVDA,40.48999866006613,1231402.0,Close
2022-09-29,NVDA,40.52238549599243,701686.0,Close
2022-09-30,NVDA,40.33093706786789,938333.0,Close
2022-10-03,NVDA,40.937460554363824,548022.0,Close
2022-10-04,NVDA,40.243437647169834,722007.0,Close
2022-10-05,NVDA,39.348448270987795,447168.0,Close
2022-10-06,NVDA,38.20523584200203,1856324.0,Close
2022-10-07,NVDA,38.41788731285877,942470.0,Close
2022-10-10,NVDA,38.538055235433845,926867.0,Close
2022-10-11,NVDA,39.591497025378146,1109793.0,Close
2022-10-12,NVDA,41.11669704772593,2083115.0,Close
2022-10-13,NVDA,39.91932787253494,833572.0,Close
2022-10-14,NVDA,39.963576188748334,653037.0,Close
2022-10-17,NVDA,39.78323641524376,1613318.0,Close
2022-10-18,NVDA,38.3029070143439,671227.0,Close
2022-10-19,NVDA,37.826397789619186,1337593.0,Close
2022-10-20,NVDA,39.30183345358225,954380.0,Close
2022-10-21,NVDA,38.71199857964743,1039599.0,Close
2022-10-24,NVDA,37.9729253241992,600178.0,Close
2022-10-25,NVDA,37.94453695247328,1906187.0,Close
2022-10-26,NVDA,38.81426594093459,832455.0,Close
2022-10-27,NVDA,38.544436603632285,722546.0,Close
2022-10-28,NVDA,38.6857649590232,1041063.0,Close
2022-10-31,NVDA,36.53573096509712,839883.0,Close
2022-11-01,NVDA,37.068662038839264,1035577.0,Close
2022-11-02,NVDA,37.28964906641908,609098.0,Close
2022-11-03,NVDA,38.11963108412889,973470.0,Close
2022-11-04,NVDA,36.39142536520529,828087.0,Close
2022-11-07,NVDA,36.14039946712631,704885.0,Close
2022-11-08,NVDA,37.01536535758169,706457.0,Close
2022-11-09,NVDA,36.52872128042557,1184397.0,Close
2022-11-10,NVDA,36.59391010484411,790580.0,Close
2022-11-11,NVDA,36.24519770972437,850282.0,Close
2022-11-14,NVDA,35.921618689940594,1019530.0,Close
2022-11-15,NVDA,36.970332342700985,1337493.0,Close
2022-11-16,NVDA,35.69757571299695,730594.0,Close
2022-11-17,NVDA,35.672446112736175,935283.0,Close
2022-11-18,NVDA,35.91194411457115,678301.0,Close
2022-11-21,NVDA,36.75837637662439,878586.0,Close
2022-11-22,NVDA,36.66779194080772,1211287.0,Close
2022-11-23,NVDA,37.55975739516513,463667.0,Close
2022-11-24,NVDA,37.52929980081314,663887.0,Close
2022-11-25,NVDA,37.659400031809746,823444.0,Close
2022-11-28,NVDA,37.75461706640532,986625.0,Close
2022-11-29,NVDA,38.38224178391083,1322316.0,Close
2022-11-30,NVDA,38.91326785109623,546771.0,Close
2022-12-01,NVDA,37.87020024317432,1443081.0,Close
2022-12-02,NVDA,38.092143045056815,1039207.0,Close
2022-12-05,NVDA,38.61815444621581,846364.0,Close
2022-12-06,NVDA,40.02499580917833,623628.0,Close
2022-12-07,NVDA,39.0547536812382,789197.0,Close
2022-12-08,NVDA,39.5919333271703,1237118.0,Close
2022-12-09,NVDA,39.27468528022134,901652.0,Close
2022-12-12,NVDA,39.480587240137645,840427.0,Close
2022-12-13,NVDA,38.46067167500498,703273.0,Close
2022-12-14,NVDA,38.46844488673414,1089576.0,Close
2022-12-15,NVDA,38.79016767207559,856123.0,Close
2022-12-16,NVDA,37.88656465750527,870537.0,Close
2022-12-19,NVDA,39.25468648301288,940897.0,Close
2022-12-20,NVDA,37.78680062213394,800547.0,Close
2022-12-21,NVDA,38.30571414225573,712179.0,Close
2022-12-22,NVDA,36.041484244125805,651929.0,Close
2022-12-23,NVDA,35.83491656732052,737859.0,Close
2022-12-26,NVDA,36.276051915202856,527824.0,Close
2022-12-27,NVDA,36.93019148112453,1065225.0,Close
2022-12-28,NVDA,36.854222647156995,719394.0,Close
2022-12-29,NVDA,36.65508803092363,789134.0,Close
2022-12-30,NVDA,37.18536443937695,901347.0,Close
2023-01-02,NVDA,38.073282749595606,735885.0,Close
2023-01-03,NVDA,39.38349123437807,677422.0,Close
2023-01-04,NVDA,38.155891478662326,1020950.0,Close
2023-01-05,NVDA,37.98812370383598,1559865.0,Close
2023-01-06,NVDA,35.961823908463536,1331453.0,Close
2023-01-09,NVDA,34.773149422833754,1409592.0,Close
2023-01-10,NVDA,34.19029108135808,621463.0,Close
2023-01-11,NVDA,34.93477329445694,878650.0,Close
2023-01-12,NVDA,34.54072586852057,851010.0,Close
2023-01-13,NVDA,34.31393363024295,1367282.0,Close
2023-01-16,NVDA,34.58498789917409,1177344.0,Close
2023-01-17,NVDA,34.033786419779396,871321.0,Close
2023-01-18,NVDA,32.38462391121946,503591.0,Close
2023-01-19,NVDA,31.80855021852836,649949.0,Close
2023-01-20,NVDA,31.731125629622152,1063911.0,Close
2023-01-23,NVDA,32.113034653831846,822045.0,Close
2023-01-24,NVDA,31.96730726797553,856629.0,Close
2023-01-25,NVDA,32.3390035144027,1086725.0,Close
2023-01-26,NVDA,33.09058457805967,1312236.0,Close
2023-01-27,NVDA,34.01880032523053,749718.0,Close
2023-01-30,NVDA,34.18081592380278,1058099.0,Close
2023-01-31,NVDA,33.24436994410163,1532981.0,Close
2023-02-01,NVDA,32.24552124440686,1461535.0,Close
2023-02-02,NVDA,31.350448514156472,806972.0,Close
2023-02-03,NVDA,30.539492458933083,1028388.0,Close
2023-02-06,NVDA,30.630258475149876,1103949.0,Close
2023-02-07,NVDA,32.066346496707055,1002441.0,Close
2023-02-08,NVDA,32.25024603191853,824558.0,Close
2023-02-09,NVDA,32.20083661762199,522170.0,Close
2023-02-10,NVDA,32.97861296990865,722690.0,Close
2023-02-13,NVDA,32.32504318725868,751222.0,Close
2023-02-14,NVDA,33.16944407279706,645213.0,Close
2023-02-15,NVDA,33.975523249868026,968518.0,Close
2023-02-16,NVDA,34.042784094890536,1139603.0,Close
2023-02-17,NVDA,35.811348871334566,890353.0,Close
2023-02-20,NVDA,36.81119528486661,488760.0,Close
2023-02-21,NVDA,36.87176826200579,847219.0,Close
2023-02-22,NVDA,36.76125574669775,956895.0,Close
2023-02-23,NVDA,36.39082845286722,957417.0,Close
2023-02-24,NVDA,36.29329822142339,709252.0,Close
2023-02-27,NVDA,36.22182580336176,612126.0,Close
2023-02-28,NVDA,35.95684088420487,1164650.0,Close
2023-03-01,NVDA,35.78697614534066,984504.0,Close
2023-03-02,NVDA,34.75789468736156,773499.0,Close
2023-03-03,NVDA,34.291368020706734,579212.0,Close
2023-03-06,NVDA,32.96441428290003,1042273.0,Close
2023-03-07,NVDA,33.31742528086218,688768.0,Close
2023-03-08,NVDA,33.400616924885426,987145.0,Close
2023-03-09,NVDA,33.3177888478176,922705.0,Close
2023-03-10,NVDA,34.060637262127976,1737782.0,Close
2023-03-13,NVDA,33.3563633477648,906290.0,Close
2023-03-14,NVDA,32.79175554792452,1672888.0,Close
2023-03-15,NVDA,31.61628781662435,991542.0,Close
2023-03-16,NVDA,32.42740926855638,770174.0,Close
2023-03-17,NVDA,32.92685924369563,665855.0,Close
2023-03-20,NVDA,34.019510384018794,738293.0,Close
2023-03-21,NVDA,35.35978524601036,1110964.0,Close
2023-03-22,NVDA,35.01003395317434,934991.0,Close
2023-03-23,NVDA,34.41716091228229,528746.0,Close
2023-03-24,NVDA,32.91780426229455,1341343.0,Close
2023-03-27,NVDA,32.04762949125514,1468410.0,Close
2023-03-28,NVDA,31.808918881003684,512863.0,Close
2023-03-29,NVDA,30.21579485520769,1361219.0,Close
2023-03-30,NVDA,29.432374900685023,1559905.0,Close
2023-03-31,NVDA,29.388121147612743,511951.0,Close
2023-04-03,NVDA,30.048553621979178,810467.0,Close
2023-04-04,NVDA,29.535323137023006,711698.0,Close
2023-04-05,NVDA,29.643831075958634,1182844.0,Close
2023-04-06,NVDA,31.016427952354288,878495.0,Close
2023-04-07,NVDA,29.65716423891057,862381.0,Close
2023-04-10,NVDA,30.46380357286916,1072089.0,Close
2023-04-11,NVDA,30.764852881325098,1436045.0,Close
2023-04-12,NVDA,31.738117754994757,938913.0,Close
2023-04-13,NVDA,32.508616303116135,813728.0,Close
2023-04-14,NVDA,31.99638237683517,840022.0,Close
2023-04-17,NVDA,32.0147808770582,1066048.0,Close
2023-04-18,NVDA,30.883416043058208,648004.0,Close
2023-04-19,NVDA,30.50317747947823,901343.0,Close
2023-04-20,NVDA,30.541278278866848,661802.0,Close
2023-04-21,NVDA,30.78519887505072,623485.0,Close
2023-04-24,NVDA,31.398396647931182,516555.0,Close
2023-04-25,NVDA,32.635681732925335,836968.0,Close
2023-04-26,NVDA,32.30391321206788,1244149.0,Close
2023-04-27,NVDA,33.22926608827334,523205.0,Close
2023-04-28,NVDA,33.46504361688115,1049874.0,Close
2023-05-01,NVDA,32.40827819473753,787141.0,Close
2023-05-02,NVDA,32.30577087387625,640963.0,Close
2023-05-03,NVDA,32.4148570670126,978273.0,Close
2023-05-04,NVDA,31.765984804017773,1372015.0,Close
2023-05-05,NVDA,30.97105490833824,1471936.0,Close
2023-05-08,NVDA,30.17046674522299,1024895.0,Close
2023-05-09,NVDA,29.783732918427624,888198.0,Close
2023-05-10,NVDA,29.16709818386493,1043433.0,Close
2023-05-11,NVDA,30.063941316770578,2005946.0,Close
2023-05-12,NVDA,28.270137970922576,943323.0,Close
2023-05-15,NVDA,28.362397410857927,1239881.0,Close
2023-05-16,NVDA,28.745451030064597,760938.0,Close
2023-05-17,NVDA,28.080990678421575,728076.0,Close
2023-05-18,NVDA,27.935957525676425,1508080.0,Close
2023-05-19,NVDA,27.716075143503325,894873.0,Close
2023-05-22,NVDA,27.67811629932561,938250.0,Close
2023-05-23,NVDA,28.143435992288747,1081210.0,Close
2023-05-24,NVDA,28.554681534749815,697607.0,Close
2023-05-25,NVDA,28.149087171413736,798547.0,Close
2023-05-26,NVDA,27.123976700829388,799205.0,Close
2023-05-29,NVDA,27.24833210371363,978343.0,Close
2023-05-30,NVDA,26.823352793294926,1020722.0,Close
2023-05-31,NVDA,26.489927423113187,756729.0,Close
2023-06-01,NVDA,26.64935464784873,1633975.0,Close
2023-06-02,NVDA,26.378752095190208,892781.0,Close
2023-06-05,NVDA,26.591455390067036,922681.0,Close
2023-06-06,NVDA,28.24661944962352,1551222.0,Close
2023-06-07,NVDA,28.73738956836173,706892.0,Close
2023-06-08,NVDA,29.701822761120127,822389.0,Close
2023-06-09,NVDA,30.090258293753777,988987.0,Close
2023-06-12,NVDA,30.16321851641822,565154.0,Close
2023-06-13,NVDA,30.56892684083343,846296.0,Close
2023-06-14,NVDA,30.94348848125087,1675571.0,Close
2023-06-15,NVDA,31.61559582092904,1610611.0,Close
2023-06-16,NVDA,31.67847151869208,1150164.0,Close
2023-06-19,NVDA,30.67742371310886,1363684.0,Close
2023-06-20,NVDA,29.587595165117015,1120838.0,Close
2023-06-21,NVDA,29.938452236541448,794767.0,Close
2023-06-22,NVDA,29.126295621945975,1546671.0,Close
2023-06-23,NVDA,29.632766326734515,691422.0,Close
2023-06-26,NVDA,30.622704620549708,1285105.0,Close
2023-06-27,NVDA,30.47300764955031,760783.0,Close
2023-06-28,NVDA,31.39573997406532,832808.0,Close
2023-06-29,NVDA,31.612058228656537,1047964.0,Close
2023-06-30,NVDA,31.64896036602595,1613620.0,Close
2023-07-03,NVDA,31.722379825558967,1350298.0,Close
2023-07-04,NVDA,31.091924586282765,1024631.0,Close
2023-07-05,NVDA,30.37642446275644,951621.0,Close
2023-07-06,NVDA,29.166065004909285,1236332.0,Close
2023-07-07,NVDA,28.656434638186703,1384630.0,Close
2023-07-10,NVDA,30.177297828471065,597123.0,Close
2023-07-11,NVDA,29.08654214286117,932056.0,Close
2023-07-12,NVDA,28.26153433567596,691236.0,Close
2023-07-13,NVDA,27.717393181982754,865318.0,Close
2023-07-14,NVDA,27.21567796420091,631473.0,Close
2023-07-17,NVDA,27.410137185957204,519016.0,Close
2023-07-18,NVDA,27.012834066919027,613596.0,Close
2023-07-19,NVDA,26.895474406303205,749528.0,Close
2023-07-20,NVDA,26.3486305858026,1105131.0,Close
2023-07-21,NVDA,26.055100149649626,707156.0,Close
2023-07-24,NVDA,26.03074434537565,675623.0,Close
2023-07-25,NVDA,25.958540842182817,991827.0,Close
2023-07-26,NVDA,27.23509128587827,1092468.0,Close
2023-07-27,NVDA,27.230693707208843,1456347.0,Close
2023-07-28,NVDA,27.104879937628315,1172295.0,Close
2023-07-31,NVDA,25.457109988344616,759229.0,Close
2023-08-01,NVDA,25.620624017388455,728117.0,Close
2023-08-02,NVDA,24.391461658030927,1250073.0,Close
2023-08-03,NVDA,24.7348908735924,697814.0,Close
2023-08-04,NVDA,24.834533174549996,802119.0,Close
2023-08-07,NVDA,25.33436266450805,554484.0,Close
2023-08-08,NVDA,24.953074984772947,616908.0,Close
2023-08-09,NVDA,24.982853246190096,1279129.0,Close
2023-08-10,NVDA,25.410733580143663,965657.0,Close
2023-08-11,NVDA,24.844123300941423,771700.0,Close
2023-08-14,NVDA,25.229521515845583,789566.0,Close
2023-08-15,NVDA,25.592533507150403,1524461.0,Close
2023-08-16,NVDA,25.521349293739153,723291.0,Close
2023-08-17,NVDA,26.52428997309355,1125523.0,Close
2023-08-18,NVDA,26.874205805206437,1179444.0,Close
2023-08-21,NVDA,25.783519378199166,1511612.0,Close
2023-08-22,NVDA,26.423261060937612,727071.0,Close
2023-08-23,NVDA,26.010218584185058,600968.0,Close
2023-08-24,NVDA,26.53357246574447,665179.0,Close
2023-08-25,NVDA,26.740233130177597,1113154.0,Close
2023-08-28,NVDA,25.019553389233028,1894341.0,Close
2023-08-29,NVDA,25.40449662108206,1149874.0,Close
2023-08-30,NVDA,25.279686828445744,727292.0,Close
2023-08-31,NVDA,25.007858857878983,1287739.0,Close
2023-09-01,NVDA,24.761830992614364,781257.0,Close
2023-09-04,NVDA,25.254712962739937,721285.0,Close
2023-09-05,NVDA,24.696715441618892,843278.0,Close
2023-09-06,NVDA,25.385060346145988,795136.0,Close
2023-09-07,NVDA,24.451133096177273,785776.0,Close
2023-09-08,NVDA,24.641674616407123,1289724.0,Close
2023-09-11,NVDA,25.122216781863248,792086.0,Close
2023-09-12,NVDA,25.596988091919357,573355.0,Close
2023-09-13,NVDA,25.72629255111997,1057168.0,Close
2023-09-14,NVDA,25.609290899886247,664948.0,Close
2023-09-15,NVDA,25.27697574788631,688158.0,Close
2023-09-18,NVDA,24.531538873251563,1173439.0,Close
2023-09-19,NVDA,24.131462510357423,737071.0,Close
2023-09-20,NVDA,23.5745131009488,815368.0,Close
2023-09-21,NVDA,22.935503351587712,956595.0,Close
2023-09-22,NVDA,23.963661512168585,909434.0,Close
2023-09-25,NVDA,22.964454115035046,864062.0,Close
2023-09-26,NVDA,23.61141447698077,469092.0,Close
2023-09-27,NVDA,22.906930687299383,903626.0,Close
2023-09-28,NVDA,22.3440682520561,1521889.0,Close
2023-09-29,NVDA,21.78606465912653,1134203.0,Close
2023-10-02,NVDA,21.203472869690433,843083.0,Close
2023-10-03,NVDA,21.69529248732828,1075856.0,Close
2023-10-04,NVDA,22.02029922582415,1101817.0,Close
2023-10-05,NVDA,21.906197776014544,689077.0,Close
2023-10-06,NVDA,23.374372258752523,1529821.0,Close
2023-10-09,NVDA,23.37717666545845,917662.0,Close
2023-10-10,NVDA,23.423960858481312,800177.0,Close
2023-10-11,NVDA,23.04196617386312,1476519.0,Close
2023-10-12,NVDA,22.598805962242185,496777.0,Close
2023-10-13,NVDA,22.31491978962836,637017.0,Close
2023-10-16,NVDA,22.79354035056021,1127082.0,Close
2023-10-17,NVDA,23.125346112999157,1116011.0,Close
2023-10-18,NVDA,23.870601152123207,1570064.0,Close
2023-10-19,NVDA,23.462891814957818,466716.0,Close
2023-10-20,NVDA,23.815036274639652,1181096.0,Close
2023-10-23,NVDA,24.00636080493003,615698.0,Close
2023-10-24,NVDA,24.27509699498813,1023771.0,Close
2023-10-25,NVDA,23.773020968889707,909815.0,Close
2023-10-26,NVDA,23.179181560346652,1211701.0,Close
2023-10-27,NVDA,23.49839389446733,847608.0,Close
2023-10-30,NVDA,24.01458173695612,1261014.0,Close
2023-10-31,NVDA,23.66266593771379,711336.0,Close
2023-11-01,NVDA,24.029155997705285,892057.0,Close
2023-11-02,NVDA,24.74970153848677,1008805.0,Close
2023-11-03,NVDA,24.542926495600327,1480762.0,Close
2023-11-06,NVDA,23.68870653714163,1238613.0,Close
2023-11-07,NVDA,22.93695223548689,1017186.0,Close
2023-11-08,NVDA,22.56803425572714,1109442.0,Close
2023-11-09,NVDA,22.33280951266387,1247857.0,Close
2023-11-10,NVDA,22.324841960242665,978457.0,Close
2023-11-13,NVDA,22.328018562309538,642521.0,Close
2023-11-14,NVDA,22.19051900317866,1074236.0,Close
2023-11-15,NVDA,22.572465670942687,910870.0,Close
2023-11-16,NVDA,22.162704846906813,828551.0,Close
2023-11-17,NVDA,22.862824855793143,755605.0,Close
2023-11-20,NVDA,23.402797260045208,1112987.0,Close
2023-11-21,NVDA,23.91341714541535,1085233.0,Close
2023-11-22,NVDA,23.538787919742827,686636.0,Close
2023-11-23,NVDA,23.483978394544387,631232.0,Close
2023-11-24,NVDA,23.913339241391277,1625274.0,Close
2023-11-27,NVDA,23.80862425637526,1145717.0,Close
2023-11-28,NVDA,23.412455763424695,941314.0,Close
2023-11-29,NVDA,22.999815060398863,1103171.0,Close
2023-11-30,NVDA,22.621957895435635,796587.0,Close
2023-12-01,NVDA,21.988978263125983,899134.0,Close
2023-12-04,NVDA,23.550723715902187,1066506.0,Close
2023-12-05,NVDA,22.434033502674904,1332533.0,Close
2023-12-06,NVDA,21.90556531353704,612061.0,Close
2023-12-07,NVDA,22.237841055559947,672478.0,Close
2023-12-08,NVDA,21.87750346302119,634344.0,Close
2023-12-11,NVDA,21.700143521777605,1155758.0,Close
2023-12-12,NVDA,21.92227162529508,873510.0,Close
2023-12-13,NVDA,22.48971718027924,715098.0,Close
2023-12-14,NVDA,22.350637311750443,832533.0,Close
2023-12-15,NVDA,22.868611758629235,772954.0,Close
2023-12-18,NVDA,21.927424296776408,638172.0,Close
2023-12-19,NVDA,21.612733791825484,1329829.0,Close
2023-12-20,NVDA,21.88684954828856,867041.0,Close
2023-12-21,NVDA,22.95909751152688,1472485.0,Close
2023-12-22,NVDA,22.42694326705093,604945.0,Close
2023-12-25,NVDA,21.81015756059347,1100047.0,Close
2023-12-26,NVDA,22.004601468478175,581836.0,Close
2023-12-27,NVDA,22.045020517968368,1829242.0,Close
2023-12-28,NVDA,21.667757921974424,546631.0,Close
2023-12-29,NVDA,21.031809962295743,1629024.0,Close
2024-01-01,NVDA,20.77753625546602,899849.0,Close
2024-01-02,NVDA,21.05453988031512,860007.0,Close
2024-01-03,NVDA,20.89342344807936,1066403.0,Close
2024-01-04,NVDA,21.505463641814668,717211.0,Close
2024-01-05,NVDA,21.44503739142153,1114848.0,Close
2024-01-08,NVDA,21.773214628186324,1181967.0,Close
2024-01-09,NVDA,21.933679562568436,896043.0,Close
2024-01-10,NVDA,21.727877488011742,968087.0,Close
2024-01-11,NVDA,22.18397550059418,1656581.0,Close
2024-01-12,NVDA,21.53255127616669,1155545.0,Close
2024-01-15,NVDA,21.25124125313878,717899.0,Close
2024-01-16,NVDA,21.046506384981075,1125743.0,Close
2024-01-17,NVDA,21.25488804535476,765429.0,Close
2024-01-18,NVDA,21.59546186770576,735118.0,Close
2024-01-19,NVDA,21.174581711547702,1078324.0,Close
2024-01-22,NVDA,20.688623841335605,689745.0,Close
2024-01-23,NVDA,20.739527835939697,892315.0,Close
2024-01-24,NVDA,19.96734420962107,1188634.0,Close
2024-01-25,NVDA,20.472164363061864,1666645.0,Close
2024-01-26,NVDA,20.370493010069,1073668.0,Close
2024-01-29,NVDA,19.79620684118915,609565.0,Close
2024-01-30,NVDA,19.228491771003483,639664.0,Close
2024-01-31,NVDA,19.38657044554186,1502393.0,Close
2024-02-01,NVDA,19.533064995734332,738548.0,Close
2024-02-02,NVDA,19.174803778056813,584742.0,Close
2024-02-05,NVDA,19.131356597139387,650597.0,Close
2024-02-06,NVDA,18.610955332426293,1198986.0,Close
2024-02-07,NVDA,18.502720342491777,919376.0,Close
2024-02-08,NVDA,19.18304180643846,1177776.0,Close
2024-02-09,NVDA,20.196968720786355,1002075.0,Close
2024-02-12,NVDA,20.10265168067339,636257.0,Close
2024-02-13,NVDA,20.326523245641468,528073.0,Close
2024-02-14,NVDA,20.533166153109153,700793.0,Close
2024-02-15,NVDA,19.67618846980548,1019478.0,Close
2024-02-16,NVDA,19.13098827274271,663369.0,Close
2024-02-19,NVDA,18.053162977363176,1371392.0,Close
2024-02-20,NVDA,18.26185038023749,669557.0,Close
2024-02-21,NVDA,19.14403667823621,609289.0,Close
2024-02-22,NVDA,19.655311364484113,943709.0,Close
2024-02-23,NVDA,19.68722443514125,1102816.0,Close
2024-02-26,NVDA,19.651024179097735,1374460.0,Close
2024-02-27,NVDA,19.491397251213233,551744.0,Close
2024-02-28,NVDA,20.00899594935334,1445637.0,Close
2024-02-29,NVDA,20.125590698889447,939621.0,Close
2024-03-01,NVDA,20.16714470085927,729544.0,Close
2024-03-04,NVDA,19.63141013953467,1156864.0,Close
2024-03-05,NVDA,19.93162654713274,1371992.0,Close
2024-03-06,NVDA,19.86878801794479,532850.0,Close
2024-03-07,NVDA,20.07303831954006,791271.0,Close
2024-03-08,NVDA,20.576212619799406,797636.0,Close
2024-03-11,NVDA,19.760975761889384,1179274.0,Close
2024-03-12,NVDA,19.628001827520084,1380971.0,Close
2024-03-13,NVDA,19.426022589622285,920549.0,Close
2024-03-14,NVDA,19.184073776841892,830123.0,Close
2024-03-15,NVDA,18.66804121300221,1078969.0,Close
2024-03-18,NVDA,18.344403126268308,856544.0,Close
2024-03-19,NVDA,17.85926410811364,491779.0,Close
2024-03-20,NVDA,18.23055593196251,1083722.0,Close
2024-03-21,NVDA,18.409210796528367,1208608.0,Close
2024-03-22,NVDA,18.55826827257229,1234790.0,Close
2024-03-25,NVDA,17.689852626134165,704234.0,Close
2024-03-26,NVDA,18.545910052209656,1200213.0,Close
2024-03-27,NVDA,18.36968114130792,1422947.0,Close
2024-03-28,NVDA,19.166508331228783,2109205.0,Close
2024-03-29,NVDA,19.529306631468828,1065776.0,Close
2024-04-01,NVDA,19.428561248347354,1191612.0,Close
2024-04-02,NVDA,20.41378332977691,747229.0,Close
2024-04-03,NVDA,20.709070893336005,650673.0,Close
2024-04-04,NVDA,20.60392807031704,1192566.0,Close
2024-04-05,NVDA,20.41696181300114,487183.0,Close
2024-04-08,NVDA,20.94524260064604,986250.0,Close
2024-04-09,NVDA,20.68038120359436,1392646.0,Close
2024-04-10,NVDA,20.499087850821255,1110185.0,Close
2024-04-11,NVDA,20.209440847293372,1125388.0,Close
2024-04-12,NVDA,19.845122427751132,907211.0,Close
2024-04-15,NVDA,19.51718802680296,810754.0,Close
2024-04-16,NVDA,20.37712845866486,1887722.0,Close
2024-04-17,NVDA,20.892179027402783,1360667.0,Close
2024-04-18,NVDA,21.02401330615091,1147312.0,Close
2024-04-19,NVDA,20.752482661501837,914991.0,Close
2024-04-22,NVDA,20.48248383613202,761736.0,Close
2024-04-23,NVDA,20.308932753299075,1238355.0,Close
2024-04-24,NVDA,21.21198635049679,902981.0,Close
2024-04-25,NVDA,21.374796571668277,914999.0,Close
2024-04-26,NVDA,21.778558679731407,1110289.0,Close
2024-04-29,NVDA,21.89700214108956,945364.0,Close
2024-04-30,NVDA,21.432355875878752,1479205.0,Close
2024-05-01,NVDA,21.49771620343323,593280.0,Close
2024-05-02,NVDA,20.94112558399925,960593.0,Close
2024-05-03,NVDA,21.566995067793293,1807741.0,Close
2024-05-06,NVDA,21.18192271482516,1204526.0,Close
2024-05-07,NVDA,20.89566289172145,856776.0,Close
2024-05-08,NVDA,21.324059069305523,1178362.0,Close
2024-05-09,NVDA,20.969669182872053,904046.0,Close
2024-05-10,NVDA,20.867986819941937,1375951.0,Close
2024-05-13,NVDA,19.52725021973817,1332991.0,Close
2024-05-14,NVDA,19.382905636545978,688507.0,Close
2024-05-15,NVDA,19.676091963320108,980864.0,Close
2024-05-16,NVDA,19.383841657513734,1034558.0,Close
2024-05-17,NVDA,19.66037469814748,1048260.0,Close
2024-05-20,NVDA,19.663008212504696,961576.0,Close
2024-05-21,NVDA,20.19876591882811,1119393.0,Close
2024-05-22,NVDA,19.84489016120781,1042606.0,Close
2024-05-23,NVDA,19.73769854492705,714987.0,Close
2024-05-24,NVDA,19.035774584904463,843007.0,Close
2024-05-27,NVDA,19.00283288321392,813605.0,Close
2024-05-28,NVDA,18.816182983789428,925419.0,Close
2024-05-29,NVDA,19.269848091616932,868799.0,Close
2024-05-30,NVDA,18.984420225570183,1270147.0,Close
2024-05-31,NVDA,18.79693735110295,674320.0,Close
2024-06-03,NVDA,18.495227138706415,544129.0,Close
2024-06-04,NVDA,18.517382712152433,1581592.0,Close
2024-06-05,NVDA,19.43152773796237,784781.0,Close
2024-06-06,NVDA,17.7726600046705,1526419.0,Close
2024-06-07,NVDA,17.761219718962256,1050533.0,Close
2024-06-10,NVDA,18.28291469067789,751685.0,Close
2024-06-11,NVDA,18.061580441924715,869858.0,Close
2024-06-12,NVDA,18.30492997439403,835128.0,Close
2024-06-13,NVDA,18.84393744567941,1057976.0,Close
2024-06-14,NVDA,18.726128559654413,706908.0,Close
2024-06-17,NVDA,18.435953098677327,866993.0,Close
2024-06-18,NVDA,18.869265376352903,924735.0,Close
2024-06-19,NVDA,19.10884146757226,1262028.0,Close
2024-06-20,NVDA,19.089714228636847,774495.0,Close
2024-06-21,NVDA,19.3864151992884,682269.0,Close
2024-06-24,NVDA,19.853930857374035,795509.0,Close
2024-06-25,NVDA,19.838616525874297,977469.0,Close
2024-06-26,NVDA,19.99797086350907,525779.0,Close
2024-06-27,NVDA,20.265185679910953,1301204.0,Close
2024-06-28,NVDA,20.04607293686431,907201.0,Close
2024-07-01,NVDA,20.641566972941547,1083423.0,Close
2024-07-02,NVDA,20.129917309293138,1002276.0,Close
2024-07-03,NVDA,20.075715287373587,720816.0,Close
2024-07-04,NVDA,20.46478232391304,668074.0,Close
2024-07-05,NVDA,19.944687183821557,761948.0,Close
2024-07-08,NVDA,20.38207037351076,592561.0,Close
2024-07-09,NVDA,20.48814306424297,984875.0,Close
2024-07-10,NVDA,21.16580759889588,914455.0,Close
2024-07-11,NVDA,21.495575210789493,577051.0,Close
2024-07-12,NVDA,21.42105340225519,733584.0,Close
2024-07-15,NVDA,21.55426608970718,1082114.0,Close
2024-07-16,NVDA,21.707320476681872,1314922.0,Close
2024-07-17,NVDA,22.797475775055723,683836.0,Close
2024-07-18,NVDA,22.856993012195733,1683727.0,Close
2024-07-19,NVDA,22.791662386489683,660674.0,Close
2024-07-22,NVDA,22.69434728399617,530513.0,Close
2024-07-23,NVDA,22.811652087112815,1502929.0,Close
2024-07-24,NVDA,22.18828045812299,691656.0,Close
2024-07-25,NVDA,21.99148009587975,1416519.0,Close
2024-07-26,NVDA,21.456508035393245,767790.0,Close
2024-07-29,NVDA,21.003407045064876,850684.0,Close
2024-07-30,NVDA,21.42932945273095,626451.0,Close
2024-07-31,NVDA,21.454529633005173,1286011.0,Close
2024-08-01,NVDA,21.07503028179848,1295011.0,Close
2024-08-02,NVDA,21.00843330596462,723308.0,Close
2024-08-05,NVDA,20.892633647245574,868252.0,Close
2024-08-06,NVDA,20.930759455329454,1071306.0,Close
2024-08-07,NVDA,20.16715679232029,841330.0,Close
2024-08-08,NVDA,19.63737373680925,1418947.0,Close
2024-08-09,NVDA,18.95261515196864,934755.0,Close
2024-08-12,NVDA,18.543950729805456,795828.0,Close
2024-08-13,NVDA,18.22464960187205,571384.0,Close
2024-08-14,NVDA,17.77127992181857,636770.0,Close
2024-08-15,NVDA,18.11433896228105,1102581.0,Close
2024-08-16,NVDA,18.942494214507647,1066044.0,Close
2024-08-19,NVDA,19.336617323671124,1185367.0,Close
2024-08-20,NVDA,19.07837855392263,767375.0,Close
2024-08-21,NVDA,19.18698752101869,542989.0,Close
2024-08-22,NVDA,19.165876657744413,755174.0,Close
2024-08-23,NVDA,18.889479987448585,1679545.0,Close
2024-08-26,NVDA,19.514053066680606,718867.0,Close
2024-08-27,NVDA,20.486361688133425,993194.0,Close
2024-08-28,NVDA,19.75763516220141,468657.0,Close
2024-08-29,NVDA,20.466981799220942,827887.0,Close
2024-08-30,NVDA,20.18078828675362,803888.0,Close
2024-09-02,NVDA,20.0614891641666,982087.0,Close
2024-09-03,NVDA,20.21141011525208,811865.0,Close
2024-09-04,NVDA,20.99035409985912,617934.0,Close
2024-09-05,NVDA,21.146480241467557,731753.0,Close
2024-09-06,NVDA,21.371909018036988,847961.0,Close
2024-09-09,NVDA,21.83116302095493,689640.0,Close
2024-09-10,NVDA,22.384876894596683,728234.0,Close
2024-09-11,NVDA,22.67775531823407,1227337.0,Close
2024-09-12,NVDA,23.256395186578267,779648.0,Close
2024-09-13,NVDA,22.927250383869268,1039105.0,Close
2024-09-16,NVDA,21.96278167189846,932909.0,Close
2024-09-17,NVDA,22.95881668646172,686164.0,Close
2024-09-18,NVDA,22.38590653731127,849671.0,Close
2024-09-19,NVDA,22.10429216921467,989191.0,Close
2024-09-20,NVDA,21.936051243613353,1504413.0,Close
2024-09-23,NVDA,21.676234671777088,717512.0,Close
2024-09-24,NVDA,21.301176546879745,895676.0,Close
2024-09-25,NVDA,21.55500103542152,1188438.0,Close
2024-09-26,NVDA,21.817484642427647,1321582.0,Close
2024-09-27,NVDA,22.161237681862815,752994.0,Close
2024-09-30,NVDA,22.476261578794983,869197.0,Close
2024-10-01,NVDA,22.2581846690195,1255197.0,Close
2024-10-02,NVDA,22.041324786284253,1048160.0,Close
2024-10-03,NVDA,22.65885936161899,1291146.0,Close
2024-10-04,NVDA,22.380745265807153,1287083.0,Close
2024-10-07,NVDA,22.095125359600505,1070878.0,Close
2024-10-08,NVDA,22.611231572054884,975880.0,Close
2024-10-09,NVDA,22.612913160469972,714424.0,Close
2024-10-10,NVDA,22.344425599178223,840740.0,Close
2024-10-11,NVDA,22.084311587910705,857067.0,Close
2024-10-14,NVDA,22.70560521666135,1357325.0,Close
2024-10-15,NVDA,23.04444035447302,962222.0,Close
2024-10-16,NVDA,23.190539104342545,941177.0,Close
2024-10-17,NVDA,22.53857318251918,702965.0,Close
2024-10-18,NVDA,22.683818595113166,1277985.0,Close
2024-10-21,NVDA,22.577311857492337,703687.0,Close
2024-10-22,NVDA,22.083364287664075,854656.0,Close
2024-10-23,NVDA,21.76881254513295,1349127.0,Close
2024-10-24,NVDA,22.152547578787896,1199982.0,Close
2024-10-25,NVDA,22.840240794562035,740006.0,Close
2024-10-28,NVDA,22.259226069795993,680237.0,Close
2024-10-29,NVDA,21.761947686610725,876817.0,Close
2024-10-30,NVDA,22.14448107919824,773569.0,Close
2024-10-31,NVDA,21.933695965693833,578524.0,Close
2024-11-01,NVDA,22.243089412342837,726330.0,Close
2024-11-04,NVDA,22.024018315190293,394355.0,Close
2024-11-05,NVDA,22.34779834885279,1196191.0,Close
2024-11-06,NVDA,21.605699447161335,1236231.0,Close
2024-11-07,NVDA,21.908650239965336,1389444.0,Close
2024-11-08,NVDA,20.79077102283862,1119850.0,Close
2024-11-11,NVDA,21.274279350276775,816885.0,Close
2024-11-12,NVDA,21.267796881531716,1188540.0,Close
2024-11-13,NVDA,21.509548635384206,731897.0,Close
2024-11-14,NVDA,21.64622543439875,597929.0,Close
2024-11-15,NVDA,20.750867117063155,939504.0,Close
2024-11-18,NVDA,21.458446665066955,1089263.0,Close
2024-11-19,NVDA,21.64611019698835,702648.0,Close
2024-11-20,NVDA,22.059670036532506,674538.0,Close
2024-11-21,NVDA,21.63839094795458,815013.0,Close
2024-11-22,NVDA,21.777828623502216,1007540.0,Close
2024-11-25,NVDA,21.088797436742105,915616.0,Close
2024-11-26,NVDA,21.17727846787791,1950819.0,Close
2024-11-27,NVDA,20.69985617870614,895309.0,Close
2024-11-28,NVDA,23.256368053151075,1499556.0,Close
2024-11-29,NVDA,23.614351447586653,591739.0,Close
2024-12-02,NVDA,24.398713094982895,1145508.0,Close
2024-12-03,NVDA,24.262108320834127,773170.0,Close
2024-12-04,NVDA,24.512734544618137,898117.0,Close
2024-12-05,NVDA,25.070770867598227,1547897.0,Close
2024-12-06,NVDA,24.423564968531945,841731.0,Close
2024-12-09,NVDA,24.03310091408761,618309.0,Close
2024-12-10,NVDA,24.619858510679705,663548.0,Close
2024-12-11,NVDA,24.501082894738268,933353.0,Close
2024-12-12,NVDA,24.06420118234735,953612.0,Close
2024-12-13,NVDA,23.70407211022148,934109.0,Close
2024-12-16,NVDA,23.004990456108036,646561.0,Close
2024-12-17,NVDA,21.910207526676057,1833357.0,Close
2024-12-18,NVDA,21.00915826281995,1522694.0,Close
2024-12-19,NVDA,21.043890758606363,912868.0,Close
2024-12-20,NVDA,21.402164025986902,581739.0,Close
2024-12-23,NVDA,22.73751965824669,1668140.0,Close
2024-12-24,NVDA,22.726478104181556,1230344.0,Close
2024-12-25,NVDA,22.02414198431424,984421.0,Close
2024-12-26,NVDA,22.020436651091185,1252231.0,Close
2024-12-27,NVDA,22.412270665744447,793343.0,Close
2024-12-30,NVDA,22.99120320104788,705640.0,Close
2024-12-31,NVDA,23.53028508939389,980179.0,Close
2025-01-01,NVDA,23.873770613402733,572255.0,Close
2025-01-02,NVDA,23.942314618819424,631491.0,Close
2025-01-03,NVDA,24.38826852927415,1085811.0,Close
2025-01-06,NVDA,23.69156065621324,1019195.0,Close
2025-01-07,NVDA,22.53569620472671,661588.0,Close
2025-01-08,NVDA,23.70618053594673,893062.0,Close
2025-01-09,NVDA,23.691387945697574,585810.0,Close
2025-01-10,NVDA,24.014605229562527,785318.0,Close
2025-01-13,NVDA,22.37494770591688,879650.0,Close
2025-01-14,NVDA,23.235758196048476,1312178.0,Close
2025-01-15,NVDA,23.907684292664737,905695.0,Close
2025-01-16,NVDA,23.001127597340627,904434.0,Close
2025-01-17,NVDA,22.834093636425713,793432.0,Close
2025-01-20,NVDA,22.99550971408321,532373.0,Close
2025-01-21,NVDA,22.29399513889883,925677.0,Close
2025-01-22,NVDA,22.573432479533928,1047654.0,Close
2025-01-23,NVDA,23.16509056452213,1010012.0,Close
2025-01-24,NVDA,23.361829404240847,1102670.0,Close
2025-01-27,NVDA,22.47561551045989,1215261.0,Close
2025-01-28,NVDA,21.915293036279543,1815469.0,Close
2025-01-29,NVDA,21.86029496416025,627301.0,Close
2025-01-30,NVDA,21.737910864674948,953004.0,Close
2025-01-31,NVDA,21.627056506971684,984137.0,Close
2025-02-03,NVDA,21.497968148268168,807833.0,Close
2025-02-04,NVDA,20.556913802350177,817446.0,Close
2025-02-05,NVDA,20.974566724998848,1076364.0,Close
2025-02-06,NVDA,21.30880876061451,1032857.0,Close
2025-02-07,NVDA,21.593489923187768,662433.0,Close
2025-02-10,NVDA,21.832836159748663,526356.0,Close
2025-02-11,NVDA,21.692086083078426,768332.0,Close
2025-02-12,NVDA,21.380190047263028,744525.0,Close
2025-02-13,NVDA,20.8572119894429,1123473.0,Close
2025-02-14,NVDA,21.658621288810274,738373.0,Close
2025-02-17,NVDA,21.659208204729737,828273.0,Close
2025-02-18,NVDA,20.787391966366705,586678.0,Close
2025-02-19,NVDA,20.78351106568528,548759.0,Close
2025-02-20,NVDA,19.73068673345303,798851.0,Close
2025-02-21,NVDA,19.861336507011544,826382.0,Close
2025-02-24,NVDA,19.941620241920432,691356.0,Close
2025-02-25,NVDA,19.68680042729925,946703.0,Close
2025-02-26,NVDA,19.243016101221684,559814.0,Close
2025-02-27,NVDA,19.519027101781777,854202.0,Close
2025-02-28,NVDA,19.48959163785067,825527.0,Close
2025-03-03,NVDA,18.570549993974545,645810.0,Close
2025-03-04,NVDA,19.129471225235054,1019949.0,Close
2025-03-05,NVDA,18.698090534061137,486531.0,Close
2025-03-06,NVDA,18.10269657879754,779164.0,Close
2025-03-07,NVDA,18.71635191679272,1218827.0,Close
2025-03-10,NVDA,19.213329919627,483801.0,Close
2025-03-11,NVDA,19.02510585171474,1099726.0,Close
2025-03-12,NVDA,18.449993536362893,671539.0,Close
2025-03-13,NVDA,18.047578143576615,779610.0,Close
2025-03-14,NVDA,17.86324384672426,1372921.0,Close
2025-03-17,NVDA,18.4062777956802,789771.0,Close
2025-03-18,NVDA,19.00143760298845,1555045.0,Close
2025-03-19,NVDA,19.088978475280054,808106.0,Close
2025-03-20,NVDA,19.40389089213975,893787.0,Close
2025-03-21,NVDA,19.314418845265727,1140205.0,Close
2025-03-24,NVDA,18.91065134311771,1092904.0,Close
2025-03-25,NVDA,18.223768405266277,1014554.0,Close
2025-03-26,NVDA,18.377965807101088,779472.0,Close
2025-03-27,NVDA,18.794100186807153,585817.0,Close
2025-03-28,NVDA,18.56837673733529,576680.0,Close
2025-03-31,NVDA,19.11976889630766,1410690.0,Close
2025-04-01,NVDA,18.94916502850619,1493377.0,Close
2025-04-02,NVDA,18.998196816658613,915209.0,Close
2025-04-03,NVDA,18.905133708342703,520624.0,Close
2025-04-04,NVDA,19.489248647411753,757109.0,Close
2025-04-07,NVDA,19.73540357491142,708513.0,Close
2025-04-08,NVDA,19.717588590826967,741383.0,Close
2025-04-09,NVDA,19.765148936630723,674753.0,Close
2025-04-10,NVDA,19.19853308635128,1109016.0,Close
2025-04-11,NVDA,18.15565876448339,1094152.0,Close
2025-04-14,NVDA,17.928312628977938,1455993.0,Close
2025-04-15,NVDA,17.852404506700907,787153.0,Close
2025-04-16,NVDA,18.094808285434212,965386.0,Close
2025-04-17,NVDA,18.03192730753795,1102413.0,Close
2025-04-18,NVDA,17.833708935987882,1225978.0,Close
2025-04-21,NVDA,16.552202122754164,733108.0,Close
2025-04-22,NVDA,16.77529271331479,1026220.0,Close
2025-04-23,NVDA,16.871134085670903,928470.0,Close
2025-04-24,NVDA,17.217295102146014,1015483.0,Close
2025-04-25,NVDA,17.237961196764054,892505.0,Close
2025-04-28,NVDA,17.732633052006705,1586035.0,Close
2025-04-29,NVDA,17.5022895631869,694731.0,Close
2025-04-30,NVDA,17.49414579803532,657826.0,Close
2025-05-01,NVDA,17.60676301398876,696023.0,Close
2025-05-02,NVDA,17.90144694511961,840904.0,Close
2025-05-05,NVDA,18.094020949148454,984668.0,Close
2025-05-06,NVDA,18.31585202618871,789834.0,Close
2025-05-07,NVDA,18.446486854209176,1206660.0,Close
2025-05-08,NVDA,18.3689774691554,883616.0,Close
2025-05-09,NVDA,18.78530963153098,906342.0,Close
2025-05-12,NVDA,18.02283705500109,657456.0,Close
2025-05-13,NVDA,17.753923680573266,1576028.0,Close
2025-05-14,NVDA,18.457421804708545,963560.0,Close
2025-05-15,NVDA,18.16233723933468,1495963.0,Close
2025-05-16,NVDA,18.137117299973095,727799.0,Close
2025-05-19,NVDA,18.764914064509657,1237106.0,Close
2025-05-20,NVDA,18.716761951706076,743544.0,Close
2025-05-21,NVDA,18.343388589220613,1597800.0,Close
2025-05-22,NVDA,18.89298219678768,1332550.0,Close
2025-05-23,NVDA,18.768757682486875,1149338.0,Close
2025-05-26,NVDA,18.676830448261033,713169.0,Close
2025-05-27,NVDA,17.77837874268949,1771092.0,Close
2025-05-28,NVDA,17.732215348536016,1622461.0,Close
2025-05-29,NVDA,18.039051725318178,819966.0,Close
2025-05-30,NVDA,17.85774910537312,944591.0,Close
2025-06-02,NVDA,17.305265946166752,1260604.0,Close
2025-06-03,NVDA,17.11025447264146,499766.0,Close
2025-06-04,NVDA,16.860818570103138,1285770.0,Close
2025-06-05,NVDA,16.76474085887425,1207853.0,Close
2025-06-06,NVDA,16.56052900680026,764708.0,Close
2025-06-09,NVDA,17.246323022267866,508748.0,Close
2025-06-10,NVDA,17.383539372120307,988402.0,Close
2025-06-11,NVDA,16.64982754225448,700414.0,Close
2025-06-12,NVDA,16.687899001073017,546165.0,Close
2025-06-13,NVDA,16.680381857934258,977609.0,Close
2025-06-16,NVDA,17.1785576722498,1413384.0,Close
2025-06-17,NVDA,17.121855541699038,826104.0,Close
2025-06-18,NVDA,17.053260678677344,1261473.0,Close
2025-06-19,NVDA,17.842558430548944,1214161.0,Close
2025-06-20,NVDA,17.383676416368502,623228.0,Close
2025-06-23,NVDA,17.73345615836108,784402.0,Close
2025-06-24,NVDA,17.770693967377664,1215131.0,Close
2025-06-25,NVDA,17.56153595966356,764000.0,Close
2025-06-26,NVDA,17.29132846891389,1168416.0,Close
2025-06-27,NVDA,17.87734271044066,850931.0,Close
2025-06-30,NVDA,18.091124663286767,1123461.0,Close
2025-07-01,NVDA,18.367803112666177,1039128.0,Close
2025-07-02,NVDA,18.778925643645984,865276.0,Close
2025-07-03,NVDA,18.946576745878705,1104219.0,Close
2025-07-04,NVDA,18.462943756938525,491947.0,Close
2025-07-07,NVDA,17.7600754358453,702741.0,Close
2025-07-08,NVDA,18.441049787674807,847540.0,Close
2025-07-09,NVDA,18.545046659444708,1262860.0,Close
2025-07-10,NVDA,18.59099033964771,570264.0,Close
2025-07-11,NVDA,19.424788184724477,980806.0,Close
2025-07-14,NVDA,18.92734075634803,1034626.0,Close
2025-07-15,NVDA,17.76437454635706,1114307.0,Close
2025-07-16,NVDA,16.98346361469279,959919.0,Close
2025-07-17,NVDA,16.771042693846788,752354.0,Close
2025-07-18,NVDA,16.82820593633307,819520.0,Close
2025-07-21,NVDA,17.4122834591614,1292107.0,Close
2025-07-22,NVDA,17.78210990254114,755837.0,Close
2025-07-23,NVDA,16.67279292693504,542561.0,Close
2025-07-24,NVDA,17.828437613904526,1213562.0,Close
2025-07-25,NVDA,17.658147921431297,1407473.0,Close
2025-07-28,NVDA,18.199979472206085,695925.0,Close
2025-07-29,NVDA,18.453692905575853,1368872.0,Close
2025-07-30,NVDA,18.465910649672505,1023242.0,Close
2025-07-31,NVDA,18.3682077754108,627275.0,Close
2025-08-01,NVDA,17.87616141600017,764120.0,Close
2025-08-04,NVDA,17.32024859524565,763170.0,Close
2025-08-05,NVDA,17.258729382209147,928764.0,Close
2025-08-06,NVDA,16.679492243130575,910592.0,Close
2025-08-07,NVDA,17.36338491445484,1366798.0,Close
2025-08-08,NVDA,17.413943131116863,1136894.0,Close
2025-08-11,NVDA,18.31817826397059,635069.0,Close
2025-08-12,NVDA,18.13192777970688,588105.0,Close
2025-08-13,NVDA,17.878591387032053,1094323.0,Close
2025-08-14,NVDA,18.147520693035965,782156.0,Close
2025-08-15,NVDA,18.04159497127447,843401.0,Close
2025-08-18,NVDA,18.482329848718557,1104601.0,Close
2025-08-19,NVDA,19.144959466765776,1251683.0,Close
2025-08-20,NVDA,19.671922375050578,653193.0,Close
2025-08-21,NVDA,20.341547567765502,494377.0,Close
2025-08-22,NVDA,20.760785543848883,896588.0,Close
2025-08-25,NVDA,20.491862895676224,702200.0,Close
2025-08-26,NVDA,21.076395151616577,967322.0,Close
2025-08-27,NVDA,21.44867168532199,895692.0,Close
2025-08-28,NVDA,21.1346619336074,680553.0,Close
2025-08-29,NVDA,20.891072448416065,1690193.0,Close
2025-09-01,NVDA,20.855055908543193,882541.0,Close
2025-09-02,NVDA,21.43540380677744,796798.0,Close
2025-09-03,NVDA,21.508336576103197,909716.0,Close
2025-09-04,NVDA,21.51676861844075,1025244.0,Close
2025-09-05,NVDA,21.444088500830297,729871.0,Close
2025-09-08,NVDA,21.269380931248666,1795019.0,Close
2025-09-09,NVDA,20.672689358618673,599789.0,Close
2025-09-10,NVDA,21.087399198307544,598885.0,Close
2025-09-11,NVDA,20.571687988808804,580301.0,Close
2025-09-12,NVDA,20.61677262701243,880304.0,Close
2025-09-15,NVDA,20.420701599513688,1035422.0,Close
2025-09-16,NVDA,20.8158694001022,837014.0,Close
2025-09-17,NVDA,20.652078556627767,1029543.0,Close
2025-09-18,NVDA,20.152677918083725,1074433.0,Close
2025-09-19,NVDA,20.65301419235284,842317.0,Close
2025-09-22,NVDA,20.245017936121027,1051888.0,Close
2025-09-23,NVDA,20.332670278491698,834237.0,Close
2025-09-24,NVDA,20.97953668678318,846405.0,Close
2025-09-25,NVDA,20.614477875626783,791460.0,Close
2025-09-26,NVDA,20.57301273757412,942444.0,Close
2025-09-29,NVDA,20.36607626157916,1296746.0,Close
2025-09-30,NVDA,20.442633388728584,615387.0,Close
2025-10-01,NVDA,20.41911033446029,758925.0,Close
2025-10-02,NVDA,20.891505085787408,980879.0,Close
2025-10-03,NVDA,20.58411743528901,1545030.0,Close
2025-10-06,NVDA,21.239177734270445,1089243.0,Close
2025-10-07,NVDA,22.08746788567279,766552.0,Close
2025-10-08,NVDA,22.238353405953735,675642.0,Close
2025-10-09,NVDA,21.818616606662744,1240356.0,Close
2025-10-10,NVDA,21.808169305103487,796233.0,Close
2025-10-13,NVDA,21.7528606869703,608412.0,Close
2025-10-14,NVDA,22.711258275843043,1340541.0,Close
2025-10-15,NVDA,22.66576788161575,963905.0,Close
2025-10-16,NVDA,23.447532882375516,673686.0,Close
2025-10-17,NVDA,23.52415760342064,590048.0,Close
2025-10-20,NVDA,23.563121859966188,458157.0,Close
2025-10-21,NVDA,23.37054278318758,742525.0,Close
2025-10-22,NVDA,23.233090926881168,974000.0,Close
2025-10-23,NVDA,23.753079000421895,1243517.0,Close
2025-10-24,NVDA,23.3394868418636,1044138.0,Close
2025-10-27,NVDA,23.90199275535079,633276.0,Close
2025-10-28,NVDA,24.760487608955515,888707.0,Close
2025-10-29,NVDA,24.413744389154967,1397601.0,Close
2025-10-30,NVDA,25.15097713273072,816997.0,Close
2025-10-31,NVDA,25.81180713245857,1186875.0,Close
2025-11-03,NVDA,26.376512477589777,1129715.0,Close
2025-11-04,NVDA,25.97848202991999,1146843.0,Close
2025-11-05,NVDA,25.91608772317775,1001330.0,Close
2025-11-06,NVDA,25.852976324428106,1104166.0,Close
2025-11-07,NVDA,27.194122297016424,647245.0,Close
2025-11-10,NVDA,27.201835540866817,1377460.0,Close
2025-11-11,NVDA,27.093826743668348,514098.0,Close
2025-11-12,NVDA,26.34437187122985,1038787.0,Close
2025-11-13,NVDA,25.729570594986804,921202.0,Close
2025-11-14,NVDA,25.31091762626783,759391.0,Close
2025-11-17,NVDA,25.54896398599184,670365.0,Close
2025-11-18,NVDA,24.668985665594537,1136607.0,Close
2025-11-19,NVDA,24.278658355228753,1163658.0,Close
2025-11-20,NVDA,23.181909812624426,961712.0,Close
2025-11-21,NVDA,23.99235508701091,884931.0,Close
2025-11-24,NVDA,24.06778832290899,1295126.0,Close
2025-11-25,NVDA,24.264041810646138,788555.0,Close
2025-11-26,NVDA,23.62739474142416,930445.0,Close
2025-11-27,NVDA,24.313795601739752,893393.0,Close
2025-11-28,NVDA,25.224215144861912,2039062.0,Close
2025-12-01,NVDA,25.27906089563553,683383.0,Close
2025-12-02,NVDA,24.995025830211645,1158786.0,Close
2025-12-03,NVDA,25.347290827553024,546838.0,Close
2025-12-04,NVDA,25.81816014766838,691872.0,Close
2025-12-05,NVDA,26.38371702332797,848466.0,Close
2025-12-08,NVDA,26.82789525596865,882299.0,Close
2025-12-09,NVDA,27.47727883099485,862919.0,Close
2025-12-10,NVDA,27.024460660014924,889785.0,Close
2025-12-11,NVDA,27.64403360166546,759268.0,Close
2025-12-12,NVDA,27.35061518063787,1326321.0,Close
2025-12-15,NVDA,25.67919775809948,765672.0,Close
2025-12-16,NVDA,25.400843320533877,1127643.0,Close
2025-12-17,NVDA,25.068788685833795,1112429.0,Close
2025-12-18,NVDA,25.230492865413296,670056.0,Close
2025-12-19,NVDA,25.76313524854778,832020.0,Close
2025-12-22,NVDA,25.89880548255862,886672.0,Close
2025-12-23,NVDA,27.190147465809915,1659997.0,Close
2025-12-24,NVDA,26.853980251071743,810956.0,Close
2025-12-25,NVDA,25.557319336678127,2965839.0,Close
2025-12-26,NVDA,25.74537134356837,1124106.0,Close
2025-12-29,NVDA,25.41453577633643,1005684.0,Close
2025-12-30,NVDA,24.75038665897506,1228178.0,Close
2025-12-31,NVDA,24.582668850887387,532241.0,Close
2026-01-01,NVDA,24.122749145596337,1311227.0,Close
2026-01-02,NVDA,23.72986186394157,616098.0,Close
2026-01-05,NVDA,24.629747106776897,1262933.0,Close
2026-01-06,NVDA,24.718021744921938,739136.0,Close
2026-01-07,NVDA,24.570053347082844,699640.0,Close
2026-01-08,NVDA,25.547123461029273,1664039.0,Close
2026-01-09,NVDA,25.37529707537475,864911.0,Close
2026-01-12,NVDA,24.622156969080464,600959.0,Close
2026-01-13,NVDA,23.83312057598862,1282767.0,Close
2026-01-14,NVDA,23.79894727505878,608285.0,Close
2026-01-15,NVDA,22.851715696480507,1470809.0,Close
2026-01-16,NVDA,22.205841939583635,943005.0,Close
2026-01-19,NVDA,22.009708068167452,611889.0,Close
2026-01-20,NVDA,22.633246070977822,1212595.0,Close
2026-01-21,NVDA,23.36331541502365,1120212.0,Close
2026-01-22,NVDA,23.7542093118957,485176.0,Close
2026-01-23,NVDA,23.76455631472257,858192.0,Close
2026-01-26,NVDA,23.4442609730424,994103.0,Close
2026-01-27,NVDA,23.680309474667908,967256.0,Close
2026-01-28,NVDA,24.729210010302936,936259.0,Close
2026-01-29,NVDA,24.8282218631265,1105420.0,Close
2026-01-30,NVDA,24.559691517714192,1069729.0,Close
2026-02-02,NVDA,24.477629208211077,890572.0,Close
2026-02-03,NVDA,24.330299675706353,828432.0,Close
2026-02-04,NVDA,24.671113535875737,951601.0,Close
2026-02-05,NVDA,24.221498598083663,768675.0,Close
2026-02-06,NVDA,24.475975450320508,663035.0,Close
2026-02-09,NVDA,24.83049269447521,650630.0,Close
2026-02-10,NVDA,25.053476501465937,870552.0,Close
2026-02-11,NVDA,24.39841934378599,728320.0,Close
2026-02-12,NVDA,24.321804624160936,840740.0,Close
2026-02-13,NVDA,24.020047321086825,1350351.0,Close
2026-02-16,NVDA,23.98922954991527,824081.0,Close
2026-02-17,NVDA,23.60922651402418,953772.0,Close
2026-02-18,NVDA,24.342673172667688,891621.0,Close
2026-02-19,NVDA,24.467321380887913,1312572.0,Close
2026-02-20,NVDA,23.507977290441403,1605343.0,Close
2026-02-23,NVDA,22.75276358544366,831889.0,Close
2026-02-24,NVDA,23.438042603148048,1184872.0,Close
2026-02-25,NVDA,23.346830100107688,1654904.0,Close
2026-02-26,NVDA,23.135713395390255,633413.0,Close
2026-02-27,NVDA,23.78922076932593,1271541.0,Close
2026-03-02,NVDA,23.71332491017598,523143.0,Close
2026-03-03,NVDA,23.029895597069437,957533.0,Close
2026-03-04,NVDA,22.40433363907594,905839.0,Close
2026-03-05,NVDA,22.761501264681264,548485.0,Close
2026-03-06,NVDA,23.908054336799996,1394162.0,Close
2026-03-09,NVDA,24.413703227236347,971028.0,Close
2026-03-10,NVDA,24.19768909025003,678965.0,Close
2026-03-11,NVDA,24.075800041325124,978597.0,Close
2026-03-12,NVDA,24.11724165235221,1151531.0,Close
2026-03-13,NVDA,22.933620729081213,589495.0,Close
2026-03-16,NVDA,22.959011633320777,340825.0,Close
2026-03-17,NVDA,23.300538510428115,901094.0,Close
2026-03-18,NVDA,24.32745142210157,785435.0,Close
2026-03-19,NVDA,24.992033855947767,1412141.0,Close
2026-03-20,NVDA,26.18985015590603,894051.0,Close
2026-03-23,NVDA,27.284698769101112,1078717.0,Close
2026-03-24,NVDA,28.233746656534283,912063.0,Close
2026-03-25,NVDA,28.2669002504402,551299.0,Close
2026-03-26,NVDA,28.521305774148885,905370.0,Close
2026-03-27,NVDA,27.366561028856022,658076.0,Close
2026-03-30,NVDA,27.468693523814935,584725.0,Close
2026-03-31,NVDA,27.86520817854132,655676.0,Close
2026-04-01,NVDA,27.686081688328965,623937.0,Close
2026-04-02,NVDA,26.65254960002887,911928.0,Close
2026-04-03,NVDA,27.70273835851874,868421.0,Close
2026-04-06,NVDA,27.99371330956967,981236.0,Close
2026-04-07,NVDA,29.19149070551175,614653.0,Close
2026-04-08,NVDA,29.739060780210774,855585.0,Close
2026-04-09,NVDA,30.754306942144037,833514.0,Close
2026-04-10,NVDA,31.649108264204507,1008936.0,Close
2026-04-13,NVDA,31.137810375784976,987012.0,Close
2026-04-14,NVDA,30.76511950469467,948336.0,Close
2026-04-15,NVDA,30.457782187320795,668472.0,Close
2026-04-16,NVDA,29.75109785662608,941284.0,Close
2026-04-17,NVDA,31.05659028797677,847470.0,Close
2026-04-20,NVDA,31.105314242358354,1301799.0,Close
2026-04-21,NVDA,31.47285051352251,934934.0,Close
2026-04-22,NVDA,30.46074382820501,980890.0,Close
2026-04-23,NVDA,31.08928427553069,631653.0,Close
2026-04-24,NVDA,30.793158117934254,752650.0,Close
2026-04-27,NVDA,31.76311382690475,1033266.0,Close
2026-04-28,NVDA,31.245302289503595,894868.0,Close
2026-04-29,NVDA,32.283918313685426,935188.0,Close
2026-04-30,NVDA,33.047026978573875,552772.0,Close
2026-05-01,NVDA,32.68661144271407,706638.0,Close
2026-05-04,NVDA,33.84213649688067,889687.0,Close
2026-05-05,NVDA,34.8149040407031,1360717.0,Close
2026-05-06,NVDA,35.25202883769204,513987.0,Close
2026-05-07,NVDA,34.41050810446762,684362.0,Close
2026-05-08,NVDA,35.104939420433595,524195.0,Close
2026-05-11,NVDA,35.18048235117523,969329.0,Close
2026-05-12,NVDA,35.24179227517194,1253392.0,Close
2026-05-13,NVDA,35.324397609317124,980154.0,Close
2026-05-14,NVDA,35.317015749553754,1039338.0,Close
2026-05-15,NVDA,34.584959626233996,680796.0,Close
2026-05-18,NVDA,33.31620744588869,1083320.0,Close
2026-05-19,NVDA,31.92516463319661,779630.0,Close
2026-05-20,NVDA,32.17680982182576,910362.0,Close
2026-05-21,NVDA,30.278512230961653,1195395.0,Close
2026-05-22,NVDA,30.834611444462823,844380.0,Close
2026-05-25,NVDA,31.234281678402127,1160660.0,Close
2026-05-26,NVDA,31.01864300185343,848924.0,Close
2026-05-27,NVDA,31.81710420485339,1021494.0,Close
2026-05-28,NVDA,31.63077188624851,1567528.0,Close
2026-05-29,NVDA,31.97271271965651,1047026.0,Close
2026-06-01,NVDA,30.45208652788223,797202.0,Close
2026-06-02,NVDA,28.79164663420592,879985.0,Close
2026-06-03,NVDA,28.64052912382641,1152974.0,Close
2026-06-04,NVDA,28.953161216415992,1233463.0,Close
2026-06-05,NVDA,29.644224097154225,925901.0,Close
2026-06-08,NVDA,29.53090586221703,558818.0,Close
2026-06-09,NVDA,29.725403499327168,669838.0,Close
2026-06-10,NVDA,30.315157981045857,977097.0,Close
2026-06-11,NVDA,30.236129776042695,1047802.0,Close
2026-06-12,NVDA,30.68825941036989,1233808.0,Close
2026-06-15,NVDA,29.853791457837552,513529.0,Close
2026-06-16,NVDA,28.65517220680811,1271201.0,Close
2026-06-17,NVDA,28.29467755479059,1390885.0,Close
2026-06-18,NVDA,28.848062849956733,451013.0,Close
2026-06-19,NVDA,28.359612193413422,916444.0,Close
2026-06-22,NVDA,28.827942930846735,1150824.0,Close
2026-06-23,NVDA,28.11615800269025,614357.0,Close
2026-06-24,NVDA,27.728851265515026,783067.0,Close
2026-06-25,NVDA,27.908397143117195,1053473.0,Close
2026-06-26,NVDA,27.465757316350956,782280.0,Close
2026-06-29,NVDA,27.144446637532692,810743.0,Close
2026-06-30,NVDA,25.41997484837952,1111245.0,Close
2026-07-01,NVDA,25.957401015402063,653997.0,Close
2026-07-02,NVDA,25.89557281107318,638804.0,Close
2026-07-03,NVDA,25.308116251133875,1073744.0,Close
2026-07-06,NVDA,26.460593683106463,1319862.0,Close
2026-07-07,NVDA,25.96182148921448,1040140.0,Close
2026-07-08,NVDA,25.64689467100378,1361935.0,Close
2026-07-09,NVDA,25.0547132172576,1059366.0,Close
2026-07-10,NVDA,25.74718446809855,1646345.0,Close
2026-07-13,NVDA,26.66747510961588,986482.0,Close
2026-07-14,NVDA,27.555234265741404,1036440.0,Close
2026-07-15,NVDA,28.46609592225494,1083618.0,Close
2026-07-16,NVDA,28.063624830669127,754215.0,Close
2026-07-17,NVDA,29.231186039487245,778479.0,Close
2026-07-20,NVDA,29.10627801023371,675369.0,Close
2026-07-21,NVDA,28.019013801596294,822251.0,Close
2026-07-22,NVDA,27.740413144144327,1674327.0,Close
2026-07-23,NVDA,27.977201750276492,1547314.0,Close
2026-07-24,NVDA,27.548995533649144,828040.0,Close
2026-07-27,NVDA,27.663005324163443,779557.0,Close
2026-07-28,NVDA,28.042235351065315,477610.0,Close
2026-07-29,NVDA,28.339905268757335,668888.0,Close
2026-07-30,NVDA,28.810921019472005,719389.0,Close
2026-07-31,NVDA,28.698816228285224,774523.0,Close
2026-08-03,NVDA,28.20144760528588,774585.0,Close
2026-08-04,NVDA,27.198172863380783,1031099.0,Close
2026-08-05,NVDA,27.153825356106747,1107556.0,Close
2026-08-06,NVDA,26.809973488213227,728868.0,Close
2026-08-07,NVDA,26.74623367766606,1353883.0,Close
2026-08-10,NVDA,25.40033694649623,1115263.0,Close
2026-08-11,NVDA,24.46660531511366,1266034.0,Close
2026-08-12,NVDA,24.786026725925396,795604.0,Close
2026-08-13,NVDA,23.803628991401247,1151517.0,Close
2026-08-14,NVDA,23.70516972038201,1013264.0,Close
2026-08-17,NVDA,23.234081478263462,1437601.0,Close
2026-08-18,NVDA,22.736103152839448,1130789.0,Close
2026-08-19,NVDA,22.79580455660646,1137406.0,Close
2026-08-20,NVDA,22.823893210362836,748097.0,Close
2026-08-21,NVDA,23.14221524200344,1302854.0,Close
2022-01-03,TSLA,371.14204490910674,5872941.0,Close
2022-01-04,TSLA,364.6401372304291,6206962.0,Close
2022-01-05,TSLA,364.3018148482612,6001536.0,Close
2022-01-06,TSLA,382.31243475985474,7795842.0,Close
2022-01-07,TSLA,380.8947868669327,5024763.0,Close
2022-01-10,TSLA,383.3235498704189,5086483.0,Close
2022-01-11,TSLA,382.21989233899143,4430251.0,Close
2022-01-12,TSLA,379.2288679903861,5562584.0,Close
2022-01-13,TSLA,382.99490736939714,6320218.0,Close
2022-01-14,TSLA,373.4199621772252,7360827.0,Close
2022-01-17,TSLA,372.3101125125543,4020293.0,Close
2022-01-18,TSLA,362.3598415190331,3877045.0,Close
2022-01-19,TSLA,373.64311758332786,7438138.0,Close
2022-01-20,TSLA,381.12586891854215,4718345.0,Close
2022-01-21,TSLA,375.41826367299694,4056081.0,Close
2022-01-24,TSLA,361.65411741127986,3323870.0,Close
2022-01-25,TSLA,365.3138935516793,8198441.0,Close
2022-01-26,TSLA,365.12024839954825,5675205.0,Close
2022-01-27,TSLA,381.5806817906403,6974882.0,Close
2022-01-28,TSLA,392.3764053799842,6452773.0,Close
2022-01-31,TSLA,397.4798307721604,5776839.0,Close
2022-02-01,TSLA,393.4289558807801,5338631.0,Close
2022-02-02,TSLA,391.5111715802609,5182305.0,Close
2022-02-03,TSLA,394.0033990081305,3965623.0,Close
2022-02-04,TSLA,396.9272834100903,3139997.0,Close
2022-02-07,TSLA,391.46191728865074,10654520.0,Close
2022-02-08,TSLA,380.9481815603552,5701351.0,Close
2022-02-09,TSLA,395.72528426451527,5107127.0,Close
2022-02-10,TSLA,396.12764725622105,4114741.0,Close
2022-02-11,TSLA,399.6135461820148,7335683.0,Close
2022-02-14,TSLA,392.9178011250533,5721781.0,Close
2022-02-15,TSLA,403.7558478367216,4359256.0,Close
2022-02-16,TSLA,412.26731897748846,5063552.0,Close
2022-02-17,TSLA,412.90531154906256,5753693.0,Close
2022-02-18,TSLA,414.7762959010789,4708322.0,Close
2022-02-21,TSLA,417.2749853198952,6781880.0,Close
2022-02-22,TSLA,418.23447446199856,9933577.0,Close
2022-02-23,TSLA,423.0300453929528,4754304.0,Close
2022-02-24,TSLA,426.3511397484108,4901852.0,Close
2022-02-25,TSLA,425.0013760854956,4105356.0,Close
2022-02-28,TSLA,415.2434612076132,5324828.0,Close
2022-03-01,TSLA,415.1755182662102,2898509.0,Close
2022-03-02,TSLA,421.52842921822975,7587507.0,Close
2022-03-03,TSLA,427.3220906357459,3639967.0,Close
2022-03-04,TSLA,438.6508545404593,4421395.0,Close
2022-03-07,TSLA,451.2055256618418,5808591.0,Close
2022-03-08,TSLA,457.6721886144959,8224733.0,Close
2022-03-09,TSLA,459.53913466140426,4086564.0,Close
2022-03-10,TSLA,462.8437115918941,5038764.0,Close
2022-03-11,TSLA,457.7009112642643,5886525.0,Close
2022-03-14,TSLA,465.151893498226,4472858.0,Close
2022-03-15,TSLA,477.5880070479734,5434813.0,Close
2022-03-16,TSLA,487.670656533088,3442092.0,Close
2022-03-17,TSLA,493.2473732523673,4605458.0,Close
2022-03-18,TSLA,491.04897725843136,7646419.0,Close
2022-03-21,TSLA,487.7312451824925,6797700.0,Close
2022-03-22,TSLA,486.3439124256284,4605201.0,Close
2022-03-23,TSLA,479.42915299143385,4013505.0,Close
2022-03-24,TSLA,482.21876867475146,4979926.0,Close
2022-03-25,TSLA,455.493928430641,3921695.0,Close
2022-03-28,TSLA,450.7559850173954,5070889.0,Close
2022-03-29,TSLA,451.522471159997,4636204.0,Close
2022-03-30,TSLA,474.19994653639907,5249771.0,Close
2022-03-31,TSLA,474.4038034214088,5006618.0,Close
2022-04-01,TSLA,474.9563296823157,6149309.0,Close
2022-04-04,TSLA,467.22457147615023,4006454.0,Close
2022-04-05,TSLA,483.4041112288689,7674869.0,Close
2022-04-06,TSLA,475.7289623341771,7659335.0,Close
2022-04-07,TSLA,495.1746072309606,11329504.0,Close
2022-04-08,TSLA,488.03777771907727,5947952.0,Close
2022-04-11,TSLA,497.36792521944307,8580546.0,Close
2022-04-12,TSLA,496.9755471463384,7008446.0,Close
2022-04-13,TSLA,491.5723667448749,5703305.0,Close
2022-04-14,TSLA,501.63621587261304,3843185.0,Close
2022-04-15,TSLA,515.0960251168921,7372918.0,Close
2022-04-18,TSLA,513.3664326931622,5661912.0,Close
2022-04-19,TSLA,513.2942437630359,8921341.0,Close
2022-04-20,TSLA,509.2465408270881,6667617.0,Close
2022-04-21,TSLA,511.6956549482428,7263700.0,Close
2022-04-22,TSLA,500.701443547129,4668284.0,Close
2022-04-25,TSLA,473.98189782415784,6512316.0,Close
2022-04-26,TSLA,456.4680011013214,3253934.0,Close
2022-04-27,TSLA,454.6118564348968,6235725.0,Close
2022-04-28,TSLA,445.0687680358759,7990241.0,Close
2022-04-29,TSLA,444.1772545983168,7967630.0,Close
2022-05-02,TSLA,439.7900355147336,4828526.0,Close
2022-05-03,TSLA,433.7458666304951,3152192.0,Close
2022-05-04,TSLA,428.2822872522163,4607242.0,Close
2022-05-05,TSLA,436.68843777255574,5396127.0,Close
2022-05-06,TSLA,438.8863324737389,5986146.0,Close
2022-05-09,TSLA,452.731704052568,3106238.0,Close
2022-05-10,TSLA,453.8185488013647,5091789.0,Close
2022-05-11,TSLA,436.6902472499875,4253890.0,Close
2022-05-12,TSLA,427.7504634703245,8545248.0,Close
2022-05-13,TSLA,428.8785537913184,2609664.0,Close
2022-05-16,TSLA,431.0944237604811,7177908.0,Close
2022-05-17,TSLA,426.2045402470371,5141901.0,Close
2022-05-18,TSLA,419.5875696030971,2954335.0,Close
2022-05-19,TSLA,414.64427472389485,8933244.0,Close
2022-05-20,TSLA,413.5915541871934,7881134.0,Close
2022-05-23,TSLA,413.3286413482529,7604364.0,Close
2022-05-24,TSLA,404.4214386993161,5711033.0,Close
2022-05-25,TSLA,406.54542584550086,4331804.0,Close
2022-05-26,TSLA,408.6057769794035,5400220.0,Close
2022-05-27,TSLA,407.8495566505374,6179083.0,Close
2022-05-30,TSLA,402.3694118785874,4611754.0,Close
2022-05-31,TSLA,407.89504433716263,4199008.0,Close
2022-06-01,TSLA,418.79992713835605,6533297.0,Close
2022-06-02,TSLA,415.1998374460649,5674068.0,Close
2022-06-03,TSLA,410.1383413303919,7138633.0,Close
2022-06-06,TSLA,414.0887943458975,8475808.0,Close
2022-06-07,TSLA,404.5648665071503,7209817.0,Close
2022-06-08,TSLA,394.40505076859546,3969997.0,Close
2022-06-09,TSLA,389.43703602656274,5392516.0,Close
2022-06-10,TSLA,391.9733285449807,5973075.0,Close
2022-06-13,TSLA,385.22577822864656,6993145.0,Close
2022-06-14,TSLA,385.2133378220305,6748666.0,Close
2022-06-15,TSLA,369.9109944948022,5737343.0,Close
2022-06-16,TSLA,374.58682609720313,4673509.0,Close
2022-06-17,TSLA,385.4738973871888,7675424.0,Close
2022-06-20,TSLA,378.61203842171113,6154185.0,Close
2022-06-21,TSLA,382.0941380015326,5832716.0,Close
2022-06-22,TSLA,380.63950706921696,4270700.0,Close
2022-06-23,TSLA,381.57535497298113,9866175.0,Close
2022-06-24,TSLA,379.83482031159787,5698043.0,Close
2022-06-27,TSLA,377.6658809323003,5169410.0,Close
2022-06-28,TSLA,371.5208771178958,5895616.0,Close
2022-06-29,TSLA,363.5516998916413,5337154.0,Close
2022-06-30,TSLA,371.64557698276246,3780454.0,Close
2022-07-01,TSLA,359.329742284356,6272661.0,Close
2022-07-04,TSLA,359.3186246301362,3375120.0,Close
2022-07-05,TSLA,358.9819786670836,5395439.0,Close
2022-07-06,TSLA,358.76872352072473,3240217.0,Close
2022-07-07,TSLA,363.6476281748231,2844854.0,Close
2022-07-08,TSLA,361.0836000282435,6402263.0,Close
2022-07-11,TSLA,365.9085530369821,3896309.0,Close
2022-07-12,TSLA,380.5228929245204,6654207.0,Close
2022-07-13,TSLA,379.49797204848704,5532632.0,Close
2022-07-14,TSLA,364.251317426025,6108490.0,Close
2022-07-15,TSLA,363.34042360825407,4354343.0,Close
2022-07-18,TSLA,361.72030394109447,5082497.0,Close
2022-07-19,TSLA,364.74349638607646,4391582.0,Close
2022-07-20,TSLA,350.3653304277048,7744926.0,Close
2022-07-21,TSLA,352.7520484586045,4605007.0,Close
2022-07-22,TSLA,349.9083193724746,4958966.0,Close
2022-07-25,TSLA,355.62866392093133,6842222.0,Close
2022-07-26,TSLA,352.0736867701825,4458931.0,Close
2022-07-27,TSLA,358.2875011670582,3209265.0,Close
2022-07-28,TSLA,347.61692532601006,4133443.0,Close
2022-07-29,TSLA,347.85894625222744,7175237.0,Close
2022-08-01,TSLA,341.23689857096497,5652723.0,Close
2022-08-02,TSLA,338.0322439189008,5854721.0,Close
2022-08-03,TSLA,356.48202263751085,6633775.0,Close
2022-08-04,TSLA,349.854057982664,9417533.0,Close
2022-08-05,TSLA,347.37433215604244,2858537.0,Close
2022-08-08,TSLA,339.57074972405604,5358566.0,Close
2022-08-09,TSLA,337.6080889909321,5354986.0,Close
2022-08-10,TSLA,336.7139096503169,5226019.0,Close
2022-08-11,TSLA,331.89698923411305,6914993.0,Close
2022-08-12,TSLA,342.4427627510841,7317949.0,Close
2022-08-15,TSLA,350.4475715973305,5231750.0,Close
2022-08-16,TSLA,343.9510984186503,3317089.0,Close
2022-08-17,TSLA,349.66987782440646,11623512.0,Close
2022-08-18,TSLA,346.44196949152155,5350901.0,Close
2022-08-19,TSLA,338.06821430044,5743484.0,Close
2022-08-22,TSLA,333.344615580183,7937255.0,Close
2022-08-23,TSLA,325.1102656371181,4979469.0,Close
2022-08-24,TSLA,331.3227478735934,8126061.0,Close
2022-08-25,TSLA,325.64600244075933,5002682.0,Close
2022-08-26,TSLA,334.12155893850513,9735040.0,Close
2022-08-29,TSLA,335.17424938604984,6036487.0,Close
2022-08-30,TSLA,332.5915225007231,4358097.0,Close
2022-08-31,TSLA,329.37531431141326,10324584.0,Close
2022-09-01,TSLA,340.99869936417934,6911368.0,Close
2022-09-02,TSLA,341.18527597221174,4352702.0,Close
2022-09-05,TSLA,337.8707267690032,3519805.0,Close
2022-09-06,TSLA,343.7358903821434,6765653.0,Close
2022-09-07,TSLA,347.8667070602761,8186266.0,Close
2022-09-08,TSLA,341.13171214244704,6199037.0,Close
2022-09-09,TSLA,341.2839408005492,5767137.0,Close
2022-09-12,TSLA,329.09207069929033,9218486.0,Close
2022-09-13,TSLA,328.98498990197055,6248208.0,Close
2022-09-14,TSLA,331.1585428227647,4367000.0,Close
2022-09-15,TSLA,334.2290536629734,4458323.0,Close
2022-09-16,TSLA,327.68226664414857,6524679.0,Close
2022-09-19,TSLA,322.9685573565695,6326244.0,Close
2022-09-20,TSLA,324.6721061521837,7344154.0,Close
2022-09-21,TSLA,332.8785694221197,6268242.0,Close
2022-09-22,TSLA,333.6033775536833,6438461.0,Close
2022-09-23,TSLA,330.00480555372457,5978089.0,Close
2022-09-26,TSLA,336.501880007239,7377816.0,Close
2022-09-27,TSLA,337.48301625362063,6581624.0,Close
2022-09-28,TSLA,338.8010847923634,4883994.0,Close
2022-09-29,TSLA,344.30592073049786,5170144.0,Close
2022-09-30,TSLA,343.76238624500536,5776027.0,Close
2022-10-03,TSLA,337.48157376217785,5690526.0,Close
2022-10-04,TSLA,336.5566112864764,7801207.0,Close
2022-10-05,TSLA,344.13504536926587,5934384.0,Close
2022-10-06,TSLA,357.24018580488615,3792297.0,Close
2022-10-07,TSLA,348.6807526820056,3922147.0,Close
2022-10-10,TSLA,360.18312679175887,5335863.0,Close
2022-10-11,TSLA,357.67106422682264,6613167.0,Close
2022-10-12,TSLA,357.9391608923946,4205901.0,Close
2022-10-13,TSLA,370.1938851416714,6993549.0,Close
2022-10-14,TSLA,367.2960722761141,4241504.0,Close
2022-10-17,TSLA,365.4119105573347,5555138.0,Close
2022-10-18,TSLA,360.85320991496457,6128321.0,Close
2022-10-19,TSLA,361.2489999264681,3714032.0,Close
2022-10-20,TSLA,363.6181185139992,5989407.0,Close
2022-10-21,TSLA,358.7606940500171,8809033.0,Close
2022-10-24,TSLA,369.2586432695314,5347865.0,Close
2022-10-25,TSLA,363.8822315900869,5570609.0,Close
2022-10-26,TSLA,367.6228048537757,5802017.0,Close
2022-10-27,TSLA,367.94298483810263,5374241.0,Close
2022-10-28,TSLA,377.19357092572335,5650524.0,Close
2022-10-31,TSLA,371.2758996872809,5375454.0,Close
2022-11-01,TSLA,375.6413221083347,3374522.0,Close
2022-11-02,TSLA,393.904166949636,6847265.0,Close
2022-11-03,TSLA,382.71569848173016,4100470.0,Close
2022-11-04,TSLA,375.9737870122781,6148840.0,Close
2022-11-07,TSLA,391.7255389269708,7246842.0,Close
2022-11-08,TSLA,390.8114018381522,5934984.0,Close
2022-11-09,TSLA,391.83011889277594,4032988.0,Close
2022-11-10,TSLA,389.3679735604576,5842253.0,Close
2022-11-11,TSLA,402.3440208397865,5381753.0,Close
2022-11-14,TSLA,389.536047364018,4787793.0,Close
2022-11-15,TSLA,399.27755828674975,10414907.0,Close
2022-11-16,TSLA,387.65069818652273,4332365.0,Close
2022-11-17,TSLA,375.67105246159014,6612081.0,Close
2022-11-18,TSLA,367.65704581068206,8772150.0,Close
2022-11-21,TSLA,366.8454704746742,5889997.0,Close
2022-11-22,TSLA,361.7456506289339,4518313.0,Close
2022-11-23,TSLA,356.2889566449928,4621422.0,Close
2022-11-24,TSLA,349.8207555695341,3617421.0,Close
2022-11-25,TSLA,343.5906245235859,5651438.0,Close
2022-11-28,TSLA,337.3169449432155,5721456.0,Close
2022-11-29,TSLA,339.01187908556795,4911466.0,Close
2022-11-30,TSLA,334.8290613337366,8292138.0,Close
2022-12-01,TSLA,317.1493470214159,5975479.0,Close
2022-12-02,TSLA,317.0218581852162,3280564.0,Close
2022-12-05,TSLA,321.86752463671644,8598571.0,Close
2022-12-06,TSLA,320.1880487569958,3753969.0,Close
2022-12-07,TSLA,312.2478931468705,6605112.0,Close
2022-12-08,TSLA,316.99329025795544,6685961.0,Close
2022-12-09,TSLA,308.4259859078654,5574986.0,Close
2022-12-12,TSLA,306.5561248234494,7116245.0,Close
2022-12-13,TSLA,306.52723440617825,5407547.0,Close
2022-12-14,TSLA,313.2279042037199,5053854.0,Close
2022-12-15,TSLA,316.9432950996215,2927302.0,Close
2022-12-16,TSLA,318.55844000406523,3190603.0,Close
2022-12-19,TSLA,324.57844084724985,12754748.0,Close
2022-12-20,TSLA,317.19465685878964,7038141.0,Close
2022-12-21,TSLA,327.29607902870487,8439470.0,Close
2022-12-22,TSLA,307.4046798107078,13291122.0,Close
2022-12-23,TSLA,316.2613888283083,5157063.0,Close
2022-12-26,TSLA,311.0642809457716,5323438.0,Close
2022-12-27,TSLA,313.52864925230324,3302970.0,Close
2022-12-28,TSLA,322.6911717090743,5277820.0,Close
2022-12-29,TSLA,326.410775891836,4980837.0,Close
2022-12-30,TSLA,328.946214626178,4817110.0,Close
2023-01-02,TSLA,334.7409759510714,7639644.0,Close
2023-01-03,TSLA,324.9771710707087,7134963.0,Close
2023-01-04,TSLA,316.47011803975136,7524804.0,Close
2023-01-05,TSLA,318.29060490183383,3734714.0,Close
2023-01-06,TSLA,317.1451890040653,5396886.0,Close
2023-01-09,TSLA,315.2753743589954,5971739.0,Close
2023-01-10,TSLA,323.16710864997907,9966571.0,Close
2023-01-11,TSLA,330.69757167549056,5865010.0,Close
2023-01-12,TSLA,324.7391463680635,5311879.0,Close
2023-01-13,TSLA,327.71487907012937,7534666.0,Close
2023-01-16,TSLA,317.6046129534787,5351875.0,Close
2023-01-17,TSLA,307.65392749936996,6667585.0,Close
2023-01-18,TSLA,302.2817767909051,6357228.0,Close
2023-01-19,TSLA,302.0657642487885,4538145.0,Close
2023-01-20,TSLA,298.2354837205665,4465259.0,Close
2023-01-23,TSLA,301.0206515472416,5312061.0,Close
2023-01-24,TSLA,301.03145906858475,4581750.0,Close
2023-01-25,TSLA,307.82166858850024,3553032.0,Close
2023-01-26,TSLA,311.2759268427627,6695141.0,Close
2023-01-27,TSLA,304.9363032883339,6568129.0,Close
2023-01-30,TSLA,310.51664209285997,4403633.0,Close
2023-01-31,TSLA,305.28578619889424,4259628.0,Close
2023-02-01,TSLA,307.89485253529574,6194852.0,Close
2023-02-02,TSLA,304.97768516018823,9074539.0,Close
2023-02-03,TSLA,313.1339136908951,7653984.0,Close
2023-02-06,TSLA,317.80631256370526,7813092.0,Close
2023-02-07,TSLA,313.5257285908873,4953475.0,Close
2023-02-08,TSLA,311.21960523095424,6039265.0,Close
2023-02-09,TSLA,331.61428438864266,5998911.0,Close
2023-02-10,TSLA,323.38970621006877,4507592.0,Close
2023-02-13,TSLA,318.85793139034723,5764379.0,Close
2023-02-14,TSLA,314.70054349892683,4178122.0,Close
2023-02-15,TSLA,307.5356351365802,4456428.0,Close
2023-02-16,TSLA,301.1782218877288,4847481.0,Close
2023-02-17,TSLA,300.6285288766512,4738565.0,Close
2023-02-20,TSLA,303.58781488703573,5323222.0,Close
2023-02-21,TSLA,294.04740229777406,3071073.0,Close
2023-02-22,TSLA,291.20777623954615,4057929.0,Close
2023-02-23,TSLA,286.6387836253204,8750194.0,Close
2023-02-24,TSLA,280.04673899880584,5561572.0,Close
2023-02-27,TSLA,285.70299668903164,6547368.0,Close
2023-02-28,TSLA,281.44239605589206,6174520.0,Close
2023-03-01,TSLA,273.8507925344927,5458369.0,Close
2023-03-02,TSLA,278.7504594198108,4217415.0,Close
2023-03-03,TSLA,285.8004125638354,4758765.0,Close
2023-03-06,TSLA,287.2524146039994,9530216.0,Close
2023-03-07,TSLA,281.9615634536332,4690883.0,Close
2023-03-08,TSLA,280.4967876989892,8879849.0,Close
2023-03-09,TSLA,276.92894310289444,4781115.0,Close
2023-03-10,TSLA,276.75081596539,4749271.0,Close
2023-03-13,TSLA,280.79603377010966,5571499.0,Close
2023-03-14,TSLA,280.7507122860919,4950428.0,Close
2023-03-15,TSLA,280.82687907368427,3939553.0,Close
2023-03-16,TSLA,278.0497184467773,5348364.0,Close
2023-03-17,TSLA,281.83091398077636,3490894.0,Close
2023-03-20,TSLA,283.9968490541999,5953245.0,Close
2023-03-21,TSLA,273.6844388370266,6188277.0,Close
2023-03-22,TSLA,264.05593729817406,7175564.0,Close
2023-03-23,TSLA,262.39995199235864,4578647.0,Close
2023-03-24,TSLA,267.5683817276112,6894456.0,Close
2023-03-27,TSLA,273.8841988210193,6356237.0,Close
2023-03-28,TSLA,278.14440473422957,5672798.0,Close
2023-03-29,TSLA,277.4037992599608,9515344.0,Close
2023-03-30,TSLA,285.6015417752627,6540454.0,Close
2023-03-31,TSLA,281.5845950168444,4730287.0,Close
2023-04-03,TSLA,279.7660306042772,8430806.0,Close
2023-04-04,TSLA,271.93491361482126,6589763.0,Close
2023-04-05,TSLA,270.1552766592209,9069443.0,Close
2023-04-06,TSLA,265.6055880111884,3141235.0,Close
2023-04-07,TSLA,273.8411281478724,5210012.0,Close
2023-04-10,TSLA,281.25704055447227,5157729.0,Close
2023-04-11,TSLA,281.70801552712715,2974567.0,Close
2023-04-12,TSLA,284.42720006948105,5641402.0,Close
2023-04-13,TSLA,281.09765008409363,4829853.0,Close
2023-04-14,TSLA,266.97559005970584,3295407.0,Close
2023-04-17,TSLA,263.00784030619707,4329978.0,Close
2023-04-18,TSLA,267.0202748822665,8268769.0,Close
2023-04-19,TSLA,269.44440463079087,7037892.0,Close
2023-04-20,TSLA,267.4299764381769,4308035.0,Close
2023-04-21,TSLA,271.46476049611664,4365893.0,Close
2023-04-24,TSLA,269.0089223285606,6936866.0,Close
2023-04-25,TSLA,262.97720017018923,3087142.0,Close
2023-04-26,TSLA,266.94527292710836,6515386.0,Close
2023-04-27,TSLA,263.7798256974338,3118175.0,Close
2023-04-28,TSLA,269.26966288492116,9070092.0,Close
2023-05-01,TSLA,258.6357573582956,7108534.0,Close
2023-05-02,TSLA,255.78688058239877,3099106.0,Close
2023-05-03,TSLA,258.92008688523714,4824757.0,Close
2023-05-04,TSLA,261.55829144893005,5912781.0,Close
2023-05-05,TSLA,260.4942937509845,2909206.0,Close
2023-05-08,TSLA,262.07570398092713,5242536.0,Close
2023-05-09,TSLA,262.897677084763,6084012.0,Close
2023-05-10,TSLA,255.1817268660694,3051546.0,Close
2023-05-11,TSLA,253.4186911491768,6660332.0,Close
2023-05-12,TSLA,254.6543080154053,5098367.0,Close
2023-05-15,TSLA,257.31177448907556,7082935.0,Close
2023-05-16,TSLA,257.0655553587031,4876067.0,Close
2023-05-17,TSLA,254.32410117010176,3920371.0,Close
2023-05-18,TSLA,247.64348316329657,3979903.0,Close
2023-05-19,TSLA,251.44531073812436,4968995.0,Close
2023-05-22,TSLA,254.75432242828967,5123901.0,Close
2023-05-23,TSLA,259.8562863463052,7609378.0,Close
2023-05-24,TSLA,254.35747030706744,5101719.0,Close
2023-05-25,TSLA,255.06319703247547,3293698.0,Close
2023-05-26,TSLA,251.62951146463837,4730650.0,Close
2023-05-29,TSLA,251.9485330162557,3314665.0,Close
2023-05-30,TSLA,266.63719294450124,6807221.0,Close
2023-05-31,TSLA,271.53272224715624,6549554.0,Close
2023-06-01,TSLA,267.5342085120195,6821877.0,Close
2023-06-02,TSLA,266.27793318838076,4831001.0,Close
2023-06-05,TSLA,264.4464090248781,4315854.0,Close
2023-06-06,TSLA,265.19012594069886,4513175.0,Close
2023-06-07,TSLA,257.2222908714628,5532960.0,Close
2023-06-08,TSLA,258.97043224818043,4568797.0,Close
2023-06-09,TSLA,248.12387336075935,9516838.0,Close
2023-06-12,TSLA,239.93281680325788,5136827.0,Close
2023-06-13,TSLA,249.59127911562527,5669704.0,Close
2023-06-14,TSLA,247.88110248093707,4249273.0,Close
2023-06-15,TSLA,255.01533321074135,4553934.0,Close
2023-06-16,TSLA,250.98278748951023,3729426.0,Close
2023-06-19,TSLA,240.55138109247056,4309270.0,Close
2023-06-20,TSLA,235.59389523858587,9712936.0,Close
2023-06-21,TSLA,248.3018599195814,7134660.0,Close
2023-06-22,TSLA,241.40223571966243,5105011.0,Close
2023-06-23,TSLA,250.03589673126265,4743470.0,Close
2023-06-26,TSLA,251.8424489023662,7720303.0,Close
2023-06-27,TSLA,252.53026526654205,4092994.0,Close
2023-06-28,TSLA,248.84702825567624,3266375.0,Close
2023-06-29,TSLA,244.46023523357576,6333874.0,Close
2023-06-30,TSLA,247.2934396906408,4087675.0,Close
2023-07-03,TSLA,253.8832865351961,3833137.0,Close
2023-07-04,TSLA,254.96372686438048,3806767.0,Close
2023-07-05,TSLA,258.81076548027227,6175520.0,Close
2023-07-06,TSLA,256.70285777037856,5179386.0,Close
2023-07-07,TSLA,267.9137812245497,4391181.0,Close
2023-07-10,TSLA,269.27988275371484,6097391.0,Close
2023-07-11,TSLA,280.2889841083767,4568804.0,Close
2023-07-12,TSLA,274.9902822879675,3374640.0,Close
2023-07-13,TSLA,274.83742216230894,3529406.0,Close
2023-07-14,TSLA,280.8033634323151,5592952.0,Close
2023-07-17,TSLA,281.6944609558411,4162944.0,Close
2023-07-18,TSLA,284.69880719948816,5556074.0,Close
2023-07-19,TSLA,279.2453463352148,7701474.0,Close
2023-07-20,TSLA,277.0829060596373,4418422.0,Close
2023-07-21,TSLA,272.3414007685564,12204122.0,Close
2023-07-24,TSLA,271.9699897052586,5690329.0,Close
2023-07-25,TSLA,271.04119916648636,4998430.0,Close
2023-07-26,TSLA,268.274573950707,3602293.0,Close
2023-07-27,TSLA,271.74888252136316,4881133.0,Close
2023-07-28,TSLA,266.0699223196001,5145197.0,Close
2023-07-31,TSLA,254.75847173177368,7387415.0,Close
2023-08-01,TSLA,251.9419978567862,4507379.0,Close
2023-08-02,TSLA,262.84110358531115,6709714.0,Close
2023-08-03,TSLA,265.60329041202584,5449179.0,Close
2023-08-04,TSLA,261.21224432693623,7334984.0,Close
2023-08-07,TSLA,263.61947309366104,7353496.0,Close
2023-08-08,TSLA,263.00438041606054,5805880.0,Close
2023-08-09,TSLA,265.12705539527855,6721009.0,Close
2023-08-10,TSLA,269.8737273098223,7699884.0,Close
2023-08-11,TSLA,271.0072717487963,6206145.0,Close
2023-08-14,TSLA,271.7512819677197,5716499.0,Close
2023-08-15,TSLA,279.8990258972209,6428308.0,Close
2023-08-16,TSLA,283.00662089839375,8741526.0,Close
2023-08-17,TSLA,284.20280416150706,5464136.0,Close
2023-08-18,TSLA,284.5391238054169,6514607.0,Close
2023-08-21,TSLA,281.42560193597683,4398354.0,Close
2023-08-22,TSLA,274.5322905039063,8784586.0,Close
2023-08-23,TSLA,278.29594727339645,6215093.0,Close
2023-08-24,TSLA,285.47506019294764,5067035.0,Close
2023-08-25,TSLA,288.0079689714274,5243882.0,Close
2023-08-28,TSLA,291.3564389037021,5056050.0,Close
2023-08-29,TSLA,286.30228457146205,5496119.0,Close
2023-08-30,TSLA,282.9965134024684,5747705.0,Close
2023-08-31,TSLA,275.8599910209832,5289455.0,Close
2023-09-01,TSLA,274.58172394170674,3284497.0,Close
2023-09-04,TSLA,280.0587094574684,9414588.0,Close
2023-09-05,TSLA,276.2597158989825,5880231.0,Close
2023-09-06,TSLA,275.94281055720285,5678135.0,Close
2023-09-07,TSLA,279.90217407650016,5363172.0,Close
2023-09-08,TSLA,286.74061068844884,7351952.0,Close
2023-09-11,TSLA,277.42151912935464,5808470.0,Close
2023-09-12,TSLA,274.8793778654462,4882496.0,Close
2023-09-13,TSLA,270.92672721889846,5052842.0,Close
2023-09-14,TSLA,266.2831230957786,7983305.0,Close
2023-09-15,TSLA,264.34070384709753,5664296.0,Close
2023-09-18,TSLA,254.16596230180812,5757822.0,Close
2023-09-19,TSLA,252.3897781392758,4673607.0,Close
2023-09-20,TSLA,252.6521997410344,4752996.0,Close
2023-09-21,TSLA,247.4833471309767,7656652.0,Close
2023-09-22,TSLA,245.19075269675903,4072800.0,Close
2023-09-25,TSLA,245.37013605297244,6391187.0,Close
2023-09-26,TSLA,246.04019432636812,6501045.0,Close
2023-09-27,TSLA,238.1057477702122,6103453.0,Close
2023-09-28,TSLA,241.511773973038,5139059.0,Close
2023-09-29,TSLA,245.0823370078797,3492464.0,Close
2023-10-02,TSLA,241.53783129476264,6642799.0,Close
2023-10-03,TSLA,249.7017576037334,3560434.0,Close
2023-10-04,TSLA,252.05665563405535,5639348.0,Close
2023-10-05,TSLA,253.7072219582045,5402709.0,Close
2023-10-06,TSLA,257.2494532953731,6843225.0,Close
2023-10-09,TSLA,252.03855741791944,4229559.0,Close
2023-10-10,TSLA,250.34842168107892,4007588.0,Close
2023-10-11,TSLA,253.5169655391305,6356393.0,Close
2023-10-12,TSLA,249.57068808968023,5187321.0,Close
2023-10-13,TSLA,247.9020559474675,2905323.0,Close
2023-10-16,TSLA,250.9576892115001,5399291.0,Close
2023-10-17,TSLA,252.5939399094861,9147806.0,Close
2023-10-18,TSLA,252.7856551864112,6163708.0,Close
2023-10-19,TSLA,253.1874167433818,3672590.0,Close
2023-10-20,TSLA,252.3909937398892,6062455.0,Close
2023-10-23,TSLA,256.76894462573904,7369768.0,Close
2023-10-24,TSLA,267.5576897238228,3500929.0,Close
2023-10-25,TSLA,269.21052383531406,4874156.0,Close
2023-10-26,TSLA,276.1844466395588,8302228.0,Close
2023-10-27,TSLA,273.87381453088733,3384968.0,Close
2023-10-30,TSLA,270.24532001452616,4986890.0,Close
2023-10-31,TSLA,266.09034844650597,5115932.0,Close
2023-11-01,TSLA,261.3086868981799,4853328.0,Close
2023-11-02,TSLA,259.8685014478089,8012259.0,Close
2023-11-03,TSLA,264.5488823485906,7933754.0,Close
2023-11-06,TSLA,269.9298277668672,5054661.0,Close
2023-11-07,TSLA,267.2789024348636,3957926.0,Close
2023-11-08,TSLA,265.6438566467201,7782612.0,Close
2023-11-09,TSLA,265.7237801777682,6587646.0,Close
2023-11-10,TSLA,267.0549133909513,5268223.0,Close
2023-11-13,TSLA,270.27040450310113,6578289.0,Close
2023-11-14,TSLA,268.2116730413986,6479683.0,Close
2023-11-15,TSLA,267.2314141334561,4056655.0,Close
2023-11-16,TSLA,274.54125463253274,4723221.0,Close
2023-11-17,TSLA,273.10997394584456,5307010.0,Close
2023-11-20,TSLA,270.0740558574906,3018071.0,Close
2023-11-21,TSLA,269.7056998043896,4726097.0,Close
2023-11-22,TSLA,270.2181183349606,4136286.0,Close
2023-11-23,TSLA,262.0079829601561,5992274.0,Close
2023-11-24,TSLA,259.77952526250033,3815866.0,Close
2023-11-27,TSLA,262.0436840445121,6088789.0,Close
2023-11-28,TSLA,272.6069725080096,6250986.0,Close
2023-11-29,TSLA,269.82520955573546,5214379.0,Close
2023-11-30,TSLA,274.0326653638348,6285814.0,Close
2023-12-01,TSLA,275.10550103164593,6304097.0,Close
2023-12-04,TSLA,281.56282808723114,5199144.0,Close
2023-12-05,TSLA,278.18458364936276,5461927.0,Close
2023-12-06,TSLA,284.3989758515623,4540722.0,Close
2023-12-07,TSLA,292.4471380378695,4600682.0,Close
2023-12-08,TSLA,300.97110789723604,9113971.0,Close
2023-12-11,TSLA,309.64028853236687,5333555.0,Close
2023-12-12,TSLA,310.924527310388,5262817.0,Close
2023-12-13,TSLA,314.6573024306016,5280595.0,Close
2023-12-14,TSLA,312.1322666802633,5971888.0,Close
2023-12-15,TSLA,298.40362283668736,5015686.0,Close
2023-12-18,TSLA,300.02805858586305,4635213.0,Close
2023-12-19,TSLA,299.1673981254552,6969110.0,Close
2023-12-20,TSLA,305.0146377982559,3534614.0,Close
2023-12-21,TSLA,310.36135523834355,5807466.0,Close
2023-12-22,TSLA,303.89408350029737,4332646.0,Close
2023-12-25,TSLA,318.172309720877,3257547.0,Close
2023-12-26,TSLA,320.743461830706,5214359.0,Close
2023-12-27,TSLA,312.64001728598356,3969114.0,Close
2023-12-28,TSLA,305.61432933008666,3732421.0,Close
2023-12-29,TSLA,292.4476522221506,12834122.0,Close
2024-01-01,TSLA,297.00067317613303,6424324.0,Close
2024-01-02,TSLA,293.98194850109957,6371540.0,Close
2024-01-03,TSLA,289.1560575336201,5386604.0,Close
2024-01-04,TSLA,285.5418868921148,3782504.0,Close
2024-01-05,TSLA,283.92785417546565,5047962.0,Close
2024-01-08,TSLA,287.2839330364203,4855441.0,Close
2024-01-09,TSLA,277.9619084376692,3213727.0,Close
2024-01-10,TSLA,272.1274623164271,9490336.0,Close
2024-01-11,TSLA,274.7437971048024,5224859.0,Close
2024-01-12,TSLA,271.58308645066717,4203468.0,Close
2024-01-15,TSLA,274.82913929995937,5606880.0,Close
2024-01-16,TSLA,272.19689510298736,3548621.0,Close
2024-01-17,TSLA,280.8373153686935,4312099.0,Close
2024-01-18,TSLA,282.1017843708606,8382744.0,Close
2024-01-19,TSLA,289.09601461146394,4795337.0,Close
2024-01-22,TSLA,292.1794480164732,5354128.0,Close
2024-01-23,TSLA,295.64834833121705,5572629.0,Close
2024-01-24,TSLA,291.3136814126252,5168785.0,Close
2024-01-25,TSLA,298.19425628588084,4752526.0,Close
2024-01-26,TSLA,299.5790354041944,10447714.0,Close
2024-01-29,TSLA,293.9837933331002,4410685.0,Close
2024-01-30,TSLA,281.71543254670036,4488889.0,Close
2024-01-31,TSLA,282.59777148303783,6100446.0,Close
2024-02-01,TSLA,291.1911451043048,3871528.0,Close
2024-02-02,TSLA,286.0234336718073,7463751.0,Close
2024-02-05,TSLA,280.75546003327776,5182435.0,Close
2024-02-06,TSLA,279.08087767618923,5519362.0,Close
2024-02-07,TSLA,285.30443991339905,6081396.0,Close
2024-02-08,TSLA,274.9525217494955,5224075.0,Close
2024-02-09,TSLA,271.48182731572797,7125611.0,Close
2024-02-12,TSLA,266.13006448639607,6714037.0,Close
2024-02-13,TSLA,269.20383672119596,6301669.0,Close
2024-02-14,TSLA,268.5297239503997,3336795.0,Close
2024-02-15,TSLA,266.7657148740026,4790997.0,Close
2024-02-16,TSLA,265.89895183720535,5094340.0,Close
2024-02-19,TSLA,270.1509351040229,9207160.0,Close
2024-02-20,TSLA,276.2850610726886,3645572.0,Close
2024-02-21,TSLA,282.0242382030765,4575959.0,Close
2024-02-22,TSLA,285.356408420357,7471723.0,Close
2024-02-23,TSLA,293.32829276868836,4265966.0,Close
2024-02-26,TSLA,287.97954701408105,4516669.0,Close
2024-02-27,TSLA,290.3041026253662,8828086.0,Close
2024-02-28,TSLA,303.99841315079976,6645297.0,Close
2024-02-29,TSLA,292.96850549504757,7482214.0,Close
2024-03-01,TSLA,289.9477312005212,6679505.0,Close
2024-03-04,TSLA,284.0580270679414,5732192.0,Close
2024-03-05,TSLA,285.79040398786316,5459659.0,Close
2024-03-06,TSLA,294.08172179307957,7398443.0,Close
2024-03-07,TSLA,297.3341127759869,4180221.0,Close
2024-03-08,TSLA,296.14725635069414,8881121.0,Close
2024-03-11,TSLA,299.4707470798987,4593820.0,Close
2024-03-12,TSLA,297.84302305327947,7206044.0,Close
2024-03-13,TSLA,299.09896528013854,6148208.0,Close
2024-03-14,TSLA,302.89055471001836,4594848.0,Close
2024-03-15,TSLA,313.5804011465604,6669405.0,Close
2024-03-18,TSLA,316.4977366958217,5571080.0,Close
2024-03-19,TSLA,317.9797277677865,3114583.0,Close
2024-03-20,TSLA,330.99380469150105,5706500.0,Close
2024-03-21,TSLA,318.1975270054021,4002564.0,Close
2024-03-22,TSLA,317.72241030051833,6101498.0,Close
2024-03-25,TSLA,313.1346721724228,5216187.0,Close
2024-03-26,TSLA,311.75305277749163,6877104.0,Close
2024-03-27,TSLA,315.61406492998293,4389730.0,Close
2024-03-28,TSLA,321.89351343355764,3747262.0,Close
2024-03-29,TSLA,318.663273089609,3890816.0,Close
2024-04-01,TSLA,323.0238828591293,9955078.0,Close
2024-04-02,TSLA,317.352446925523,13624244.0,Close
2024-04-03,TSLA,309.35796485411225,10227405.0,Close
2024-04-04,TSLA,309.9007396147042,3303659.0,Close
2024-04-05,TSLA,308.65617105351913,3492833.0,Close
2024-04-08,TSLA,317.9352256223785,4131481.0,Close
2024-04-09,TSLA,331.5373743359121,7424738.0,Close
2024-04-10,TSLA,327.6276199987913,10164946.0,Close
2024-04-11,TSLA,315.90507761054727,7577764.0,Close
2024-04-12,TSLA,307.4010083646111,5968350.0,Close
2024-04-15,TSLA,302.38357278929675,4146574.0,Close
2024-04-16,TSLA,303.7368263718842,4852325.0,Close
2024-04-17,TSLA,302.2586881250394,5435239.0,Close
2024-04-18,TSLA,294.77689116705506,7302746.0,Close
2024-04-19,TSLA,305.37620738333794,4975571.0,Close
2024-04-22,TSLA,309.5167990113804,6122965.0,Close
2024-04-23,TSLA,320.47875004326926,6267134.0,Close
2024-04-24,TSLA,309.0786814738074,5949560.0,Close
2024-04-25,TSLA,317.0277912279639,4990351.0,Close
2024-04-26,TSLA,316.1940179029226,5451908.0,Close
2024-04-29,TSLA,313.8315530639421,5182135.0,Close
2024-04-30,TSLA,314.09101840732615,4136057.0,Close
2024-05-01,TSLA,309.8174129886093,7079347.0,Close
2024-05-02,TSLA,309.0398741619305,8429365.0,Close
2024-05-03,TSLA,314.97752610305935,5805997.0,Close
2024-05-06,TSLA,302.7561966712678,5743854.0,Close
2024-05-07,TSLA,311.8988072109668,7143262.0,Close
2024-05-08,TSLA,314.4457342177974,5649729.0,Close
2024-05-09,TSLA,313.8620934872079,7385180.0,Close
2024-05-10,TSLA,319.8247485971469,5692503.0,Close
2024-05-13,TSLA,322.2541579803779,6361093.0,Close
2024-05-14,TSLA,319.2804800131254,9017517.0,Close
2024-05-15,TSLA,314.4692225504034,7975237.0,Close
2024-05-16,TSLA,323.97956994911095,5428234.0,Close
2024-05-17,TSLA,314.53557063726055,7846589.0,Close
2024-05-20,TSLA,313.4080654272319,3827350.0,Close
2024-05-21,TSLA,304.7009699305452,5320608.0,Close
2024-05-22,TSLA,307.7687237386357,6900865.0,Close
2024-05-23,TSLA,307.27830934523064,8293923.0,Close
2024-05-24,TSLA,299.72734501661046,4470585.0,Close
2024-05-27,TSLA,294.6361401072935,5437536.0,Close
2024-05-28,TSLA,294.9976960908873,5240440.0,Close
2024-05-29,TSLA,296.77536002921556,5165889.0,Close
2024-05-30,TSLA,285.41320235469857,4037750.0,Close
2024-05-31,TSLA,281.4960524119022,6311582.0,Close
2024-06-03,TSLA,282.4928449583861,3595572.0,Close
2024-06-04,TSLA,289.40415326424875,7877276.0,Close
2024-06-05,TSLA,294.3461409335076,8221217.0,Close
2024-06-06,TSLA,291.77643347214723,4419920.0,Close
2024-06-07,TSLA,297.68884055915925,3781441.0,Close
2024-06-10,TSLA,295.92033865222436,5258387.0,Close
2024-06-11,TSLA,277.5973681932994,5292133.0,Close
2024-06-12,TSLA,285.6678399985802,5325657.0,Close
2024-06-13,TSLA,288.37232571939717,5514015.0,Close
2024-06-14,TSLA,289.5521770377804,3994592.0,Close
2024-06-17,TSLA,289.69858446961393,8593876.0,Close
2024-06-18,TSLA,291.5462183555746,4386004.0,Close
2024-06-19,TSLA,291.68828310539084,6916474.0,Close
2024-06-20,TSLA,290.1063819837134,4059256.0,Close
2024-06-21,TSLA,286.42748879854224,5515515.0,Close
2024-06-24,TSLA,286.9648415080015,6004587.0,Close
2024-06-25,TSLA,282.0201794936892,5713948.0,Close
2024-06-26,TSLA,275.69188385829676,5159225.0,Close
2024-06-27,TSLA,277.2692354840049,4576514.0,Close
2024-06-28,TSLA,282.78208845070634,4892569.0,Close
2024-07-01,TSLA,278.3892291936821,4458532.0,Close
2024-07-02,TSLA,275.03021369996645,5973215.0,Close
2024-07-03,TSLA,265.82396699549804,9943190.0,Close
2024-07-04,TSLA,258.9383850823985,6261650.0,Close
2024-07-05,TSLA,252.4263658324024,6707933.0,Close
2024-07-08,TSLA,257.4164404921475,7645437.0,Close
2024-07-09,TSLA,248.59183256584717,5024882.0,Close
2024-07-10,TSLA,250.9528589005989,3122428.0,Close
2024-07-11,TSLA,249.7115169458487,5298532.0,Close
2024-07-12,TSLA,252.81076670653633,6992687.0,Close
2024-07-15,TSLA,258.7759030661862,10209326.0,Close
2024-07-16,TSLA,258.7098215609946,3890430.0,Close
2024-07-17,TSLA,264.6467395106936,7754963.0,Close
2024-07-18,TSLA,272.91578800740604,6170155.0,Close
2024-07-19,TSLA,280.33572920032026,5020746.0,Close
2024-07-22,TSLA,276.6740622235906,3960853.0,Close
2024-07-23,TSLA,265.9034629141647,4889569.0,Close
2024-07-24,TSLA,265.33236202513996,6235288.0,Close
2024-07-25,TSLA,266.3668182692525,7616193.0,Close
2024-07-26,TSLA,256.0826499500438,2570607.0,Close
2024-07-29,TSLA,256.4820493247154,6111843.0,Close
2024-07-30,TSLA,243.41209276122865,5063282.0,Close
2024-07-31,TSLA,250.99798839148767,4938884.0,Close
2024-08-01,TSLA,253.4731690961198,6085595.0,Close
2024-08-02,TSLA,249.42557111413737,9727345.0,Close
2024-08-05,TSLA,250.1409258811978,4241982.0,Close
2024-08-06,TSLA,251.47424506755405,5149999.0,Close
2024-08-07,TSLA,253.981672411421,3348958.0,Close
2024-08-08,TSLA,254.41988838604152,5980660.0,Close
2024-08-09,TSLA,259.3008194392077,4485168.0,Close
2024-08-12,TSLA,252.83405292093565,8996048.0,Close
2024-08-13,TSLA,252.26922748045916,5850891.0,Close
2024-08-14,TSLA,261.34271269379,5308533.0,Close
2024-08-15,TSLA,259.59901820829805,4897632.0,Close
2024-08-16,TSLA,260.937217088265,5909625.0,Close
2024-08-19,TSLA,255.84802896140988,6793799.0,Close
2024-08-20,TSLA,266.93886089998057,4151325.0,Close
2024-08-21,TSLA,268.54854242012476,5079264.0,Close
2024-08-22,TSLA,261.9000840411035,5599424.0,Close
2024-08-23,TSLA,267.6837451943672,5926758.0,Close
2024-08-26,TSLA,262.0467732232433,8205705.0,Close
2024-08-27,TSLA,265.70927482812687,3543927.0,Close
2024-08-28,TSLA,271.2570844396309,7384261.0,Close
2024-08-29,TSLA,282.3117427130108,6530489.0,Close
2024-08-30,TSLA,283.66826536269514,4557573.0,Close
2024-09-02,TSLA,284.04146251309,6670162.0,Close
2024-09-03,TSLA,272.6585853267439,5209124.0,Close
2024-09-04,TSLA,270.26891394101705,3108265.0,Close
2024-09-05,TSLA,266.5119900083197,1939694.0,Close
2024-09-06,TSLA,265.6424696604432,3656971.0,Close
2024-09-09,TSLA,262.97838106678296,4564033.0,Close
2024-09-10,TSLA,267.1909151568584,5756126.0,Close
2024-09-11,TSLA,264.3009813250789,6442662.0,Close
2024-09-12,TSLA,266.8973954842043,4970140.0,Close
2024-09-13,TSLA,266.3737369306831,3437199.0,Close
2024-09-16,TSLA,263.15707089356005,4822302.0,Close
2024-09-17,TSLA,259.50252629077863,5089386.0,Close
2024-09-18,TSLA,260.79676739090263,8916793.0,Close
2024-09-19,TSLA,268.01403076523394,6676716.0,Close
2024-09-20,TSLA,264.1998639525217,3309135.0,Close
2024-09-23,TSLA,264.54056402294634,4764383.0,Close
2024-09-24,TSLA,267.18314825630114,6621310.0,Close
2024-09-25,TSLA,267.16886667582764,5250264.0,Close
2024-09-26,TSLA,257.8829783399909,3539082.0,Close
2024-09-27,TSLA,260.43431740306363,6866033.0,Close
2024-09-30,TSLA,252.70046744805936,6335676.0,Close
2024-10-01,TSLA,245.26593920152405,5415686.0,Close
2024-10-02,TSLA,238.96898715317295,4411034.0,Close
2024-10-03,TSLA,238.27966690749992,7130874.0,Close
2024-10-04,TSLA,233.7826887173716,3198535.0,Close
2024-10-07,TSLA,227.1710894110448,3550081.0,Close
2024-10-08,TSLA,228.96993238877567,4283830.0,Close
2024-10-09,TSLA,228.92508857125168,5714902.0,Close
2024-10-10,TSLA,232.4618131382757,3625157.0,Close
2024-10-11,TSLA,229.15975925308604,4618783.0,Close
2024-10-14,TSLA,228.94755327828716,4721770.0,Close
2024-10-15,TSLA,232.67941746494645,6064875.0,Close
2024-10-16,TSLA,226.6654293480808,5173020.0,Close
2024-10-17,TSLA,223.75268826472205,4991445.0,Close
2024-10-18,TSLA,228.25857459465945,4476019.0,Close
2024-10-21,TSLA,228.425586381947,7247955.0,Close
2024-10-22,TSLA,227.81784714303112,6408936.0,Close
2024-10-23,TSLA,227.72038024878577,6298046.0,Close
2024-10-24,TSLA,233.3515913844356,4436984.0,Close
2024-10-25,TSLA,233.31931141827127,4474766.0,Close
2024-10-28,TSLA,233.61099946395717,6040490.0,Close
2024-10-29,TSLA,233.61281093686227,4373621.0,Close
2024-10-30,TSLA,226.1652631024521,4328420.0,Close
2024-10-31,TSLA,228.50917719916364,5865266.0,Close
2024-11-01,TSLA,224.84570789381635,3692964.0,Close
2024-11-04,TSLA,219.2635338683225,5263676.0,Close
2024-11-05,TSLA,211.70277151633232,7522808.0,Close
2024-11-06,TSLA,205.2794370568004,5944810.0,Close
2024-11-07,TSLA,196.0605943514369,4323545.0,Close
2024-11-08,TSLA,192.12013221937195,6373550.0,Close
2024-11-11,TSLA,190.52069696321016,4464635.0,Close
2024-11-12,TSLA,194.61746373915943,7156525.0,Close
2024-11-13,TSLA,194.91958699105967,6105611.0,Close
2024-11-14,TSLA,195.9714391580611,4776636.0,Close
2024-11-15,TSLA,201.03778619093023,4488631.0,Close
2024-11-18,TSLA,189.67682697637017,4728645.0,Close
2024-11-19,TSLA,191.22296272239663,11621753.0,Close
2024-11-20,TSLA,192.4889983781337,2675330.0,Close
2024-11-21,TSLA,195.7160990240807,3231049.0,Close
2024-11-22,TSLA,188.77281299198785,8034143.0,Close
2024-11-25,TSLA,186.67665103125697,7032731.0,Close
2024-11-26,TSLA,183.2750069749503,6129698.0,Close
2024-11-27,TSLA,178.63103128281858,3087950.0,Close
2024-11-28,TSLA,186.9294508118502,6986207.0,Close
2024-11-29,TSLA,184.88342817771655,4015769.0,Close
2024-12-02,TSLA,188.36488663925635,5350152.0,Close
2024-12-03,TSLA,191.07982138716784,6148521.0,Close
2024-12-04,TSLA,185.65776640755183,6589597.0,Close
2024-12-05,TSLA,183.77714328282988,4421803.0,Close
2024-12-06,TSLA,184.0607939693327,7705365.0,Close
2024-12-09,TSLA,185.5751002025839,6821439.0,Close
2024-12-10,TSLA,186.86221528242493,3992297.0,Close
2024-12-11,TSLA,193.45828762048592,4995537.0,Close
2024-12-12,TSLA,197.03630123868217,4385132.0,Close
2024-12-13,TSLA,199.68463401818295,5325785.0,Close
2024-12-16,TSLA,203.6082910832551,6671516.0,Close
2024-12-17,TSLA,209.17006645412377,3239346.0,Close
2024-12-18,TSLA,206.6430164971083,2980733.0,Close
2024-12-19,TSLA,200.2052406022044,4443968.0,Close
2024-12-20,TSLA,197.8518890090144,8103399.0,Close
2024-12-23,TSLA,192.50028880162955,6056350.0,Close
2024-12-24,TSLA,188.79295617190485,8856393.0,Close
2024-12-25,TSLA,189.23319271612644,5013150.0,Close
2024-12-26,TSLA,187.20951915078967,4181983.0,Close
2024-12-27,TSLA,189.69269596164816,3280215.0,Close
2024-12-30,TSLA,190.90587877880913,4145709.0,Close
2024-12-31,TSLA,192.35955780393977,4429808.0,Close
2025-01-01,TSLA,187.57335660093815,2708101.0,Close
2025-01-02,TSLA,184.35507012920752,4261774.0,Close
2025-01-03,TSLA,177.39694314069624,4500213.0,Close
2025-01-06,TSLA,179.4668606707478,5434399.0,Close
2025-01-07,TSLA,186.4067016947355,5748459.0,Close
2025-01-08,TSLA,187.13498681517115,5809405.0,Close
2025-01-09,TSLA,188.19781046257913,3260576.0,Close
2025-01-10,TSLA,186.26722152651152,3825254.0,Close
2025-01-13,TSLA,185.52650180181527,6968910.0,Close
2025-01-14,TSLA,190.30532625319557,5199347.0,Close
2025-01-15,TSLA,190.7147118344428,6768854.0,Close
2025-01-16,TSLA,193.21102363776373,5196433.0,Close
2025-01-17,TSLA,198.2885630301564,5952765.0,Close
2025-01-20,TSLA,202.70732148569152,6521726.0,Close
2025-01-21,TSLA,202.9072595221222,4427471.0,Close
2025-01-22,TSLA,203.40475095734195,4301705.0,Close
2025-01-23,TSLA,201.90737106919036,4347798.0,Close
2025-01-24,TSLA,203.985038861496,5253183.0,Close
2025-01-27,TSLA,202.37355816465944,6343942.0,Close
2025-01-28,TSLA,203.85550177737156,4718834.0,Close
2025-01-29,TSLA,208.1456542858322,7842552.0,Close
2025-01-30,TSLA,201.21869313453004,9697514.0,Close
2025-01-31,TSLA,193.83470760861357,4449145.0,Close
2025-02-03,TSLA,193.7283169589434,7463281.0,Close
2025-02-04,TSLA,196.37820083299655,5401438.0,Close
2025-02-05,TSLA,197.56865406784897,5954022.0,Close
2025-02-06,TSLA,192.8657601776267,5368872.0,Close
2025-02-07,TSLA,196.39168541712485,7932346.0,Close
2025-02-10,TSLA,203.9317093251197,6456231.0,Close
2025-02-11,TSLA,200.46897931605125,4939146.0,Close
2025-02-12,TSLA,197.63930975656348,4797393.0,Close
2025-02-13,TSLA,197.80780744754256,3647310.0,Close
2025-02-14,TSLA,197.37936789597495,4422975.0,Close
2025-02-17,TSLA,202.18178816787855,8071724.0,Close
2025-02-18,TSLA,203.39415140803752,7348876.0,Close
2025-02-19,TSLA,202.28100965601223,4375758.0,Close
2025-02-20,TSLA,199.9716078465801,3880995.0,Close
2025-02-21,TSLA,193.94884322522367,7567430.0,Close
2025-02-24,TSLA,199.3114269280348,6425316.0,Close
2025-02-25,TSLA,201.87393830304867,2994712.0,Close
2025-02-26,TSLA,201.57867293871232,12430025.0,Close
2025-02-27,TSLA,202.0846037760392,5274141.0,Close
2025-02-28,TSLA,201.7198130230209,8738326.0,Close
2025-03-03,TSLA,194.68722207056348,6071171.0,Close
2025-03-04,TSLA,189.2364705143677,4138145.0,Close
2025-03-05,TSLA,188.5304230730285,5591023.0,Close
2025-03-06,TSLA,187.763312586118,3399685.0,Close
2025-03-07,TSLA,187.7820629558557,5024572.0,Close
2025-03-10,TSLA,194.2024305972973,4149778.0,Close
2025-03-11,TSLA,193.1599625452087,4985177.0,Close
2025-03-12,TSLA,190.28812341151792,5870014.0,Close
2025-03-13,TSLA,190.55426580189305,5723959.0,Close
2025-03-14,TSLA,185.3118329412672,3644350.0,Close
2025-03-17,TSLA,185.94997487694897,4343385.0,Close
2025-03-18,TSLA,183.32597706854335,3006281.0,Close
2025-03-19,TSLA,184.211291986972,6375476.0,Close
2025-03-20,TSLA,183.61213547360455,5597790.0,Close
2025-03-21,TSLA,183.15682460398125,3694220.0,Close
2025-03-24,TSLA,185.50748983364232,8259531.0,Close
2025-03-25,TSLA,188.28736899266104,6269913.0,Close
2025-03-26,TSLA,195.984970724334,5674246.0,Close
2025-03-27,TSLA,198.76522943212785,4718552.0,Close
2025-03-28,TSLA,197.86221710967175,4367062.0,Close
2025-03-31,TSLA,195.43388510459872,4268262.0,Close
2025-04-01,TSLA,196.85233796895167,7580251.0,Close
2025-04-02,TSLA,202.65604908898283,6165143.0,Close
2025-04-03,TSLA,206.1854977715445,4007053.0,Close
2025-04-04,TSLA,203.32746053575335,8017458.0,Close
2025-04-07,TSLA,205.23186851460173,5219552.0,Close
2025-04-08,TSLA,206.21053200377904,4016134.0,Close
2025-04-09,TSLA,210.59473634174591,10037122.0,Close
2025-04-10,TSLA,211.93237058877725,3827438.0,Close
2025-04-11,TSLA,213.12050048133125,4140954.0,Close
2025-04-14,TSLA,208.1734318196268,5580066.0,Close
2025-04-15,TSLA,211.53235297159785,6024034.0,Close
2025-04-16,TSLA,205.7391806085447,4503784.0,Close
2025-04-17,TSLA,206.1770351746817,2704537.0,Close
2025-04-18,TSLA,203.98316679541577,5435686.0,Close
2025-04-21,TSLA,201.57269054283495,3946633.0,Close
2025-04-22,TSLA,203.98319972065465,4851788.0,Close
2025-04-23,TSLA,204.03977898565057,4094231.0,Close
2025-04-24,TSLA,194.37176930050651,4304428.0,Close
2025-04-25,TSLA,193.6713687959905,4867751.0,Close
2025-04-28,TSLA,192.23790561558437,4411205.0,Close
2025-04-29,TSLA,197.12357752910611,4363519.0,Close
2025-04-30,TSLA,192.30750950520292,7480027.0,Close
2025-05-01,TSLA,199.72385079065137,4318111.0,Close
2025-05-02,TSLA,203.2039508990856,5088700.0,Close
2025-05-05,TSLA,202.14683424137277,5238622.0,Close
2025-05-06,TSLA,200.52752255300933,3216784.0,Close
2025-05-07,TSLA,198.0439054631269,3868978.0,Close
2025-05-08,TSLA,199.372729913133,5258690.0,Close
2025-05-09,TSLA,196.30874016246497,5332347.0,Close
2025-05-12,TSLA,195.91650031277945,4142690.0,Close
2025-05-13,TSLA,191.73856704166533,5507002.0,Close
2025-05-14,TSLA,194.52916183518408,5899470.0,Close
2025-05-15,TSLA,195.2529915704307,6290044.0,Close
2025-05-16,TSLA,193.4977172001011,6542783.0,Close
2025-05-19,TSLA,192.63106866918383,7598025.0,Close
2025-05-20,TSLA,190.0354805015047,5605441.0,Close
2025-05-21,TSLA,191.2875650386912,3506808.0,Close
2025-05-22,TSLA,186.5657830917046,5127078.0,Close
2025-05-23,TSLA,189.98488328678496,3760764.0,Close
2025-05-26,TSLA,190.7062826573444,6798203.0,Close
2025-05-27,TSLA,189.0653785842429,8078767.0,Close
2025-05-28,TSLA,191.3455432874461,5395270.0,Close
2025-05-29,TSLA,192.893646550894,7572314.0,Close
2025-05-30,TSLA,188.93776051259655,7688500.0,Close
2025-06-02,TSLA,193.92770538554785,6166736.0,Close
2025-06-03,TSLA,184.34003251521648,7015468.0,Close
2025-06-04,TSLA,188.4078631031508,7393015.0,Close
2025-06-05,TSLA,187.8593199311355,3461535.0,Close
2025-06-06,TSLA,191.633994311102,5957773.0,Close
2025-06-09,TSLA,197.20354560588865,6696878.0,Close
2025-06-10,TSLA,195.59003926676667,3475430.0,Close
2025-06-11,TSLA,194.17302954157032,9459187.0,Close
2025-06-12,TSLA,195.45754915681536,7383335.0,Close
2025-06-13,TSLA,191.10606058530792,7742201.0,Close
2025-06-16,TSLA,189.9074418576468,6008217.0,Close
2025-06-17,TSLA,188.39482129134944,4018298.0,Close
2025-06-18,TSLA,184.00330551445,3814728.0,Close
2025-06-19,TSLA,182.3448664480336,5200385.0,Close
2025-06-20,TSLA,185.14519328525645,6725509.0,Close
2025-06-23,TSLA,187.72208100366325,6394716.0,Close
2025-06-24,TSLA,187.1228989171691,8797051.0,Close
2025-06-25,TSLA,187.419559565446,4774790.0,Close
2025-06-26,TSLA,186.34676688463915,4762806.0,Close
2025-06-27,TSLA,179.8656524989518,5774182.0,Close
2025-06-30,TSLA,176.28070648008116,3908030.0,Close
2025-07-01,TSLA,179.711801277622,8663631.0,Close
2025-07-02,TSLA,184.0634048399527,5191019.0,Close
2025-07-03,TSLA,180.97604530495,5911413.0,Close
2025-07-04,TSLA,185.0762670655784,7112622.0,Close
2025-07-07,TSLA,180.70844696324716,4456816.0,Close
2025-07-08,TSLA,178.90676467696233,5838684.0,Close
2025-07-09,TSLA,178.54405695043502,5236121.0,Close
2025-07-10,TSLA,177.63250932803265,7096734.0,Close
2025-07-11,TSLA,175.24153987149808,5440820.0,Close
2025-07-14,TSLA,175.74427373143774,2232944.0,Close
2025-07-15,TSLA,178.52526384349133,4128292.0,Close
2025-07-16,TSLA,173.4112100201134,3612278.0,Close
2025-07-17,TSLA,173.90689449549626,9379404.0,Close
2025-07-18,TSLA,177.3123346367951,8442488.0,Close
2025-07-21,TSLA,175.9136455061093,2801325.0,Close
2025-07-22,TSLA,174.05546218463684,3974318.0,Close
2025-07-23,TSLA,171.16201815480332,3614688.0,Close
2025-07-24,TSLA,178.0476149161052,6238198.0,Close
2025-07-25,TSLA,183.40966239470615,4269709.0,Close
2025-07-28,TSLA,182.39388512473909,4897141.0,Close
2025-07-29,TSLA,186.74878464936825,3698178.0,Close
2025-07-30,TSLA,184.85351703537083,6115983.0,Close
2025-07-31,TSLA,184.34310006321604,3178110.0,Close
2025-08-01,TSLA,180.50991951854897,11742995.0,Close
2025-08-04,TSLA,173.93756815081815,9086476.0,Close
2025-08-05,TSLA,171.98476023420162,11352610.0,Close
2025-08-06,TSLA,170.58597897520326,6409889.0,Close
2025-08-07,TSLA,172.09525591419236,8543003.0,Close
2025-08-08,TSLA,174.4015162529115,7092730.0,Close
2025-08-11,TSLA,174.03440902701766,3883627.0,Close
2025-08-12,TSLA,170.65438875158057,4937065.0,Close
2025-08-13,TSLA,168.47381862885263,6151214.0,Close
2025-08-14,TSLA,173.87644950226024,8079566.0,Close
2025-08-15,TSLA,176.11715301796804,5407419.0,Close
2025-08-18,TSLA,181.17400481990177,6691428.0,Close
2025-08-19,TSLA,187.6553566131243,5227675.0,Close
2025-08-20,TSLA,185.25933579341853,4785964.0,Close
2025-08-21,TSLA,188.3524028809669,3522709.0,Close
2025-08-22,TSLA,185.02836523632337,6272769.0,Close
2025-08-25,TSLA,188.90389907445373,4783200.0,Close
2025-08-26,TSLA,192.08664651499265,3727217.0,Close
2025-08-27,TSLA,184.05496422813496,4914133.0,Close
2025-08-28,TSLA,185.5960370689104,5825318.0,Close
2025-08-29,TSLA,182.48947011351197,6694210.0,Close
2025-09-01,TSLA,181.31313521912844,5031080.0,Close
2025-09-02,TSLA,178.99004198603063,7463251.0,Close
2025-09-03,TSLA,182.29168811160477,8608541.0,Close
2025-09-04,TSLA,179.86950733894233,4977271.0,Close
2025-09-05,TSLA,175.343604517811,7513583.0,Close
2025-09-08,TSLA,172.579991392768,4471841.0,Close
2025-09-09,TSLA,171.90073662274088,3573159.0,Close
2025-09-10,TSLA,173.36562864206667,4029451.0,Close
2025-09-11,TSLA,177.55884699915595,4316736.0,Close
2025-09-12,TSLA,179.4379118126688,4719722.0,Close
2025-09-15,TSLA,181.5880120094602,9794379.0,Close
2025-09-16,TSLA,184.32401002754816,4659675.0,Close
2025-09-17,TSLA,187.3910633810244,4891982.0,Close
2025-09-18,TSLA,191.3164071061239,5805745.0,Close
2025-09-19,TSLA,200.9382468243397,4039559.0,Close
2025-09-22,TSLA,204.21571962939677,5716545.0,Close
2025-09-23,TSLA,205.4521618748023,6467771.0,Close
2025-09-24,TSLA,203.6165128731991,8356571.0,Close
2025-09-25,TSLA,204.9444744627577,7888062.0,Close
2025-09-26,TSLA,209.7298959974702,6224267.0,Close
2025-09-29,TSLA,204.70674668583544,5228879.0,Close
2025-09-30,TSLA,209.91401534300036,5342526.0,Close
2025-10-01,TSLA,208.1995296416752,6039256.0,Close
2025-10-02,TSLA,207.30781658739855,5210096.0,Close
2025-10-03,TSLA,209.53555139090628,5240030.0,Close
2025-10-06,TSLA,207.40649612656637,4061231.0,Close
2025-10-07,TSLA,209.37485153410617,6560669.0,Close
2025-10-08,TSLA,204.6362028293659,6091142.0,Close
2025-10-09,TSLA,208.2804089038885,4379690.0,Close
2025-10-10,TSLA,209.1654642508837,8258072.0,Close
2025-10-13,TSLA,209.22159907296356,5557698.0,Close
2025-10-14,TSLA,210.4390733334453,3462179.0,Close
2025-10-15,TSLA,210.42642269135797,6927278.0,Close
2025-10-16,TSLA,212.35103318960353,4380182.0,Close
2025-10-17,TSLA,211.54595417753117,4665474.0,Close
2025-10-20,TSLA,210.39133268311525,5012741.0,Close
2025-10-21,TSLA,203.04627010161457,7466213.0,Close
2025-10-22,TSLA,208.6416205106368,5550729.0,Close
2025-10-23,TSLA,203.8743880823978,6710166.0,Close
2025-10-24,TSLA,210.5112532238674,3571277.0,Close
2025-10-27,TSLA,209.56595726534016,3796957.0,Close
2025-10-28,TSLA,214.7252485089599,5655713.0,Close
2025-10-29,TSLA,219.2610075151212,4462513.0,Close
2025-10-30,TSLA,223.5428255796311,5193699.0,Close
2025-10-31,TSLA,223.82618300617384,6549446.0,Close
2025-11-03,TSLA,218.57082022861567,4388283.0,Close
2025-11-04,TSLA,217.85217794143037,4225050.0,Close
2025-11-05,TSLA,216.56051731560004,5486914.0,Close
2025-11-06,TSLA,216.1933189880656,2770412.0,Close
2025-11-07,TSLA,210.9747294394882,7568577.0,Close
2025-11-10,TSLA,209.84245298219,5511474.0,Close
2025-11-11,TSLA,197.6850367592297,6296468.0,Close
2025-11-12,TSLA,196.56882239390464,4512360.0,Close
2025-11-13,TSLA,197.12904857445056,6469194.0,Close
2025-11-14,TSLA,194.12290069605797,5197231.0,Close
2025-11-17,TSLA,193.1435351380691,7649809.0,Close
2025-11-18,TSLA,193.8356361500443,3155786.0,Close
2025-11-19,TSLA,197.81643099183304,5643955.0,Close
2025-11-20,TSLA,202.0439459774564,5621927.0,Close
2025-11-21,TSLA,203.3432871600556,5837540.0,Close
2025-11-24,TSLA,203.29359700014987,7953789.0,Close
2025-11-25,TSLA,204.80280589119292,3542049.0,Close
2025-11-26,TSLA,212.22333069706053,3806211.0,Close
2025-11-27,TSLA,214.417969148439,4837753.0,Close
2025-11-28,TSLA,215.60552723577084,3005799.0,Close
2025-12-01,TSLA,220.29169878052343,11100059.0,Close
2025-12-02,TSLA,220.57799615130028,6929137.0,Close
2025-12-03,TSLA,216.89997540125657,6396858.0,Close
2025-12-04,TSLA,218.95993234939152,6785444.0,Close
2025-12-05,TSLA,219.7784541242976,7723577.0,Close
2025-12-08,TSLA,218.89556183310245,4390321.0,Close
2025-12-09,TSLA,221.34361782652337,4838062.0,Close
2025-12-10,TSLA,213.41941129963203,6401400.0,Close
2025-12-11,TSLA,211.1915176910049,4624578.0,Close
2025-12-12,TSLA,207.56338637427,4152909.0,Close
2025-12-15,TSLA,204.42733973038332,4651976.0,Close
2025-12-16,TSLA,203.86951397573927,5897243.0,Close
2025-12-17,TSLA,200.2398158106764,7223142.0,Close
2025-12-18,TSLA,207.00395422243184,3923978.0,Close
2025-12-19,TSLA,208.9389921759553,5065992.0,Close
2025-12-22,TSLA,205.7008438578012,5371229.0,Close
2025-12-23,TSLA,198.63245049013264,3791373.0,Close
2025-12-24,TSLA,196.3894593436432,6170535.0,Close
2025-12-25,TSLA,195.1654134401418,5146003.0,Close
2025-12-26,TSLA,192.7611283745341,4081831.0,Close
2025-12-29,TSLA,202.59938639134344,5204822.0,Close
2025-12-30,TSLA,195.9859457862063,6724931.0,Close
2025-12-31,TSLA,196.2523398629748,7023412.0,Close
2026-01-01,TSLA,195.81092756252065,5814862.0,Close
2026-01-02,TSLA,194.90510095174983,9369238.0,Close
2026-01-05,TSLA,187.43445994708912,8127704.0,Close
2026-01-06,TSLA,187.33863055746875,6164176.0,Close
2026-01-07,TSLA,188.07653600306793,4274818.0,Close
2026-01-08,TSLA,190.80230369013395,7642509.0,Close
2026-01-09,TSLA,192.7058984274309,4266206.0,Close
2026-01-12,TSLA,197.4529096019252,7008725.0,Close
2026-01-13,TSLA,189.4640245024132,2809963.0,Close
2026-01-14,TSLA,188.64105030813096,4556833.0,Close
2026-01-15,TSLA,198.1261637938699,3947164.0,Close
2026-01-16,TSLA,202.38187233323683,5095676.0,Close
2026-01-19,TSLA,196.58571397311337,3569750.0,Close
2026-01-20,TSLA,196.99836243604472,5294475.0,Close
2026-01-21,TSLA,192.95130265244129,6370943.0,Close
2026-01-22,TSLA,191.3569096063136,4398549.0,Close
2026-01-23,TSLA,199.05226880030395,5310632.0,Close
2026-01-26,TSLA,202.9246181851246,5896656.0,Close
2026-01-27,TSLA,196.8437833330587,5605641.0,Close
2026-01-28,TSLA,193.90750121737037,8165952.0,Close
2026-01-29,TSLA,193.97689556304564,4251514.0,Close
2026-01-30,TSLA,193.020762882998,6219362.0,Close
2026-02-02,TSLA,194.29226542827143,5751474.0,Close
2026-02-03,TSLA,191.35862787189112,3385481.0,Close
2026-02-04,TSLA,190.02661605090395,5466656.0,Close
2026-02-05,TSLA,187.1132840487642,5316020.0,Close
2026-02-06,TSLA,185.80559801378703,4594449.0,Close
2026-02-09,TSLA,188.47699955308423,9265946.0,Close
2026-02-10,TSLA,189.65661324913196,7814041.0,Close
2026-02-11,TSLA,187.0692660937687,4319508.0,Close
2026-02-12,TSLA,191.35682083172088,6745736.0,Close
2026-02-13,TSLA,195.4810272869878,6942310.0,Close
2026-02-16,TSLA,195.54346088927,5455039.0,Close
2026-02-17,TSLA,194.60403387752277,3806445.0,Close
2026-02-18,TSLA,201.50985414632504,4337408.0,Close
2026-02-19,TSLA,208.0354424636147,6705301.0,Close
2026-02-20,TSLA,201.82213569173615,6617270.0,Close
2026-02-23,TSLA,206.69730088267343,5135459.0,Close
2026-02-24,TSLA,213.8725586865382,8547335.0,Close
2026-02-25,TSLA,216.7459331334237,8493987.0,Close
2026-02-26,TSLA,214.80199740974368,8354950.0,Close
2026-02-27,TSLA,213.3947633731877,8306544.0,Close
2026-03-02,TSLA,220.7464674954957,5728322.0,Close
2026-03-03,TSLA,224.49914975296392,3673355.0,Close
2026-03-04,TSLA,227.02562119304903,4895425.0,Close
2026-03-05,TSLA,237.66338418135695,5748278.0,Close
2026-03-06,TSLA,232.9690634243989,4574347.0,Close
2026-03-09,TSLA,232.62709045242488,4673770.0,Close
2026-03-10,TSLA,233.58788154955477,3734052.0,Close
2026-03-11,TSLA,232.68217076196768,6538553.0,Close
2026-03-12,TSLA,224.22299174215945,9429341.0,Close
2026-03-13,TSLA,228.78788828913997,11310154.0,Close
2026-03-16,TSLA,225.43901298222673,5866535.0,Close
2026-03-17,TSLA,222.0586001454805,5177576.0,Close
2026-03-18,TSLA,220.54465314491696,5264461.0,Close
2026-03-19,TSLA,219.6075330597989,7947379.0,Close
2026-03-20,TSLA,219.1504915508967,7856415.0,Close
2026-03-23,TSLA,223.43662680882596,5137971.0,Close
2026-03-24,TSLA,228.72053006467664,8015635.0,Close
2026-03-25,TSLA,227.6158988199973,5554942.0,Close
2026-03-26,TSLA,224.9789047252441,4328956.0,Close
2026-03-27,TSLA,224.4797078878626,5013155.0,Close
2026-03-30,TSLA,220.55626954422263,9150874.0,Close
2026-03-31,TSLA,220.50688623622543,6481797.0,Close
2026-04-01,TSLA,216.4222071621957,4729751.0,Close
2026-04-02,TSLA,225.67604438444025,7796750.0,Close
2026-04-03,TSLA,226.32876376044092,6518435.0,Close
2026-04-06,TSLA,223.97887653692308,4901316.0,Close
2026-04-07,TSLA,227.2078586328502,4349995.0,Close
2026-04-08,TSLA,221.7036380819417,4009203.0,Close
2026-04-09,TSLA,218.633746902802,3317582.0,Close
2026-04-10,TSLA,220.55597438498555,4399866.0,Close
2026-04-13,TSLA,221.22670145831063,4990785.0,Close
2026-04-14,TSLA,225.92861167991947,8098485.0,Close
2026-04-15,TSLA,213.7090091022068,7763746.0,Close
2026-04-16,TSLA,217.2683350804736,5809693.0,Close
2026-04-17,TSLA,214.9885376893409,3066908.0,Close
2026-04-20,TSLA,210.0452734090941,6092775.0,Close
2026-04-21,TSLA,202.90000825417903,3509101.0,Close
2026-04-22,TSLA,200.7211790626231,6997025.0,Close
2026-04-23,TSLA,207.15342524272145,7493622.0,Close
2026-04-24,TSLA,211.22722321279736,5609215.0,Close
2026-04-27,TSLA,218.18310229239563,7323476.0,Close
2026-04-28,TSLA,217.76242739571987,7112459.0,Close
2026-04-29,TSLA,218.30049918390628,5430737.0,Close
2026-04-30,TSLA,211.5006424762494,5461302.0,Close
2026-05-01,TSLA,204.91182438506937,3828759.0,Close
2026-05-04,TSLA,204.38303534652331,4725676.0,Close
2026-05-05,TSLA,198.84439016681085,4182894.0,Close
2026-05-06,TSLA,195.5135338996179,4050549.0,Close
2026-05-07,TSLA,195.74901414723803,4201948.0,Close
2026-05-08,TSLA,200.7821134049196,3119469.0,Close
2026-05-11,TSLA,200.8901176250496,7009287.0,Close
2026-05-12,TSLA,195.50967834219833,6018290.0,Close
2026-05-13,TSLA,188.4742719091358,8187409.0,Close
2026-05-14,TSLA,188.989297723598,6689703.0,Close
2026-05-15,TSLA,186.68320715605455,6280358.0,Close
2026-05-18,TSLA,187.1793691964176,6672720.0,Close
2026-05-19,TSLA,186.4812736534822,5518956.0,Close
2026-05-20,TSLA,186.28304258544813,7740932.0,Close
2026-05-21,TSLA,190.80990782724945,4803092.0,Close
2026-05-22,TSLA,194.8838806234146,5517156.0,Close
2026-05-25,TSLA,196.38378285536783,4908107.0,Close
2026-05-26,TSLA,192.9454167691337,10055568.0,Close
2026-05-27,TSLA,190.89051208752008,4453617.0,Close
2026-05-28,TSLA,193.86091118490197,8034693.0,Close
2026-05-29,TSLA,198.95779318976332,3738677.0,Close
2026-06-01,TSLA,193.97265292054175,5779856.0,Close
2026-06-02,TSLA,199.947089922389,5396329.0,Close
2026-06-03,TSLA,196.9066092849543,4015513.0,Close
2026-06-04,TSLA,199.59974566528396,4449064.0,Close
2026-06-05,TSLA,210.8161565040271,7088906.0,Close
2026-06-08,TSLA,204.20559857731897,5159216.0,Close
2026-06-09,TSLA,206.332474031944,4027044.0,Close
2026-06-10,TSLA,205.1112941242167,6950064.0,Close
2026-06-11,TSLA,207.0105460550309,5327395.0,Close
2026-06-12,TSLA,204.5262870540868,5968834.0,Close
2026-06-15,TSLA,194.48431734419924,8307678.0,Close
2026-06-16,TSLA,191.6274679354018,8659761.0,Close
2026-06-17,TSLA,193.01884790546436,2684637.0,Close
2026-06-18,TSLA,198.27762290784568,5463856.0,Close
2026-06-19,TSLA,199.94871746060687,3233976.0,Close
2026-06-22,TSLA,205.88885273734485,12871433.0,Close
2026-06-23,TSLA,203.9334321248439,5613294.0,Close
2026-06-24,TSLA,201.66579119018417,7218022.0,Close
2026-06-25,TSLA,203.11426973477072,4414989.0,Close
2026-06-26,TSLA,201.6648561501975,4789240.0,Close
2026-06-29,TSLA,206.24754647088577,7749120.0,Close
2026-06-30,TSLA,200.53744261427252,6593852.0,Close
2026-07-01,TSLA,204.0556267713908,9083232.0,Close
2026-07-02,TSLA,209.04062480980056,4358944.0,Close
2026-07-03,TSLA,210.6338197591906,4997862.0,Close
2026-07-06,TSLA,214.5392416396973,6423042.0,Close
2026-07-07,TSLA,211.83536233947277,6610350.0,Close
2026-07-08,TSLA,208.3958512187556,6203805.0,Close
2026-07-09,TSLA,209.9305763879821,3584917.0,Close
2026-07-10,TSLA,206.97906507202617,4097348.0,Close
2026-07-13,TSLA,208.2900303470006,5889233.0,Close
2026-07-14,TSLA,209.6138138728902,3345803.0,Close
2026-07-15,TSLA,209.4036846432052,4010884.0,Close
2026-07-16,TSLA,210.65395991242087,5369680.0,Close
2026-07-17,TSLA,213.39191187445977,4294099.0,Close
2026-07-20,TSLA,213.03920040579595,5615606.0,Close
2026-07-21,TSLA,211.0862572061518,5217749.0,Close
2026-07-22,TSLA,214.62098409764937,4324872.0,Close
2026-07-23,TSLA,215.86379268970356,4219398.0,Close
2026-07-24,TSLA,217.87910745309532,7868037.0,Close
2026-07-27,TSLA,220.48455166680523,6063589.0,Close
2026-07-28,TSLA,221.21296692365303,5673910.0,Close
2026-07-29,TSLA,219.7702961810409,5406775.0,Close
2026-07-30,TSLA,217.14226461131972,4115814.0,Close
2026-07-31,TSLA,216.8334797253881,4422762.0,Close
2026-08-03,TSLA,218.9904807165952,2614331.0,Close
2026-08-04,TSLA,221.37268246240353,4450335.0,Close
2026-08-05,TSLA,222.0835204207384,4373247.0,Close
2026-08-06,TSLA,223.7190114612994,6285535.0,Close
2026-08-07,TSLA,218.86771601409257,4636243.0,Close
2026-08-10,TSLA,216.91569223011064,6780101.0,Close
2026-08-11,TSLA,219.89164964908255,5024032.0,Close
2026-08-12,TSLA,216.3124126154115,5720501.0,Close
2026-08-13,TSLA,216.995678415438,5216854.0,Close
2026-08-14,TSLA,217.29293103421256,6461465.0,Close
2026-08-17,TSLA,216.87380177579325,7534187.0,Close
2026-08-18,TSLA,219.88329751608993,4041042.0,Close
2026-08-19,TSLA,220.954516125842,8972436.0,Close
2026-08-20,TSLA,215.75418158022575,4318956.0,Close
2026-08-21,TSLA,218.04846068494209,5093385.0,Close
2022-01-03,XOM,309.53134458040574,784566.0,Close
2022-01-04,XOM,316.42364446852605,920414.0,Close
2022-01-05,XOM,312.93287119455755,671317.0,Close
2022-01-06,XOM,306.1151093501182,884873.0,Close
2022-01-07,XOM,306.5500462893315,904369.0,Close
2022-01-10,XOM,310.74291998531487,593913.0,Close
2022-01-11,XOM,316.3848314436139,1088683.0,Close
2022-01-12,XOM,319.3902985413584,717002.0,Close
2022-01-13,XOM,330.1374332982486,1384623.0,Close
2022-01-14,XOM,330.63094936699304,1056120.0,Close
2022-01-17,XOM,328.51023306208043,817332.0,Close
2022-01-18,XOM,336.50854300564254,597053.0,Close
2022-01-19,XOM,329.94271687021654,726677.0,Close
2022-01-20,XOM,326.2889973578933,992362.0,Close
2022-01-21,XOM,311.92076425848757,679426.0,Close
2022-01-24,XOM,327.64779892184964,930713.0,Close
2022-01-25,XOM,346.634135824995,981690.0,Close
2022-01-26,XOM,344.99776881952647,696020.0,Close
2022-01-27,XOM,352.34552884509975,590215.0,Close
2022-01-28,XOM,359.22549155386827,1213493.0,Close
2022-01-31,XOM,361.15903947666186,831801.0,Close
2022-02-01,XOM,373.3769611781131,714201.0,Close
2022-02-02,XOM,360.33318903672983,618730.0,Close
2022-02-03,XOM,358.53402619739364,943389.0,Close
2022-02-04,XOM,337.83772310079877,815618.0,Close
2022-02-07,XOM,328.4125860255994,1031396.0,Close
2022-02-08,XOM,313.6540432015226,610867.0,Close
2022-02-09,XOM,297.71398510746195,895818.0,Close
2022-02-10,XOM,293.664196996845,639773.0,Close
2022-02-11,XOM,296.6735827142188,1233711.0,Close
2022-02-14,XOM,291.2409412205444,836313.0,Close
2022-02-15,XOM,286.8779389569742,550199.0,Close
2022-02-16,XOM,281.07211204814377,996736.0,Close
2022-02-17,XOM,282.20314126594053,1040512.0,Close
2022-02-18,XOM,277.5106037169621,673592.0,Close
2022-02-21,XOM,269.80294097574756,603141.0,Close
2022-02-22,XOM,276.8122704587197,395137.0,Close
2022-02-23,XOM,270.1541128893516,1058878.0,Close
2022-02-24,XOM,260.66393589319136,463751.0,Close
2022-02-25,XOM,266.0453632340885,742961.0,Close
2022-02-28,XOM,253.6609293619808,482131.0,Close
2022-03-01,XOM,262.33975358953745,1343545.0,Close
2022-03-02,XOM,254.91201421406117,1149344.0,Close
2022-03-03,XOM,255.51212833666355,782218.0,Close
2022-03-04,XOM,248.5002653074069,1052032.0,Close
2022-03-07,XOM,248.62217401621743,683252.0,Close
2022-03-08,XOM,245.06371840725117,578058.0,Close
2022-03-09,XOM,238.42054994768463,464195.0,Close
2022-03-10,XOM,227.85198855483983,1019949.0,Close
2022-03-11,XOM,224.46596068042604,547770.0,Close
2022-03-14,XOM,227.4517946414248,1575218.0,Close
2022-03-15,XOM,231.7342180478784,537158.0,Close
2022-03-16,XOM,227.1479881226502,1018772.0,Close
2022-03-17,XOM,222.66746109167275,1102512.0,Close
2022-03-18,XOM,221.62059495204193,481605.0,Close
2022-03-21,XOM,221.65822423578155,620587.0,Close
2022-03-22,XOM,221.66734527439823,662620.0,Close
2022-03-23,XOM,219.03006231448467,2089973.0,Close
2022-03-24,XOM,216.8391950361718,679267.0,Close
2022-03-25,XOM,215.14084341749296,516370.0,Close
2022-03-28,XOM,200.76362983727387,987623.0,Close
2022-03-29,XOM,198.53250286468736,535711.0,Close
2022-03-30,XOM,202.86358938404655,742472.0,Close
2022-03-31,XOM,210.72621089647797,691297.0,Close
2022-04-01,XOM,217.62687832480535,910659.0,Close
2022-04-04,XOM,218.19901872300616,604588.0,Close
2022-04-05,XOM,211.03575651933485,632797.0,Close
2022-04-06,XOM,207.85912893730213,1025500.0,Close
2022-04-07,XOM,203.49628386148808,822904.0,Close
2022-04-08,XOM,195.57358711534988,799505.0,Close
2022-04-11,XOM,190.4912790062584,429507.0,Close
2022-04-12,XOM,186.66699699604075,906951.0,Close
2022-04-13,XOM,179.47341157790575,687634.0,Close
2022-04-14,XOM,184.13829857326587,831860.0,Close
2022-04-15,XOM,187.27191893472204,429044.0,Close
2022-04-18,XOM,187.04115374894573,774262.0,Close
2022-04-19,XOM,189.04506053887457,776366.0,Close
2022-04-20,XOM,190.6732133101135,679734.0,Close
2022-04-21,XOM,186.8209025919491,577144.0,Close
2022-04-22,XOM,196.1628890276996,1158224.0,Close
2022-04-25,XOM,192.00852671250453,603467.0,Close
2022-04-26,XOM,183.15457978504736,1061760.0,Close
2022-04-27,XOM,183.9977583068192,985273.0,Close
2022-04-28,XOM,186.90035754889232,579189.0,Close
2022-04-29,XOM,185.36067343579873,910401.0,Close
2022-05-02,XOM,191.78147233419185,688840.0,Close
2022-05-03,XOM,192.7671056748497,872980.0,Close
2022-05-04,XOM,188.40678093706023,572459.0,Close
2022-05-05,XOM,185.33015083907085,719353.0,Close
2022-05-06,XOM,186.1182245715574,735719.0,Close
2022-05-09,XOM,186.5581334615508,708607.0,Close
2022-05-10,XOM,192.8587566383126,876490.0,Close
2022-05-11,XOM,197.3476399151704,595806.0,Close
2022-05-12,XOM,188.7964861590289,679636.0,Close
2022-05-13,XOM,187.9381896680062,891365.0,Close
2022-05-16,XOM,181.48692896643664,691848.0,Close
2022-05-17,XOM,188.84982425341812,685897.0,Close
2022-05-18,XOM,183.7777857779137,595856.0,Close
2022-05-19,XOM,184.83163010771173,628980.0,Close
2022-05-20,XOM,181.28003184131737,551688.0,Close
2022-05-23,XOM,171.35998842594097,1028494.0,Close
2022-05-24,XOM,165.41875681442997,684910.0,Close
2022-05-25,XOM,164.29672897768666,523270.0,Close
2022-05-26,XOM,166.90817575537017,699724.0,Close
2022-05-27,XOM,169.38723608986336,487702.0,Close
2022-05-30,XOM,163.16025288359813,609684.0,Close
2022-05-31,XOM,164.59893303991123,1093907.0,Close
2022-06-01,XOM,168.95482695342704,552809.0,Close
2022-06-02,XOM,171.3786220998219,709218.0,Close
2022-06-03,XOM,169.68255527718307,1416906.0,Close
2022-06-06,XOM,169.93107419823073,768327.0,Close
2022-06-07,XOM,170.6715852024495,616961.0,Close
2022-06-08,XOM,177.30441729726252,436607.0,Close
2022-06-09,XOM,185.69083999349544,852202.0,Close
2022-06-10,XOM,189.03524460036363,594290.0,Close
2022-06-13,XOM,189.34008831801012,843215.0,Close
2022-06-14,XOM,189.20191294833904,580777.0,Close
2022-06-15,XOM,189.60774408709804,776361.0,Close
2022-06-16,XOM,190.71233960950957,1114648.0,Close
2022-06-17,XOM,188.0078743910394,905147.0,Close
2022-06-20,XOM,198.29121943292225,556403.0,Close
2022-06-21,XOM,193.9636623438483,776785.0,Close
2022-06-22,XOM,200.95598332986108,1050257.0,Close
2022-06-23,XOM,188.7372771674308,532042.0,Close
2022-06-24,XOM,187.32127674019273,1204092.0,Close
2022-06-27,XOM,185.5862672456429,761080.0,Close
2022-06-28,XOM,186.78748055708243,860249.0,Close
2022-06-29,XOM,184.92538658546377,659429.0,Close
2022-06-30,XOM,192.05558319178223,803042.0,Close
2022-07-01,XOM,190.7906553002959,553514.0,Close
2022-07-04,XOM,185.3713140625807,1225317.0,Close
2022-07-05,XOM,180.4313565305899,1312755.0,Close
2022-07-06,XOM,178.0892885985668,1404248.0,Close
2022-07-07,XOM,181.68904025491472,443282.0,Close
2022-07-08,XOM,186.27415368173973,842941.0,Close
2022-07-11,XOM,180.08968464523568,888593.0,Close
2022-07-12,XOM,176.11855027700915,612436.0,Close
2022-07-13,XOM,170.93895264047077,863895.0,Close
2022-07-14,XOM,169.6086706555418,472081.0,Close
2022-07-15,XOM,174.1545124622302,1192575.0,Close
2022-07-18,XOM,175.00511606186723,454705.0,Close
2022-07-19,XOM,177.69734537358016,800553.0,Close
2022-07-20,XOM,181.40026298512657,955707.0,Close
2022-07-21,XOM,178.4731783904445,621713.0,Close
2022-07-22,XOM,172.1585261321024,1185260.0,Close
2022-07-25,XOM,169.37770198607274,430469.0,Close
2022-07-26,XOM,173.25698862253572,751684.0,Close
2022-07-27,XOM,176.17561840603423,449603.0,Close
2022-07-28,XOM,176.58518022656366,566807.0,Close
2022-07-29,XOM,181.25382808605585,660658.0,Close
2022-08-01,XOM,182.00954688619723,608521.0,Close
2022-08-02,XOM,180.3589859073386,1067597.0,Close
2022-08-03,XOM,172.53824505477422,564325.0,Close
2022-08-04,XOM,178.64222324642083,492573.0,Close
2022-08-05,XOM,178.18993855588542,628478.0,Close
2022-08-08,XOM,175.98339115709413,761683.0,Close
2022-08-09,XOM,175.50563133186543,832243.0,Close
2022-08-10,XOM,182.82123936497413,1128933.0,Close
2022-08-11,XOM,187.87659584574908,403325.0,Close
2022-08-12,XOM,186.0261584777915,1212896.0,Close
2022-08-15,XOM,188.47335510648335,577225.0,Close
2022-08-16,XOM,194.9100123978561,719857.0,Close
2022-08-17,XOM,196.81306223939103,735740.0,Close
2022-08-18,XOM,197.49769779742863,374025.0,Close
2022-08-19,XOM,186.07836210906132,731635.0,Close
2022-08-22,XOM,192.52954898770915,1055338.0,Close
2022-08-23,XOM,187.06602027881468,930931.0,Close
2022-08-24,XOM,177.38866001774994,705700.0,Close
2022-08-25,XOM,168.53856018333312,869957.0,Close
2022-08-26,XOM,164.56517768972222,872927.0,Close
2022-08-29,XOM,166.80401935926838,683634.0,Close
2022-08-30,XOM,172.19331932606207,902632.0,Close
2022-08-31,XOM,173.84701950664353,574400.0,Close
2022-09-01,XOM,182.23464760696487,611938.0,Close
2022-09-02,XOM,180.22183007675633,670857.0,Close
2022-09-05,XOM,179.08600316386108,350548.0,Close
2022-09-06,XOM,169.84110391242191,1009311.0,Close
2022-09-07,XOM,167.1521653151825,762347.0,Close
2022-09-08,XOM,157.71110759142562,776605.0,Close
2022-09-09,XOM,151.86530870742206,1001706.0,Close
2022-09-12,XOM,154.53832262608486,839364.0,Close
2022-09-13,XOM,147.33049003007227,1113381.0,Close
2022-09-14,XOM,140.8627328428503,1290426.0,Close
2022-09-15,XOM,134.01651676544375,898145.0,Close
2022-09-16,XOM,136.91874316457998,609157.0,Close
2022-09-19,XOM,143.15795908826254,1002906.0,Close
2022-09-20,XOM,142.8801856168828,575897.0,Close
2022-09-21,XOM,146.63397090963207,609259.0,Close
2022-09-22,XOM,141.92099256728633,712878.0,Close
2022-09-23,XOM,146.7788496635677,1107925.0,Close
2022-09-26,XOM,143.88582723739313,941581.0,Close
2022-09-27,XOM,146.5678074353541,977716.0,Close
2022-09-28,XOM,146.47647757651694,737886.0,Close
2022-09-29,XOM,138.70701069459312,976079.0,Close
2022-09-30,XOM,135.32135798034295,912318.0,Close
2022-10-03,XOM,135.98106069218775,585862.0,Close
2022-10-04,XOM,129.02586144863716,976811.0,Close
2022-10-05,XOM,130.10365774246264,726781.0,Close
2022-10-06,XOM,125.01227088727504,702445.0,Close
2022-10-07,XOM,126.90245918402368,666687.0,Close
2022-10-10,XOM,122.13222265080525,669265.0,Close
2022-10-11,XOM,123.6489151881846,676786.0,Close
2022-10-12,XOM,126.4645664838303,756501.0,Close
2022-10-13,XOM,125.8919517343109,878355.0,Close
2022-10-14,XOM,125.62884751508231,1123374.0,Close
2022-10-17,XOM,130.8194522768386,946200.0,Close
2022-10-18,XOM,127.99607081167316,782849.0,Close
2022-10-19,XOM,126.1171085151268,406715.0,Close
2022-10-20,XOM,128.37374216323627,1545376.0,Close
2022-10-21,XOM,129.89368303558606,594412.0,Close
2022-10-24,XOM,129.03630274046938,591095.0,Close
2022-10-25,XOM,124.70662722304333,1141639.0,Close
2022-10-26,XOM,128.0892408070204,551655.0,Close
2022-10-27,XOM,123.70904267010324,875024.0,Close
2022-10-28,XOM,131.53894384786167,735122.0,Close
2022-10-31,XOM,127.19637506602317,723200.0,Close
2022-11-01,XOM,123.31558933161176,786465.0,Close
2022-11-02,XOM,124.50017759841263,510490.0,Close
2022-11-03,XOM,126.41193830939264,715546.0,Close
2022-11-04,XOM,123.01517015943976,1043534.0,Close
2022-11-07,XOM,128.80336592686666,792121.0,Close
2022-11-08,XOM,129.997769919237,2084046.0,Close
2022-11-09,XOM,129.12140538822365,744387.0,Close
2022-11-10,XOM,130.52020496089045,511865.0,Close
2022-11-11,XOM,134.9182856730009,668403.0,Close
2022-11-14,XOM,140.95535011532792,450638.0,Close
2022-11-15,XOM,141.72758511667556,996890.0,Close
2022-11-16,XOM,136.7400221443032,1270364.0,Close
2022-11-17,XOM,131.98705991044568,1009419.0,Close
2022-11-18,XOM,126.8269105847862,616415.0,Close
2022-11-21,XOM,124.58446193434716,575365.0,Close
2022-11-22,XOM,124.73137273882226,888538.0,Close
2022-11-23,XOM,125.48759984616213,618191.0,Close
2022-11-24,XOM,129.42383515572993,599918.0,Close
2022-11-25,XOM,122.001379760824,621459.0,Close
2022-11-28,XOM,121.98104191804651,1244229.0,Close
2022-11-29,XOM,123.55547285394708,641498.0,Close
2022-11-30,XOM,113.95303205996468,1123423.0,Close
2022-12-01,XOM,115.40090207473963,868994.0,Close
2022-12-02,XOM,124.15068535865971,675467.0,Close
2022-12-05,XOM,126.82891111980304,765039.0,Close
2022-12-06,XOM,127.92819407531788,539359.0,Close
2022-12-07,XOM,126.97465224342444,1120526.0,Close
2022-12-08,XOM,127.81085004492452,550805.0,Close
2022-12-09,XOM,133.27440961685704,893635.0,Close
2022-12-12,XOM,132.01075902047006,629448.0,Close
2022-12-13,XOM,136.396489290924,591459.0,Close
2022-12-14,XOM,138.1695120227552,1018927.0,Close
2022-12-15,XOM,144.41855771494758,689479.0,Close
2022-12-16,XOM,148.79798401255948,447305.0,Close
2022-12-19,XOM,149.59946310194212,819241.0,Close
2022-12-20,XOM,150.13786163464022,580300.0,Close
2022-12-21,XOM,148.85364407447508,763316.0,Close
2022-12-22,XOM,152.90482231475133,992649.0,Close
2022-12-23,XOM,150.42295859000242,828477.0,Close
2022-12-26,XOM,150.9171156570265,935895.0,Close
2022-12-27,XOM,150.12770859824047,488421.0,Close
2022-12-28,XOM,144.5650741666828,1130026.0,Close
2022-12-29,XOM,145.46748267273355,661410.0,Close
2022-12-30,XOM,139.33498823015807,521209.0,Close
2023-01-02,XOM,137.6219430450538,352447.0,Close
2023-01-03,XOM,140.18550138712064,683287.0,Close
2023-01-04,XOM,140.86040749265985,568802.0,Close
2023-01-05,XOM,141.47625893072276,570706.0,Close
2023-01-06,XOM,138.10319437292108,840878.0,Close
2023-01-09,XOM,142.13726253748607,1293541.0,Close
2023-01-10,XOM,138.66396407023478,581322.0,Close
2023-01-11,XOM,141.3976778286615,772881.0,Close
2023-01-12,XOM,146.50797631907574,663587.0,Close
2023-01-13,XOM,140.31046602745496,594930.0,Close
2023-01-16,XOM,138.7477268465145,540850.0,Close
2023-01-17,XOM,136.8487556834649,1209521.0,Close
2023-01-18,XOM,137.9021178167484,729140.0,Close
2023-01-19,XOM,134.31331474497634,722851.0,Close
2023-01-20,XOM,129.99130796225492,633730.0,Close
2023-01-23,XOM,129.81527389585406,727257.0,Close
2023-01-24,XOM,127.81286461858195,613318.0,Close
2023-01-25,XOM,127.312476203618,1281444.0,Close
2023-01-26,XOM,130.480121815946,822696.0,Close
2023-01-27,XOM,124.6464451147029,839458.0,Close
2023-01-30,XOM,124.26968446639012,741833.0,Close
2023-01-31,XOM,122.24998149000196,1102134.0,Close
2023-02-01,XOM,122.34626557328548,706832.0,Close
2023-02-02,XOM,120.3712687435074,645101.0,Close
2023-02-03,XOM,116.44861844188648,817825.0,Close
2023-02-06,XOM,117.73290366987338,929836.0,Close
2023-02-07,XOM,126.7944792811018,1245996.0,Close
2023-02-08,XOM,126.45758316071168,763183.0,Close
2023-02-09,XOM,123.9284463995015,806043.0,Close
2023-02-10,XOM,121.43942368910206,1013722.0,Close
2023-02-13,XOM,124.60239667674726,336986.0,Close
2023-02-14,XOM,121.58934451830748,781763.0,Close
2023-02-15,XOM,125.98634269719578,660319.0,Close
2023-02-16,XOM,120.2858020538502,820369.0,Close
2023-02-17,XOM,120.9430081606804,802734.0,Close
2023-02-20,XOM,123.1831740263132,1088586.0,Close
2023-02-21,XOM,125.80326108327496,498477.0,Close
2023-02-22,XOM,128.23432454684385,605243.0,Close
2023-02-23,XOM,129.19696970733187,555845.0,Close
2023-02-24,XOM,133.3459724338427,648704.0,Close
2023-02-27,XOM,129.7000083698433,509193.0,Close
2023-02-28,XOM,127.4008839333909,1419558.0,Close
2023-03-01,XOM,125.99407169800084,952287.0,Close
2023-03-02,XOM,131.1926867573808,632158.0,Close
2023-03-03,XOM,132.90561016048417,741093.0,Close
2023-03-06,XOM,135.43580583853182,658636.0,Close
2023-03-07,XOM,134.78115649258535,754676.0,Close
2023-03-08,XOM,137.85105021474294,602346.0,Close
2023-03-09,XOM,131.93771159504703,507351.0,Close
2023-03-10,XOM,130.4593464916474,617972.0,Close
2023-03-13,XOM,129.69026398582267,1093329.0,Close
2023-03-14,XOM,128.00188503969656,472422.0,Close
2023-03-15,XOM,126.87863394929838,1012500.0,Close
2023-03-16,XOM,128.81895452098533,878219.0,Close
2023-03-17,XOM,129.6871845504444,642381.0,Close
2023-03-20,XOM,133.99607755667068,977588.0,Close
2023-03-21,XOM,126.26334440573213,886527.0,Close
2023-03-22,XOM,131.48963589158203,420259.0,Close
2023-03-23,XOM,129.13842988659485,662451.0,Close
2023-03-24,XOM,133.86695303268087,703949.0,Close
2023-03-27,XOM,132.33493058696024,1132646.0,Close
2023-03-28,XOM,133.70807796748835,649019.0,Close
2023-03-29,XOM,129.73399713736194,725752.0,Close
2023-03-30,XOM,125.37692691157044,551521.0,Close
2023-03-31,XOM,127.41341428758788,730439.0,Close
2023-04-03,XOM,118.01960849691754,606804.0,Close
2023-04-04,XOM,114.0591014845906,1082242.0,Close
2023-04-05,XOM,116.4985148073753,665861.0,Close
2023-04-06,XOM,115.17549285985494,513459.0,Close
2023-04-07,XOM,112.37366343654598,1100090.0,Close
2023-04-10,XOM,117.1326697557566,540690.0,Close
2023-04-11,XOM,123.23494408395054,886142.0,Close
2023-04-12,XOM,123.2525890348642,454546.0,Close
2023-04-13,XOM,127.62125972245974,857493.0,Close
2023-04-14,XOM,133.00561485242582,1101578.0,Close
2023-04-17,XOM,132.96295725413785,584966.0,Close
2023-04-18,XOM,131.09229242384802,519287.0,Close
2023-04-19,XOM,131.43198548838092,506840.0,Close
2023-04-20,XOM,126.14931830200032,782341.0,Close
2023-04-21,XOM,128.1522424624327,1326087.0,Close
2023-04-24,XOM,126.99861662117348,1004345.0,Close
2023-04-25,XOM,127.21420250392518,1013615.0,Close
2023-04-26,XOM,127.3791051856636,516958.0,Close
2023-04-27,XOM,124.40286325668735,1055614.0,Close
2023-04-28,XOM,124.29569461876515,956955.0,Close
2023-05-01,XOM,119.62759516966148,865509.0,Close
2023-05-02,XOM,118.04355139805342,610662.0,Close
2023-05-03,XOM,114.4155741926324,1037852.0,Close
2023-05-04,XOM,111.64987416978212,621232.0,Close
2023-05-05,XOM,104.67644688652412,1026556.0,Close
2023-05-08,XOM,103.44449868803328,655594.0,Close
2023-05-09,XOM,104.8506008019485,549698.0,Close
2023-05-10,XOM,105.38122697430347,638133.0,Close
2023-05-11,XOM,108.5618271718492,1397031.0,Close
2023-05-12,XOM,105.70868747691496,539788.0,Close
2023-05-15,XOM,104.3196954712687,993440.0,Close
2023-05-16,XOM,106.98595403908186,983397.0,Close
2023-05-17,XOM,106.74319534417718,676224.0,Close
2023-05-18,XOM,107.30472482617768,610991.0,Close
2023-05-19,XOM,113.60838378567716,574139.0,Close
2023-05-22,XOM,112.82266466962912,1066541.0,Close
2023-05-23,XOM,111.32316422633264,516592.0,Close
2023-05-24,XOM,108.27316126823972,332799.0,Close
2023-05-25,XOM,107.41925716279098,796975.0,Close
2023-05-26,XOM,110.47632842462144,513759.0,Close
2023-05-29,XOM,112.24765655358657,719902.0,Close
2023-05-30,XOM,116.7205525876642,531040.0,Close
2023-05-31,XOM,117.9035910130918,614380.0,Close
2023-06-01,XOM,110.59432992325274,859583.0,Close
2023-06-02,XOM,112.53773931432345,810695.0,Close
2023-06-05,XOM,112.87782692845228,1070318.0,Close
2023-06-06,XOM,112.89803530181008,710530.0,Close
2023-06-07,XOM,116.7259523155978,807609.0,Close
2023-06-08,XOM,115.85344115510392,675388.0,Close
2023-06-09,XOM,117.7305497694609,982110.0,Close
2023-06-12,XOM,114.2315799324631,550680.0,Close
2023-06-13,XOM,109.43830787351536,700891.0,Close
2023-06-14,XOM,107.6358902118541,744638.0,Close
2023-06-15,XOM,106.71400027224423,554782.0,Close
2023-06-16,XOM,108.34942496533056,1128605.0,Close
2023-06-19,XOM,105.06705598024637,852007.0,Close
2023-06-20,XOM,109.47049732877797,553239.0,Close
2023-06-21,XOM,106.55434047651164,866481.0,Close
2023-06-22,XOM,106.30801400917838,1058909.0,Close
2023-06-23,XOM,106.35628213682652,572786.0,Close
2023-06-26,XOM,107.25266364189235,1095003.0,Close
2023-06-27,XOM,108.60718748272136,795772.0,Close
2023-06-28,XOM,115.4327002583806,896308.0,Close
2023-06-29,XOM,113.51929706213156,1067531.0,Close
2023-06-30,XOM,114.51849213998037,774511.0,Close
2023-07-03,XOM,114.26829868110676,803257.0,Close
2023-07-04,XOM,117.39720389182388,789729.0,Close
2023-07-05,XOM,118.8736179258274,435263.0,Close
2023-07-06,XOM,119.61352630347922,818122.0,Close
2023-07-07,XOM,114.67550160508486,860456.0,Close
2023-07-10,XOM,113.24997961438648,656984.0,Close
2023-07-11,XOM,110.1986646759752,357066.0,Close
2023-07-12,XOM,108.84696023149404,886973.0,Close
2023-07-13,XOM,106.36900102460858,585821.0,Close
2023-07-14,XOM,104.85488496072207,527867.0,Close
2023-07-17,XOM,103.67392396786236,508632.0,Close
2023-07-18,XOM,102.55642087816928,407146.0,Close
2023-07-19,XOM,101.73329117774468,834941.0,Close
2023-07-20,XOM,99.12914784304934,1549750.0,Close
2023-07-21,XOM,99.243963153359,598577.0,Close
2023-07-24,XOM,96.775529526019,975863.0,Close
2023-07-25,XOM,95.1815287972181,724298.0,Close
2023-07-26,XOM,95.06161674406954,773983.0,Close
2023-07-27,XOM,88.27036212629665,844933.0,Close
2023-07-28,XOM,94.37936065265478,1083989.0,Close
2023-07-31,XOM,95.76486807379897,515793.0,Close
2023-08-01,XOM,96.62662694385877,751116.0,Close
2023-08-02,XOM,95.24139214817896,1040658.0,Close
2023-08-03,XOM,95.50205689176478,883226.0,Close
2023-08-04,XOM,92.31120778634204,861333.0,Close
2023-08-07,XOM,93.57797005308586,761015.0,Close
2023-08-08,XOM,89.22192041763124,725974.0,Close
2023-08-09,XOM,86.09493966735086,705712.0,Close
2023-08-10,XOM,84.41173144414685,471566.0,Close
2023-08-11,XOM,87.95638023535533,929513.0,Close
2023-08-14,XOM,85.28103258524592,1166575.0,Close
2023-08-15,XOM,86.08119398598053,797137.0,Close
2023-08-16,XOM,81.16960056787791,835514.0,Close
2023-08-17,XOM,81.23611138510371,851699.0,Close
2023-08-18,XOM,85.15476655884447,430381.0,Close
2023-08-21,XOM,86.346990821276,635266.0,Close
2023-08-22,XOM,81.39559991051559,813736.0,Close
2023-08-23,XOM,81.50449560831078,427105.0,Close
2023-08-24,XOM,80.46671203624852,773317.0,Close
2023-08-25,XOM,83.21318708111579,449131.0,Close
2023-08-28,XOM,82.99304175191078,880330.0,Close
2023-08-29,XOM,79.69036400567585,850301.0,Close
2023-08-30,XOM,79.39963655351414,677685.0,Close
2023-08-31,XOM,77.87758005168189,943316.0,Close
2023-09-01,XOM,73.22373855089626,874860.0,Close
2023-09-04,XOM,72.87964468785636,830204.0,Close
2023-09-05,XOM,72.898242275497,773468.0,Close
2023-09-06,XOM,73.67851645407262,566037.0,Close
2023-09-07,XOM,75.76664768528262,1232914.0,Close
2023-09-08,XOM,75.18689016479993,1055187.0,Close
2023-09-11,XOM,72.06739946359856,907759.0,Close
2023-09-12,XOM,70.40517716726517,793990.0,Close
2023-09-13,XOM,70.3781046480793,890076.0,Close
2023-09-14,XOM,72.75847225594313,1141096.0,Close
2023-09-15,XOM,72.77602109045264,1257644.0,Close
2023-09-18,XOM,72.51886760534282,609810.0,Close
2023-09-19,XOM,72.05311284383286,990178.0,Close
2023-09-20,XOM,72.04623762769823,691719.0,Close
2023-09-21,XOM,75.8716799526759,507814.0,Close
2023-09-22,XOM,75.70418549418434,918807.0,Close
2023-09-25,XOM,75.16093104265971,1126147.0,Close
2023-09-26,XOM,75.250556577723,953876.0,Close
2023-09-27,XOM,73.84943343440852,712430.0,Close
2023-09-28,XOM,70.66254724528915,900594.0,Close
2023-09-29,XOM,67.26308136241663,1001773.0,Close
2023-10-02,XOM,65.91662292090994,893603.0,Close
2023-10-03,XOM,68.08397106210805,1127944.0,Close
2023-10-04,XOM,70.29589651416224,1033755.0,Close
2023-10-05,XOM,68.1302144999871,651844.0,Close
2023-10-06,XOM,67.84044074890738,724642.0,Close
2023-10-09,XOM,68.09675221936568,617015.0,Close
2023-10-10,XOM,66.73710298782612,789656.0,Close
2023-10-11,XOM,69.16725271085329,449472.0,Close
2023-10-12,XOM,70.6376234592564,1346622.0,Close
2023-10-13,XOM,71.35361290022408,578886.0,Close
2023-10-16,XOM,71.49853807428559,612276.0,Close
2023-10-17,XOM,68.4096699858104,822006.0,Close
2023-10-18,XOM,70.99229671726592,522715.0,Close
2023-10-19,XOM,72.14420579782602,673151.0,Close
2023-10-20,XOM,72.97227516740513,772391.0,Close
2023-10-23,XOM,71.48893502777243,1235025.0,Close
2023-10-24,XOM,70.20765843885523,780593.0,Close
2023-10-25,XOM,71.17952060884471,654617.0,Close
2023-10-26,XOM,73.36403612138541,553045.0,Close
2023-10-27,XOM,76.88193934018192,1542177.0,Close
2023-10-30,XOM,75.32463704890868,770512.0,Close
2023-10-31,XOM,75.00276758059037,736949.0,Close
2023-11-01,XOM,70.65771271119537,552169.0,Close
2023-11-02,XOM,65.84585847324317,1000622.0,Close
2023-11-03,XOM,66.81180444850138,621230.0,Close
2023-11-06,XOM,65.24002465072665,1181753.0,Close
2023-11-07,XOM,61.67958891675783,949557.0,Close
2023-11-08,XOM,59.69902585630906,807971.0,Close
2023-11-09,XOM,60.27429368319672,491132.0,Close
2023-11-10,XOM,60.92375817673184,711526.0,Close
2023-11-13,XOM,58.16635792855535,756142.0,Close
2023-11-14,XOM,60.16787635593004,812559.0,Close
2023-11-15,XOM,59.01529827601607,415682.0,Close
2023-11-16,XOM,59.472857864235046,552900.0,Close
2023-11-17,XOM,59.542725888995,613886.0,Close
2023-11-20,XOM,59.53148231412492,825247.0,Close
2023-11-21,XOM,57.99293930136455,428636.0,Close
2023-11-22,XOM,57.961473735528045,1076206.0,Close
2023-11-23,XOM,58.401959836225835,1053832.0,Close
2023-11-24,XOM,58.08692445594347,535278.0,Close
2023-11-27,XOM,58.257098207666104,1501943.0,Close
2023-11-28,XOM,60.044339220211896,832641.0,Close
2023-11-29,XOM,59.26775270333277,713681.0,Close
2023-11-30,XOM,60.349115480307766,894775.0,Close
2023-12-01,XOM,60.00501289226277,818476.0,Close
2023-12-04,XOM,62.38275951346879,822660.0,Close
2023-12-05,XOM,59.95931982186491,572456.0,Close
2023-12-06,XOM,62.13454985789258,690359.0,Close
2023-12-07,XOM,61.22690089621683,824794.0,Close
2023-12-08,XOM,64.81963531733491,1072171.0,Close
2023-12-11,XOM,65.61039078975426,1133277.0,Close
2023-12-12,XOM,67.16561927149522,662877.0,Close
2023-12-13,XOM,66.87481238078873,736369.0,Close
2023-12-14,XOM,68.14569561698798,615483.0,Close
2023-12-15,XOM,69.4399612537649,1041713.0,Close
2023-12-18,XOM,69.1749282692624,653955.0,Close
2023-12-19,XOM,70.649810428253,633132.0,Close
2023-12-20,XOM,64.07614592935336,925032.0,Close
2023-12-21,XOM,62.940290234206834,452578.0,Close
2023-12-22,XOM,62.98591928744655,836763.0,Close
2023-12-25,XOM,63.87062874227933,674106.0,Close
2023-12-26,XOM,65.60023540854168,1760643.0,Close
2023-12-27,XOM,65.14928730481311,601850.0,Close
2023-12-28,XOM,64.45263205140802,676160.0,Close
2023-12-29,XOM,66.01843237664808,1033364.0,Close
2024-01-01,XOM,68.13480114357239,983856.0,Close
2024-01-02,XOM,69.54135160803604,1028564.0,Close
2024-01-03,XOM,69.25544691333252,660761.0,Close
2024-01-04,XOM,74.15793069849057,610047.0,Close
2024-01-05,XOM,74.33083804113127,1591572.0,Close
2024-01-08,XOM,74.78663435897045,844025.0,Close
2024-01-09,XOM,78.18220455961219,863043.0,Close
2024-01-10,XOM,81.50460154665669,1019221.0,Close
2024-01-11,XOM,83.11405324494827,508590.0,Close
2024-01-12,XOM,81.04730026240338,665189.0,Close
2024-01-15,XOM,81.31111170447599,524200.0,Close
2024-01-16,XOM,82.48826558999836,778714.0,Close
2024-01-17,XOM,86.9633267023186,545885.0,Close
2024-01-18,XOM,94.08657480703174,1082371.0,Close
2024-01-19,XOM,92.5364454074482,1062479.0,Close
2024-01-22,XOM,94.73612111527191,1072729.0,Close
2024-01-23,XOM,92.6080413467638,864712.0,Close
2024-01-24,XOM,92.29963434523148,759503.0,Close
2024-01-25,XOM,90.0919127453402,671127.0,Close
2024-01-26,XOM,94.27304714127555,925163.0,Close
2024-01-29,XOM,94.90706305119193,700705.0,Close
2024-01-30,XOM,95.69166224482512,415159.0,Close
2024-01-31,XOM,95.83493743659616,592596.0,Close
2024-02-01,XOM,96.84735229096364,928850.0,Close
2024-02-02,XOM,97.96220890197796,523892.0,Close
2024-02-05,XOM,96.11416274557529,531918.0,Close
2024-02-06,XOM,91.6293262259004,762164.0,Close
2024-02-07,XOM,88.26928481045563,411065.0,Close
2024-02-08,XOM,84.33920703837241,1001553.0,Close
2024-02-09,XOM,84.80605557894216,874699.0,Close
2024-02-12,XOM,82.89753442149129,1006807.0,Close
2024-02-13,XOM,85.16097097585563,820699.0,Close
2024-02-14,XOM,85.74038621959764,560817.0,Close
2024-02-15,XOM,81.38873285155698,565530.0,Close
2024-02-16,XOM,80.4732185591376,865693.0,Close
2024-02-19,XOM,75.74763150240962,1034784.0,Close
2024-02-20,XOM,73.35472983865337,555890.0,Close
2024-02-21,XOM,72.36732624411717,507471.0,Close
2024-02-22,XOM,70.48014425251296,761027.0,Close
2024-02-23,XOM,74.17254712162014,855778.0,Close
2024-02-26,XOM,75.72210842707777,998550.0,Close
2024-02-27,XOM,75.04386617226304,889168.0,Close
2024-02-28,XOM,78.02241011858757,775529.0,Close
2024-02-29,XOM,75.92480513642766,1046571.0,Close
2024-03-01,XOM,75.23557268895324,656591.0,Close
2024-03-04,XOM,77.0265832437566,693305.0,Close
2024-03-05,XOM,74.65430791350644,1000151.0,Close
2024-03-06,XOM,76.08196667538775,1000354.0,Close
2024-03-07,XOM,76.70954929379847,977128.0,Close
2024-03-08,XOM,77.97030988426631,705803.0,Close
2024-03-11,XOM,81.86594518461196,833976.0,Close
2024-03-12,XOM,82.91063047446042,568338.0,Close
2024-03-13,XOM,83.21126112093239,939980.0,Close
2024-03-14,XOM,79.76787451879093,668265.0,Close
2024-03-15,XOM,80.2434167932369,396951.0,Close
2024-03-18,XOM,79.18625358221644,646452.0,Close
2024-03-19,XOM,78.92636317800446,554528.0,Close
2024-03-20,XOM,77.90080109222474,327406.0,Close
2024-03-21,XOM,78.97258839962872,622321.0,Close
2024-03-22,XOM,76.81407708255028,971266.0,Close
2024-03-25,XOM,77.27577006271711,818139.0,Close
2024-03-26,XOM,75.0544692379881,872460.0,Close
2024-03-27,XOM,71.3215007485138,1251171.0,Close
2024-03-28,XOM,70.65516658063339,613415.0,Close
2024-03-29,XOM,71.57316264968645,523048.0,Close
2024-04-01,XOM,70.04078777221083,876112.0,Close
2024-04-02,XOM,70.31523976074092,799401.0,Close
2024-04-03,XOM,69.6168894937616,499968.0,Close
2024-04-04,XOM,67.62761756766301,731040.0,Close
2024-04-05,XOM,68.68140159938565,873310.0,Close
2024-04-08,XOM,67.45023037729591,812305.0,Close
2024-04-09,XOM,68.15965025515732,912040.0,Close
2024-04-10,XOM,65.40935443548904,650453.0,Close
2024-04-11,XOM,65.66605674707978,469295.0,Close
2024-04-12,XOM,66.81045644935453,567943.0,Close
2024-04-15,XOM,67.47082367626773,947269.0,Close
2024-04-16,XOM,69.14926296079109,1040784.0,Close
2024-04-17,XOM,70.39584151228826,711564.0,Close
2024-04-18,XOM,70.98907552814435,1145737.0,Close
2024-04-19,XOM,72.66346096860181,724001.0,Close
2024-04-22,XOM,71.92007722644466,627378.0,Close
2024-04-23,XOM,72.9689300947701,485218.0,Close
2024-04-24,XOM,73.02259463149335,695442.0,Close
2024-04-25,XOM,76.77875098313275,1126322.0,Close
2024-04-26,XOM,77.37102356807056,1062614.0,Close
2024-04-29,XOM,74.62383736062958,1082531.0,Close
2024-04-30,XOM,75.15715377898019,842284.0,Close
2024-05-01,XOM,73.18502441731,1236265.0,Close
2024-05-02,XOM,74.67275384722365,563206.0,Close
2024-05-03,XOM,76.22800421223467,1076175.0,Close
2024-05-06,XOM,74.95085394482851,811162.0,Close
2024-05-07,XOM,72.8041560890154,821110.0,Close
2024-05-08,XOM,73.08171479039075,468488.0,Close
2024-05-09,XOM,71.25978962709964,845209.0,Close
2024-05-10,XOM,69.61270908424267,1073097.0,Close
2024-05-13,XOM,68.64519365869825,390446.0,Close
2024-05-14,XOM,69.8423711872683,948344.0,Close
2024-05-15,XOM,66.9781881426728,401641.0,Close
2024-05-16,XOM,65.58599262457327,492911.0,Close
2024-05-17,XOM,69.95628212577503,827994.0,Close
2024-05-20,XOM,73.75484583691834,1327141.0,Close
2024-05-21,XOM,76.23833472843845,752094.0,Close
2024-05-22,XOM,76.34092525927609,820631.0,Close
2024-05-23,XOM,77.94255689828994,574292.0,Close
2024-05-24,XOM,77.12148810034867,690826.0,Close
2024-05-27,XOM,71.34853154105673,855065.0,Close
2024-05-28,XOM,70.22999736694638,1211699.0,Close
2024-05-29,XOM,69.31636998997632,589428.0,Close
2024-05-30,XOM,69.37973946721095,584082.0,Close
2024-05-31,XOM,70.31786491071738,1020315.0,Close
2024-06-03,XOM,73.54560329905257,749963.0,Close
2024-06-04,XOM,73.62008111851048,736596.0,Close
2024-06-05,XOM,71.58153057442527,876039.0,Close
2024-06-06,XOM,71.20212566089486,595784.0,Close
2024-06-07,XOM,72.4829715360636,404202.0,Close
2024-06-10,XOM,72.26700745563515,988809.0,Close
2024-06-11,XOM,70.66663509462131,783852.0,Close
2024-06-12,XOM,71.70366385553265,505246.0,Close
2024-06-13,XOM,69.44130800450024,981344.0,Close
2024-06-14,XOM,67.75901987313588,1391286.0,Close
2024-06-17,XOM,68.54959159700977,1050730.0,Close
2024-06-18,XOM,67.06633562706682,1411249.0,Close
2024-06-19,XOM,66.41964562302643,505344.0,Close
2024-06-20,XOM,66.4576763954924,766346.0,Close
2024-06-21,XOM,66.38918702333852,792026.0,Close
2024-06-24,XOM,64.6168313115727,740311.0,Close
2024-06-25,XOM,65.2145074670042,661230.0,Close
2024-06-26,XOM,63.56413618597382,314307.0,Close
2024-06-27,XOM,66.48136931725544,1341840.0,Close
2024-06-28,XOM,65.75029051450139,451456.0,Close
2024-07-01,XOM,66.8670551857271,978349.0,Close
2024-07-02,XOM,68.23498142577486,755899.0,Close
2024-07-03,XOM,67.57262793963582,723871.0,Close
2024-07-04,XOM,65.76979608343746,720834.0,Close
2024-07-05,XOM,67.10892188041394,799551.0,Close
2024-07-08,XOM,64.47095986155571,961759.0,Close
2024-07-09,XOM,62.209826877087345,1043781.0,Close
2024-07-10,XOM,63.264884016960245,718317.0,Close
2024-07-11,XOM,62.921045560566114,502492.0,Close
2024-07-12,XOM,61.69620250395503,517945.0,Close
2024-07-15,XOM,60.85135931920117,1009282.0,Close
2024-07-16,XOM,59.51732719793495,697398.0,Close
2024-07-17,XOM,63.12419151007823,616873.0,Close
2024-07-18,XOM,64.9147473334343,616586.0,Close
2024-07-19,XOM,63.43976781268467,737177.0,Close
2024-07-22,XOM,62.89822620787361,495382.0,Close
2024-07-23,XOM,63.947230328265235,738436.0,Close
2024-07-24,XOM,62.22565954682456,1117269.0,Close
2024-07-25,XOM,61.26996441038334,716582.0,Close
2024-07-26,XOM,60.77162769624272,427900.0,Close
2024-07-29,XOM,59.29463672573987,988082.0,Close
2024-07-30,XOM,61.10481100334357,1081110.0,Close
2024-07-31,XOM,59.90267196511574,1065580.0,Close
2024-08-01,XOM,59.71718465014094,729237.0,Close
2024-08-02,XOM,59.91821898926161,1443098.0,Close
2024-08-05,XOM,62.56097676928298,1002361.0,Close
2024-08-06,XOM,62.41952988512769,1752423.0,Close
2024-08-07,XOM,66.12580209908796,1254461.0,Close
2024-08-08,XOM,65.4695857426725,1047274.0,Close
2024-08-09,XOM,65.07745457140952,599483.0,Close
2024-08-12,XOM,66.77650987437418,575974.0,Close
2024-08-13,XOM,70.33997556895851,852529.0,Close
2024-08-14,XOM,69.83342390502312,684488.0,Close
2024-08-15,XOM,72.23590311881799,666476.0,Close
2024-08-16,XOM,73.94251549544676,731055.0,Close
2024-08-19,XOM,72.39265907142702,710967.0,Close
2024-08-20,XOM,72.36586404414017,586472.0,Close
2024-08-21,XOM,72.29377418065559,867137.0,Close
2024-08-22,XOM,70.23583170145446,614924.0,Close
2024-08-23,XOM,70.56477206451046,710567.0,Close
2024-08-26,XOM,70.73058999736482,496587.0,Close
2024-08-27,XOM,71.47472575376383,754575.0,Close
2024-08-28,XOM,71.62252064132672,758722.0,Close
2024-08-29,XOM,70.30697333518034,561322.0,Close
2024-08-30,XOM,75.08428296753226,872811.0,Close
2024-09-02,XOM,75.54579422466989,702033.0,Close
2024-09-03,XOM,78.27830126801493,685291.0,Close
2024-09-04,XOM,79.23929952206349,642796.0,Close
2024-09-05,XOM,82.56033037519757,913998.0,Close
2024-09-06,XOM,80.79494053372277,761836.0,Close
2024-09-09,XOM,80.60641214033531,952722.0,Close
2024-09-10,XOM,79.6157007031933,539344.0,Close
2024-09-11,XOM,78.3636934374358,702668.0,Close
2024-09-12,XOM,78.95519822758548,603728.0,Close
2024-09-13,XOM,78.42663214385944,737362.0,Close
2024-09-16,XOM,75.3338757577216,860593.0,Close
2024-09-17,XOM,74.71152704936732,510281.0,Close
2024-09-18,XOM,73.92183487058482,874959.0,Close
2024-09-19,XOM,75.73656230761426,1458195.0,Close
2024-09-20,XOM,72.70837754415115,836749.0,Close
2024-09-23,XOM,71.68405932941944,570268.0,Close
2024-09-24,XOM,70.20218080044083,690646.0,Close
2024-09-25,XOM,71.66132755496868,684228.0,Close
2024-09-26,XOM,70.58707710386255,607201.0,Close
2024-09-27,XOM,72.64347118002428,958778.0,Close
2024-09-30,XOM,72.55821018942576,412248.0,Close
2024-10-01,XOM,73.55299462004083,801996.0,Close
2024-10-02,XOM,75.817414191582,1142002.0,Close
2024-10-03,XOM,73.30053266898523,1127539.0,Close
2024-10-04,XOM,72.80786744798823,984732.0,Close
2024-10-07,XOM,73.66745117759105,602946.0,Close
2024-10-08,XOM,74.08129408941336,1117703.0,Close
2024-10-09,XOM,71.42722225921625,877546.0,Close
2024-10-10,XOM,72.81590091806115,1151387.0,Close
2024-10-11,XOM,72.92182512996314,986219.0,Close
2024-10-14,XOM,73.19065899496135,788689.0,Close
2024-10-15,XOM,72.75113151140326,671486.0,Close
2024-10-16,XOM,66.34315510151333,1823951.0,Close
2024-10-17,XOM,67.35514980877468,435214.0,Close
2024-10-18,XOM,68.46206636653238,707078.0,Close
2024-10-21,XOM,67.67116894270762,481787.0,Close
2024-10-22,XOM,64.89492986591301,825694.0,Close
2024-10-23,XOM,63.940177083001345,824898.0,Close
2024-10-24,XOM,65.71240408989016,634001.0,Close
2024-10-25,XOM,64.97802924180543,618759.0,Close
2024-10-28,XOM,65.0271495698897,478730.0,Close
2024-10-29,XOM,64.43434797490221,835149.0,Close
2024-10-30,XOM,65.00622402757156,633610.0,Close
2024-10-31,XOM,62.64150509942875,893687.0,Close
2024-11-01,XOM,62.29850329110418,616598.0,Close
2024-11-04,XOM,64.20016218581652,834495.0,Close
2024-11-05,XOM,62.57632289436465,953431.0,Close
2024-11-06,XOM,62.10780234578439,837833.0,Close
2024-11-07,XOM,63.92899630337827,822676.0,Close
2024-11-08,XOM,65.26084497175175,731178.0,Close
2024-11-11,XOM,66.08793851688004,850246.0,Close
2024-11-12,XOM,66.80910238579924,611831.0,Close
2024-11-13,XOM,67.50881109993423,690433.0,Close
2024-11-14,XOM,67.08634872026585,802419.0,Close
2024-11-15,XOM,69.14502887952241,1229401.0,Close
2024-11-18,XOM,68.25596700427215,613579.0,Close
2024-11-19,XOM,66.38342023502186,589092.0,Close
2024-11-20,XOM,63.845174717037494,861962.0,Close
2024-11-21,XOM,62.76209971917488,1071519.0,Close
2024-11-22,XOM,61.67522975383323,952636.0,Close
2024-11-25,XOM,60.46694855174818,756515.0,Close
2024-11-26,XOM,58.50412204170866,1125152.0,Close
2024-11-27,XOM,59.11848285859852,425398.0,Close
2024-11-28,XOM,57.57497043831262,1036804.0,Close
2024-11-29,XOM,58.45800012682399,675723.0,Close
2024-12-02,XOM,59.634223722834115,909288.0,Close
2024-12-03,XOM,63.896031821468085,1166423.0,Close
2024-12-04,XOM,63.099133068283514,780474.0,Close
2024-12-05,XOM,62.82810386548472,734288.0,Close
2024-12-06,XOM,61.53637284106042,670121.0,Close
2024-12-09,XOM,59.54574892078133,1293525.0,Close
2024-12-10,XOM,58.85981667836537,814335.0,Close
2024-12-11,XOM,57.601250482020085,807491.0,Close
2024-12-12,XOM,55.71799781154469,1225930.0,Close
2024-12-13,XOM,56.09092322614249,622774.0,Close
2024-12-16,XOM,54.43123479515083,717067.0,Close
2024-12-17,XOM,55.29234964484016,985011.0,Close
2024-12-18,XOM,56.61155775536012,1295293.0,Close
2024-12-19,XOM,55.2618211490419,770854.0,Close
2024-12-20,XOM,57.41173656769355,890176.0,Close
2024-12-23,XOM,58.05786018220439,455653.0,Close
2024-12-24,XOM,57.94818686105471,1048767.0,Close
2024-12-25,XOM,55.098320528018725,588588.0,Close
2024-12-26,XOM,52.48858427742371,689584.0,Close
2024-12-27,XOM,54.78403369832563,849674.0,Close
2024-12-30,XOM,56.7955628889665,648617.0,Close
2024-12-31,XOM,59.32182079658578,449643.0,Close
2025-01-01,XOM,62.38420135523618,565850.0,Close
2025-01-02,XOM,64.77003787352602,815012.0,Close
2025-01-03,XOM,65.20661979826293,1134514.0,Close
2025-01-06,XOM,66.22721918122875,1136470.0,Close
2025-01-07,XOM,64.97944698817804,841044.0,Close
2025-01-08,XOM,65.41783343559413,759081.0,Close
2025-01-09,XOM,66.77871613920239,958039.0,Close
2025-01-10,XOM,68.20349356306993,1124166.0,Close
2025-01-13,XOM,67.9752567722726,742603.0,Close
2025-01-14,XOM,64.15927618179646,867944.0,Close
2025-01-15,XOM,61.47601885071604,849218.0,Close
2025-01-16,XOM,62.295393070374345,999388.0,Close
2025-01-17,XOM,61.430788264699785,490441.0,Close
2025-01-20,XOM,62.571816638533704,753099.0,Close
2025-01-21,XOM,60.468462838928474,881225.0,Close
2025-01-22,XOM,62.75903147580401,447962.0,Close
2025-01-23,XOM,61.135887843115405,1007194.0,Close
2025-01-24,XOM,63.6465445922226,1101130.0,Close
2025-01-27,XOM,60.91722402785573,446858.0,Close
2025-01-28,XOM,61.944214236029,658778.0,Close
2025-01-29,XOM,60.35270520597799,682173.0,Close
2025-01-30,XOM,60.34581244917712,543887.0,Close
2025-01-31,XOM,62.15450925946897,617618.0,Close
2025-02-03,XOM,63.7165989743657,652637.0,Close
2025-02-04,XOM,62.270988989768625,910402.0,Close
2025-02-05,XOM,61.22164216351343,1084205.0,Close
2025-02-06,XOM,58.56020612696307,946894.0,Close
2025-02-07,XOM,55.65857086979446,619854.0,Close
2025-02-10,XOM,54.37918058510449,962034.0,Close
2025-02-11,XOM,53.09773747476998,911017.0,Close
2025-02-12,XOM,50.887325090407174,331226.0,Close
2025-02-13,XOM,50.604385274118926,1046880.0,Close
2025-02-14,XOM,50.565577063785184,740564.0,Close
2025-02-17,XOM,50.55361010732899,747670.0,Close
2025-02-18,XOM,49.44045345124517,448608.0,Close
2025-02-19,XOM,48.65323535194736,1206999.0,Close
2025-02-20,XOM,48.23230119449498,805746.0,Close
2025-02-21,XOM,49.33120472672418,956906.0,Close
2025-02-24,XOM,48.41208916382352,503864.0,Close
2025-02-25,XOM,46.16533463831079,942879.0,Close
2025-02-26,XOM,45.76035360884391,854524.0,Close
2025-02-27,XOM,45.21298916269171,701796.0,Close
2025-02-28,XOM,43.194469363064805,546096.0,Close
2025-03-03,XOM,42.72199602934606,719753.0,Close
2025-03-04,XOM,41.67950518524023,572027.0,Close
2025-03-05,XOM,41.59497520596261,579204.0,Close
2025-03-06,XOM,42.0845615146455,1040823.0,Close
2025-03-07,XOM,41.46405644242206,760793.0,Close
2025-03-10,XOM,42.05700630915057,722559.0,Close
2025-03-11,XOM,41.70562862187689,511412.0,Close
2025-03-12,XOM,41.40526336221859,715292.0,Close
2025-03-13,XOM,41.05584042001701,695758.0,Close
2025-03-14,XOM,40.84050599403393,537095.0,Close
2025-03-17,XOM,39.28731321483728,1095095.0,Close
2025-03-18,XOM,37.30026554224471,1115949.0,Close
2025-03-19,XOM,38.461261378050075,615219.0,Close
2025-03-20,XOM,38.69191081906414,813735.0,Close
2025-03-21,XOM,38.11492683541319,425389.0,Close
2025-03-24,XOM,39.243491788435456,850334.0,Close
2025-03-25,XOM,42.3651021355288,1111502.0,Close
2025-03-26,XOM,40.608807543601,569890.0,Close
2025-03-27,XOM,40.57029805452734,715085.0,Close
2025-03-28,XOM,41.32601874805947,778768.0,Close
2025-03-31,XOM,39.463727758549695,1917147.0,Close
2025-04-01,XOM,37.79867359139518,1734513.0,Close
2025-04-02,XOM,38.80211266855635,844090.0,Close
2025-04-03,XOM,38.748897837867965,584089.0,Close
2025-04-04,XOM,38.008786306840065,807636.0,Close
2025-04-07,XOM,36.284890495201616,1130603.0,Close
2025-04-08,XOM,36.617903711215135,441433.0,Close
2025-04-09,XOM,35.19991336149497,423066.0,Close
2025-04-10,XOM,34.210169005444875,545798.0,Close
2025-04-11,XOM,33.308208420840785,962835.0,Close
2025-04-14,XOM,32.99967138441913,933235.0,Close
2025-04-15,XOM,31.996630618348775,884488.0,Close
2025-04-16,XOM,31.15821172705601,1068440.0,Close
2025-04-17,XOM,31.97862193058418,725315.0,Close
2025-04-18,XOM,32.13167343228016,663830.0,Close
2025-04-21,XOM,32.14960110515635,798118.0,Close
2025-04-22,XOM,32.542624049090946,1229618.0,Close
2025-04-23,XOM,31.591453542901867,873450.0,Close
2025-04-24,XOM,31.913955085337676,710875.0,Close
2025-04-25,XOM,32.29579475274298,829788.0,Close
2025-04-28,XOM,31.38347669354464,1179992.0,Close
2025-04-29,XOM,31.906779914016347,669092.0,Close
2025-04-30,XOM,32.11946453574411,633004.0,Close
2025-05-01,XOM,32.35728728863733,629429.0,Close
2025-05-02,XOM,33.85628915171465,1032532.0,Close
2025-05-05,XOM,33.97559521882621,567815.0,Close
2025-05-06,XOM,33.11026427973258,926008.0,Close
2025-05-07,XOM,33.234234507499146,461690.0,Close
2025-05-08,XOM,33.25083740967683,657630.0,Close
2025-05-09,XOM,32.23312489532276,761603.0,Close
2025-05-12,XOM,30.428673031337645,1417518.0,Close
2025-05-13,XOM,30.37771662793064,954470.0,Close
2025-05-14,XOM,31.17600119309562,688251.0,Close
2025-05-15,XOM,32.0034039038917,655951.0,Close
2025-05-16,XOM,32.258282837675964,593718.0,Close
2025-05-19,XOM,33.666670776507004,573335.0,Close
2025-05-20,XOM,33.83398018581467,1169782.0,Close
2025-05-21,XOM,33.65345588606011,574854.0,Close
2025-05-22,XOM,33.848289124840186,1210188.0,Close
2025-05-23,XOM,33.16485799344309,775609.0,Close
2025-05-26,XOM,32.00400120896698,765218.0,Close
2025-05-27,XOM,31.139812241561604,790153.0,Close
2025-05-28,XOM,30.730061762392044,1060787.0,Close
2025-05-29,XOM,31.472051170683557,589142.0,Close
2025-05-30,XOM,30.21358171860532,925937.0,Close
2025-06-02,XOM,29.40163018476828,758203.0,Close
2025-06-03,XOM,30.0619219390655,855122.0,Close
2025-06-04,XOM,29.76847552042624,687170.0,Close
2025-06-05,XOM,29.60788437742058,647304.0,Close
2025-06-06,XOM,29.30413940074604,856574.0,Close
2025-06-09,XOM,30.87810755961118,544724.0,Close
2025-06-10,XOM,31.36182284049537,1129081.0,Close
2025-06-11,XOM,31.58501934427619,748871.0,Close
2025-06-12,XOM,31.762076826301183,612095.0,Close
2025-06-13,XOM,32.126831958084786,820165.0,Close
2025-06-16,XOM,33.777239392633,665166.0,Close
2025-06-17,XOM,33.43151944335123,749159.0,Close
2025-06-18,XOM,33.592292214155684,738695.0,Close
2025-06-19,XOM,33.62384318082755,1038274.0,Close
2025-06-20,XOM,34.47042515435315,830083.0,Close
2025-06-23,XOM,36.104245404165,579477.0,Close
2025-06-24,XOM,35.52017865125837,886078.0,Close
2025-06-25,XOM,35.971070106667156,914826.0,Close
2025-06-26,XOM,36.15153818877992,444219.0,Close
2025-06-27,XOM,34.76040732071346,554379.0,Close
2025-06-30,XOM,35.69992504342726,1402441.0,Close
2025-07-01,XOM,37.25200367902388,726429.0,Close
2025-07-02,XOM,38.10348222250569,691536.0,Close
2025-07-03,XOM,37.440759044315534,739099.0,Close
2025-07-04,XOM,36.03737187062984,651561.0,Close
2025-07-07,XOM,36.68263622888681,439491.0,Close
2025-07-08,XOM,35.58968835025294,552246.0,Close
2025-07-09,XOM,34.62760845783168,633554.0,Close
2025-07-10,XOM,34.83312878748811,621299.0,Close
2025-07-11,XOM,35.54832526680809,598249.0,Close
2025-07-14,XOM,35.22171591762477,466228.0,Close
2025-07-15,XOM,35.024553445756915,611336.0,Close
2025-07-16,XOM,34.920500406944896,1000751.0,Close
2025-07-17,XOM,34.038221641581444,624242.0,Close
2025-07-18,XOM,33.6839906565774,693053.0,Close
2025-07-21,XOM,32.17792554796053,1241505.0,Close
2025-07-22,XOM,32.83825725975483,613132.0,Close
2025-07-23,XOM,35.381036617441765,2188717.0,Close
2025-07-24,XOM,35.44462805442462,932641.0,Close
2025-07-25,XOM,36.61971248669941,798752.0,Close
2025-07-28,XOM,36.358897860951835,673023.0,Close
2025-07-29,XOM,35.00643970367178,1180243.0,Close
2025-07-30,XOM,37.19587885109926,684753.0,Close
2025-07-31,XOM,36.32871489027394,667040.0,Close
2025-08-01,XOM,37.287372776916285,1240693.0,Close
2025-08-04,XOM,37.51563239762317,645871.0,Close
2025-08-05,XOM,38.75533690989573,678288.0,Close
2025-08-06,XOM,38.68836214804969,584936.0,Close
2025-08-07,XOM,37.44511393733453,435885.0,Close
2025-08-08,XOM,36.75999580668352,1015302.0,Close
2025-08-11,XOM,39.16208292232272,838128.0,Close
2025-08-12,XOM,39.514322881381766,1004834.0,Close
2025-08-13,XOM,41.90487828758824,797250.0,Close
2025-08-14,XOM,41.48336563136279,644297.0,Close
2025-08-15,XOM,42.309783457400194,616510.0,Close
2025-08-18,XOM,40.809320737418965,964250.0,Close
2025-08-19,XOM,40.84837787521846,559286.0,Close
2025-08-20,XOM,43.371381450825474,944256.0,Close
2025-08-21,XOM,42.434603306167574,764541.0,Close
2025-08-22,XOM,41.62798589725069,548796.0,Close
2025-08-25,XOM,42.58858925928979,663489.0,Close
2025-08-26,XOM,42.72952083633568,719066.0,Close
2025-08-27,XOM,44.98137067469167,748962.0,Close
2025-08-28,XOM,44.6868238541268,1278050.0,Close
2025-08-29,XOM,44.77793046958545,766363.0,Close
2025-09-01,XOM,45.17717313136861,687198.0,Close
2025-09-02,XOM,43.83572645183216,693294.0,Close
2025-09-03,XOM,42.26327892346872,733986.0,Close
2025-09-04,XOM,40.64043519446623,659672.0,Close
2025-09-05,XOM,36.9187602917725,706878.0,Close
2025-09-08,XOM,36.83658592350519,855165.0,Close
2025-09-09,XOM,35.51307570415413,1248152.0,Close
2025-09-10,XOM,34.987056334698835,647630.0,Close
2025-09-11,XOM,35.98112152365127,876265.0,Close
2025-09-12,XOM,35.04228710761229,627119.0,Close
2025-09-15,XOM,35.717063148869705,774600.0,Close
2025-09-16,XOM,34.15701159957609,542202.0,Close
2025-09-17,XOM,33.51282671281139,580588.0,Close
2025-09-18,XOM,35.13488361383924,622587.0,Close
2025-09-19,XOM,34.72276977085508,703502.0,Close
2025-09-22,XOM,35.96706145754447,553470.0,Close
2025-09-23,XOM,38.320503822993146,433605.0,Close
2025-09-24,XOM,37.88055676764367,486821.0,Close
2025-09-25,XOM,37.186388426465726,710670.0,Close
2025-09-26,XOM,34.96414514014904,659972.0,Close
2025-09-29,XOM,35.251606089958585,611360.0,Close
2025-09-30,XOM,35.62690532052863,793012.0,Close
2025-10-01,XOM,36.39286634084545,590659.0,Close
2025-10-02,XOM,37.80147305588911,773469.0,Close
2025-10-03,XOM,36.73127680442787,1462018.0,Close
2025-10-06,XOM,38.64153596760688,731968.0,Close
2025-10-07,XOM,38.3447532048532,682784.0,Close
2025-10-08,XOM,38.7364068913501,820058.0,Close
2025-10-09,XOM,38.66911890635376,558322.0,Close
2025-10-10,XOM,37.84726236332879,632287.0,Close
2025-10-13,XOM,36.594332807891654,758331.0,Close
2025-10-14,XOM,36.812512172977215,765868.0,Close
2025-10-15,XOM,35.833330871561074,579804.0,Close
2025-10-16,XOM,35.61907635327793,854296.0,Close
2025-10-17,XOM,35.21676343611933,1167213.0,Close
2025-10-20,XOM,34.86770773194934,411762.0,Close
2025-10-21,XOM,33.132937751202014,917482.0,Close
2025-10-22,XOM,30.22805014055988,872322.0,Close
2025-10-23,XOM,30.935187668539445,694894.0,Close
2025-10-24,XOM,31.90454047977789,856438.0,Close
2025-10-27,XOM,29.642860604299067,1302002.0,Close
2025-10-28,XOM,29.990437231319063,793744.0,Close
2025-10-29,XOM,30.17500919310414,964012.0,Close
2025-10-30,XOM,29.07130175551313,778584.0,Close
2025-10-31,XOM,29.79878046598075,851472.0,Close
2025-11-03,XOM,30.743015439844086,660303.0,Close
2025-11-04,XOM,31.649988683214374,781511.0,Close
2025-11-05,XOM,33.18519288244888,749438.0,Close
2025-11-06,XOM,34.10967633030463,794224.0,Close
2025-11-07,XOM,33.327885846177125,461732.0,Close
2025-11-10,XOM,33.34832341118575,508955.0,Close
2025-11-11,XOM,33.70907028960201,1046731.0,Close
2025-11-12,XOM,35.13305779022076,1215119.0,Close
2025-11-13,XOM,34.89309946409747,430910.0,Close
2025-11-14,XOM,34.28599710097832,630070.0,Close
2025-11-17,XOM,32.718353666338416,644994.0,Close
2025-11-18,XOM,33.514634758732605,821826.0,Close
2025-11-19,XOM,33.71339535658406,704551.0,Close
2025-11-20,XOM,32.9079087897197,932950.0,Close
2025-11-21,XOM,33.61523307507678,503793.0,Close
2025-11-24,XOM,33.302641243574655,810422.0,Close
2025-11-25,XOM,32.08390963423465,712703.0,Close
2025-11-26,XOM,33.271885021896644,632206.0,Close
2025-11-27,XOM,31.37319380004712,949179.0,Close
2025-11-28,XOM,31.502396527464025,667266.0,Close
2025-12-01,XOM,31.409754620365025,694800.0,Close
2025-12-02,XOM,29.9868463589463,1203979.0,Close
2025-12-03,XOM,30.26133016389049,745023.0,Close
2025-12-04,XOM,29.683517941101083,1345134.0,Close
2025-12-05,XOM,31.072928313808895,402432.0,Close
2025-12-08,XOM,31.94195600527972,767204.0,Close
2025-12-09,XOM,32.1420065342034,518110.0,Close
2025-12-10,XOM,29.925862240701353,648485.0,Close
2025-12-11,XOM,29.46877086211715,609832.0,Close
2025-12-12,XOM,28.955688951154468,985101.0,Close
2025-12-15,XOM,29.931144198971033,691824.0,Close
2025-12-16,XOM,30.08276715415605,511663.0,Close
2025-12-17,XOM,30.35102424161883,888356.0,Close
2025-12-18,XOM,31.211089528492145,540196.0,Close
2025-12-19,XOM,32.62622035985954,1331675.0,Close
2025-12-22,XOM,33.95006722810911,540565.0,Close
2025-12-23,XOM,34.468636050285774,681070.0,Close
2025-12-24,XOM,34.21340690938331,1292519.0,Close
2025-12-25,XOM,34.63046401601341,667532.0,Close
2025-12-26,XOM,34.603346647066154,807943.0,Close
2025-12-29,XOM,35.36194926320246,732082.0,Close
2025-12-30,XOM,34.809964974976886,742798.0,Close
2025-12-31,XOM,35.68645514063591,597246.0,Close
2026-01-01,XOM,35.73717128792286,816696.0,Close
2026-01-02,XOM,36.1243626387127,1091427.0,Close
2026-01-05,XOM,34.93103213607414,435685.0,Close
2026-01-06,XOM,34.67064892522019,549972.0,Close
2026-01-07,XOM,35.10441911653741,623977.0,Close
2026-01-08,XOM,34.93162364483226,551986.0,Close
2026-01-09,XOM,32.66346956734547,1028474.0,Close
2026-01-12,XOM,31.550263914923235,652367.0,Close
2026-01-13,XOM,31.85340294105167,748267.0,Close
2026-01-14,XOM,33.18603708538159,1249654.0,Close
2026-01-15,XOM,32.97641039723499,422158.0,Close
2026-01-16,XOM,32.53374809900393,812110.0,Close
2026-01-19,XOM,33.487133380051525,744339.0,Close
2026-01-20,XOM,33.501655947653425,685687.0,Close
2026-01-21,XOM,34.19624707404198,574717.0,Close
2026-01-22,XOM,33.92038861983293,648583.0,Close
2026-01-23,XOM,33.54286083333909,731810.0,Close
2026-01-26,XOM,34.311652376247814,717898.0,Close
2026-01-27,XOM,34.9558849544326,924255.0,Close
2026-01-28,XOM,34.64957064206664,524690.0,Close
2026-01-29,XOM,33.574174923489856,510315.0,Close
2026-01-30,XOM,32.0248945577009,442681.0,Close
2026-02-02,XOM,30.6640575939145,835006.0,Close
2026-02-03,XOM,30.129757642247775,937243.0,Close
2026-02-04,XOM,30.39818017638588,512564.0,Close
2026-02-05,XOM,28.998442959699727,553181.0,Close
2026-02-06,XOM,27.715625837338557,1416915.0,Close
2026-02-09,XOM,28.009387999032523,1074458.0,Close
2026-02-10,XOM,29.231247875206854,1197712.0,Close
2026-02-11,XOM,30.117456855132804,859944.0,Close
2026-02-12,XOM,28.58369161499276,1011155.0,Close
2026-02-13,XOM,28.8978854253182,672758.0,Close
2026-02-16,XOM,29.667443853279146,500093.0,Close
2026-02-17,XOM,29.26399555469034,489355.0,Close
2026-02-18,XOM,29.07566685097099,724247.0,Close
2026-02-19,XOM,29.348332170366252,963239.0,Close
2026-02-20,XOM,29.749101440545196,702721.0,Close
2026-02-23,XOM,30.064055646401354,879211.0,Close
2026-02-24,XOM,30.671699840813925,732901.0,Close
2026-02-25,XOM,30.85911693677688,791978.0,Close
2026-02-26,XOM,30.327765526714906,940748.0,Close
2026-02-27,XOM,29.956535209440485,1097044.0,Close
2026-03-02,XOM,29.313361232053165,823102.0,Close
2026-03-03,XOM,28.942521782661544,1318327.0,Close
2026-03-04,XOM,29.397061906161415,693093.0,Close
2026-03-05,XOM,28.77112185425202,1123368.0,Close
2026-03-06,XOM,29.62836400952067,920964.0,Close
2026-03-09,XOM,28.82043743061771,443416.0,Close
2026-03-10,XOM,28.986623933809156,1103560.0,Close
2026-03-11,XOM,29.66213013473354,576616.0,Close
2026-03-12,XOM,30.035107562806996,683637.0,Close
2026-03-13,XOM,28.500669946553867,1063793.0,Close
2026-03-16,XOM,28.60971481102537,574274.0,Close
2026-03-17,XOM,28.02827582580581,737242.0,Close
2026-03-18,XOM,27.00451503171261,959294.0,Close
2026-03-19,XOM,27.174934387684957,565181.0,Close
2026-03-20,XOM,26.237567444131905,729801.0,Close
2026-03-23,XOM,26.419098358394223,651690.0,Close
2026-03-24,XOM,27.488999015155976,1063056.0,Close
2026-03-25,XOM,27.7229555019858,1165334.0,Close
2026-03-26,XOM,27.5476669624098,520001.0,Close
2026-03-27,XOM,27.42855703692631,736021.0,Close
2026-03-30,XOM,28.127191565606655,652918.0,Close
2026-03-31,XOM,27.8925890494758,734417.0,Close
2026-04-01,XOM,27.536397481407125,1252212.0,Close
2026-04-02,XOM,26.82903448623559,856832.0,Close
2026-04-03,XOM,26.16754494580259,643873.0,Close
2026-04-06,XOM,26.819011869622347,506037.0,Close
2026-04-07,XOM,26.46120350266601,996279.0,Close
2026-04-08,XOM,26.87200714144878,647307.0,Close
2026-04-09,XOM,27.34936707741248,592398.0,Close
2026-04-10,XOM,26.628076745531224,839158.0,Close
2026-04-13,XOM,26.04462024768435,900022.0,Close
2026-04-14,XOM,26.464869661788754,666320.0,Close
2026-04-15,XOM,26.57140963886138,540924.0,Close
2026-04-16,XOM,26.443160369520356,1085720.0,Close
2026-04-17,XOM,26.785133257547887,905222.0,Close
2026-04-20,XOM,27.540495552991032,1035298.0,Close
2026-04-21,XOM,27.51439342918593,639576.0,Close
2026-04-22,XOM,27.084067437637504,579409.0,Close
2026-04-23,XOM,27.17566523741746,611139.0,Close
2026-04-24,XOM,26.57295364210812,479324.0,Close
2026-04-27,XOM,26.68160079874498,649946.0,Close
2026-04-28,XOM,26.68652839612593,579985.0,Close
2026-04-29,XOM,26.08641913455339,740280.0,Close
2026-04-30,XOM,25.797115739233504,744336.0,Close
2026-05-01,XOM,25.568622799406025,748815.0,Close
2026-05-04,XOM,26.09171799183296,632078.0,Close
2026-05-05,XOM,25.462116068084324,532973.0,Close
2026-05-06,XOM,24.894071426947225,491362.0,Close
2026-05-07,XOM,24.639497906583877,775790.0,Close
2026-05-08,XOM,25.02798377259143,774237.0,Close
2026-05-11,XOM,25.535947659667375,495981.0,Close
2026-05-12,XOM,25.72470727259867,1113126.0,Close
2026-05-13,XOM,26.23791132988748,966429.0,Close
2026-05-14,XOM,27.08680233885708,573205.0,Close
2026-05-15,XOM,27.208648743842424,779073.0,Close
2026-05-18,XOM,26.607528614812672,726451.0,Close
2026-05-19,XOM,26.553923220077436,772905.0,Close
2026-05-20,XOM,25.55495774459185,831796.0,Close
2026-05-21,XOM,25.83797685109995,897166.0,Close
2026-05-22,XOM,25.489180665457948,1151143.0,Close
2026-05-25,XOM,25.571733236771724,784055.0,Close
2026-05-26,XOM,25.51488653974392,838477.0,Close
2026-05-27,XOM,25.247311481330726,1136239.0,Close
2026-05-28,XOM,25.40839864678845,615638.0,Close
2026-05-29,XOM,25.323820304088994,541894.0,Close
2026-06-01,XOM,24.884504053881024,913584.0,Close
2026-06-02,XOM,24.13032509166906,536576.0,Close
2026-06-03,XOM,24.371633896575617,573828.0,Close
2026-06-04,XOM,23.559713350455393,1226363.0,Close
2026-06-05,XOM,24.73513616690086,487440.0,Close
2026-06-08,XOM,25.62106940695916,860894.0,Close
2026-06-09,XOM,24.49514731058814,521252.0,Close
2026-06-10,XOM,24.924515566734563,845106.0,Close
2026-06-11,XOM,25.714384734275864,1346949.0,Close
2026-06-12,XOM,25.299931159787143,549196.0,Close
2026-06-15,XOM,25.54953538764502,388862.0,Close
2026-06-16,XOM,25.464228976560378,797915.0,Close
2026-06-17,XOM,25.94894670986825,621612.0,Close
2026-06-18,XOM,25.631239964574483,696384.0,Close
2026-06-19,XOM,26.355137865017102,859025.0,Close
2026-06-22,XOM,26.253826862509545,850141.0,Close
2026-06-23,XOM,26.026491387605407,864828.0,Close
2026-06-24,XOM,26.497829133573564,742277.0,Close
2026-06-25,XOM,27.16300728279107,869903.0,Close
2026-06-26,XOM,25.407169704010613,801035.0,Close
2026-06-29,XOM,23.364917881593612,798229.0,Close
2026-06-30,XOM,23.589318843263424,726745.0,Close
2026-07-01,XOM,23.159477221985806,890208.0,Close
2026-07-02,XOM,22.314330998316606,648613.0,Close
2026-07-03,XOM,22.0859165042031,780354.0,Close
2026-07-06,XOM,23.871338081657868,768538.0,Close
2026-07-07,XOM,22.99422044626975,631966.0,Close
2026-07-08,XOM,23.5618454971335,1045157.0,Close
2026-07-09,XOM,23.067567287785668,843386.0,Close
2026-07-10,XOM,22.14188890159352,891436.0,Close
2026-07-13,XOM,21.769147426636163,561558.0,Close
2026-07-14,XOM,20.91416383634496,736905.0,Close
2026-07-15,XOM,20.00771302223901,960562.0,Close
2026-07-16,XOM,19.6082418600169,841251.0,Close
2026-07-17,XOM,19.01814042941272,1670494.0,Close
2026-07-20,XOM,18.943642059799306,767169.0,Close
2026-07-21,XOM,19.034682701187947,589855.0,Close
2026-07-22,XOM,18.62078950714511,663614.0,Close
2026-07-23,XOM,18.9482500938813,577965.0,Close
2026-07-24,XOM,18.601848375624694,616796.0,Close
2026-07-27,XOM,18.525104159120872,740461.0,Close
2026-07-28,XOM,17.413428392179064,728847.0,Close
2026-07-29,XOM,17.455363081423414,1067503.0,Close
2026-07-30,XOM,18.54751439412994,1098148.0,Close
2026-07-31,XOM,18.95874542649105,981098.0,Close
2026-08-03,XOM,18.87054107182363,667374.0,Close
2026-08-04,XOM,18.267153756456185,1023312.0,Close
2026-08-05,XOM,19.096118929633217,1096227.0,Close
2026-08-06,XOM,19.01339714243708,1160635.0,Close
2026-08-07,XOM,18.660904590054884,637045.0,Close
2026-08-10,XOM,18.327913305540132,750461.0,Close
2026-08-11,XOM,19.38366341170366,664615.0,Close
2026-08-12,XOM,19.322711336056052,1581659.0,Close
2026-08-13,XOM,19.566627202071466,693440.0,Close
2026-08-14,XOM,19.459018931455137,1058027.0,Close
2026-08-17,XOM,19.426395468705337,747737.0,Close
2026-08-18,XOM,19.20010698707353,956453.0,Close
2026-08-19,XOM,19.959745338414045,790662.0,Close
2026-08-20,XOM,19.986749986952915,940165.0,Close
2026-08-21,XOM,19.209278800980996,861199.0,Close
