date,ticker,indicator,rsi
2022-01-03,AAPL,RSI,50.0
2022-01-04,AAPL,RSI,50.0
2022-01-05,AAPL,RSI,50.0
2022-01-06,AAPL,RSI,50.0
2022-01-07,AAPL,RSI,50.0
2022-01-10,AAPL,RSI,50.0
2022-01-11,AAPL,RSI,50.0
2022-01-12,AAPL,RSI,50.0
2022-01-13,AAPL,RSI,50.0
2022-01-14,AAPL,RSI,50.0
2022-01-17,AAPL,RSI,50.0
2022-01-18,AAPL,RSI,50.0
2022-01-19,AAPL,RSI,50.0
2022-01-20,AAPL,RSI,50.0
2022-01-21,AAPL,RSI,48.3255
2022-01-24,AAPL,RSI,38.7352
2022-01-25,AAPL,RSI,53.5353
2022-01-26,AAPL,RSI,62.206
2022-01-27,AAPL,RSI,60.1759
2022-01-28,AAPL,RSI,57.3726
2022-01-31,AAPL,RSI,62.9919
2022-02-01,AAPL,RSI,67.8481
2022-02-02,AAPL,RSI,61.1007
2022-02-03,AAPL,RSI,54.6196
2022-02-04,AAPL,RSI,57.1959
2022-02-07,AAPL,RSI,52.9653
2022-02-08,AAPL,RSI,52.6425
2022-02-09,AAPL,RSI,62.1525
2022-02-10,AAPL,RSI,70.0462
2022-02-11,AAPL,RSI,74.46
2022-02-14,AAPL,RSI,66.7134
2022-02-15,AAPL,RSI,60.5375
2022-02-16,AAPL,RSI,64.4277
2022-02-17,AAPL,RSI,73.1286
2022-02-18,AAPL,RSI,68.5263
2022-02-21,AAPL,RSI,63.0865
2022-02-22,AAPL,RSI,60.265
2022-02-23,AAPL,RSI,64.9075
2022-02-24,AAPL,RSI,65.7766
2022-02-25,AAPL,RSI,66.4762
2022-02-28,AAPL,RSI,60.91
2022-03-01,AAPL,RSI,60.2262
2022-03-02,AAPL,RSI,50.7521
2022-03-03,AAPL,RSI,54.7024
2022-03-04,AAPL,RSI,62.7564
2022-03-07,AAPL,RSI,70.1629
2022-03-08,AAPL,RSI,70.5745
2022-03-09,AAPL,RSI,66.1936
2022-03-10,AAPL,RSI,68.5823
2022-03-11,AAPL,RSI,79.6346
2022-03-14,AAPL,RSI,71.9348
2022-03-15,AAPL,RSI,66.5111
2022-03-16,AAPL,RSI,58.7107
2022-03-17,AAPL,RSI,50.3697
2022-03-18,AAPL,RSI,53.2693
2022-03-21,AAPL,RSI,60.5951
2022-03-22,AAPL,RSI,53.9774
2022-03-23,AAPL,RSI,57.6534
2022-03-24,AAPL,RSI,44.4426
2022-03-25,AAPL,RSI,41.773
2022-03-28,AAPL,RSI,38.6074
2022-03-29,AAPL,RSI,41.6242
2022-03-30,AAPL,RSI,43.8551
2022-03-31,AAPL,RSI,44.6067
2022-04-01,AAPL,RSI,50.0541
2022-04-04,AAPL,RSI,49.3083
2022-04-05,AAPL,RSI,55.9151
2022-04-06,AAPL,RSI,58.46
2022-04-07,AAPL,RSI,52.8547
2022-04-08,AAPL,RSI,40.472
2022-04-11,AAPL,RSI,40.4127
2022-04-12,AAPL,RSI,37.455
2022-04-13,AAPL,RSI,46.1896
2022-04-14,AAPL,RSI,52.0301
2022-04-15,AAPL,RSI,48.7673
2022-04-18,AAPL,RSI,46.2613
2022-04-19,AAPL,RSI,45.6649
2022-04-20,AAPL,RSI,38.4006
2022-04-21,AAPL,RSI,43.595
2022-04-22,AAPL,RSI,42.6
2022-04-25,AAPL,RSI,34.1398
2022-04-26,AAPL,RSI,33.3759
2022-04-27,AAPL,RSI,34.0215
2022-04-28,AAPL,RSI,43.7678
2022-04-29,AAPL,RSI,46.696
2022-05-02,AAPL,RSI,42.7273
2022-05-03,AAPL,RSI,45.5018
2022-05-04,AAPL,RSI,43.4015
2022-05-05,AAPL,RSI,51.7715
2022-05-06,AAPL,RSI,49.8554
2022-05-09,AAPL,RSI,41.5813
2022-05-10,AAPL,RSI,43.176
2022-05-11,AAPL,RSI,29.6125
2022-05-12,AAPL,RSI,26.9888
2022-05-13,AAPL,RSI,24.3662
2022-05-16,AAPL,RSI,23.0212
2022-05-17,AAPL,RSI,29.478
2022-05-18,AAPL,RSI,22.9581
2022-05-19,AAPL,RSI,23.2905
2022-05-20,AAPL,RSI,31.9126
2022-05-23,AAPL,RSI,27.4961
2022-05-24,AAPL,RSI,29.0501
2022-05-25,AAPL,RSI,21.851
2022-05-26,AAPL,RSI,21.6675
2022-05-27,AAPL,RSI,20.8202
2022-05-30,AAPL,RSI,20.4028
2022-05-31,AAPL,RSI,29.8117
2022-06-01,AAPL,RSI,29.4547
2022-06-02,AAPL,RSI,36.3098
2022-06-03,AAPL,RSI,41.7333
2022-06-06,AAPL,RSI,36.8381
2022-06-07,AAPL,RSI,35.1579
2022-06-08,AAPL,RSI,36.9764
2022-06-09,AAPL,RSI,26.0847
2022-06-10,AAPL,RSI,28.9835
2022-06-13,AAPL,RSI,22.7941
2022-06-14,AAPL,RSI,38.2394
2022-06-15,AAPL,RSI,38.136
2022-06-16,AAPL,RSI,38.0218
2022-06-17,AAPL,RSI,40.6829
2022-06-20,AAPL,RSI,36.2586
2022-06-21,AAPL,RSI,54.6976
2022-06-22,AAPL,RSI,56.8817
2022-06-23,AAPL,RSI,57.5242
2022-06-24,AAPL,RSI,67.7458
2022-06-27,AAPL,RSI,68.9474
2022-06-28,AAPL,RSI,64.2409
2022-06-29,AAPL,RSI,61.5368
2022-06-30,AAPL,RSI,58.5015
2022-07-01,AAPL,RSI,51.6942
2022-07-04,AAPL,RSI,47.6289
2022-07-05,AAPL,RSI,47.713
2022-07-06,AAPL,RSI,45.9213
2022-07-07,AAPL,RSI,41.4796
2022-07-08,AAPL,RSI,41.8425
2022-07-11,AAPL,RSI,39.1078
2022-07-12,AAPL,RSI,44.1788
2022-07-13,AAPL,RSI,53.452
2022-07-14,AAPL,RSI,49.9131
2022-07-15,AAPL,RSI,50.678
2022-07-18,AAPL,RSI,45.5661
2022-07-19,AAPL,RSI,49.475
2022-07-20,AAPL,RSI,48.1045
2022-07-21,AAPL,RSI,51.3473
2022-07-22,AAPL,RSI,47.0966
2022-07-25,AAPL,RSI,47.3697
2022-07-26,AAPL,RSI,56.2277
2022-07-27,AAPL,RSI,60.8768
2022-07-28,AAPL,RSI,59.2946
2022-07-29,AAPL,RSI,52.2533
2022-08-01,AAPL,RSI,38.5051
2022-08-02,AAPL,RSI,19.3515
2022-08-03,AAPL,RSI,15.4815
2022-08-04,AAPL,RSI,30.3775
2022-08-05,AAPL,RSI,39.616
2022-08-08,AAPL,RSI,44.124
2022-08-09,AAPL,RSI,45.7754
2022-08-10,AAPL,RSI,42.19
2022-08-11,AAPL,RSI,40.8311
2022-08-12,AAPL,RSI,38.7053
2022-08-15,AAPL,RSI,43.6916
2022-08-16,AAPL,RSI,40.0209
2022-08-17,AAPL,RSI,44.3378
2022-08-18,AAPL,RSI,44.9081
2022-08-19,AAPL,RSI,55.3114
2022-08-22,AAPL,RSI,58.8753
2022-08-23,AAPL,RSI,58.3678
2022-08-24,AAPL,RSI,51.446
2022-08-25,AAPL,RSI,47.7923
2022-08-26,AAPL,RSI,45.0765
2022-08-29,AAPL,RSI,45.3161
2022-08-30,AAPL,RSI,45.2489
2022-08-31,AAPL,RSI,44.0555
2022-09-01,AAPL,RSI,48.0035
2022-09-02,AAPL,RSI,45.1061
2022-09-05,AAPL,RSI,50.1712
2022-09-06,AAPL,RSI,44.5215
2022-09-07,AAPL,RSI,51.7771
2022-09-08,AAPL,RSI,54.0138
2022-09-09,AAPL,RSI,53.0723
2022-09-12,AAPL,RSI,51.3802
2022-09-13,AAPL,RSI,57.4456
2022-09-14,AAPL,RSI,63.6191
2022-09-15,AAPL,RSI,67.737
2022-09-16,AAPL,RSI,71.3521
2022-09-19,AAPL,RSI,70.5611
2022-09-20,AAPL,RSI,69.1272
2022-09-21,AAPL,RSI,73.0932
2022-09-22,AAPL,RSI,73.8573
2022-09-23,AAPL,RSI,72.4408
2022-09-26,AAPL,RSI,70.6976
2022-09-27,AAPL,RSI,73.4789
2022-09-28,AAPL,RSI,64.4689
2022-09-29,AAPL,RSI,59.6116
2022-09-30,AAPL,RSI,63.152
2022-10-03,AAPL,RSI,58.3578
2022-10-04,AAPL,RSI,56.9936
2022-10-05,AAPL,RSI,50.5366
2022-10-06,AAPL,RSI,51.2083
2022-10-07,AAPL,RSI,62.5421
2022-10-10,AAPL,RSI,70.8131
2022-10-11,AAPL,RSI,68.1008
2022-10-12,AAPL,RSI,48.0192
2022-10-13,AAPL,RSI,48.6695
2022-10-14,AAPL,RSI,46.4887
2022-10-17,AAPL,RSI,32.9857
2022-10-18,AAPL,RSI,34.0134
2022-10-19,AAPL,RSI,36.2172
2022-10-20,AAPL,RSI,37.716
2022-10-21,AAPL,RSI,34.481
2022-10-24,AAPL,RSI,34.6859
2022-10-25,AAPL,RSI,33.7317
2022-10-26,AAPL,RSI,30.535
2022-10-27,AAPL,RSI,27.0444
2022-10-28,AAPL,RSI,29.9214
2022-10-31,AAPL,RSI,33.7436
2022-11-01,AAPL,RSI,41.3468
2022-11-02,AAPL,RSI,38.6222
2022-11-03,AAPL,RSI,41.3658
2022-11-04,AAPL,RSI,49.3512
2022-11-07,AAPL,RSI,56.1926
2022-11-08,AAPL,RSI,51.1207
2022-11-09,AAPL,RSI,45.9491
2022-11-10,AAPL,RSI,57.0801
2022-11-11,AAPL,RSI,68.7806
2022-11-14,AAPL,RSI,77.5533
2022-11-15,AAPL,RSI,73.313
2022-11-16,AAPL,RSI,68.8501
2022-11-17,AAPL,RSI,58.1742
2022-11-18,AAPL,RSI,49.7523
2022-11-21,AAPL,RSI,51.9455
2022-11-22,AAPL,RSI,60.2892
2022-11-23,AAPL,RSI,57.5758
2022-11-24,AAPL,RSI,53.6473
2022-11-25,AAPL,RSI,44.9213
2022-11-28,AAPL,RSI,48.0282
2022-11-29,AAPL,RSI,44.2519
2022-11-30,AAPL,RSI,41.8504
2022-12-01,AAPL,RSI,27.8903
2022-12-02,AAPL,RSI,14.6448
2022-12-05,AAPL,RSI,13.7784
2022-12-06,AAPL,RSI,12.6959
2022-12-07,AAPL,RSI,26.6115
2022-12-08,AAPL,RSI,25.5303
2022-12-09,AAPL,RSI,22.0127
2022-12-12,AAPL,RSI,23.7581
2022-12-13,AAPL,RSI,36.9991
2022-12-14,AAPL,RSI,36.0484
2022-12-15,AAPL,RSI,40.5495
2022-12-16,AAPL,RSI,42.2311
2022-12-19,AAPL,RSI,50.9032
2022-12-20,AAPL,RSI,49.5108
2022-12-21,AAPL,RSI,51.407
2022-12-22,AAPL,RSI,53.8522
2022-12-23,AAPL,RSI,60.9032
2022-12-26,AAPL,RSI,64.9656
2022-12-27,AAPL,RSI,59.1831
2022-12-28,AAPL,RSI,58.4909
2022-12-29,AAPL,RSI,62.1674
2022-12-30,AAPL,RSI,55.0714
2023-01-02,AAPL,RSI,41.8439
2023-01-03,AAPL,RSI,45.2055
2023-01-04,AAPL,RSI,50.345
2023-01-05,AAPL,RSI,54.0734
2023-01-06,AAPL,RSI,44.2122
2023-01-09,AAPL,RSI,54.0078
2023-01-10,AAPL,RSI,56.42
2023-01-11,AAPL,RSI,50.4789
2023-01-12,AAPL,RSI,40.5509
2023-01-13,AAPL,RSI,46.4584
2023-01-16,AAPL,RSI,46.7581
2023-01-17,AAPL,RSI,73.5475
2023-01-18,AAPL,RSI,80.96
2023-01-19,AAPL,RSI,84.3007
2023-01-20,AAPL,RSI,76.1287
2023-01-23,AAPL,RSI,70.8763
2023-01-24,AAPL,RSI,73.1417
2023-01-25,AAPL,RSI,71.1777
2023-01-26,AAPL,RSI,72.2459
2023-01-27,AAPL,RSI,59.4254
2023-01-30,AAPL,RSI,62.4621
2023-01-31,AAPL,RSI,63.895
2023-02-01,AAPL,RSI,61.6041
2023-02-02,AAPL,RSI,58.4665
2023-02-03,AAPL,RSI,59.6968
2023-02-06,AAPL,RSI,52.6668
2023-02-07,AAPL,RSI,43.517
2023-02-08,AAPL,RSI,40.623
2023-02-09,AAPL,RSI,43.0895
2023-02-10,AAPL,RSI,50.3709
2023-02-13,AAPL,RSI,52.0675
2023-02-14,AAPL,RSI,37.809
2023-02-15,AAPL,RSI,33.8943
2023-02-16,AAPL,RSI,42.3992
2023-02-17,AAPL,RSI,37.782
2023-02-20,AAPL,RSI,32.2705
2023-02-21,AAPL,RSI,30.1191
2023-02-22,AAPL,RSI,34.5282
2023-02-23,AAPL,RSI,43.7634
2023-02-24,AAPL,RSI,37.5274
2023-02-27,AAPL,RSI,42.9091
2023-02-28,AAPL,RSI,42.1334
2023-03-01,AAPL,RSI,42.8277
2023-03-02,AAPL,RSI,38.6384
2023-03-03,AAPL,RSI,29.5102
2023-03-06,AAPL,RSI,46.1325
2023-03-07,AAPL,RSI,50.1161
2023-03-08,AAPL,RSI,56.5169
2023-03-09,AAPL,RSI,59.6043
2023-03-10,AAPL,RSI,62.7055
2023-03-13,AAPL,RSI,76.181
2023-03-14,AAPL,RSI,76.4952
2023-03-15,AAPL,RSI,75.137
2023-03-16,AAPL,RSI,82.9878
2023-03-17,AAPL,RSI,81.7885
2023-03-20,AAPL,RSI,78.3883
2023-03-21,AAPL,RSI,80.6188
2023-03-22,AAPL,RSI,78.6065
2023-03-23,AAPL,RSI,81.8327
2023-03-24,AAPL,RSI,78.6725
2023-03-27,AAPL,RSI,79.9279
2023-03-28,AAPL,RSI,78.5288
2023-03-29,AAPL,RSI,80.0851
2023-03-30,AAPL,RSI,80.7349
2023-03-31,AAPL,RSI,66.4553
2023-04-03,AAPL,RSI,64.8675
2023-04-04,AAPL,RSI,55.7003
2023-04-05,AAPL,RSI,54.6053
2023-04-06,AAPL,RSI,59.5609
2023-04-07,AAPL,RSI,64.5983
2023-04-10,AAPL,RSI,58.4253
2023-04-11,AAPL,RSI,58.9426
2023-04-12,AAPL,RSI,56.527
2023-04-13,AAPL,RSI,52.0638
2023-04-14,AAPL,RSI,45.0576
2023-04-17,AAPL,RSI,43.0496
2023-04-18,AAPL,RSI,39.4916
2023-04-19,AAPL,RSI,38.6246
2023-04-20,AAPL,RSI,36.5544
2023-04-21,AAPL,RSI,38.3268
2023-04-24,AAPL,RSI,42.9224
2023-04-25,AAPL,RSI,47.0475
2023-04-26,AAPL,RSI,47.4317
2023-04-27,AAPL,RSI,36.7333
2023-04-28,AAPL,RSI,37.191
2023-05-01,AAPL,RSI,43.4558
2023-05-02,AAPL,RSI,38.3107
2023-05-03,AAPL,RSI,48.0674
2023-05-04,AAPL,RSI,51.8295
2023-05-05,AAPL,RSI,53.6551
2023-05-08,AAPL,RSI,47.4456
2023-05-09,AAPL,RSI,48.1957
2023-05-10,AAPL,RSI,61.842
2023-05-11,AAPL,RSI,61.6786
2023-05-12,AAPL,RSI,62.2157
2023-05-15,AAPL,RSI,61.8468
2023-05-16,AAPL,RSI,51.8268
2023-05-17,AAPL,RSI,62.3379
2023-05-18,AAPL,RSI,65.1841
2023-05-19,AAPL,RSI,64.5118
2023-05-22,AAPL,RSI,80.3177
2023-05-23,AAPL,RSI,66.3157
2023-05-24,AAPL,RSI,63.8366
2023-05-25,AAPL,RSI,66.7394
2023-05-26,AAPL,RSI,65.0973
2023-05-29,AAPL,RSI,55.7385
2023-05-30,AAPL,RSI,50.966
2023-05-31,AAPL,RSI,54.5471
2023-06-01,AAPL,RSI,53.3058
2023-06-02,AAPL,RSI,58.7771
2023-06-05,AAPL,RSI,68.2424
2023-06-06,AAPL,RSI,71.9816
2023-06-07,AAPL,RSI,74.5111
2023-06-08,AAPL,RSI,78.8765
2023-06-09,AAPL,RSI,75.6922
2023-06-12,AAPL,RSI,68.6323
2023-06-13,AAPL,RSI,72.8803
2023-06-14,AAPL,RSI,67.3621
2023-06-15,AAPL,RSI,71.4655
2023-06-16,AAPL,RSI,78.6584
2023-06-19,AAPL,RSI,69.0695
2023-06-20,AAPL,RSI,61.4904
2023-06-21,AAPL,RSI,55.4489
2023-06-22,AAPL,RSI,49.2895
2023-06-23,AAPL,RSI,47.968
2023-06-26,AAPL,RSI,46.8734
2023-06-27,AAPL,RSI,45.8599
2023-06-28,AAPL,RSI,32.0487
2023-06-29,AAPL,RSI,28.0286
2023-06-30,AAPL,RSI,32.6507
2023-07-03,AAPL,RSI,22.7635
2023-07-04,AAPL,RSI,26.2588
2023-07-05,AAPL,RSI,29.2022
2023-07-06,AAPL,RSI,21.7826
2023-07-07,AAPL,RSI,30.3996
2023-07-10,AAPL,RSI,36.0164
2023-07-11,AAPL,RSI,46.371
2023-07-12,AAPL,RSI,46.8873
2023-07-13,AAPL,RSI,43.255
2023-07-14,AAPL,RSI,40.9888
2023-07-17,AAPL,RSI,44.4696
2023-07-18,AAPL,RSI,50.4208
2023-07-19,AAPL,RSI,73.4701
2023-07-20,AAPL,RSI,70.3196
2023-07-21,AAPL,RSI,74.1962
2023-07-24,AAPL,RSI,75.818
2023-07-25,AAPL,RSI,53.905
2023-07-26,AAPL,RSI,45.4768
2023-07-27,AAPL,RSI,34.4187
2023-07-28,AAPL,RSI,26.5137
2023-07-31,AAPL,RSI,21.6241
2023-08-01,AAPL,RSI,27.5318
2023-08-02,AAPL,RSI,27.3515
2023-08-03,AAPL,RSI,27.1966
2023-08-04,AAPL,RSI,28.0706
2023-08-07,AAPL,RSI,35.9679
2023-08-08,AAPL,RSI,32.8987
2023-08-09,AAPL,RSI,40.1407
2023-08-10,AAPL,RSI,40.9455
2023-08-11,AAPL,RSI,34.5204
2023-08-14,AAPL,RSI,39.0311
2023-08-15,AAPL,RSI,38.6892
2023-08-16,AAPL,RSI,40.8861
2023-08-17,AAPL,RSI,49.2261
2023-08-18,AAPL,RSI,56.31
2023-08-21,AAPL,RSI,60.1515
2023-08-22,AAPL,RSI,54.5829
2023-08-23,AAPL,RSI,55.3081
2023-08-24,AAPL,RSI,46.8674
2023-08-25,AAPL,RSI,42.917
2023-08-28,AAPL,RSI,42.6963
2023-08-29,AAPL,RSI,29.5806
2023-08-30,AAPL,RSI,33.8875
2023-08-31,AAPL,RSI,34.7003
2023-09-01,AAPL,RSI,34.9977
2023-09-04,AAPL,RSI,36.4966
2023-09-05,AAPL,RSI,37.3702
2023-09-06,AAPL,RSI,40.6242
2023-09-07,AAPL,RSI,35.7441
2023-09-08,AAPL,RSI,26.4103
2023-09-11,AAPL,RSI,33.7453
2023-09-12,AAPL,RSI,39.6436
2023-09-13,AAPL,RSI,42.8902
2023-09-14,AAPL,RSI,33.8045
2023-09-15,AAPL,RSI,40.4858
2023-09-18,AAPL,RSI,47.207
2023-09-19,AAPL,RSI,48.1517
2023-09-20,AAPL,RSI,53.419
2023-09-21,AAPL,RSI,55.798
2023-09-22,AAPL,RSI,64.7019
2023-09-25,AAPL,RSI,76.0276
2023-09-26,AAPL,RSI,79.772
2023-09-27,AAPL,RSI,81.0579
2023-09-28,AAPL,RSI,80.8373
2023-09-29,AAPL,RSI,82.1847
2023-10-02,AAPL,RSI,73.6864
2023-10-03,AAPL,RSI,76.5446
2023-10-04,AAPL,RSI,87.0696
2023-10-05,AAPL,RSI,86.1917
2023-10-06,AAPL,RSI,81.061
2023-10-09,AAPL,RSI,66.3119
2023-10-10,AAPL,RSI,53.8322
2023-10-11,AAPL,RSI,49.8786
2023-10-12,AAPL,RSI,46.9642
2023-10-13,AAPL,RSI,37.2186
2023-10-16,AAPL,RSI,35.7275
2023-10-17,AAPL,RSI,40.9955
2023-10-18,AAPL,RSI,37.1621
2023-10-19,AAPL,RSI,33.073
2023-10-20,AAPL,RSI,34.5089
2023-10-23,AAPL,RSI,31.6112
2023-10-24,AAPL,RSI,32.7987
2023-10-25,AAPL,RSI,34.295
2023-10-26,AAPL,RSI,35.9594
2023-10-27,AAPL,RSI,47.6983
2023-10-30,AAPL,RSI,52.3097
2023-10-31,AAPL,RSI,58.7167
2023-11-01,AAPL,RSI,70.5203
2023-11-02,AAPL,RSI,72.817
2023-11-03,AAPL,RSI,72.0382
2023-11-06,AAPL,RSI,69.2474
2023-11-07,AAPL,RSI,78.1954
2023-11-08,AAPL,RSI,77.0231
2023-11-09,AAPL,RSI,78.8922
2023-11-10,AAPL,RSI,74.168
2023-11-13,AAPL,RSI,74.9166
2023-11-14,AAPL,RSI,66.6823
2023-11-15,AAPL,RSI,70.9949
2023-11-16,AAPL,RSI,71.3471
2023-11-17,AAPL,RSI,80.6793
2023-11-20,AAPL,RSI,78.3044
2023-11-21,AAPL,RSI,72.8601
2023-11-22,AAPL,RSI,69.1776
2023-11-23,AAPL,RSI,67.3769
2023-11-24,AAPL,RSI,52.6575
2023-11-27,AAPL,RSI,47.4451
2023-11-28,AAPL,RSI,38.7714
2023-11-29,AAPL,RSI,34.6462
2023-11-30,AAPL,RSI,43.5664
2023-12-01,AAPL,RSI,45.4529
2023-12-04,AAPL,RSI,45.9915
2023-12-05,AAPL,RSI,38.392
2023-12-06,AAPL,RSI,26.8813
2023-12-07,AAPL,RSI,24.1435
2023-12-08,AAPL,RSI,33.942
2023-12-11,AAPL,RSI,33.6494
2023-12-12,AAPL,RSI,33.2648
2023-12-13,AAPL,RSI,31.0559
2023-12-14,AAPL,RSI,32.0197
2023-12-15,AAPL,RSI,32.1673
2023-12-18,AAPL,RSI,37.2
2023-12-19,AAPL,RSI,41.1707
2023-12-20,AAPL,RSI,38.397
2023-12-21,AAPL,RSI,35.4754
2023-12-22,AAPL,RSI,41.0556
2023-12-25,AAPL,RSI,44.1679
2023-12-26,AAPL,RSI,63.1254
2023-12-27,AAPL,RSI,71.6832
2023-12-28,AAPL,RSI,57.3911
2023-12-29,AAPL,RSI,50.3423
2024-01-01,AAPL,RSI,59.1394
2024-01-02,AAPL,RSI,56.27
2024-01-03,AAPL,RSI,70.7834
2024-01-04,AAPL,RSI,69.5762
2024-01-05,AAPL,RSI,73.2179
2024-01-08,AAPL,RSI,73.9536
2024-01-09,AAPL,RSI,72.8882
2024-01-10,AAPL,RSI,75.7647
2024-01-11,AAPL,RSI,72.1778
2024-01-12,AAPL,RSI,70.1508
2024-01-15,AAPL,RSI,65.402
2024-01-16,AAPL,RSI,61.9595
2024-01-17,AAPL,RSI,58.3304
2024-01-18,AAPL,RSI,65.0522
2024-01-19,AAPL,RSI,57.5812
2024-01-22,AAPL,RSI,62.7109
2024-01-23,AAPL,RSI,46.4983
2024-01-24,AAPL,RSI,45.3211
2024-01-25,AAPL,RSI,33.6928
2024-01-26,AAPL,RSI,31.0958
2024-01-29,AAPL,RSI,30.8846
2024-01-30,AAPL,RSI,21.2132
2024-01-31,AAPL,RSI,21.4803
2024-02-01,AAPL,RSI,23.1141
2024-02-02,AAPL,RSI,25.4942
2024-02-05,AAPL,RSI,20.2597
2024-02-06,AAPL,RSI,28.3829
2024-02-07,AAPL,RSI,28.0869
2024-02-08,AAPL,RSI,32.1821
2024-02-09,AAPL,RSI,27.6231
2024-02-12,AAPL,RSI,39.7021
2024-02-13,AAPL,RSI,56.7945
2024-02-14,AAPL,RSI,69.1601
2024-02-15,AAPL,RSI,74.0276
2024-02-16,AAPL,RSI,65.6218
2024-02-19,AAPL,RSI,58.7194
2024-02-20,AAPL,RSI,52.4618
2024-02-21,AAPL,RSI,48.76
2024-02-22,AAPL,RSI,47.4118
2024-02-23,AAPL,RSI,54.1868
2024-02-26,AAPL,RSI,50.9277
2024-02-27,AAPL,RSI,43.0681
2024-02-28,AAPL,RSI,46.0144
2024-02-29,AAPL,RSI,46.977
2024-03-01,AAPL,RSI,44.4583
2024-03-04,AAPL,RSI,26.1375
2024-03-05,AAPL,RSI,31.3046
2024-03-06,AAPL,RSI,34.1898
2024-03-07,AAPL,RSI,31.6956
2024-03-08,AAPL,RSI,35.717
2024-03-11,AAPL,RSI,44.6333
2024-03-12,AAPL,RSI,44.6569
2024-03-13,AAPL,RSI,46.5269
2024-03-14,AAPL,RSI,36.4098
2024-03-15,AAPL,RSI,44.513
2024-03-18,AAPL,RSI,54.6721
2024-03-19,AAPL,RSI,48.9268
2024-03-20,AAPL,RSI,46.7703
2024-03-21,AAPL,RSI,37.3439
2024-03-22,AAPL,RSI,35.9342
2024-03-25,AAPL,RSI,31.902
2024-03-26,AAPL,RSI,28.1389
2024-03-27,AAPL,RSI,35.9818
2024-03-28,AAPL,RSI,45.1447
2024-03-29,AAPL,RSI,40.4601
2024-04-01,AAPL,RSI,40.7806
2024-04-02,AAPL,RSI,40.9078
2024-04-03,AAPL,RSI,51.3801
2024-04-04,AAPL,RSI,42.5987
2024-04-05,AAPL,RSI,38.1893
2024-04-08,AAPL,RSI,46.2415
2024-04-09,AAPL,RSI,40.1874
2024-04-10,AAPL,RSI,43.6128
2024-04-11,AAPL,RSI,45.9035
2024-04-12,AAPL,RSI,45.2432
2024-04-15,AAPL,RSI,51.4859
2024-04-16,AAPL,RSI,49.9218
2024-04-17,AAPL,RSI,36.5252
2024-04-18,AAPL,RSI,42.2656
2024-04-19,AAPL,RSI,43.201
2024-04-22,AAPL,RSI,47.1827
2024-04-23,AAPL,RSI,38.3673
2024-04-24,AAPL,RSI,40.384
2024-04-25,AAPL,RSI,41.6393
2024-04-26,AAPL,RSI,35.9925
2024-04-29,AAPL,RSI,44.956
2024-04-30,AAPL,RSI,43.3693
2024-05-01,AAPL,RSI,47.8079
2024-05-02,AAPL,RSI,45.7075
2024-05-03,AAPL,RSI,42.8283
2024-05-06,AAPL,RSI,36.677
2024-05-07,AAPL,RSI,45.4337
2024-05-08,AAPL,RSI,39.6737
2024-05-09,AAPL,RSI,37.4892
2024-05-10,AAPL,RSI,34.0897
2024-05-13,AAPL,RSI,37.5813
2024-05-14,AAPL,RSI,37.7838
2024-05-15,AAPL,RSI,42.2145
2024-05-16,AAPL,RSI,36.5698
2024-05-17,AAPL,RSI,34.0206
2024-05-20,AAPL,RSI,42.3451
2024-05-21,AAPL,RSI,36.233
2024-05-22,AAPL,RSI,43.9186
2024-05-23,AAPL,RSI,39.9104
2024-05-24,AAPL,RSI,45.039
2024-05-27,AAPL,RSI,50.3961
2024-05-28,AAPL,RSI,49.1175
2024-05-29,AAPL,RSI,43.9068
2024-05-30,AAPL,RSI,47.971
2024-05-31,AAPL,RSI,56.562
2024-06-03,AAPL,RSI,57.3703
2024-06-04,AAPL,RSI,44.9061
2024-06-05,AAPL,RSI,45.3635
2024-06-06,AAPL,RSI,44.3176
2024-06-07,AAPL,RSI,42.6256
2024-06-10,AAPL,RSI,41.2888
2024-06-11,AAPL,RSI,41.5937
2024-06-12,AAPL,RSI,45.1954
2024-06-13,AAPL,RSI,42.1709
2024-06-14,AAPL,RSI,39.4511
2024-06-17,AAPL,RSI,49.6603
2024-06-18,AAPL,RSI,59.1253
2024-06-19,AAPL,RSI,52.4902
2024-06-20,AAPL,RSI,39.7872
2024-06-21,AAPL,RSI,45.0902
2024-06-24,AAPL,RSI,46.2251
2024-06-25,AAPL,RSI,48.5525
2024-06-26,AAPL,RSI,48.0643
2024-06-27,AAPL,RSI,56.8454
2024-06-28,AAPL,RSI,61.6744
2024-07-01,AAPL,RSI,65.327
2024-07-02,AAPL,RSI,57.9339
2024-07-03,AAPL,RSI,67.3333
2024-07-04,AAPL,RSI,66.3855
2024-07-05,AAPL,RSI,54.0863
2024-07-08,AAPL,RSI,54.1275
2024-07-09,AAPL,RSI,60.8772
2024-07-10,AAPL,RSI,59.8156
2024-07-11,AAPL,RSI,49.3748
2024-07-12,AAPL,RSI,57.345
2024-07-15,AAPL,RSI,52.2208
2024-07-16,AAPL,RSI,52.42
2024-07-17,AAPL,RSI,43.1525
2024-07-18,AAPL,RSI,37.3501
2024-07-19,AAPL,RSI,22.4646
2024-07-22,AAPL,RSI,28.4098
2024-07-23,AAPL,RSI,22.7072
2024-07-24,AAPL,RSI,16.0812
2024-07-25,AAPL,RSI,22.182
2024-07-26,AAPL,RSI,22.5325
2024-07-29,AAPL,RSI,12.606
2024-07-30,AAPL,RSI,11.7654
2024-07-31,AAPL,RSI,19.4021
2024-08-01,AAPL,RSI,21.6282
2024-08-02,AAPL,RSI,36.1409
2024-08-05,AAPL,RSI,39.0817
2024-08-06,AAPL,RSI,41.0302
2024-08-07,AAPL,RSI,46.455
2024-08-08,AAPL,RSI,56.8346
2024-08-09,AAPL,RSI,57.4341
2024-08-12,AAPL,RSI,64.1565
2024-08-13,AAPL,RSI,76.0696
2024-08-14,AAPL,RSI,71.129
2024-08-15,AAPL,RSI,67.1442
2024-08-16,AAPL,RSI,73.8584
2024-08-19,AAPL,RSI,85.7233
2024-08-20,AAPL,RSI,80.9213
2024-08-21,AAPL,RSI,77.0947
2024-08-22,AAPL,RSI,72.2537
2024-08-23,AAPL,RSI,68.8993
2024-08-26,AAPL,RSI,70.9966
2024-08-27,AAPL,RSI,57.0835
2024-08-28,AAPL,RSI,49.9107
2024-08-29,AAPL,RSI,43.8198
2024-08-30,AAPL,RSI,30.1068
2024-09-02,AAPL,RSI,29.2695
2024-09-03,AAPL,RSI,28.4091
2024-09-04,AAPL,RSI,29.0814
2024-09-05,AAPL,RSI,30.1062
2024-09-06,AAPL,RSI,20.286
2024-09-09,AAPL,RSI,19.5343
2024-09-10,AAPL,RSI,20.1832
2024-09-11,AAPL,RSI,24.0391
2024-09-12,AAPL,RSI,22.8751
2024-09-13,AAPL,RSI,15.327
2024-09-16,AAPL,RSI,22.5886
2024-09-17,AAPL,RSI,23.9936
2024-09-18,AAPL,RSI,30.2109
2024-09-19,AAPL,RSI,38.9139
2024-09-20,AAPL,RSI,48.5174
2024-09-23,AAPL,RSI,47.8662
2024-09-24,AAPL,RSI,48.9327
2024-09-25,AAPL,RSI,40.1055
2024-09-26,AAPL,RSI,35.6305
2024-09-27,AAPL,RSI,33.8154
2024-09-30,AAPL,RSI,38.4699
2024-10-01,AAPL,RSI,29.73
2024-10-02,AAPL,RSI,29.8381
2024-10-03,AAPL,RSI,32.8776
2024-10-04,AAPL,RSI,36.7151
2024-10-07,AAPL,RSI,29.9416
2024-10-08,AAPL,RSI,22.2122
2024-10-09,AAPL,RSI,20.6907
2024-10-10,AAPL,RSI,24.0953
2024-10-11,AAPL,RSI,27.9736
2024-10-14,AAPL,RSI,31.9798
2024-10-15,AAPL,RSI,29.9961
2024-10-16,AAPL,RSI,30.5131
2024-10-17,AAPL,RSI,36.7051
2024-10-18,AAPL,RSI,33.382
2024-10-21,AAPL,RSI,37.1689
2024-10-22,AAPL,RSI,39.9467
2024-10-23,AAPL,RSI,41.6511
2024-10-24,AAPL,RSI,36.3825
2024-10-25,AAPL,RSI,50.7257
2024-10-28,AAPL,RSI,63.7492
2024-10-29,AAPL,RSI,58.7255
2024-10-30,AAPL,RSI,40.8212
2024-10-31,AAPL,RSI,44.3469
2024-11-01,AAPL,RSI,46.1945
2024-11-04,AAPL,RSI,46.7616
2024-11-05,AAPL,RSI,44.0617
2024-11-06,AAPL,RSI,42.4501
2024-11-07,AAPL,RSI,46.155
2024-11-08,AAPL,RSI,50.7582
2024-11-11,AAPL,RSI,53.2012
2024-11-12,AAPL,RSI,50.9159
2024-11-13,AAPL,RSI,47.3632
2024-11-14,AAPL,RSI,44.5238
2024-11-15,AAPL,RSI,40.2017
2024-11-18,AAPL,RSI,42.328
2024-11-19,AAPL,RSI,58.7142
2024-11-20,AAPL,RSI,61.2536
2024-11-21,AAPL,RSI,61.333
2024-11-22,AAPL,RSI,61.5081
2024-11-25,AAPL,RSI,73.0062
2024-11-26,AAPL,RSI,74.2112
2024-11-27,AAPL,RSI,73.4241
2024-11-28,AAPL,RSI,72.6675
2024-11-29,AAPL,RSI,73.1005
2024-12-02,AAPL,RSI,76.8113
2024-12-03,AAPL,RSI,83.262
2024-12-04,AAPL,RSI,83.7498
2024-12-05,AAPL,RSI,73.839
2024-12-06,AAPL,RSI,78.9994
2024-12-09,AAPL,RSI,72.1633
2024-12-10,AAPL,RSI,60.1658
2024-12-11,AAPL,RSI,62.1445
2024-12-12,AAPL,RSI,71.5025
2024-12-13,AAPL,RSI,72.8511
2024-12-16,AAPL,RSI,72.1766
2024-12-17,AAPL,RSI,74.2357
2024-12-18,AAPL,RSI,71.8621
2024-12-19,AAPL,RSI,70.9598
2024-12-20,AAPL,RSI,62.6483
2024-12-23,AAPL,RSI,62.0165
2024-12-24,AAPL,RSI,61.1444
2024-12-25,AAPL,RSI,63.3093
2024-12-26,AAPL,RSI,62.8202
2024-12-27,AAPL,RSI,65.4348
2024-12-30,AAPL,RSI,77.7356
2024-12-31,AAPL,RSI,76.5262
2025-01-01,AAPL,RSI,72.4056
2025-01-02,AAPL,RSI,68.8018
2025-01-03,AAPL,RSI,67.982
2025-01-06,AAPL,RSI,59.3859
2025-01-07,AAPL,RSI,50.5623
2025-01-08,AAPL,RSI,48.1693
2025-01-09,AAPL,RSI,50.5938
2025-01-10,AAPL,RSI,40.1766
2025-01-13,AAPL,RSI,43.2855
2025-01-14,AAPL,RSI,53.821
2025-01-15,AAPL,RSI,43.7621
2025-01-16,AAPL,RSI,43.5751
2025-01-17,AAPL,RSI,38.1573
2025-01-20,AAPL,RSI,39.0239
2025-01-21,AAPL,RSI,45.451
2025-01-22,AAPL,RSI,44.173
2025-01-23,AAPL,RSI,40.1228
2025-01-24,AAPL,RSI,36.9309
2025-01-27,AAPL,RSI,43.1224
2025-01-28,AAPL,RSI,45.8032
2025-01-29,AAPL,RSI,55.2064
2025-01-30,AAPL,RSI,66.0227
2025-01-31,AAPL,RSI,63.6501
2025-02-03,AAPL,RSI,55.2747
2025-02-04,AAPL,RSI,63.2519
2025-02-05,AAPL,RSI,64.718
2025-02-06,AAPL,RSI,59.8256
2025-02-07,AAPL,RSI,51.2977
2025-02-10,AAPL,RSI,46.6967
2025-02-11,AAPL,RSI,43.6584
2025-02-12,AAPL,RSI,44.8966
2025-02-13,AAPL,RSI,53.5766
2025-02-14,AAPL,RSI,48.7336
2025-02-17,AAPL,RSI,47.8101
2025-02-18,AAPL,RSI,39.6307
2025-02-19,AAPL,RSI,21.9398
2025-02-20,AAPL,RSI,20.8662
2025-02-21,AAPL,RSI,40.9179
2025-02-24,AAPL,RSI,36.5184
2025-02-25,AAPL,RSI,27.0888
2025-02-26,AAPL,RSI,23.3593
2025-02-27,AAPL,RSI,24.9542
2025-02-28,AAPL,RSI,23.2798
2025-03-03,AAPL,RSI,24.227
2025-03-04,AAPL,RSI,33.6661
2025-03-05,AAPL,RSI,25.3763
2025-03-06,AAPL,RSI,28.3044
2025-03-07,AAPL,RSI,34.1749
2025-03-10,AAPL,RSI,30.4393
2025-03-11,AAPL,RSI,32.255
2025-03-12,AAPL,RSI,31.811
2025-03-13,AAPL,RSI,22.5811
2025-03-14,AAPL,RSI,24.2229
2025-03-17,AAPL,RSI,36.7082
2025-03-18,AAPL,RSI,51.3581
2025-03-19,AAPL,RSI,49.9001
2025-03-20,AAPL,RSI,56.283
2025-03-21,AAPL,RSI,56.8278
2025-03-24,AAPL,RSI,58.572
2025-03-25,AAPL,RSI,70.8192
2025-03-26,AAPL,RSI,70.2594
2025-03-27,AAPL,RSI,67.2983
2025-03-28,AAPL,RSI,81.1726
2025-03-31,AAPL,RSI,84.5024
2025-04-01,AAPL,RSI,83.8894
2025-04-02,AAPL,RSI,89.9106
2025-04-03,AAPL,RSI,89.177
2025-04-04,AAPL,RSI,84.6157
2025-04-07,AAPL,RSI,83.8165
2025-04-08,AAPL,RSI,85.8983
2025-04-09,AAPL,RSI,83.9991
2025-04-10,AAPL,RSI,83.9771
2025-04-11,AAPL,RSI,81.7463
2025-04-14,AAPL,RSI,83.2694
2025-04-15,AAPL,RSI,67.6873
2025-04-16,AAPL,RSI,68.6544
2025-04-17,AAPL,RSI,51.2752
2025-04-18,AAPL,RSI,39.5038
2025-04-21,AAPL,RSI,42.3597
2025-04-22,AAPL,RSI,36.1502
2025-04-23,AAPL,RSI,34.8601
2025-04-24,AAPL,RSI,42.7023
2025-04-25,AAPL,RSI,30.9649
2025-04-28,AAPL,RSI,29.3829
2025-04-29,AAPL,RSI,25.5571
2025-04-30,AAPL,RSI,25.2041
2025-05-01,AAPL,RSI,24.4921
2025-05-02,AAPL,RSI,18.7773
2025-05-05,AAPL,RSI,29.3963
2025-05-06,AAPL,RSI,24.0781
2025-05-07,AAPL,RSI,22.0373
2025-05-08,AAPL,RSI,21.3116
2025-05-09,AAPL,RSI,21.4729
2025-05-12,AAPL,RSI,20.198
2025-05-13,AAPL,RSI,21.5541
2025-05-14,AAPL,RSI,13.3874
2025-05-15,AAPL,RSI,18.6161
2025-05-16,AAPL,RSI,28.8323
2025-05-19,AAPL,RSI,27.2546
2025-05-20,AAPL,RSI,24.2405
2025-05-21,AAPL,RSI,19.6166
2025-05-22,AAPL,RSI,24.0879
2025-05-23,AAPL,RSI,27.0705
2025-05-26,AAPL,RSI,25.4259
2025-05-27,AAPL,RSI,24.5707
2025-05-28,AAPL,RSI,25.6676
2025-05-29,AAPL,RSI,23.9757
2025-05-30,AAPL,RSI,23.4256
2025-06-02,AAPL,RSI,22.9307
2025-06-03,AAPL,RSI,23.2816
2025-06-04,AAPL,RSI,21.2097
2025-06-05,AAPL,RSI,20.8035
2025-06-06,AAPL,RSI,21.8024
2025-06-09,AAPL,RSI,22.6558
2025-06-10,AAPL,RSI,28.1153
2025-06-11,AAPL,RSI,23.0251
2025-06-12,AAPL,RSI,16.572
2025-06-13,AAPL,RSI,18.0911
2025-06-16,AAPL,RSI,23.4434
2025-06-17,AAPL,RSI,41.6791
2025-06-18,AAPL,RSI,42.8266
2025-06-19,AAPL,RSI,56.724
2025-06-20,AAPL,RSI,57.7345
2025-06-23,AAPL,RSI,50.8484
2025-06-24,AAPL,RSI,52.5936
2025-06-25,AAPL,RSI,42.9634
2025-06-26,AAPL,RSI,42.7616
2025-06-27,AAPL,RSI,48.3235
2025-06-30,AAPL,RSI,48.6652
2025-07-01,AAPL,RSI,53.1925
2025-07-02,AAPL,RSI,55.8429
2025-07-03,AAPL,RSI,59.9119
2025-07-04,AAPL,RSI,65.1433
2025-07-07,AAPL,RSI,62.2595
2025-07-08,AAPL,RSI,69.5987
2025-07-09,AAPL,RSI,53.4476
2025-07-10,AAPL,RSI,53.0235
2025-07-11,AAPL,RSI,54.7724
2025-07-14,AAPL,RSI,54.9658
2025-07-15,AAPL,RSI,57.2313
2025-07-16,AAPL,RSI,60.0958
2025-07-17,AAPL,RSI,64.8292
2025-07-18,AAPL,RSI,62.4377
2025-07-21,AAPL,RSI,66.8232
2025-07-22,AAPL,RSI,62.7272
2025-07-23,AAPL,RSI,58.9381
2025-07-24,AAPL,RSI,52.3294
2025-07-25,AAPL,RSI,51.8993
2025-07-28,AAPL,RSI,50.7909
2025-07-29,AAPL,RSI,73.4364
2025-07-30,AAPL,RSI,77.2381
2025-07-31,AAPL,RSI,87.183
2025-08-01,AAPL,RSI,75.0967
2025-08-04,AAPL,RSI,79.1317
2025-08-05,AAPL,RSI,82.5308
2025-08-06,AAPL,RSI,80.8166
2025-08-07,AAPL,RSI,82.7284
2025-08-08,AAPL,RSI,83.8071
2025-08-11,AAPL,RSI,86.5827
2025-08-12,AAPL,RSI,88.1784
2025-08-13,AAPL,RSI,88.5328
2025-08-14,AAPL,RSI,84.9532
2025-08-15,AAPL,RSI,83.8461
2025-08-18,AAPL,RSI,57.8532
2025-08-19,AAPL,RSI,58.1806
2025-08-20,AAPL,RSI,41.3657
2025-08-21,AAPL,RSI,40.0321
2025-08-22,AAPL,RSI,41.8986
2025-08-25,AAPL,RSI,40.0174
2025-08-26,AAPL,RSI,33.628
2025-08-27,AAPL,RSI,31.2251
2025-08-28,AAPL,RSI,32.6167
2025-08-29,AAPL,RSI,29.4052
2025-09-01,AAPL,RSI,32.7675
2025-09-02,AAPL,RSI,31.4328
2025-09-03,AAPL,RSI,33.9063
2025-09-04,AAPL,RSI,38.4933
2025-09-05,AAPL,RSI,47.7226
2025-09-08,AAPL,RSI,43.0896
2025-09-09,AAPL,RSI,57.1513
2025-09-10,AAPL,RSI,66.688
2025-09-11,AAPL,RSI,56.9116
2025-09-12,AAPL,RSI,53.7332
2025-09-15,AAPL,RSI,55.8041
2025-09-16,AAPL,RSI,63.1279
2025-09-17,AAPL,RSI,58.1988
2025-09-18,AAPL,RSI,59.3792
2025-09-19,AAPL,RSI,46.2339
2025-09-22,AAPL,RSI,47.8788
2025-09-23,AAPL,RSI,49.3066
2025-09-24,AAPL,RSI,29.7999
2025-09-25,AAPL,RSI,24.3925
2025-09-26,AAPL,RSI,38.339
2025-09-29,AAPL,RSI,36.9209
2025-09-30,AAPL,RSI,31.5764
2025-10-01,AAPL,RSI,40.3491
2025-10-02,AAPL,RSI,44.6495
2025-10-03,AAPL,RSI,41.0871
2025-10-06,AAPL,RSI,36.4456
2025-10-07,AAPL,RSI,40.9065
2025-10-08,AAPL,RSI,44.3934
2025-10-09,AAPL,RSI,48.2633
2025-10-10,AAPL,RSI,41.2737
2025-10-13,AAPL,RSI,39.6547
2025-10-14,AAPL,RSI,42.4566
2025-10-15,AAPL,RSI,44.9695
2025-10-16,AAPL,RSI,43.5258
2025-10-17,AAPL,RSI,52.9889
2025-10-20,AAPL,RSI,67.5041
2025-10-21,AAPL,RSI,70.0967
2025-10-22,AAPL,RSI,68.3077
2025-10-23,AAPL,RSI,79.1929
2025-10-24,AAPL,RSI,80.351
2025-10-27,AAPL,RSI,79.2954
2025-10-28,AAPL,RSI,78.8623
2025-10-29,AAPL,RSI,79.4586
2025-10-30,AAPL,RSI,90.8696
2025-10-31,AAPL,RSI,83.097
2025-11-03,AAPL,RSI,81.7181
2025-11-04,AAPL,RSI,86.5794
2025-11-05,AAPL,RSI,85.3964
2025-11-06,AAPL,RSI,83.5367
2025-11-07,AAPL,RSI,81.1604
2025-11-10,AAPL,RSI,71.7094
2025-11-11,AAPL,RSI,76.2163
2025-11-12,AAPL,RSI,76.4202
2025-11-13,AAPL,RSI,59.6789
2025-11-14,AAPL,RSI,66.3021
2025-11-17,AAPL,RSI,61.8167
2025-11-18,AAPL,RSI,47.2571
2025-11-19,AAPL,RSI,42.7698
2025-11-20,AAPL,RSI,41.7173
2025-11-21,AAPL,RSI,43.6979
2025-11-24,AAPL,RSI,38.9586
2025-11-25,AAPL,RSI,37.6579
2025-11-26,AAPL,RSI,39.1171
2025-11-27,AAPL,RSI,36.9937
2025-11-28,AAPL,RSI,40.3787
2025-12-01,AAPL,RSI,38.0943
2025-12-02,AAPL,RSI,39.4269
2025-12-03,AAPL,RSI,36.4254
2025-12-04,AAPL,RSI,25.2646
2025-12-05,AAPL,RSI,21.7604
2025-12-08,AAPL,RSI,26.1089
2025-12-09,AAPL,RSI,29.422
2025-12-10,AAPL,RSI,40.9016
2025-12-11,AAPL,RSI,47.423
2025-12-12,AAPL,RSI,49.8205
2025-12-15,AAPL,RSI,49.0138
2025-12-16,AAPL,RSI,48.3171
2025-12-17,AAPL,RSI,44.0224
2025-12-18,AAPL,RSI,42.1697
2025-12-19,AAPL,RSI,45.2849
2025-12-22,AAPL,RSI,39.3371
2025-12-23,AAPL,RSI,54.7442
2025-12-24,AAPL,RSI,60.2736
2025-12-25,AAPL,RSI,69.0985
2025-12-26,AAPL,RSI,72.3764
2025-12-29,AAPL,RSI,74.4493
2025-12-30,AAPL,RSI,71.9062
2025-12-31,AAPL,RSI,61.3724
2026-01-01,AAPL,RSI,54.5622
2026-01-02,AAPL,RSI,54.2833
2026-01-05,AAPL,RSI,54.6142
2026-01-06,AAPL,RSI,52.0928
2026-01-07,AAPL,RSI,54.1749
2026-01-08,AAPL,RSI,43.2822
2026-01-09,AAPL,RSI,44.863
2026-01-12,AAPL,RSI,40.6971
2026-01-13,AAPL,RSI,49.9309
2026-01-14,AAPL,RSI,48.0183
2026-01-15,AAPL,RSI,50.1598
2026-01-16,AAPL,RSI,47.6588
2026-01-19,AAPL,RSI,49.0988
2026-01-20,AAPL,RSI,53.263
2026-01-21,AAPL,RSI,59.7728
2026-01-22,AAPL,RSI,62.0183
2026-01-23,AAPL,RSI,65.3885
2026-01-26,AAPL,RSI,68.2764
2026-01-27,AAPL,RSI,70.4544
2026-01-28,AAPL,RSI,73.8893
2026-01-29,AAPL,RSI,74.8181
2026-01-30,AAPL,RSI,67.32
2026-02-02,AAPL,RSI,61.0884
2026-02-03,AAPL,RSI,75.5449
2026-02-04,AAPL,RSI,70.837
2026-02-05,AAPL,RSI,68.6768
2026-02-06,AAPL,RSI,58.4443
2026-02-09,AAPL,RSI,56.4406
2026-02-10,AAPL,RSI,45.5941
2026-02-11,AAPL,RSI,42.4904
2026-02-12,AAPL,RSI,35.1523
2026-02-13,AAPL,RSI,44.6452
2026-02-16,AAPL,RSI,52.114
2026-02-17,AAPL,RSI,52.3468
2026-02-18,AAPL,RSI,57.8354
2026-02-19,AAPL,RSI,63.6699
2026-02-20,AAPL,RSI,61.5562
2026-02-23,AAPL,RSI,58.1939
2026-02-24,AAPL,RSI,58.8197
2026-02-25,AAPL,RSI,60.2807
2026-02-26,AAPL,RSI,64.315
2026-02-27,AAPL,RSI,57.4353
2026-03-02,AAPL,RSI,57.3873
2026-03-03,AAPL,RSI,64.0923
2026-03-04,AAPL,RSI,61.9502
2026-03-05,AAPL,RSI,54.2561
2026-03-06,AAPL,RSI,39.0348
2026-03-09,AAPL,RSI,47.6262
2026-03-10,AAPL,RSI,38.2097
2026-03-11,AAPL,RSI,32.6099
2026-03-12,AAPL,RSI,42.9241
2026-03-13,AAPL,RSI,49.743
2026-03-16,AAPL,RSI,52.0062
2026-03-17,AAPL,RSI,56.0101
2026-03-18,AAPL,RSI,62.9588
2026-03-19,AAPL,RSI,74.66
2026-03-20,AAPL,RSI,86.8099
2026-03-23,AAPL,RSI,86.8784
2026-03-24,AAPL,RSI,89.5225
2026-03-25,AAPL,RSI,84.2885
2026-03-26,AAPL,RSI,85.27
2026-03-27,AAPL,RSI,74.6532
2026-03-30,AAPL,RSI,69.7237
2026-03-31,AAPL,RSI,75.5717
2026-04-01,AAPL,RSI,75.1955
2026-04-02,AAPL,RSI,75.4563
2026-04-03,AAPL,RSI,73.0386
2026-04-06,AAPL,RSI,64.6211
2026-04-07,AAPL,RSI,60.0197
2026-04-08,AAPL,RSI,56.5236
2026-04-09,AAPL,RSI,54.3937
2026-04-10,AAPL,RSI,56.6588
2026-04-13,AAPL,RSI,52.6918
2026-04-14,AAPL,RSI,60.0807
2026-04-15,AAPL,RSI,51.6498
2026-04-16,AAPL,RSI,61.2213
2026-04-17,AAPL,RSI,66.4988
2026-04-20,AAPL,RSI,55.5319
2026-04-21,AAPL,RSI,49.1135
2026-04-22,AAPL,RSI,35.7889
2026-04-23,AAPL,RSI,35.8532
2026-04-24,AAPL,RSI,58.1644
2026-04-27,AAPL,RSI,59.3615
2026-04-28,AAPL,RSI,56.6893
2026-04-29,AAPL,RSI,42.7666
2026-04-30,AAPL,RSI,30.8637
2026-05-01,AAPL,RSI,31.2933
2026-05-04,AAPL,RSI,26.0338
2026-05-05,AAPL,RSI,39.6063
2026-05-06,AAPL,RSI,35.6874
2026-05-07,AAPL,RSI,43.6568
2026-05-08,AAPL,RSI,47.6331
2026-05-11,AAPL,RSI,49.0832
2026-05-12,AAPL,RSI,49.5993
2026-05-13,AAPL,RSI,51.1269
2026-05-14,AAPL,RSI,50.8814
2026-05-15,AAPL,RSI,40.3814
2026-05-18,AAPL,RSI,34.9905
2026-05-19,AAPL,RSI,40.0958
2026-05-20,AAPL,RSI,43.5808
2026-05-21,AAPL,RSI,47.9579
2026-05-22,AAPL,RSI,53.0822
2026-05-25,AAPL,RSI,44.8076
2026-05-26,AAPL,RSI,50.5552
2026-05-27,AAPL,RSI,49.3708
2026-05-28,AAPL,RSI,49.9587
2026-05-29,AAPL,RSI,54.0236
2026-06-01,AAPL,RSI,55.5235
2026-06-02,AAPL,RSI,52.8965
2026-06-03,AAPL,RSI,48.6258
2026-06-04,AAPL,RSI,62.4653
2026-06-05,AAPL,RSI,80.0847
2026-06-08,AAPL,RSI,88.8143
2026-06-09,AAPL,RSI,67.0011
2026-06-10,AAPL,RSI,56.7205
2026-06-11,AAPL,RSI,49.6302
2026-06-12,AAPL,RSI,49.7162
2026-06-15,AAPL,RSI,44.3006
2026-06-16,AAPL,RSI,34.0215
2026-06-17,AAPL,RSI,30.4728
2026-06-18,AAPL,RSI,22.8749
2026-06-19,AAPL,RSI,33.2751
2026-06-22,AAPL,RSI,41.996
2026-06-23,AAPL,RSI,38.0298
2026-06-24,AAPL,RSI,36.6215
2026-06-25,AAPL,RSI,34.0626
2026-06-26,AAPL,RSI,24.0261
2026-06-29,AAPL,RSI,28.4754
2026-06-30,AAPL,RSI,29.6795
2026-07-01,AAPL,RSI,32.3866
2026-07-02,AAPL,RSI,29.7995
2026-07-03,AAPL,RSI,28.9168
2026-07-06,AAPL,RSI,33.0908
2026-07-07,AAPL,RSI,37.4638
2026-07-08,AAPL,RSI,42.0229
2026-07-09,AAPL,RSI,24.974
2026-07-10,AAPL,RSI,16.9475
2026-07-13,AAPL,RSI,16.4582
2026-07-14,AAPL,RSI,21.6805
2026-07-15,AAPL,RSI,24.4887
2026-07-16,AAPL,RSI,26.4115
2026-07-17,AAPL,RSI,25.9125
2026-07-20,AAPL,RSI,31.9407
2026-07-21,AAPL,RSI,36.5248
2026-07-22,AAPL,RSI,43.4142
2026-07-23,AAPL,RSI,56.7765
2026-07-24,AAPL,RSI,60.6613
2026-07-27,AAPL,RSI,57.5497
2026-07-28,AAPL,RSI,59.0737
2026-07-29,AAPL,RSI,74.1604
2026-07-30,AAPL,RSI,76.9809
2026-07-31,AAPL,RSI,73.3182
2026-08-03,AAPL,RSI,66.3135
2026-08-04,AAPL,RSI,70.0782
2026-08-05,AAPL,RSI,70.9689
2026-08-06,AAPL,RSI,65.7397
2026-08-07,AAPL,RSI,62.8504
2026-08-10,AAPL,RSI,62.4982
2026-08-11,AAPL,RSI,62.6239
2026-08-12,AAPL,RSI,55.8746
2026-08-13,AAPL,RSI,49.9691
2026-08-14,AAPL,RSI,48.3696
2026-08-17,AAPL,RSI,42.7418
2026-08-18,AAPL,RSI,43.7108
2026-08-19,AAPL,RSI,35.9237
2026-08-20,AAPL,RSI,44.5873
2026-08-21,AAPL,RSI,46.3963
2022-01-03,AMZN,RSI,50.0
2022-01-04,AMZN,RSI,50.0
2022-01-05,AMZN,RSI,50.0
2022-01-06,AMZN,RSI,50.0
2022-01-07,AMZN,RSI,50.0
2022-01-10,AMZN,RSI,50.0
2022-01-11,AMZN,RSI,50.0
2022-01-12,AMZN,RSI,50.0
2022-01-13,AMZN,RSI,50.0
2022-01-14,AMZN,RSI,50.0
2022-01-17,AMZN,RSI,50.0
2022-01-18,AMZN,RSI,50.0
2022-01-19,AMZN,RSI,50.0
2022-01-20,AMZN,RSI,50.0
2022-01-21,AMZN,RSI,32.0257
2022-01-24,AMZN,RSI,33.9603
2022-01-25,AMZN,RSI,35.421
2022-01-26,AMZN,RSI,39.2579
2022-01-27,AMZN,RSI,44.3674
2022-01-28,AMZN,RSI,41.3436
2022-01-31,AMZN,RSI,39.356
2022-02-01,AMZN,RSI,35.0247
2022-02-02,AMZN,RSI,32.3253
2022-02-03,AMZN,RSI,34.3775
2022-02-04,AMZN,RSI,40.9221
2022-02-07,AMZN,RSI,35.0239
2022-02-08,AMZN,RSI,29.9275
2022-02-09,AMZN,RSI,32.719
2022-02-10,AMZN,RSI,37.1386
2022-02-11,AMZN,RSI,33.3231
2022-02-14,AMZN,RSI,31.0657
2022-02-15,AMZN,RSI,31.4563
2022-02-16,AMZN,RSI,24.9869
2022-02-17,AMZN,RSI,38.0867
2022-02-18,AMZN,RSI,34.5331
2022-02-21,AMZN,RSI,37.5889
2022-02-22,AMZN,RSI,36.858
2022-02-23,AMZN,RSI,37.0207
2022-02-24,AMZN,RSI,37.9851
2022-02-25,AMZN,RSI,39.2889
2022-02-28,AMZN,RSI,38.0048
2022-03-01,AMZN,RSI,33.7725
2022-03-02,AMZN,RSI,31.4165
2022-03-03,AMZN,RSI,39.4394
2022-03-04,AMZN,RSI,35.568
2022-03-07,AMZN,RSI,31.49
2022-03-08,AMZN,RSI,45.3485
2022-03-09,AMZN,RSI,46.9952
2022-03-10,AMZN,RSI,49.4333
2022-03-11,AMZN,RSI,48.5764
2022-03-14,AMZN,RSI,53.4262
2022-03-15,AMZN,RSI,52.6676
2022-03-16,AMZN,RSI,52.3992
2022-03-17,AMZN,RSI,54.9816
2022-03-18,AMZN,RSI,56.0906
2022-03-21,AMZN,RSI,63.1111
2022-03-22,AMZN,RSI,66.0359
2022-03-23,AMZN,RSI,56.6738
2022-03-24,AMZN,RSI,60.478
2022-03-25,AMZN,RSI,61.886
2022-03-28,AMZN,RSI,56.1999
2022-03-29,AMZN,RSI,53.9587
2022-03-30,AMZN,RSI,49.4483
2022-03-31,AMZN,RSI,54.659
2022-04-01,AMZN,RSI,57.1344
2022-04-04,AMZN,RSI,54.8148
2022-04-05,AMZN,RSI,50.5386
2022-04-06,AMZN,RSI,48.7709
2022-04-07,AMZN,RSI,53.7406
2022-04-08,AMZN,RSI,43.7108
2022-04-11,AMZN,RSI,47.3438
2022-04-12,AMZN,RSI,51.2825
2022-04-13,AMZN,RSI,52.8031
2022-04-14,AMZN,RSI,47.5732
2022-04-15,AMZN,RSI,53.412
2022-04-18,AMZN,RSI,46.4757
2022-04-19,AMZN,RSI,44.9729
2022-04-20,AMZN,RSI,41.0483
2022-04-21,AMZN,RSI,44.6817
2022-04-22,AMZN,RSI,56.1147
2022-04-25,AMZN,RSI,59.64
2022-04-26,AMZN,RSI,69.0512
2022-04-27,AMZN,RSI,65.0529
2022-04-28,AMZN,RSI,57.9644
2022-04-29,AMZN,RSI,49.9634
2022-05-02,AMZN,RSI,47.4668
2022-05-03,AMZN,RSI,46.346
2022-05-04,AMZN,RSI,50.7215
2022-05-05,AMZN,RSI,47.2047
2022-05-06,AMZN,RSI,49.8923
2022-05-09,AMZN,RSI,43.0486
2022-05-10,AMZN,RSI,50.217
2022-05-11,AMZN,RSI,45.5276
2022-05-12,AMZN,RSI,46.8267
2022-05-13,AMZN,RSI,41.3686
2022-05-16,AMZN,RSI,36.8955
2022-05-17,AMZN,RSI,29.6632
2022-05-18,AMZN,RSI,33.2961
2022-05-19,AMZN,RSI,33.225
2022-05-20,AMZN,RSI,33.4576
2022-05-23,AMZN,RSI,33.6438
2022-05-24,AMZN,RSI,33.2618
2022-05-25,AMZN,RSI,34.6383
2022-05-26,AMZN,RSI,40.1957
2022-05-27,AMZN,RSI,44.9717
2022-05-30,AMZN,RSI,38.3619
2022-05-31,AMZN,RSI,37.5572
2022-06-01,AMZN,RSI,27.2167
2022-06-02,AMZN,RSI,29.4261
2022-06-03,AMZN,RSI,33.932
2022-06-06,AMZN,RSI,46.4192
2022-06-07,AMZN,RSI,49.1394
2022-06-08,AMZN,RSI,50.2326
2022-06-09,AMZN,RSI,58.9031
2022-06-10,AMZN,RSI,66.1081
2022-06-13,AMZN,RSI,61.561
2022-06-14,AMZN,RSI,54.6618
2022-06-15,AMZN,RSI,42.1818
2022-06-16,AMZN,RSI,55.1531
2022-06-17,AMZN,RSI,55.5756
2022-06-20,AMZN,RSI,64.4609
2022-06-21,AMZN,RSI,64.8973
2022-06-22,AMZN,RSI,75.8732
2022-06-23,AMZN,RSI,77.7942
2022-06-24,AMZN,RSI,70.7499
2022-06-27,AMZN,RSI,66.2859
2022-06-28,AMZN,RSI,70.304
2022-06-29,AMZN,RSI,67.6726
2022-06-30,AMZN,RSI,62.9598
2022-07-01,AMZN,RSI,66.5838
2022-07-04,AMZN,RSI,75.394
2022-07-05,AMZN,RSI,69.8975
2022-07-06,AMZN,RSI,58.1737
2022-07-07,AMZN,RSI,54.5624
2022-07-08,AMZN,RSI,51.8172
2022-07-11,AMZN,RSI,60.0612
2022-07-12,AMZN,RSI,55.446
2022-07-13,AMZN,RSI,54.1002
2022-07-14,AMZN,RSI,56.4305
2022-07-15,AMZN,RSI,56.3291
2022-07-18,AMZN,RSI,50.3501
2022-07-19,AMZN,RSI,52.8481
2022-07-20,AMZN,RSI,57.6944
2022-07-21,AMZN,RSI,60.4892
2022-07-22,AMZN,RSI,54.6947
2022-07-25,AMZN,RSI,60.7033
2022-07-26,AMZN,RSI,68.2144
2022-07-27,AMZN,RSI,74.0512
2022-07-28,AMZN,RSI,66.8212
2022-07-29,AMZN,RSI,63.1241
2022-08-01,AMZN,RSI,59.131
2022-08-02,AMZN,RSI,48.1801
2022-08-03,AMZN,RSI,40.2784
2022-08-04,AMZN,RSI,40.8475
2022-08-05,AMZN,RSI,53.8292
2022-08-08,AMZN,RSI,57.3183
2022-08-09,AMZN,RSI,56.8726
2022-08-10,AMZN,RSI,59.4039
2022-08-11,AMZN,RSI,60.2278
2022-08-12,AMZN,RSI,63.9057
2022-08-15,AMZN,RSI,61.1813
2022-08-16,AMZN,RSI,55.9429
2022-08-17,AMZN,RSI,59.6016
2022-08-18,AMZN,RSI,47.9861
2022-08-19,AMZN,RSI,52.5845
2022-08-22,AMZN,RSI,54.0935
2022-08-23,AMZN,RSI,59.2681
2022-08-24,AMZN,RSI,54.8912
2022-08-25,AMZN,RSI,49.2575
2022-08-26,AMZN,RSI,49.5718
2022-08-29,AMZN,RSI,55.5325
2022-08-30,AMZN,RSI,42.7952
2022-08-31,AMZN,RSI,41.8849
2022-09-01,AMZN,RSI,34.9781
2022-09-02,AMZN,RSI,40.2587
2022-09-05,AMZN,RSI,42.8751
2022-09-06,AMZN,RSI,43.0649
2022-09-07,AMZN,RSI,50.4726
2022-09-08,AMZN,RSI,43.2537
2022-09-09,AMZN,RSI,52.3481
2022-09-12,AMZN,RSI,57.6767
2022-09-13,AMZN,RSI,65.4225
2022-09-14,AMZN,RSI,54.2077
2022-09-15,AMZN,RSI,48.0864
2022-09-16,AMZN,RSI,47.9705
2022-09-19,AMZN,RSI,59.7982
2022-09-20,AMZN,RSI,53.2916
2022-09-21,AMZN,RSI,56.0475
2022-09-22,AMZN,RSI,48.1809
2022-09-23,AMZN,RSI,52.9022
2022-09-26,AMZN,RSI,55.913
2022-09-27,AMZN,RSI,52.9388
2022-09-28,AMZN,RSI,54.6736
2022-09-29,AMZN,RSI,41.4637
2022-09-30,AMZN,RSI,36.9244
2022-10-03,AMZN,RSI,34.3724
2022-10-04,AMZN,RSI,44.7896
2022-10-05,AMZN,RSI,39.7548
2022-10-06,AMZN,RSI,30.0606
2022-10-07,AMZN,RSI,27.8962
2022-10-10,AMZN,RSI,29.0955
2022-10-11,AMZN,RSI,30.9785
2022-10-12,AMZN,RSI,34.485
2022-10-13,AMZN,RSI,33.8682
2022-10-14,AMZN,RSI,31.804
2022-10-17,AMZN,RSI,33.5547
2022-10-18,AMZN,RSI,37.7994
2022-10-19,AMZN,RSI,42.6141
2022-10-20,AMZN,RSI,46.2377
2022-10-21,AMZN,RSI,44.1163
2022-10-24,AMZN,RSI,38.7838
2022-10-25,AMZN,RSI,53.0585
2022-10-26,AMZN,RSI,58.0283
2022-10-27,AMZN,RSI,48.5181
2022-10-28,AMZN,RSI,58.6198
2022-10-31,AMZN,RSI,64.477
2022-11-01,AMZN,RSI,58.6327
2022-11-02,AMZN,RSI,50.8462
2022-11-03,AMZN,RSI,51.0778
2022-11-04,AMZN,RSI,51.7751
2022-11-07,AMZN,RSI,37.3062
2022-11-08,AMZN,RSI,52.9186
2022-11-09,AMZN,RSI,49.7678
2022-11-10,AMZN,RSI,57.1445
2022-11-11,AMZN,RSI,54.4686
2022-11-14,AMZN,RSI,47.4436
2022-11-15,AMZN,RSI,50.5682
2022-11-16,AMZN,RSI,58.4345
2022-11-17,AMZN,RSI,58.7279
2022-11-18,AMZN,RSI,55.9849
2022-11-21,AMZN,RSI,59.069
2022-11-22,AMZN,RSI,58.4253
2022-11-23,AMZN,RSI,55.6336
2022-11-24,AMZN,RSI,59.6072
2022-11-25,AMZN,RSI,64.9213
2022-11-28,AMZN,RSI,65.4423
2022-11-29,AMZN,RSI,68.3386
2022-11-30,AMZN,RSI,64.8539
2022-12-01,AMZN,RSI,72.2369
2022-12-02,AMZN,RSI,77.4069
2022-12-05,AMZN,RSI,70.9032
2022-12-06,AMZN,RSI,66.3889
2022-12-07,AMZN,RSI,69.7091
2022-12-08,AMZN,RSI,59.8249
2022-12-09,AMZN,RSI,61.2105
2022-12-12,AMZN,RSI,61.3195
2022-12-13,AMZN,RSI,71.6417
2022-12-14,AMZN,RSI,66.6567
2022-12-15,AMZN,RSI,80.9202
2022-12-16,AMZN,RSI,74.4844
2022-12-19,AMZN,RSI,75.2994
2022-12-20,AMZN,RSI,73.2224
2022-12-21,AMZN,RSI,55.501
2022-12-22,AMZN,RSI,47.8219
2022-12-23,AMZN,RSI,46.4351
2022-12-26,AMZN,RSI,53.2241
2022-12-27,AMZN,RSI,47.9233
2022-12-28,AMZN,RSI,49.0235
2022-12-29,AMZN,RSI,56.5485
2022-12-30,AMZN,RSI,62.9391
2023-01-02,AMZN,RSI,64.447
2023-01-03,AMZN,RSI,60.0686
2023-01-04,AMZN,RSI,50.2476
2023-01-05,AMZN,RSI,58.5451
2023-01-06,AMZN,RSI,60.5546
2023-01-09,AMZN,RSI,60.0143
2023-01-10,AMZN,RSI,69.394
2023-01-11,AMZN,RSI,78.1426
2023-01-12,AMZN,RSI,77.4556
2023-01-13,AMZN,RSI,75.7165
2023-01-16,AMZN,RSI,77.8541
2023-01-17,AMZN,RSI,73.0193
2023-01-18,AMZN,RSI,70.3018
2023-01-19,AMZN,RSI,58.8618
2023-01-20,AMZN,RSI,48.5527
2023-01-23,AMZN,RSI,49.9405
2023-01-24,AMZN,RSI,54.603
2023-01-25,AMZN,RSI,43.4744
2023-01-26,AMZN,RSI,38.8862
2023-01-27,AMZN,RSI,40.4558
2023-01-30,AMZN,RSI,30.897
2023-01-31,AMZN,RSI,25.9679
2023-02-01,AMZN,RSI,36.513
2023-02-02,AMZN,RSI,34.5403
2023-02-03,AMZN,RSI,25.9955
2023-02-06,AMZN,RSI,34.0545
2023-02-07,AMZN,RSI,26.6017
2023-02-08,AMZN,RSI,34.4666
2023-02-09,AMZN,RSI,55.7957
2023-02-10,AMZN,RSI,58.1377
2023-02-13,AMZN,RSI,55.5024
2023-02-14,AMZN,RSI,60.3826
2023-02-15,AMZN,RSI,69.489
2023-02-16,AMZN,RSI,71.8793
2023-02-17,AMZN,RSI,65.622
2023-02-20,AMZN,RSI,66.0515
2023-02-21,AMZN,RSI,69.5513
2023-02-22,AMZN,RSI,71.1256
2023-02-23,AMZN,RSI,66.6844
2023-02-24,AMZN,RSI,66.57
2023-02-27,AMZN,RSI,69.0301
2023-02-28,AMZN,RSI,70.4652
2023-03-01,AMZN,RSI,60.0171
2023-03-02,AMZN,RSI,60.686
2023-03-03,AMZN,RSI,57.6889
2023-03-06,AMZN,RSI,53.6248
2023-03-07,AMZN,RSI,53.2366
2023-03-08,AMZN,RSI,50.3514
2023-03-09,AMZN,RSI,56.9097
2023-03-10,AMZN,RSI,50.0595
2023-03-13,AMZN,RSI,32.1854
2023-03-14,AMZN,RSI,25.7001
2023-03-15,AMZN,RSI,29.0845
2023-03-16,AMZN,RSI,32.6877
2023-03-17,AMZN,RSI,34.8989
2023-03-20,AMZN,RSI,36.2261
2023-03-21,AMZN,RSI,37.1239
2023-03-22,AMZN,RSI,35.9391
2023-03-23,AMZN,RSI,35.4425
2023-03-24,AMZN,RSI,41.9713
2023-03-27,AMZN,RSI,44.3852
2023-03-28,AMZN,RSI,38.5648
2023-03-29,AMZN,RSI,39.2092
2023-03-30,AMZN,RSI,47.5837
2023-03-31,AMZN,RSI,49.0938
2023-04-03,AMZN,RSI,55.6422
2023-04-04,AMZN,RSI,58.9774
2023-04-05,AMZN,RSI,56.402
2023-04-06,AMZN,RSI,60.385
2023-04-07,AMZN,RSI,61.1607
2023-04-10,AMZN,RSI,69.1232
2023-04-11,AMZN,RSI,69.8879
2023-04-12,AMZN,RSI,72.1611
2023-04-13,AMZN,RSI,65.5974
2023-04-14,AMZN,RSI,63.0615
2023-04-17,AMZN,RSI,64.5125
2023-04-18,AMZN,RSI,64.879
2023-04-19,AMZN,RSI,61.6446
2023-04-20,AMZN,RSI,66.6511
2023-04-21,AMZN,RSI,65.8692
2023-04-24,AMZN,RSI,69.9072
2023-04-25,AMZN,RSI,69.0547
2023-04-26,AMZN,RSI,65.1042
2023-04-27,AMZN,RSI,63.0535
2023-04-28,AMZN,RSI,56.445
2023-05-01,AMZN,RSI,62.7854
2023-05-02,AMZN,RSI,66.6063
2023-05-03,AMZN,RSI,71.1052
2023-05-04,AMZN,RSI,55.9521
2023-05-05,AMZN,RSI,54.4928
2023-05-08,AMZN,RSI,47.5983
2023-05-09,AMZN,RSI,48.6878
2023-05-10,AMZN,RSI,45.7103
2023-05-11,AMZN,RSI,49.1461
2023-05-12,AMZN,RSI,38.7272
2023-05-15,AMZN,RSI,38.3639
2023-05-16,AMZN,RSI,37.2197
2023-05-17,AMZN,RSI,34.9708
2023-05-18,AMZN,RSI,31.4901
2023-05-19,AMZN,RSI,20.4714
2023-05-22,AMZN,RSI,26.2054
2023-05-23,AMZN,RSI,28.7178
2023-05-24,AMZN,RSI,32.9086
2023-05-25,AMZN,RSI,42.2044
2023-05-26,AMZN,RSI,51.2747
2023-05-29,AMZN,RSI,51.3037
2023-05-30,AMZN,RSI,54.6476
2023-05-31,AMZN,RSI,58.7363
2023-06-01,AMZN,RSI,55.0319
2023-06-02,AMZN,RSI,62.6704
2023-06-05,AMZN,RSI,66.5479
2023-06-06,AMZN,RSI,67.278
2023-06-07,AMZN,RSI,74.6376
2023-06-08,AMZN,RSI,83.9539
2023-06-09,AMZN,RSI,75.1741
2023-06-12,AMZN,RSI,76.9282
2023-06-13,AMZN,RSI,81.6928
2023-06-14,AMZN,RSI,79.0723
2023-06-15,AMZN,RSI,79.1257
2023-06-16,AMZN,RSI,75.0703
2023-06-19,AMZN,RSI,77.6295
2023-06-20,AMZN,RSI,77.3841
2023-06-21,AMZN,RSI,74.1079
2023-06-22,AMZN,RSI,64.6865
2023-06-23,AMZN,RSI,69.9843
2023-06-26,AMZN,RSI,69.7186
2023-06-27,AMZN,RSI,72.9384
2023-06-28,AMZN,RSI,68.1879
2023-06-29,AMZN,RSI,72.8458
2023-06-30,AMZN,RSI,66.5346
2023-07-03,AMZN,RSI,61.3722
2023-07-04,AMZN,RSI,53.3692
2023-07-05,AMZN,RSI,55.7552
2023-07-06,AMZN,RSI,59.1792
2023-07-07,AMZN,RSI,60.5312
2023-07-10,AMZN,RSI,52.4118
2023-07-11,AMZN,RSI,52.9002
2023-07-12,AMZN,RSI,60.6458
2023-07-13,AMZN,RSI,47.7839
2023-07-14,AMZN,RSI,47.1865
2023-07-17,AMZN,RSI,46.8333
2023-07-18,AMZN,RSI,56.0873
2023-07-19,AMZN,RSI,48.5671
2023-07-20,AMZN,RSI,49.0804
2023-07-21,AMZN,RSI,50.2113
2023-07-24,AMZN,RSI,58.2032
2023-07-25,AMZN,RSI,48.6569
2023-07-26,AMZN,RSI,48.9189
2023-07-27,AMZN,RSI,49.1215
2023-07-28,AMZN,RSI,57.9623
2023-07-31,AMZN,RSI,60.8724
2023-08-01,AMZN,RSI,62.341
2023-08-02,AMZN,RSI,61.5536
2023-08-03,AMZN,RSI,55.4605
2023-08-04,AMZN,RSI,50.7642
2023-08-07,AMZN,RSI,49.1009
2023-08-08,AMZN,RSI,51.5779
2023-08-09,AMZN,RSI,54.256
2023-08-10,AMZN,RSI,46.1769
2023-08-11,AMZN,RSI,45.7531
2023-08-14,AMZN,RSI,55.3933
2023-08-15,AMZN,RSI,51.8053
2023-08-16,AMZN,RSI,50.7447
2023-08-17,AMZN,RSI,36.8131
2023-08-18,AMZN,RSI,35.5828
2023-08-21,AMZN,RSI,38.345
2023-08-22,AMZN,RSI,43.6562
2023-08-23,AMZN,RSI,43.8633
2023-08-24,AMZN,RSI,38.4057
2023-08-25,AMZN,RSI,26.0688
2023-08-28,AMZN,RSI,26.1421
2023-08-29,AMZN,RSI,34.036
2023-08-30,AMZN,RSI,38.226
2023-08-31,AMZN,RSI,48.1087
2023-09-01,AMZN,RSI,43.8547
2023-09-04,AMZN,RSI,45.4869
2023-09-05,AMZN,RSI,49.5671
2023-09-06,AMZN,RSI,43.618
2023-09-07,AMZN,RSI,46.7543
2023-09-08,AMZN,RSI,38.0709
2023-09-11,AMZN,RSI,44.9733
2023-09-12,AMZN,RSI,53.0562
2023-09-13,AMZN,RSI,49.6726
2023-09-14,AMZN,RSI,60.7256
2023-09-15,AMZN,RSI,64.3311
2023-09-18,AMZN,RSI,55.3632
2023-09-19,AMZN,RSI,56.7477
2023-09-20,AMZN,RSI,47.7337
2023-09-21,AMZN,RSI,55.0839
2023-09-22,AMZN,RSI,56.5525
2023-09-25,AMZN,RSI,54.9214
2023-09-26,AMZN,RSI,74.5422
2023-09-27,AMZN,RSI,76.8151
2023-09-28,AMZN,RSI,78.7341
2023-09-29,AMZN,RSI,78.9267
2023-10-02,AMZN,RSI,78.4077
2023-10-03,AMZN,RSI,87.3334
2023-10-04,AMZN,RSI,87.5388
2023-10-05,AMZN,RSI,88.9175
2023-10-06,AMZN,RSI,97.2671
2023-10-09,AMZN,RSI,97.6986
2023-10-10,AMZN,RSI,99.3871
2023-10-11,AMZN,RSI,99.3061
2023-10-12,AMZN,RSI,94.8138
2023-10-13,AMZN,RSI,95.4247
2023-10-16,AMZN,RSI,95.45
2023-10-17,AMZN,RSI,95.1835
2023-10-18,AMZN,RSI,91.8534
2023-10-19,AMZN,RSI,91.0326
2023-10-20,AMZN,RSI,90.4204
2023-10-23,AMZN,RSI,83.4858
2023-10-24,AMZN,RSI,81.3963
2023-10-25,AMZN,RSI,82.7212
2023-10-26,AMZN,RSI,79.0454
2023-10-27,AMZN,RSI,77.1984
2023-10-30,AMZN,RSI,76.5247
2023-10-31,AMZN,RSI,79.3744
2023-11-01,AMZN,RSI,80.8169
2023-11-02,AMZN,RSI,79.28
2023-11-03,AMZN,RSI,77.1651
2023-11-06,AMZN,RSI,63.4625
2023-11-07,AMZN,RSI,68.9773
2023-11-08,AMZN,RSI,68.3023
2023-11-09,AMZN,RSI,76.3835
2023-11-10,AMZN,RSI,83.8162
2023-11-13,AMZN,RSI,84.6984
2023-11-14,AMZN,RSI,84.7297
2023-11-15,AMZN,RSI,87.4143
2023-11-16,AMZN,RSI,78.6068
2023-11-17,AMZN,RSI,64.8642
2023-11-20,AMZN,RSI,57.499
2023-11-21,AMZN,RSI,58.5643
2023-11-22,AMZN,RSI,46.9928
2023-11-23,AMZN,RSI,44.8806
2023-11-24,AMZN,RSI,48.3279
2023-11-27,AMZN,RSI,44.7781
2023-11-28,AMZN,RSI,41.9188
2023-11-29,AMZN,RSI,26.4925
2023-11-30,AMZN,RSI,27.3286
2023-12-01,AMZN,RSI,26.5655
2023-12-04,AMZN,RSI,23.2827
2023-12-05,AMZN,RSI,21.7437
2023-12-06,AMZN,RSI,24.1412
2023-12-07,AMZN,RSI,27.2674
2023-12-08,AMZN,RSI,27.7849
2023-12-11,AMZN,RSI,35.489
2023-12-12,AMZN,RSI,43.6221
2023-12-13,AMZN,RSI,40.8139
2023-12-14,AMZN,RSI,41.8435
2023-12-15,AMZN,RSI,43.8216
2023-12-18,AMZN,RSI,37.8778
2023-12-19,AMZN,RSI,39.1174
2023-12-20,AMZN,RSI,32.6668
2023-12-21,AMZN,RSI,30.6651
2023-12-22,AMZN,RSI,48.1564
2023-12-25,AMZN,RSI,54.4968
2023-12-26,AMZN,RSI,60.1088
2023-12-27,AMZN,RSI,71.3899
2023-12-28,AMZN,RSI,76.7059
2023-12-29,AMZN,RSI,75.3473
2024-01-01,AMZN,RSI,79.3082
2024-01-02,AMZN,RSI,81.8388
2024-01-03,AMZN,RSI,82.1487
2024-01-04,AMZN,RSI,78.0328
2024-01-05,AMZN,RSI,89.9255
2024-01-08,AMZN,RSI,85.4769
2024-01-09,AMZN,RSI,80.0464
2024-01-10,AMZN,RSI,80.0876
2024-01-11,AMZN,RSI,75.6016
2024-01-12,AMZN,RSI,60.6457
2024-01-15,AMZN,RSI,48.7377
2024-01-16,AMZN,RSI,29.7457
2024-01-17,AMZN,RSI,21.8979
2024-01-18,AMZN,RSI,23.5121
2024-01-19,AMZN,RSI,17.0951
2024-01-22,AMZN,RSI,26.4933
2024-01-23,AMZN,RSI,30.6867
2024-01-24,AMZN,RSI,39.1623
2024-01-25,AMZN,RSI,40.193
2024-01-26,AMZN,RSI,43.9098
2024-01-29,AMZN,RSI,52.1942
2024-01-30,AMZN,RSI,54.3151
2024-01-31,AMZN,RSI,56.4193
2024-02-01,AMZN,RSI,71.1452
2024-02-02,AMZN,RSI,65.0271
2024-02-05,AMZN,RSI,69.4878
2024-02-06,AMZN,RSI,72.7106
2024-02-07,AMZN,RSI,74.5082
2024-02-08,AMZN,RSI,77.2218
2024-02-09,AMZN,RSI,67.1012
2024-02-12,AMZN,RSI,68.7831
2024-02-13,AMZN,RSI,60.8735
2024-02-14,AMZN,RSI,54.6673
2024-02-15,AMZN,RSI,53.2127
2024-02-16,AMZN,RSI,48.4972
2024-02-19,AMZN,RSI,40.2416
2024-02-20,AMZN,RSI,41.208
2024-02-21,AMZN,RSI,38.6056
2024-02-22,AMZN,RSI,50.8001
2024-02-23,AMZN,RSI,50.2419
2024-02-26,AMZN,RSI,51.2746
2024-02-27,AMZN,RSI,46.4083
2024-02-28,AMZN,RSI,46.8261
2024-02-29,AMZN,RSI,41.8663
2024-03-01,AMZN,RSI,32.2094
2024-03-04,AMZN,RSI,35.7012
2024-03-05,AMZN,RSI,36.0742
2024-03-06,AMZN,RSI,36.0408
2024-03-07,AMZN,RSI,36.6734
2024-03-08,AMZN,RSI,39.9666
2024-03-11,AMZN,RSI,36.4735
2024-03-12,AMZN,RSI,35.9446
2024-03-13,AMZN,RSI,27.4016
2024-03-14,AMZN,RSI,27.4352
2024-03-15,AMZN,RSI,27.0788
2024-03-18,AMZN,RSI,27.2106
2024-03-19,AMZN,RSI,8.1816
2024-03-20,AMZN,RSI,18.1867
2024-03-21,AMZN,RSI,19.8291
2024-03-22,AMZN,RSI,32.8372
2024-03-25,AMZN,RSI,43.8479
2024-03-26,AMZN,RSI,53.6149
2024-03-27,AMZN,RSI,48.1238
2024-03-28,AMZN,RSI,49.7629
2024-03-29,AMZN,RSI,43.0572
2024-04-01,AMZN,RSI,36.2831
2024-04-02,AMZN,RSI,44.3224
2024-04-03,AMZN,RSI,53.0032
2024-04-04,AMZN,RSI,48.864
2024-04-05,AMZN,RSI,47.203
2024-04-08,AMZN,RSI,54.0086
2024-04-09,AMZN,RSI,54.5216
2024-04-10,AMZN,RSI,49.0134
2024-04-11,AMZN,RSI,38.5922
2024-04-12,AMZN,RSI,37.9932
2024-04-15,AMZN,RSI,27.5788
2024-04-16,AMZN,RSI,28.8893
2024-04-17,AMZN,RSI,30.5868
2024-04-18,AMZN,RSI,35.9381
2024-04-19,AMZN,RSI,37.6715
2024-04-22,AMZN,RSI,29.3669
2024-04-23,AMZN,RSI,24.3807
2024-04-24,AMZN,RSI,29.7959
2024-04-25,AMZN,RSI,29.3233
2024-04-26,AMZN,RSI,29.9087
2024-04-29,AMZN,RSI,28.1504
2024-04-30,AMZN,RSI,46.6347
2024-05-01,AMZN,RSI,60.4333
2024-05-02,AMZN,RSI,63.6375
2024-05-03,AMZN,RSI,74.01
2024-05-06,AMZN,RSI,73.0177
2024-05-07,AMZN,RSI,70.4841
2024-05-08,AMZN,RSI,67.8012
2024-05-09,AMZN,RSI,60.9484
2024-05-10,AMZN,RSI,68.1924
2024-05-13,AMZN,RSI,68.4975
2024-05-14,AMZN,RSI,65.4798
2024-05-15,AMZN,RSI,71.9251
2024-05-16,AMZN,RSI,72.4764
2024-05-17,AMZN,RSI,73.4907
2024-05-20,AMZN,RSI,58.9182
2024-05-21,AMZN,RSI,54.6039
2024-05-22,AMZN,RSI,47.4364
2024-05-23,AMZN,RSI,55.1493
2024-05-24,AMZN,RSI,54.3863
2024-05-27,AMZN,RSI,42.5545
2024-05-28,AMZN,RSI,39.1949
2024-05-29,AMZN,RSI,42.7091
2024-05-30,AMZN,RSI,35.4962
2024-05-31,AMZN,RSI,40.0953
2024-06-03,AMZN,RSI,44.6326
2024-06-04,AMZN,RSI,41.423
2024-06-05,AMZN,RSI,39.8461
2024-06-06,AMZN,RSI,42.0039
2024-06-07,AMZN,RSI,45.6933
2024-06-10,AMZN,RSI,45.729
2024-06-11,AMZN,RSI,41.0819
2024-06-12,AMZN,RSI,45.1858
2024-06-13,AMZN,RSI,49.9481
2024-06-14,AMZN,RSI,60.1713
2024-06-17,AMZN,RSI,67.2476
2024-06-18,AMZN,RSI,69.6097
2024-06-19,AMZN,RSI,67.4461
2024-06-20,AMZN,RSI,55.7376
2024-06-21,AMZN,RSI,47.5804
2024-06-24,AMZN,RSI,49.285
2024-06-25,AMZN,RSI,47.3208
2024-06-26,AMZN,RSI,36.6517
2024-06-27,AMZN,RSI,33.4493
2024-06-28,AMZN,RSI,34.7186
2024-07-01,AMZN,RSI,39.1479
2024-07-02,AMZN,RSI,23.0769
2024-07-03,AMZN,RSI,20.341
2024-07-04,AMZN,RSI,32.6753
2024-07-05,AMZN,RSI,40.3922
2024-07-08,AMZN,RSI,40.6699
2024-07-09,AMZN,RSI,40.7632
2024-07-10,AMZN,RSI,40.6317
2024-07-11,AMZN,RSI,38.4724
2024-07-12,AMZN,RSI,32.4147
2024-07-15,AMZN,RSI,34.3956
2024-07-16,AMZN,RSI,32.9443
2024-07-17,AMZN,RSI,41.3606
2024-07-18,AMZN,RSI,35.0707
2024-07-19,AMZN,RSI,29.1605
2024-07-22,AMZN,RSI,36.3916
2024-07-23,AMZN,RSI,33.1534
2024-07-24,AMZN,RSI,24.7477
2024-07-25,AMZN,RSI,16.2745
2024-07-26,AMZN,RSI,14.6122
2024-07-29,AMZN,RSI,25.5928
2024-07-30,AMZN,RSI,26.1089
2024-07-31,AMZN,RSI,28.5535
2024-08-01,AMZN,RSI,37.7846
2024-08-02,AMZN,RSI,31.8853
2024-08-05,AMZN,RSI,43.8987
2024-08-06,AMZN,RSI,52.4693
2024-08-07,AMZN,RSI,46.8794
2024-08-08,AMZN,RSI,51.6459
2024-08-09,AMZN,RSI,46.7461
2024-08-12,AMZN,RSI,47.4011
2024-08-13,AMZN,RSI,48.7445
2024-08-14,AMZN,RSI,55.0791
2024-08-15,AMZN,RSI,53.3914
2024-08-16,AMZN,RSI,45.4496
2024-08-19,AMZN,RSI,46.2269
2024-08-20,AMZN,RSI,48.8653
2024-08-21,AMZN,RSI,40.9738
2024-08-22,AMZN,RSI,41.6817
2024-08-23,AMZN,RSI,41.439
2024-08-26,AMZN,RSI,27.0767
2024-08-27,AMZN,RSI,35.1101
2024-08-28,AMZN,RSI,34.0582
2024-08-29,AMZN,RSI,40.456
2024-08-30,AMZN,RSI,50.869
2024-09-02,AMZN,RSI,55.3467
2024-09-03,AMZN,RSI,45.1143
2024-09-04,AMZN,RSI,40.7902
2024-09-05,AMZN,RSI,42.5176
2024-09-06,AMZN,RSI,42.2254
2024-09-09,AMZN,RSI,35.0124
2024-09-10,AMZN,RSI,41.8362
2024-09-11,AMZN,RSI,43.7651
2024-09-12,AMZN,RSI,41.3919
2024-09-13,AMZN,RSI,50.9096
2024-09-16,AMZN,RSI,50.4989
2024-09-17,AMZN,RSI,53.4911
2024-09-18,AMZN,RSI,47.2261
2024-09-19,AMZN,RSI,42.6768
2024-09-20,AMZN,RSI,38.4753
2024-09-23,AMZN,RSI,40.0036
2024-09-24,AMZN,RSI,43.858
2024-09-25,AMZN,RSI,43.6528
2024-09-26,AMZN,RSI,43.4749
2024-09-27,AMZN,RSI,54.7858
2024-09-30,AMZN,RSI,47.7954
2024-10-01,AMZN,RSI,59.5618
2024-10-02,AMZN,RSI,47.8386
2024-10-03,AMZN,RSI,46.8479
2024-10-04,AMZN,RSI,43.8914
2024-10-07,AMZN,RSI,41.7576
2024-10-08,AMZN,RSI,44.7055
2024-10-09,AMZN,RSI,40.0267
2024-10-10,AMZN,RSI,46.1727
2024-10-11,AMZN,RSI,57.6073
2024-10-14,AMZN,RSI,63.0557
2024-10-15,AMZN,RSI,63.248
2024-10-16,AMZN,RSI,65.4099
2024-10-17,AMZN,RSI,58.4685
2024-10-18,AMZN,RSI,57.3388
2024-10-21,AMZN,RSI,45.6534
2024-10-22,AMZN,RSI,49.4184
2024-10-23,AMZN,RSI,42.3259
2024-10-24,AMZN,RSI,38.8532
2024-10-25,AMZN,RSI,38.6467
2024-10-28,AMZN,RSI,48.0716
2024-10-29,AMZN,RSI,54.0646
2024-10-30,AMZN,RSI,48.4398
2024-10-31,AMZN,RSI,36.2928
2024-11-01,AMZN,RSI,31.8356
2024-11-04,AMZN,RSI,27.3152
2024-11-05,AMZN,RSI,31.7679
2024-11-06,AMZN,RSI,33.2401
2024-11-07,AMZN,RSI,44.0603
2024-11-08,AMZN,RSI,42.4251
2024-11-11,AMZN,RSI,47.0401
2024-11-12,AMZN,RSI,45.8396
2024-11-13,AMZN,RSI,51.293
2024-11-14,AMZN,RSI,46.7808
2024-11-15,AMZN,RSI,43.2961
2024-11-18,AMZN,RSI,41.3078
2024-11-19,AMZN,RSI,50.0666
2024-11-20,AMZN,RSI,58.6151
2024-11-21,AMZN,RSI,54.8354
2024-11-22,AMZN,RSI,60.2197
2024-11-25,AMZN,RSI,50.9024
2024-11-26,AMZN,RSI,56.4665
2024-11-27,AMZN,RSI,47.539
2024-11-28,AMZN,RSI,59.4716
2024-11-29,AMZN,RSI,58.3567
2024-12-02,AMZN,RSI,59.8323
2024-12-03,AMZN,RSI,59.88
2024-12-04,AMZN,RSI,68.3739
2024-12-05,AMZN,RSI,66.8396
2024-12-06,AMZN,RSI,62.8715
2024-12-09,AMZN,RSI,59.3055
2024-12-10,AMZN,RSI,54.2034
2024-12-11,AMZN,RSI,53.0026
2024-12-12,AMZN,RSI,61.6142
2024-12-13,AMZN,RSI,71.2401
2024-12-16,AMZN,RSI,67.6367
2024-12-17,AMZN,RSI,70.538
2024-12-18,AMZN,RSI,51.4482
2024-12-19,AMZN,RSI,58.8537
2024-12-20,AMZN,RSI,64.4994
2024-12-23,AMZN,RSI,69.8356
2024-12-24,AMZN,RSI,64.7975
2024-12-25,AMZN,RSI,62.8174
2024-12-26,AMZN,RSI,69.8833
2024-12-27,AMZN,RSI,65.448
2024-12-30,AMZN,RSI,62.3063
2024-12-31,AMZN,RSI,72.4581
2025-01-01,AMZN,RSI,70.818
2025-01-02,AMZN,RSI,75.2476
2025-01-03,AMZN,RSI,66.3817
2025-01-06,AMZN,RSI,69.706
2025-01-07,AMZN,RSI,79.3799
2025-01-08,AMZN,RSI,76.9556
2025-01-09,AMZN,RSI,72.4418
2025-01-10,AMZN,RSI,63.2995
2025-01-13,AMZN,RSI,68.2658
2025-01-14,AMZN,RSI,65.6441
2025-01-15,AMZN,RSI,61.4303
2025-01-16,AMZN,RSI,57.0843
2025-01-17,AMZN,RSI,64.3641
2025-01-20,AMZN,RSI,62.7546
2025-01-21,AMZN,RSI,62.8265
2025-01-22,AMZN,RSI,51.8032
2025-01-23,AMZN,RSI,63.392
2025-01-24,AMZN,RSI,60.0438
2025-01-27,AMZN,RSI,47.1365
2025-01-28,AMZN,RSI,40.6884
2025-01-29,AMZN,RSI,39.6055
2025-01-30,AMZN,RSI,38.9778
2025-01-31,AMZN,RSI,32.2797
2025-02-03,AMZN,RSI,37.7725
2025-02-04,AMZN,RSI,37.0444
2025-02-05,AMZN,RSI,42.3546
2025-02-06,AMZN,RSI,32.4097
2025-02-07,AMZN,RSI,25.4255
2025-02-10,AMZN,RSI,36.2879
2025-02-11,AMZN,RSI,38.9325
2025-02-12,AMZN,RSI,32.0526
2025-02-13,AMZN,RSI,28.9063
2025-02-14,AMZN,RSI,40.2531
2025-02-17,AMZN,RSI,45.239
2025-02-18,AMZN,RSI,52.8456
2025-02-19,AMZN,RSI,59.8158
2025-02-20,AMZN,RSI,65.8074
2025-02-21,AMZN,RSI,65.7018
2025-02-24,AMZN,RSI,65.0602
2025-02-25,AMZN,RSI,67.5284
2025-02-26,AMZN,RSI,67.0069
2025-02-27,AMZN,RSI,69.0788
2025-02-28,AMZN,RSI,60.8655
2025-03-03,AMZN,RSI,64.2402
2025-03-04,AMZN,RSI,60.0165
2025-03-05,AMZN,RSI,70.7047
2025-03-06,AMZN,RSI,56.5102
2025-03-07,AMZN,RSI,61.0141
2025-03-10,AMZN,RSI,55.7469
2025-03-11,AMZN,RSI,52.6791
2025-03-12,AMZN,RSI,48.2298
2025-03-13,AMZN,RSI,43.958
2025-03-14,AMZN,RSI,42.9201
2025-03-17,AMZN,RSI,30.8427
2025-03-18,AMZN,RSI,29.7166
2025-03-19,AMZN,RSI,43.8905
2025-03-20,AMZN,RSI,53.5263
2025-03-21,AMZN,RSI,53.091
2025-03-24,AMZN,RSI,62.4175
2025-03-25,AMZN,RSI,50.186
2025-03-26,AMZN,RSI,44.0093
2025-03-27,AMZN,RSI,41.488
2025-03-28,AMZN,RSI,37.2135
2025-03-31,AMZN,RSI,38.1039
2025-04-01,AMZN,RSI,39.1766
2025-04-02,AMZN,RSI,42.3138
2025-04-03,AMZN,RSI,40.94
2025-04-04,AMZN,RSI,42.7883
2025-04-07,AMZN,RSI,45.8787
2025-04-08,AMZN,RSI,37.1999
2025-04-09,AMZN,RSI,29.7076
2025-04-10,AMZN,RSI,35.4604
2025-04-11,AMZN,RSI,28.2083
2025-04-14,AMZN,RSI,44.7889
2025-04-15,AMZN,RSI,53.6119
2025-04-16,AMZN,RSI,59.2984
2025-04-17,AMZN,RSI,68.3596
2025-04-18,AMZN,RSI,67.5277
2025-04-21,AMZN,RSI,69.1209
2025-04-22,AMZN,RSI,63.4671
2025-04-23,AMZN,RSI,53.3543
2025-04-24,AMZN,RSI,39.3287
2025-04-25,AMZN,RSI,44.4262
2025-04-28,AMZN,RSI,47.5555
2025-04-29,AMZN,RSI,55.0539
2025-04-30,AMZN,RSI,50.8802
2025-05-01,AMZN,RSI,47.0585
2025-05-02,AMZN,RSI,39.2477
2025-05-05,AMZN,RSI,41.6511
2025-05-06,AMZN,RSI,35.5242
2025-05-07,AMZN,RSI,42.2745
2025-05-08,AMZN,RSI,50.4387
2025-05-09,AMZN,RSI,49.9895
2025-05-12,AMZN,RSI,50.869
2025-05-13,AMZN,RSI,55.4496
2025-05-14,AMZN,RSI,72.1277
2025-05-15,AMZN,RSI,69.7817
2025-05-16,AMZN,RSI,65.2234
2025-05-19,AMZN,RSI,60.9424
2025-05-20,AMZN,RSI,57.775
2025-05-21,AMZN,RSI,65.6443
2025-05-22,AMZN,RSI,59.3898
2025-05-23,AMZN,RSI,62.937
2025-05-26,AMZN,RSI,67.6824
2025-05-27,AMZN,RSI,66.5802
2025-05-28,AMZN,RSI,57.0936
2025-05-29,AMZN,RSI,53.8093
2025-05-30,AMZN,RSI,47.0686
2025-06-02,AMZN,RSI,58.0494
2025-06-03,AMZN,RSI,44.6493
2025-06-04,AMZN,RSI,41.7249
2025-06-05,AMZN,RSI,43.1765
2025-06-06,AMZN,RSI,40.6767
2025-06-09,AMZN,RSI,35.9519
2025-06-10,AMZN,RSI,34.0381
2025-06-11,AMZN,RSI,45.4581
2025-06-12,AMZN,RSI,36.102
2025-06-13,AMZN,RSI,35.6032
2025-06-16,AMZN,RSI,26.5385
2025-06-17,AMZN,RSI,26.851
2025-06-18,AMZN,RSI,23.9574
2025-06-19,AMZN,RSI,28.2285
2025-06-20,AMZN,RSI,30.1058
2025-06-23,AMZN,RSI,29.563
2025-06-24,AMZN,RSI,30.1177
2025-06-25,AMZN,RSI,25.2173
2025-06-26,AMZN,RSI,31.4416
2025-06-27,AMZN,RSI,38.3446
2025-06-30,AMZN,RSI,35.5674
2025-07-01,AMZN,RSI,29.4983
2025-07-02,AMZN,RSI,26.7487
2025-07-03,AMZN,RSI,24.54
2025-07-04,AMZN,RSI,19.9713
2025-07-07,AMZN,RSI,18.458
2025-07-08,AMZN,RSI,28.9745
2025-07-09,AMZN,RSI,27.4364
2025-07-10,AMZN,RSI,23.7819
2025-07-11,AMZN,RSI,24.4364
2025-07-14,AMZN,RSI,29.8147
2025-07-15,AMZN,RSI,30.994
2025-07-16,AMZN,RSI,25.0149
2025-07-17,AMZN,RSI,25.6781
2025-07-18,AMZN,RSI,41.2088
2025-07-21,AMZN,RSI,43.6668
2025-07-22,AMZN,RSI,46.0162
2025-07-23,AMZN,RSI,53.277
2025-07-24,AMZN,RSI,67.5465
2025-07-25,AMZN,RSI,64.0987
2025-07-28,AMZN,RSI,56.1563
2025-07-29,AMZN,RSI,58.3561
2025-07-30,AMZN,RSI,54.8408
2025-07-31,AMZN,RSI,57.1134
2025-08-01,AMZN,RSI,48.5346
2025-08-04,AMZN,RSI,57.9312
2025-08-05,AMZN,RSI,51.9787
2025-08-06,AMZN,RSI,51.0952
2025-08-07,AMZN,RSI,46.4284
2025-08-08,AMZN,RSI,43.5312
2025-08-11,AMZN,RSI,42.2689
2025-08-12,AMZN,RSI,35.0289
2025-08-13,AMZN,RSI,21.6389
2025-08-14,AMZN,RSI,23.777
2025-08-15,AMZN,RSI,27.562
2025-08-18,AMZN,RSI,24.7769
2025-08-19,AMZN,RSI,30.8919
2025-08-20,AMZN,RSI,32.5947
2025-08-21,AMZN,RSI,38.2386
2025-08-22,AMZN,RSI,38.0893
2025-08-25,AMZN,RSI,42.4683
2025-08-26,AMZN,RSI,40.1816
2025-08-27,AMZN,RSI,30.7329
2025-08-28,AMZN,RSI,30.2082
2025-08-29,AMZN,RSI,33.5735
2025-09-01,AMZN,RSI,36.0333
2025-09-02,AMZN,RSI,29.5238
2025-09-03,AMZN,RSI,30.2657
2025-09-04,AMZN,RSI,31.2101
2025-09-05,AMZN,RSI,37.6374
2025-09-08,AMZN,RSI,40.045
2025-09-09,AMZN,RSI,50.2229
2025-09-10,AMZN,RSI,52.7973
2025-09-11,AMZN,RSI,52.611
2025-09-12,AMZN,RSI,58.0119
2025-09-15,AMZN,RSI,67.506
2025-09-16,AMZN,RSI,74.8037
2025-09-17,AMZN,RSI,77.5113
2025-09-18,AMZN,RSI,79.0497
2025-09-19,AMZN,RSI,82.1598
2025-09-22,AMZN,RSI,94.3079
2025-09-23,AMZN,RSI,95.3645
2025-09-24,AMZN,RSI,95.4963
2025-09-25,AMZN,RSI,89.9252
2025-09-26,AMZN,RSI,87.6941
2025-09-29,AMZN,RSI,69.0758
2025-09-30,AMZN,RSI,71.41
2025-10-01,AMZN,RSI,67.2797
2025-10-02,AMZN,RSI,66.5913
2025-10-03,AMZN,RSI,66.2197
2025-10-06,AMZN,RSI,61.4061
2025-10-07,AMZN,RSI,63.3656
2025-10-08,AMZN,RSI,53.8122
2025-10-09,AMZN,RSI,62.9959
2025-10-10,AMZN,RSI,66.0613
2025-10-13,AMZN,RSI,68.0793
2025-10-14,AMZN,RSI,70.0047
2025-10-15,AMZN,RSI,67.4897
2025-10-16,AMZN,RSI,66.9746
2025-10-17,AMZN,RSI,80.3709
2025-10-20,AMZN,RSI,67.902
2025-10-21,AMZN,RSI,69.9483
2025-10-22,AMZN,RSI,70.2018
2025-10-23,AMZN,RSI,71.4816
2025-10-24,AMZN,RSI,64.1597
2025-10-27,AMZN,RSI,64.7664
2025-10-28,AMZN,RSI,67.0879
2025-10-29,AMZN,RSI,60.1487
2025-10-30,AMZN,RSI,52.3982
2025-10-31,AMZN,RSI,48.1965
2025-11-03,AMZN,RSI,44.6519
2025-11-04,AMZN,RSI,44.9184
2025-11-05,AMZN,RSI,48.3696
2025-11-06,AMZN,RSI,41.0557
2025-11-07,AMZN,RSI,43.2128
2025-11-10,AMZN,RSI,39.2976
2025-11-11,AMZN,RSI,38.3334
2025-11-12,AMZN,RSI,26.9561
2025-11-13,AMZN,RSI,31.6775
2025-11-14,AMZN,RSI,24.3982
2025-11-17,AMZN,RSI,34.1336
2025-11-18,AMZN,RSI,34.6999
2025-11-19,AMZN,RSI,35.5829
2025-11-20,AMZN,RSI,40.9164
2025-11-21,AMZN,RSI,41.2924
2025-11-24,AMZN,RSI,39.816
2025-11-25,AMZN,RSI,30.9509
2025-11-26,AMZN,RSI,30.9006
2025-11-27,AMZN,RSI,34.8624
2025-11-28,AMZN,RSI,34.0187
2025-12-01,AMZN,RSI,36.5601
2025-12-02,AMZN,RSI,31.9086
2025-12-03,AMZN,RSI,27.4837
2025-12-04,AMZN,RSI,22.0068
2025-12-05,AMZN,RSI,12.9339
2025-12-08,AMZN,RSI,11.7592
2025-12-09,AMZN,RSI,12.3659
2025-12-10,AMZN,RSI,11.174
2025-12-11,AMZN,RSI,6.6111
2025-12-12,AMZN,RSI,9.1881
2025-12-15,AMZN,RSI,9.5134
2025-12-16,AMZN,RSI,22.4462
2025-12-17,AMZN,RSI,26.4249
2025-12-18,AMZN,RSI,26.4785
2025-12-19,AMZN,RSI,21.6895
2025-12-22,AMZN,RSI,27.2836
2025-12-23,AMZN,RSI,43.4765
2025-12-24,AMZN,RSI,42.1349
2025-12-25,AMZN,RSI,47.8426
2025-12-26,AMZN,RSI,57.2944
2025-12-29,AMZN,RSI,68.6509
2025-12-30,AMZN,RSI,75.7131
2025-12-31,AMZN,RSI,79.1807
2026-01-01,AMZN,RSI,76.7031
2026-01-02,AMZN,RSI,83.0515
2026-01-05,AMZN,RSI,78.4053
2026-01-06,AMZN,RSI,81.3632
2026-01-07,AMZN,RSI,88.698
2026-01-08,AMZN,RSI,84.4939
2026-01-09,AMZN,RSI,80.0315
2026-01-12,AMZN,RSI,66.7973
2026-01-13,AMZN,RSI,72.9126
2026-01-14,AMZN,RSI,64.333
2026-01-15,AMZN,RSI,68.0062
2026-01-16,AMZN,RSI,54.7531
2026-01-19,AMZN,RSI,49.0363
2026-01-20,AMZN,RSI,53.9105
2026-01-21,AMZN,RSI,45.1491
2026-01-22,AMZN,RSI,51.1969
2026-01-23,AMZN,RSI,50.2566
2026-01-26,AMZN,RSI,43.8518
2026-01-27,AMZN,RSI,46.0734
2026-01-28,AMZN,RSI,50.694
2026-01-29,AMZN,RSI,53.6751
2026-01-30,AMZN,RSI,62.7812
2026-02-02,AMZN,RSI,62.7617
2026-02-03,AMZN,RSI,71.664
2026-02-04,AMZN,RSI,70.5499
2026-02-05,AMZN,RSI,81.6679
2026-02-06,AMZN,RSI,82.7884
2026-02-09,AMZN,RSI,70.6399
2026-02-10,AMZN,RSI,85.0431
2026-02-11,AMZN,RSI,79.4697
2026-02-12,AMZN,RSI,83.5994
2026-02-13,AMZN,RSI,83.4955
2026-02-16,AMZN,RSI,84.1701
2026-02-17,AMZN,RSI,79.5041
2026-02-18,AMZN,RSI,80.0564
2026-02-19,AMZN,RSI,77.4878
2026-02-20,AMZN,RSI,79.1781
2026-02-23,AMZN,RSI,77.574
2026-02-24,AMZN,RSI,78.3518
2026-02-25,AMZN,RSI,63.9277
2026-02-26,AMZN,RSI,61.4278
2026-02-27,AMZN,RSI,70.8457
2026-03-02,AMZN,RSI,64.9074
2026-03-03,AMZN,RSI,71.1688
2026-03-04,AMZN,RSI,64.4854
2026-03-05,AMZN,RSI,64.5741
2026-03-06,AMZN,RSI,65.1983
2026-03-09,AMZN,RSI,55.8606
2026-03-10,AMZN,RSI,55.7842
2026-03-11,AMZN,RSI,55.375
2026-03-12,AMZN,RSI,44.6961
2026-03-13,AMZN,RSI,44.1444
2026-03-16,AMZN,RSI,45.4609
2026-03-17,AMZN,RSI,61.0796
2026-03-18,AMZN,RSI,60.7591
2026-03-19,AMZN,RSI,62.5729
2026-03-20,AMZN,RSI,64.8219
2026-03-23,AMZN,RSI,61.0887
2026-03-24,AMZN,RSI,59.0552
2026-03-25,AMZN,RSI,55.4756
2026-03-26,AMZN,RSI,54.1553
2026-03-27,AMZN,RSI,68.4413
2026-03-30,AMZN,RSI,58.395
2026-03-31,AMZN,RSI,50.7023
2026-04-01,AMZN,RSI,58.922
2026-04-02,AMZN,RSI,54.6678
2026-04-03,AMZN,RSI,50.6397
2026-04-06,AMZN,RSI,51.6427
2026-04-07,AMZN,RSI,46.0995
2026-04-08,AMZN,RSI,41.2312
2026-04-09,AMZN,RSI,34.9358
2026-04-10,AMZN,RSI,37.8148
2026-04-13,AMZN,RSI,47.9038
2026-04-14,AMZN,RSI,44.8608
2026-04-15,AMZN,RSI,43.4069
2026-04-16,AMZN,RSI,48.5578
2026-04-17,AMZN,RSI,52.5001
2026-04-20,AMZN,RSI,61.2734
2026-04-21,AMZN,RSI,59.5931
2026-04-22,AMZN,RSI,64.8525
2026-04-23,AMZN,RSI,65.922
2026-04-24,AMZN,RSI,63.3274
2026-04-27,AMZN,RSI,65.6043
2026-04-28,AMZN,RSI,69.7034
2026-04-29,AMZN,RSI,74.4011
2026-04-30,AMZN,RSI,73.9635
2026-05-01,AMZN,RSI,59.5613
2026-05-04,AMZN,RSI,67.5276
2026-05-05,AMZN,RSI,66.2051
2026-05-06,AMZN,RSI,53.4907
2026-05-07,AMZN,RSI,52.4311
2026-05-08,AMZN,RSI,45.881
2026-05-11,AMZN,RSI,46.8082
2026-05-12,AMZN,RSI,45.8645
2026-05-13,AMZN,RSI,36.3403
2026-05-14,AMZN,RSI,34.9843
2026-05-15,AMZN,RSI,38.3122
2026-05-18,AMZN,RSI,35.0651
2026-05-19,AMZN,RSI,24.4393
2026-05-20,AMZN,RSI,20.6391
2026-05-21,AMZN,RSI,22.6979
2026-05-22,AMZN,RSI,21.6808
2026-05-25,AMZN,RSI,20.0054
2026-05-26,AMZN,RSI,24.7282
2026-05-27,AMZN,RSI,25.3379
2026-05-28,AMZN,RSI,29.3641
2026-05-29,AMZN,RSI,20.7395
2026-06-01,AMZN,RSI,41.484
2026-06-02,AMZN,RSI,46.491
2026-06-03,AMZN,RSI,40.7556
2026-06-04,AMZN,RSI,58.3979
2026-06-05,AMZN,RSI,58.0877
2026-06-08,AMZN,RSI,53.0076
2026-06-09,AMZN,RSI,59.9054
2026-06-10,AMZN,RSI,59.0424
2026-06-11,AMZN,RSI,64.4728
2026-06-12,AMZN,RSI,63.3758
2026-06-15,AMZN,RSI,60.8221
2026-06-16,AMZN,RSI,65.9976
2026-06-17,AMZN,RSI,69.1595
2026-06-18,AMZN,RSI,72.6752
2026-06-19,AMZN,RSI,68.8057
2026-06-22,AMZN,RSI,70.2924
2026-06-23,AMZN,RSI,74.5672
2026-06-24,AMZN,RSI,70.4109
2026-06-25,AMZN,RSI,69.6691
2026-06-26,AMZN,RSI,83.1554
2026-06-29,AMZN,RSI,83.3381
2026-06-30,AMZN,RSI,90.4493
2026-07-01,AMZN,RSI,89.8967
2026-07-02,AMZN,RSI,91.7104
2026-07-03,AMZN,RSI,83.687
2026-07-06,AMZN,RSI,80.3688
2026-07-07,AMZN,RSI,79.7006
2026-07-08,AMZN,RSI,73.4324
2026-07-09,AMZN,RSI,73.2091
2026-07-10,AMZN,RSI,77.2024
2026-07-13,AMZN,RSI,77.8164
2026-07-14,AMZN,RSI,76.4169
2026-07-15,AMZN,RSI,76.5584
2026-07-16,AMZN,RSI,55.4157
2026-07-17,AMZN,RSI,60.8033
2026-07-20,AMZN,RSI,58.649
2026-07-21,AMZN,RSI,56.6701
2026-07-22,AMZN,RSI,53.3465
2026-07-23,AMZN,RSI,59.2439
2026-07-24,AMZN,RSI,67.3568
2026-07-27,AMZN,RSI,71.4859
2026-07-28,AMZN,RSI,75.7956
2026-07-29,AMZN,RSI,74.1581
2026-07-30,AMZN,RSI,75.7978
2026-07-31,AMZN,RSI,74.0481
2026-08-03,AMZN,RSI,70.5411
2026-08-04,AMZN,RSI,71.1759
2026-08-05,AMZN,RSI,79.0816
2026-08-06,AMZN,RSI,74.3968
2026-08-07,AMZN,RSI,76.6579
2026-08-10,AMZN,RSI,79.4119
2026-08-11,AMZN,RSI,76.0521
2026-08-12,AMZN,RSI,82.8571
2026-08-13,AMZN,RSI,68.4818
2026-08-14,AMZN,RSI,55.406
2026-08-17,AMZN,RSI,47.6025
2026-08-18,AMZN,RSI,41.2768
2026-08-19,AMZN,RSI,44.1606
2026-08-20,AMZN,RSI,38.593
2026-08-21,AMZN,RSI,36.4688
2022-01-03,GOOGL,RSI,50.0
2022-01-04,GOOGL,RSI,50.0
2022-01-05,GOOGL,RSI,50.0
2022-01-06,GOOGL,RSI,50.0
2022-01-07,GOOGL,RSI,50.0
2022-01-10,GOOGL,RSI,50.0
2022-01-11,GOOGL,RSI,50.0
2022-01-12,GOOGL,RSI,50.0
2022-01-13,GOOGL,RSI,50.0
2022-01-14,GOOGL,RSI,50.0
2022-01-17,GOOGL,RSI,50.0
2022-01-18,GOOGL,RSI,50.0
2022-01-19,GOOGL,RSI,50.0
2022-01-20,GOOGL,RSI,50.0
2022-01-21,GOOGL,RSI,44.1761
2022-01-24,GOOGL,RSI,43.5406
2022-01-25,GOOGL,RSI,33.1266
2022-01-26,GOOGL,RSI,29.8658
2022-01-27,GOOGL,RSI,31.2867
2022-01-28,GOOGL,RSI,31.3099
2022-01-31,GOOGL,RSI,24.0708
2022-02-01,GOOGL,RSI,33.2792
2022-02-02,GOOGL,RSI,38.1278
2022-02-03,GOOGL,RSI,30.2918
2022-02-04,GOOGL,RSI,19.1564
2022-02-07,GOOGL,RSI,22.5271
2022-02-08,GOOGL,RSI,29.6724
2022-02-09,GOOGL,RSI,27.8372
2022-02-10,GOOGL,RSI,24.568
2022-02-11,GOOGL,RSI,21.0251
2022-02-14,GOOGL,RSI,25.3287
2022-02-15,GOOGL,RSI,25.1835
2022-02-16,GOOGL,RSI,22.4336
2022-02-17,GOOGL,RSI,24.3355
2022-02-18,GOOGL,RSI,25.5442
2022-02-21,GOOGL,RSI,15.5136
2022-02-22,GOOGL,RSI,23.7118
2022-02-23,GOOGL,RSI,23.352
2022-02-24,GOOGL,RSI,28.6722
2022-02-25,GOOGL,RSI,29.2855
2022-02-28,GOOGL,RSI,25.3042
2022-03-01,GOOGL,RSI,27.3334
2022-03-02,GOOGL,RSI,24.5884
2022-03-03,GOOGL,RSI,23.0524
2022-03-04,GOOGL,RSI,22.2915
2022-03-07,GOOGL,RSI,27.3784
2022-03-08,GOOGL,RSI,26.7882
2022-03-09,GOOGL,RSI,25.3597
2022-03-10,GOOGL,RSI,24.8008
2022-03-11,GOOGL,RSI,29.9071
2022-03-14,GOOGL,RSI,22.7537
2022-03-15,GOOGL,RSI,29.8061
2022-03-16,GOOGL,RSI,28.598
2022-03-17,GOOGL,RSI,31.4971
2022-03-18,GOOGL,RSI,34.8929
2022-03-21,GOOGL,RSI,34.4842
2022-03-22,GOOGL,RSI,60.2137
2022-03-23,GOOGL,RSI,59.4917
2022-03-24,GOOGL,RSI,57.3396
2022-03-25,GOOGL,RSI,59.3115
2022-03-28,GOOGL,RSI,71.5762
2022-03-29,GOOGL,RSI,73.0503
2022-03-30,GOOGL,RSI,81.5804
2022-03-31,GOOGL,RSI,67.6976
2022-04-01,GOOGL,RSI,71.2834
2022-04-04,GOOGL,RSI,68.9072
2022-04-05,GOOGL,RSI,69.5459
2022-04-06,GOOGL,RSI,59.4464
2022-04-07,GOOGL,RSI,57.9661
2022-04-08,GOOGL,RSI,57.1043
2022-04-11,GOOGL,RSI,50.2512
2022-04-12,GOOGL,RSI,56.479
2022-04-13,GOOGL,RSI,60.1352
2022-04-14,GOOGL,RSI,52.1803
2022-04-15,GOOGL,RSI,48.9034
2022-04-18,GOOGL,RSI,45.9247
2022-04-19,GOOGL,RSI,44.9978
2022-04-20,GOOGL,RSI,59.9925
2022-04-21,GOOGL,RSI,53.4733
2022-04-22,GOOGL,RSI,47.4314
2022-04-25,GOOGL,RSI,40.3888
2022-04-26,GOOGL,RSI,66.7534
2022-04-27,GOOGL,RSI,71.3758
2022-04-28,GOOGL,RSI,57.0807
2022-04-29,GOOGL,RSI,55.403
2022-05-02,GOOGL,RSI,57.5289
2022-05-03,GOOGL,RSI,55.5481
2022-05-04,GOOGL,RSI,58.1726
2022-05-05,GOOGL,RSI,57.1826
2022-05-06,GOOGL,RSI,59.7621
2022-05-09,GOOGL,RSI,53.2554
2022-05-10,GOOGL,RSI,53.9843
2022-05-11,GOOGL,RSI,53.272
2022-05-12,GOOGL,RSI,54.5735
2022-05-13,GOOGL,RSI,57.7992
2022-05-16,GOOGL,RSI,42.8934
2022-05-17,GOOGL,RSI,32.9436
2022-05-18,GOOGL,RSI,41.8895
2022-05-19,GOOGL,RSI,52.0444
2022-05-20,GOOGL,RSI,44.8709
2022-05-23,GOOGL,RSI,38.1962
2022-05-24,GOOGL,RSI,37.9347
2022-05-25,GOOGL,RSI,40.7139
2022-05-26,GOOGL,RSI,41.554
2022-05-27,GOOGL,RSI,53.5743
2022-05-30,GOOGL,RSI,54.3311
2022-05-31,GOOGL,RSI,55.1058
2022-06-01,GOOGL,RSI,55.174
2022-06-02,GOOGL,RSI,56.7305
2022-06-03,GOOGL,RSI,61.3419
2022-06-06,GOOGL,RSI,60.753
2022-06-07,GOOGL,RSI,61.2866
2022-06-08,GOOGL,RSI,49.7252
2022-06-09,GOOGL,RSI,50.5437
2022-06-10,GOOGL,RSI,58.8799
2022-06-13,GOOGL,RSI,64.1413
2022-06-14,GOOGL,RSI,60.7549
2022-06-15,GOOGL,RSI,52.0751
2022-06-16,GOOGL,RSI,35.8009
2022-06-17,GOOGL,RSI,28.1526
2022-06-20,GOOGL,RSI,27.2457
2022-06-21,GOOGL,RSI,28.3556
2022-06-22,GOOGL,RSI,12.6576
2022-06-23,GOOGL,RSI,17.1959
2022-06-24,GOOGL,RSI,30.5162
2022-06-27,GOOGL,RSI,29.4703
2022-06-28,GOOGL,RSI,34.8572
2022-06-29,GOOGL,RSI,43.5337
2022-06-30,GOOGL,RSI,41.0958
2022-07-01,GOOGL,RSI,36.0383
2022-07-04,GOOGL,RSI,37.5748
2022-07-05,GOOGL,RSI,37.6024
2022-07-06,GOOGL,RSI,47.6274
2022-07-07,GOOGL,RSI,46.3155
2022-07-08,GOOGL,RSI,49.6975
2022-07-11,GOOGL,RSI,45.8625
2022-07-12,GOOGL,RSI,48.6829
2022-07-13,GOOGL,RSI,54.3672
2022-07-14,GOOGL,RSI,57.7911
2022-07-15,GOOGL,RSI,67.9074
2022-07-18,GOOGL,RSI,60.1012
2022-07-19,GOOGL,RSI,58.277
2022-07-20,GOOGL,RSI,59.8694
2022-07-21,GOOGL,RSI,61.0449
2022-07-22,GOOGL,RSI,56.936
2022-07-25,GOOGL,RSI,54.7623
2022-07-26,GOOGL,RSI,52.5948
2022-07-27,GOOGL,RSI,55.161
2022-07-28,GOOGL,RSI,54.243
2022-07-29,GOOGL,RSI,61.2755
2022-08-01,GOOGL,RSI,61.9655
2022-08-02,GOOGL,RSI,58.7631
2022-08-03,GOOGL,RSI,52.132
2022-08-04,GOOGL,RSI,42.7775
2022-08-05,GOOGL,RSI,50.8674
2022-08-08,GOOGL,RSI,58.5497
2022-08-09,GOOGL,RSI,62.8223
2022-08-10,GOOGL,RSI,61.6796
2022-08-11,GOOGL,RSI,68.8698
2022-08-12,GOOGL,RSI,86.7468
2022-08-15,GOOGL,RSI,84.9599
2022-08-16,GOOGL,RSI,83.6252
2022-08-17,GOOGL,RSI,75.2034
2022-08-18,GOOGL,RSI,71.4618
2022-08-19,GOOGL,RSI,60.5793
2022-08-22,GOOGL,RSI,58.4945
2022-08-23,GOOGL,RSI,58.9826
2022-08-24,GOOGL,RSI,59.6245
2022-08-25,GOOGL,RSI,42.7124
2022-08-26,GOOGL,RSI,31.9544
2022-08-29,GOOGL,RSI,31.6371
2022-08-30,GOOGL,RSI,26.6381
2022-08-31,GOOGL,RSI,32.7843
2022-09-01,GOOGL,RSI,28.4982
2022-09-02,GOOGL,RSI,37.5735
2022-09-05,GOOGL,RSI,35.8188
2022-09-06,GOOGL,RSI,30.2378
2022-09-07,GOOGL,RSI,31.7914
2022-09-08,GOOGL,RSI,33.052
2022-09-09,GOOGL,RSI,30.7273
2022-09-12,GOOGL,RSI,25.0134
2022-09-13,GOOGL,RSI,25.235
2022-09-14,GOOGL,RSI,29.5495
2022-09-15,GOOGL,RSI,20.7313
2022-09-16,GOOGL,RSI,27.6376
2022-09-19,GOOGL,RSI,29.6281
2022-09-20,GOOGL,RSI,22.598
2022-09-21,GOOGL,RSI,23.4647
2022-09-22,GOOGL,RSI,20.7485
2022-09-23,GOOGL,RSI,18.6692
2022-09-26,GOOGL,RSI,24.651
2022-09-27,GOOGL,RSI,21.7356
2022-09-28,GOOGL,RSI,21.5813
2022-09-29,GOOGL,RSI,20.6555
2022-09-30,GOOGL,RSI,21.0352
2022-10-03,GOOGL,RSI,21.4925
2022-10-04,GOOGL,RSI,24.337
2022-10-05,GOOGL,RSI,27.4828
2022-10-06,GOOGL,RSI,15.4013
2022-10-07,GOOGL,RSI,24.1419
2022-10-10,GOOGL,RSI,22.0463
2022-10-11,GOOGL,RSI,25.1783
2022-10-12,GOOGL,RSI,15.5757
2022-10-13,GOOGL,RSI,16.2733
2022-10-14,GOOGL,RSI,17.2572
2022-10-17,GOOGL,RSI,17.4504
2022-10-18,GOOGL,RSI,16.3182
2022-10-19,GOOGL,RSI,29.4061
2022-10-20,GOOGL,RSI,37.7959
2022-10-21,GOOGL,RSI,31.5469
2022-10-24,GOOGL,RSI,26.721
2022-10-25,GOOGL,RSI,31.7175
2022-10-26,GOOGL,RSI,31.2818
2022-10-27,GOOGL,RSI,33.8002
2022-10-28,GOOGL,RSI,41.8503
2022-10-31,GOOGL,RSI,43.2255
2022-11-01,GOOGL,RSI,43.0883
2022-11-02,GOOGL,RSI,49.0769
2022-11-03,GOOGL,RSI,43.4028
2022-11-04,GOOGL,RSI,50.1993
2022-11-07,GOOGL,RSI,56.3112
2022-11-08,GOOGL,RSI,48.3342
2022-11-09,GOOGL,RSI,47.8398
2022-11-10,GOOGL,RSI,64.0072
2022-11-11,GOOGL,RSI,70.5737
2022-11-14,GOOGL,RSI,70.6041
2022-11-15,GOOGL,RSI,69.5559
2022-11-16,GOOGL,RSI,65.7274
2022-11-17,GOOGL,RSI,55.0728
2022-11-18,GOOGL,RSI,53.8875
2022-11-21,GOOGL,RSI,59.3836
2022-11-22,GOOGL,RSI,64.0678
2022-11-23,GOOGL,RSI,60.8232
2022-11-24,GOOGL,RSI,54.9639
2022-11-25,GOOGL,RSI,58.2409
2022-11-28,GOOGL,RSI,61.1252
2022-11-29,GOOGL,RSI,57.3807
2022-11-30,GOOGL,RSI,42.1795
2022-12-01,GOOGL,RSI,39.206
2022-12-02,GOOGL,RSI,29.8441
2022-12-05,GOOGL,RSI,29.444
2022-12-06,GOOGL,RSI,26.5922
2022-12-07,GOOGL,RSI,31.2554
2022-12-08,GOOGL,RSI,29.1808
2022-12-09,GOOGL,RSI,27.7382
2022-12-12,GOOGL,RSI,13.9491
2022-12-13,GOOGL,RSI,16.909
2022-12-14,GOOGL,RSI,16.5327
2022-12-15,GOOGL,RSI,1.6022
2022-12-16,GOOGL,RSI,2.8189
2022-12-19,GOOGL,RSI,13.1234
2022-12-20,GOOGL,RSI,15.8479
2022-12-21,GOOGL,RSI,16.6145
2022-12-22,GOOGL,RSI,21.0618
2022-12-23,GOOGL,RSI,17.6618
2022-12-26,GOOGL,RSI,19.7951
2022-12-27,GOOGL,RSI,17.3248
2022-12-28,GOOGL,RSI,17.1802
2022-12-29,GOOGL,RSI,16.7313
2022-12-30,GOOGL,RSI,16.9028
2023-01-02,GOOGL,RSI,25.6631
2023-01-03,GOOGL,RSI,35.2798
2023-01-04,GOOGL,RSI,35.9725
2023-01-05,GOOGL,RSI,33.5067
2023-01-06,GOOGL,RSI,23.8552
2023-01-09,GOOGL,RSI,28.7347
2023-01-10,GOOGL,RSI,31.847
2023-01-11,GOOGL,RSI,33.0185
2023-01-12,GOOGL,RSI,46.355
2023-01-13,GOOGL,RSI,43.876
2023-01-16,GOOGL,RSI,53.722
2023-01-17,GOOGL,RSI,59.5061
2023-01-18,GOOGL,RSI,58.6378
2023-01-19,GOOGL,RSI,59.7945
2023-01-20,GOOGL,RSI,61.0228
2023-01-23,GOOGL,RSI,52.7491
2023-01-24,GOOGL,RSI,64.1787
2023-01-25,GOOGL,RSI,63.167
2023-01-26,GOOGL,RSI,61.0028
2023-01-27,GOOGL,RSI,60.4546
2023-01-30,GOOGL,RSI,54.1022
2023-01-31,GOOGL,RSI,57.467
2023-02-01,GOOGL,RSI,56.7221
2023-02-02,GOOGL,RSI,55.0501
2023-02-03,GOOGL,RSI,47.732
2023-02-06,GOOGL,RSI,44.8855
2023-02-07,GOOGL,RSI,51.5134
2023-02-08,GOOGL,RSI,61.3518
2023-02-09,GOOGL,RSI,54.0529
2023-02-10,GOOGL,RSI,59.001
2023-02-13,GOOGL,RSI,54.6897
2023-02-14,GOOGL,RSI,59.0322
2023-02-15,GOOGL,RSI,63.6836
2023-02-16,GOOGL,RSI,53.5105
2023-02-17,GOOGL,RSI,62.0794
2023-02-20,GOOGL,RSI,54.886
2023-02-21,GOOGL,RSI,45.7587
2023-02-22,GOOGL,RSI,58.6305
2023-02-23,GOOGL,RSI,59.6824
2023-02-24,GOOGL,RSI,62.2793
2023-02-27,GOOGL,RSI,66.965
2023-02-28,GOOGL,RSI,43.9259
2023-03-01,GOOGL,RSI,53.6328
2023-03-02,GOOGL,RSI,45.8455
2023-03-03,GOOGL,RSI,46.9065
2023-03-06,GOOGL,RSI,43.994
2023-03-07,GOOGL,RSI,40.931
2023-03-08,GOOGL,RSI,50.8817
2023-03-09,GOOGL,RSI,56.75
2023-03-10,GOOGL,RSI,57.0248
2023-03-13,GOOGL,RSI,62.4464
2023-03-14,GOOGL,RSI,59.3248
2023-03-15,GOOGL,RSI,64.6734
2023-03-16,GOOGL,RSI,55.867
2023-03-17,GOOGL,RSI,52.8839
2023-03-20,GOOGL,RSI,57.4964
2023-03-21,GOOGL,RSI,43.7845
2023-03-22,GOOGL,RSI,45.5327
2023-03-23,GOOGL,RSI,51.2828
2023-03-24,GOOGL,RSI,51.0364
2023-03-27,GOOGL,RSI,56.6984
2023-03-28,GOOGL,RSI,56.509
2023-03-29,GOOGL,RSI,50.3232
2023-03-30,GOOGL,RSI,51.6771
2023-03-31,GOOGL,RSI,44.1539
2023-04-03,GOOGL,RSI,41.7985
2023-04-04,GOOGL,RSI,38.1016
2023-04-05,GOOGL,RSI,45.6655
2023-04-06,GOOGL,RSI,45.5847
2023-04-07,GOOGL,RSI,49.265
2023-04-10,GOOGL,RSI,69.8514
2023-04-11,GOOGL,RSI,69.2219
2023-04-12,GOOGL,RSI,68.9466
2023-04-13,GOOGL,RSI,73.4794
2023-04-14,GOOGL,RSI,75.8525
2023-04-17,GOOGL,RSI,64.8351
2023-04-18,GOOGL,RSI,65.463
2023-04-19,GOOGL,RSI,62.9143
2023-04-20,GOOGL,RSI,73.6394
2023-04-21,GOOGL,RSI,81.1628
2023-04-24,GOOGL,RSI,80.3704
2023-04-25,GOOGL,RSI,82.4646
2023-04-26,GOOGL,RSI,77.1024
2023-04-27,GOOGL,RSI,71.6275
2023-04-28,GOOGL,RSI,66.0818
2023-05-01,GOOGL,RSI,68.5985
2023-05-02,GOOGL,RSI,61.5155
2023-05-03,GOOGL,RSI,54.5531
2023-05-04,GOOGL,RSI,52.1299
2023-05-05,GOOGL,RSI,57.8898
2023-05-08,GOOGL,RSI,63.7061
2023-05-09,GOOGL,RSI,66.5078
2023-05-10,GOOGL,RSI,68.438
2023-05-11,GOOGL,RSI,66.1996
2023-05-12,GOOGL,RSI,58.5517
2023-05-15,GOOGL,RSI,54.2698
2023-05-16,GOOGL,RSI,67.7649
2023-05-17,GOOGL,RSI,74.8866
2023-05-18,GOOGL,RSI,77.3048
2023-05-19,GOOGL,RSI,79.0593
2023-05-22,GOOGL,RSI,80.9107
2023-05-23,GOOGL,RSI,88.6388
2023-05-24,GOOGL,RSI,87.9973
2023-05-25,GOOGL,RSI,91.9114
2023-05-26,GOOGL,RSI,77.2394
2023-05-29,GOOGL,RSI,77.813
2023-05-30,GOOGL,RSI,74.9417
2023-05-31,GOOGL,RSI,70.3208
2023-06-01,GOOGL,RSI,79.9997
2023-06-02,GOOGL,RSI,73.3644
2023-06-05,GOOGL,RSI,57.4302
2023-06-06,GOOGL,RSI,59.7588
2023-06-07,GOOGL,RSI,48.3229
2023-06-08,GOOGL,RSI,37.441
2023-06-09,GOOGL,RSI,40.2597
2023-06-12,GOOGL,RSI,40.0815
2023-06-13,GOOGL,RSI,39.594
2023-06-14,GOOGL,RSI,34.0378
2023-06-15,GOOGL,RSI,34.2198
2023-06-16,GOOGL,RSI,29.7417
2023-06-19,GOOGL,RSI,29.5838
2023-06-20,GOOGL,RSI,27.8592
2023-06-21,GOOGL,RSI,21.7667
2023-06-22,GOOGL,RSI,22.3819
2023-06-23,GOOGL,RSI,26.6752
2023-06-26,GOOGL,RSI,21.9079
2023-06-27,GOOGL,RSI,28.555
2023-06-28,GOOGL,RSI,40.024
2023-06-29,GOOGL,RSI,30.8189
2023-06-30,GOOGL,RSI,30.9521
2023-07-03,GOOGL,RSI,28.4947
2023-07-04,GOOGL,RSI,22.5191
2023-07-05,GOOGL,RSI,32.0853
2023-07-06,GOOGL,RSI,38.6686
2023-07-07,GOOGL,RSI,44.3366
2023-07-10,GOOGL,RSI,44.3751
2023-07-11,GOOGL,RSI,40.4933
2023-07-12,GOOGL,RSI,37.6683
2023-07-13,GOOGL,RSI,41.2568
2023-07-14,GOOGL,RSI,34.8624
2023-07-17,GOOGL,RSI,29.5757
2023-07-18,GOOGL,RSI,29.5017
2023-07-19,GOOGL,RSI,28.8516
2023-07-20,GOOGL,RSI,25.4533
2023-07-21,GOOGL,RSI,29.0268
2023-07-24,GOOGL,RSI,41.8054
2023-07-25,GOOGL,RSI,42.0742
2023-07-26,GOOGL,RSI,45.4704
2023-07-27,GOOGL,RSI,41.7138
2023-07-28,GOOGL,RSI,46.3471
2023-07-31,GOOGL,RSI,44.899
2023-08-01,GOOGL,RSI,51.0089
2023-08-02,GOOGL,RSI,44.3096
2023-08-03,GOOGL,RSI,49.5084
2023-08-04,GOOGL,RSI,58.6919
2023-08-07,GOOGL,RSI,61.7859
2023-08-08,GOOGL,RSI,67.8844
2023-08-09,GOOGL,RSI,80.1984
2023-08-10,GOOGL,RSI,72.2797
2023-08-11,GOOGL,RSI,56.6789
2023-08-14,GOOGL,RSI,56.7295
2023-08-15,GOOGL,RSI,48.8949
2023-08-16,GOOGL,RSI,48.6989
2023-08-17,GOOGL,RSI,42.2982
2023-08-18,GOOGL,RSI,41.5258
2023-08-21,GOOGL,RSI,36.3101
2023-08-22,GOOGL,RSI,36.6428
2023-08-23,GOOGL,RSI,36.8167
2023-08-24,GOOGL,RSI,34.2897
2023-08-25,GOOGL,RSI,34.0783
2023-08-28,GOOGL,RSI,35.2511
2023-08-29,GOOGL,RSI,21.3608
2023-08-30,GOOGL,RSI,26.3118
2023-08-31,GOOGL,RSI,31.8865
2023-09-01,GOOGL,RSI,26.5569
2023-09-04,GOOGL,RSI,28.7886
2023-09-05,GOOGL,RSI,31.2514
2023-09-06,GOOGL,RSI,35.6228
2023-09-07,GOOGL,RSI,39.0324
2023-09-08,GOOGL,RSI,56.505
2023-09-11,GOOGL,RSI,54.4812
2023-09-12,GOOGL,RSI,50.3663
2023-09-13,GOOGL,RSI,49.4845
2023-09-14,GOOGL,RSI,35.349
2023-09-15,GOOGL,RSI,24.0619
2023-09-18,GOOGL,RSI,28.154
2023-09-19,GOOGL,RSI,34.328
2023-09-20,GOOGL,RSI,33.2015
2023-09-21,GOOGL,RSI,35.0014
2023-09-22,GOOGL,RSI,28.3281
2023-09-25,GOOGL,RSI,29.6198
2023-09-26,GOOGL,RSI,32.3316
2023-09-27,GOOGL,RSI,31.0053
2023-09-28,GOOGL,RSI,23.7592
2023-09-29,GOOGL,RSI,27.0613
2023-10-02,GOOGL,RSI,27.2163
2023-10-03,GOOGL,RSI,29.8387
2023-10-04,GOOGL,RSI,41.6042
2023-10-05,GOOGL,RSI,49.1544
2023-10-06,GOOGL,RSI,46.3305
2023-10-09,GOOGL,RSI,35.2846
2023-10-10,GOOGL,RSI,41.8278
2023-10-11,GOOGL,RSI,35.343
2023-10-12,GOOGL,RSI,49.607
2023-10-13,GOOGL,RSI,42.9148
2023-10-16,GOOGL,RSI,43.8858
2023-10-17,GOOGL,RSI,44.4752
2023-10-18,GOOGL,RSI,40.435
2023-10-19,GOOGL,RSI,48.2386
2023-10-20,GOOGL,RSI,46.6379
2023-10-23,GOOGL,RSI,47.3756
2023-10-24,GOOGL,RSI,49.8308
2023-10-25,GOOGL,RSI,53.8719
2023-10-26,GOOGL,RSI,51.6654
2023-10-27,GOOGL,RSI,47.2907
2023-10-30,GOOGL,RSI,41.1254
2023-10-31,GOOGL,RSI,46.1948
2023-11-01,GOOGL,RSI,44.5532
2023-11-02,GOOGL,RSI,42.482
2023-11-03,GOOGL,RSI,38.5731
2023-11-06,GOOGL,RSI,37.9667
2023-11-07,GOOGL,RSI,39.1481
2023-11-08,GOOGL,RSI,40.7886
2023-11-09,GOOGL,RSI,42.5004
2023-11-10,GOOGL,RSI,37.2539
2023-11-13,GOOGL,RSI,25.0319
2023-11-14,GOOGL,RSI,24.2374
2023-11-15,GOOGL,RSI,27.2977
2023-11-16,GOOGL,RSI,28.5602
2023-11-17,GOOGL,RSI,29.7687
2023-11-20,GOOGL,RSI,26.5312
2023-11-21,GOOGL,RSI,26.8105
2023-11-22,GOOGL,RSI,45.1043
2023-11-23,GOOGL,RSI,51.0269
2023-11-24,GOOGL,RSI,54.3135
2023-11-27,GOOGL,RSI,52.0332
2023-11-28,GOOGL,RSI,37.1996
2023-11-29,GOOGL,RSI,44.6727
2023-11-30,GOOGL,RSI,52.3583
2023-12-01,GOOGL,RSI,55.8201
2023-12-04,GOOGL,RSI,58.2876
2023-12-05,GOOGL,RSI,58.5582
2023-12-06,GOOGL,RSI,66.5205
2023-12-07,GOOGL,RSI,69.6299
2023-12-08,GOOGL,RSI,73.6747
2023-12-11,GOOGL,RSI,66.2452
2023-12-12,GOOGL,RSI,54.5698
2023-12-13,GOOGL,RSI,56.2022
2023-12-14,GOOGL,RSI,53.4836
2023-12-15,GOOGL,RSI,59.988
2023-12-18,GOOGL,RSI,61.582
2023-12-19,GOOGL,RSI,61.9191
2023-12-20,GOOGL,RSI,60.3023
2023-12-21,GOOGL,RSI,55.1087
2023-12-22,GOOGL,RSI,46.7853
2023-12-25,GOOGL,RSI,52.2761
2023-12-26,GOOGL,RSI,41.0217
2023-12-27,GOOGL,RSI,34.7877
2023-12-28,GOOGL,RSI,35.1885
2023-12-29,GOOGL,RSI,50.6356
2024-01-01,GOOGL,RSI,48.2896
2024-01-02,GOOGL,RSI,46.6542
2024-01-03,GOOGL,RSI,50.1606
2024-01-04,GOOGL,RSI,45.4379
2024-01-05,GOOGL,RSI,51.2787
2024-01-08,GOOGL,RSI,45.0253
2024-01-09,GOOGL,RSI,41.5527
2024-01-10,GOOGL,RSI,39.8414
2024-01-11,GOOGL,RSI,40.6435
2024-01-12,GOOGL,RSI,40.2548
2024-01-15,GOOGL,RSI,46.5741
2024-01-16,GOOGL,RSI,58.6898
2024-01-17,GOOGL,RSI,61.6264
2024-01-18,GOOGL,RSI,50.3363
2024-01-19,GOOGL,RSI,50.6451
2024-01-22,GOOGL,RSI,43.8425
2024-01-23,GOOGL,RSI,34.374
2024-01-24,GOOGL,RSI,35.8283
2024-01-25,GOOGL,RSI,35.6466
2024-01-26,GOOGL,RSI,48.9729
2024-01-29,GOOGL,RSI,53.6628
2024-01-30,GOOGL,RSI,58.48
2024-01-31,GOOGL,RSI,50.3593
2024-02-01,GOOGL,RSI,44.7043
2024-02-02,GOOGL,RSI,48.6672
2024-02-05,GOOGL,RSI,41.537
2024-02-06,GOOGL,RSI,41.184
2024-02-07,GOOGL,RSI,40.6561
2024-02-08,GOOGL,RSI,47.9168
2024-02-09,GOOGL,RSI,42.8783
2024-02-12,GOOGL,RSI,57.1388
2024-02-13,GOOGL,RSI,52.913
2024-02-14,GOOGL,RSI,55.3781
2024-02-15,GOOGL,RSI,47.0792
2024-02-16,GOOGL,RSI,43.8012
2024-02-19,GOOGL,RSI,46.7032
2024-02-20,GOOGL,RSI,56.2017
2024-02-21,GOOGL,RSI,59.7058
2024-02-22,GOOGL,RSI,60.9215
2024-02-23,GOOGL,RSI,67.5737
2024-02-26,GOOGL,RSI,66.9956
2024-02-27,GOOGL,RSI,72.9747
2024-02-28,GOOGL,RSI,71.5239
2024-02-29,GOOGL,RSI,85.0145
2024-03-01,GOOGL,RSI,83.3696
2024-03-04,GOOGL,RSI,87.8449
2024-03-05,GOOGL,RSI,87.0473
2024-03-06,GOOGL,RSI,90.2326
2024-03-07,GOOGL,RSI,91.057
2024-03-08,GOOGL,RSI,93.6126
2024-03-11,GOOGL,RSI,94.0828
2024-03-12,GOOGL,RSI,93.7877
2024-03-13,GOOGL,RSI,66.4579
2024-03-14,GOOGL,RSI,67.558
2024-03-15,GOOGL,RSI,64.8589
2024-03-18,GOOGL,RSI,53.9388
2024-03-19,GOOGL,RSI,48.1285
2024-03-20,GOOGL,RSI,41.2445
2024-03-21,GOOGL,RSI,36.5793
2024-03-22,GOOGL,RSI,36.0471
2024-03-25,GOOGL,RSI,32.776
2024-03-26,GOOGL,RSI,32.6969
2024-03-27,GOOGL,RSI,42.8987
2024-03-28,GOOGL,RSI,44.561
2024-03-29,GOOGL,RSI,45.5177
2024-04-01,GOOGL,RSI,44.3261
2024-04-02,GOOGL,RSI,57.3568
2024-04-03,GOOGL,RSI,51.9934
2024-04-04,GOOGL,RSI,50.0687
2024-04-05,GOOGL,RSI,52.1515
2024-04-08,GOOGL,RSI,62.6583
2024-04-09,GOOGL,RSI,68.6324
2024-04-10,GOOGL,RSI,72.5562
2024-04-11,GOOGL,RSI,68.8063
2024-04-12,GOOGL,RSI,71.1732
2024-04-15,GOOGL,RSI,60.4937
2024-04-16,GOOGL,RSI,52.5224
2024-04-17,GOOGL,RSI,49.4666
2024-04-18,GOOGL,RSI,40.3565
2024-04-19,GOOGL,RSI,44.3497
2024-04-22,GOOGL,RSI,46.5267
2024-04-23,GOOGL,RSI,45.3141
2024-04-24,GOOGL,RSI,42.3589
2024-04-25,GOOGL,RSI,43.3016
2024-04-26,GOOGL,RSI,39.916
2024-04-29,GOOGL,RSI,43.2767
2024-04-30,GOOGL,RSI,41.2824
2024-05-01,GOOGL,RSI,52.4502
2024-05-02,GOOGL,RSI,59.5528
2024-05-03,GOOGL,RSI,70.274
2024-05-06,GOOGL,RSI,74.3893
2024-05-07,GOOGL,RSI,77.272
2024-05-08,GOOGL,RSI,82.4073
2024-05-09,GOOGL,RSI,82.8618
2024-05-10,GOOGL,RSI,85.8395
2024-05-13,GOOGL,RSI,81.0841
2024-05-14,GOOGL,RSI,90.8548
2024-05-15,GOOGL,RSI,92.7402
2024-05-16,GOOGL,RSI,93.2862
2024-05-17,GOOGL,RSI,90.3637
2024-05-20,GOOGL,RSI,92.3947
2024-05-21,GOOGL,RSI,92.944
2024-05-22,GOOGL,RSI,85.414
2024-05-23,GOOGL,RSI,85.423
2024-05-24,GOOGL,RSI,72.6484
2024-05-27,GOOGL,RSI,69.9694
2024-05-28,GOOGL,RSI,63.591
2024-05-29,GOOGL,RSI,61.6271
2024-05-30,GOOGL,RSI,63.4276
2024-05-31,GOOGL,RSI,69.712
2024-06-03,GOOGL,RSI,59.0531
2024-06-04,GOOGL,RSI,58.5812
2024-06-05,GOOGL,RSI,57.1974
2024-06-06,GOOGL,RSI,57.0793
2024-06-07,GOOGL,RSI,55.0679
2024-06-10,GOOGL,RSI,51.0153
2024-06-11,GOOGL,RSI,49.9402
2024-06-12,GOOGL,RSI,46.7828
2024-06-13,GOOGL,RSI,56.0163
2024-06-14,GOOGL,RSI,57.1688
2024-06-17,GOOGL,RSI,57.5635
2024-06-18,GOOGL,RSI,54.9003
2024-06-19,GOOGL,RSI,41.5259
2024-06-20,GOOGL,RSI,35.8212
2024-06-21,GOOGL,RSI,42.6437
2024-06-24,GOOGL,RSI,49.7006
2024-06-25,GOOGL,RSI,40.5264
2024-06-26,GOOGL,RSI,43.7205
2024-06-27,GOOGL,RSI,40.556
2024-06-28,GOOGL,RSI,42.6508
2024-07-01,GOOGL,RSI,45.8678
2024-07-02,GOOGL,RSI,62.8891
2024-07-03,GOOGL,RSI,51.8395
2024-07-04,GOOGL,RSI,58.2999
2024-07-05,GOOGL,RSI,62.1772
2024-07-08,GOOGL,RSI,68.3087
2024-07-09,GOOGL,RSI,72.1884
2024-07-10,GOOGL,RSI,72.3336
2024-07-11,GOOGL,RSI,68.4814
2024-07-12,GOOGL,RSI,66.1055
2024-07-15,GOOGL,RSI,74.3418
2024-07-16,GOOGL,RSI,69.042
2024-07-17,GOOGL,RSI,74.8038
2024-07-18,GOOGL,RSI,74.5956
2024-07-19,GOOGL,RSI,75.9183
2024-07-22,GOOGL,RSI,67.9243
2024-07-23,GOOGL,RSI,75.2421
2024-07-24,GOOGL,RSI,60.7506
2024-07-25,GOOGL,RSI,58.6655
2024-07-26,GOOGL,RSI,55.8779
2024-07-29,GOOGL,RSI,46.8636
2024-07-30,GOOGL,RSI,46.3618
2024-07-31,GOOGL,RSI,48.3222
2024-08-01,GOOGL,RSI,43.3187
2024-08-02,GOOGL,RSI,31.9643
2024-08-05,GOOGL,RSI,37.2984
2024-08-06,GOOGL,RSI,20.8226
2024-08-07,GOOGL,RSI,14.908
2024-08-08,GOOGL,RSI,17.3133
2024-08-09,GOOGL,RSI,19.5338
2024-08-12,GOOGL,RSI,17.3786
2024-08-13,GOOGL,RSI,22.3907
2024-08-14,GOOGL,RSI,30.8136
2024-08-15,GOOGL,RSI,37.8585
2024-08-16,GOOGL,RSI,43.3857
2024-08-19,GOOGL,RSI,42.5984
2024-08-20,GOOGL,RSI,37.7286
2024-08-21,GOOGL,RSI,36.1538
2024-08-22,GOOGL,RSI,36.5888
2024-08-23,GOOGL,RSI,45.2692
2024-08-26,GOOGL,RSI,45.8676
2024-08-27,GOOGL,RSI,48.4739
2024-08-28,GOOGL,RSI,56.5076
2024-08-29,GOOGL,RSI,55.0321
2024-08-30,GOOGL,RSI,70.7751
2024-09-02,GOOGL,RSI,69.0728
2024-09-03,GOOGL,RSI,61.0321
2024-09-04,GOOGL,RSI,58.0674
2024-09-05,GOOGL,RSI,57.9253
2024-09-06,GOOGL,RSI,50.9423
2024-09-09,GOOGL,RSI,65.2184
2024-09-10,GOOGL,RSI,71.2303
2024-09-11,GOOGL,RSI,73.715
2024-09-12,GOOGL,RSI,67.2336
2024-09-13,GOOGL,RSI,63.3245
2024-09-16,GOOGL,RSI,67.8207
2024-09-17,GOOGL,RSI,54.4607
2024-09-18,GOOGL,RSI,50.8799
2024-09-19,GOOGL,RSI,40.1476
2024-09-20,GOOGL,RSI,48.5211
2024-09-23,GOOGL,RSI,51.2816
2024-09-24,GOOGL,RSI,53.7353
2024-09-25,GOOGL,RSI,54.9832
2024-09-26,GOOGL,RSI,63.4599
2024-09-27,GOOGL,RSI,45.9005
2024-09-30,GOOGL,RSI,47.8337
2024-10-01,GOOGL,RSI,44.7418
2024-10-02,GOOGL,RSI,51.0074
2024-10-03,GOOGL,RSI,49.9353
2024-10-04,GOOGL,RSI,45.2857
2024-10-07,GOOGL,RSI,53.2137
2024-10-08,GOOGL,RSI,53.966
2024-10-09,GOOGL,RSI,48.5155
2024-10-10,GOOGL,RSI,38.3637
2024-10-11,GOOGL,RSI,40.8273
2024-10-14,GOOGL,RSI,35.0309
2024-10-15,GOOGL,RSI,33.6209
2024-10-16,GOOGL,RSI,19.0597
2024-10-17,GOOGL,RSI,21.8478
2024-10-18,GOOGL,RSI,23.4853
2024-10-21,GOOGL,RSI,29.3539
2024-10-22,GOOGL,RSI,21.2681
2024-10-23,GOOGL,RSI,25.8997
2024-10-24,GOOGL,RSI,23.2277
2024-10-25,GOOGL,RSI,34.9098
2024-10-28,GOOGL,RSI,49.5953
2024-10-29,GOOGL,RSI,56.6246
2024-10-30,GOOGL,RSI,68.3611
2024-10-31,GOOGL,RSI,64.3297
2024-11-01,GOOGL,RSI,61.6223
2024-11-04,GOOGL,RSI,59.8235
2024-11-05,GOOGL,RSI,67.5214
2024-11-06,GOOGL,RSI,74.3348
2024-11-07,GOOGL,RSI,71.0712
2024-11-08,GOOGL,RSI,65.1728
2024-11-11,GOOGL,RSI,61.4471
2024-11-12,GOOGL,RSI,63.7294
2024-11-13,GOOGL,RSI,69.2041
2024-11-14,GOOGL,RSI,63.7337
2024-11-15,GOOGL,RSI,50.3948
2024-11-18,GOOGL,RSI,46.2086
2024-11-19,GOOGL,RSI,42.8619
2024-11-20,GOOGL,RSI,47.6919
2024-11-21,GOOGL,RSI,52.5543
2024-11-22,GOOGL,RSI,61.291
2024-11-25,GOOGL,RSI,66.9078
2024-11-26,GOOGL,RSI,61.4766
2024-11-27,GOOGL,RSI,62.6604
2024-11-28,GOOGL,RSI,63.7947
2024-11-29,GOOGL,RSI,66.7264
2024-12-02,GOOGL,RSI,56.1093
2024-12-03,GOOGL,RSI,46.7073
2024-12-04,GOOGL,RSI,42.8747
2024-12-05,GOOGL,RSI,52.8354
2024-12-06,GOOGL,RSI,51.231
2024-12-09,GOOGL,RSI,51.9899
2024-12-10,GOOGL,RSI,47.2654
2024-12-11,GOOGL,RSI,52.5077
2024-12-12,GOOGL,RSI,45.2857
2024-12-13,GOOGL,RSI,32.6397
2024-12-16,GOOGL,RSI,38.1581
2024-12-17,GOOGL,RSI,43.2922
2024-12-18,GOOGL,RSI,42.524
2024-12-19,GOOGL,RSI,42.4389
2024-12-20,GOOGL,RSI,44.0973
2024-12-23,GOOGL,RSI,48.1352
2024-12-24,GOOGL,RSI,54.5227
2024-12-25,GOOGL,RSI,49.4522
2024-12-26,GOOGL,RSI,48.528
2024-12-27,GOOGL,RSI,38.2458
2024-12-30,GOOGL,RSI,44.0321
2024-12-31,GOOGL,RSI,33.9845
2025-01-01,GOOGL,RSI,34.1719
2025-01-02,GOOGL,RSI,36.6364
2025-01-03,GOOGL,RSI,25.2904
2025-01-06,GOOGL,RSI,24.3363
2025-01-07,GOOGL,RSI,23.9399
2025-01-08,GOOGL,RSI,30.3689
2025-01-09,GOOGL,RSI,34.0931
2025-01-10,GOOGL,RSI,36.3958
2025-01-13,GOOGL,RSI,32.8442
2025-01-14,GOOGL,RSI,32.9121
2025-01-15,GOOGL,RSI,40.8902
2025-01-16,GOOGL,RSI,41.2779
2025-01-17,GOOGL,RSI,38.2732
2025-01-20,GOOGL,RSI,42.9724
2025-01-21,GOOGL,RSI,57.2384
2025-01-22,GOOGL,RSI,64.4874
2025-01-23,GOOGL,RSI,55.9399
2025-01-24,GOOGL,RSI,55.0217
2025-01-27,GOOGL,RSI,60.5819
2025-01-28,GOOGL,RSI,65.5776
2025-01-29,GOOGL,RSI,69.8735
2025-01-30,GOOGL,RSI,66.2711
2025-01-31,GOOGL,RSI,72.2171
2025-02-03,GOOGL,RSI,70.5259
2025-02-04,GOOGL,RSI,70.5518
2025-02-05,GOOGL,RSI,74.8943
2025-02-06,GOOGL,RSI,76.5166
2025-02-07,GOOGL,RSI,77.4203
2025-02-10,GOOGL,RSI,73.6811
2025-02-11,GOOGL,RSI,78.161
2025-02-12,GOOGL,RSI,87.1718
2025-02-13,GOOGL,RSI,74.5088
2025-02-14,GOOGL,RSI,67.7092
2025-02-17,GOOGL,RSI,66.8747
2025-02-18,GOOGL,RSI,62.7429
2025-02-19,GOOGL,RSI,65.7924
2025-02-20,GOOGL,RSI,60.6935
2025-02-21,GOOGL,RSI,61.31
2025-02-24,GOOGL,RSI,57.3848
2025-02-25,GOOGL,RSI,56.7509
2025-02-26,GOOGL,RSI,52.0425
2025-02-27,GOOGL,RSI,49.9882
2025-02-28,GOOGL,RSI,51.2204
2025-03-03,GOOGL,RSI,34.5981
2025-03-04,GOOGL,RSI,30.7582
2025-03-05,GOOGL,RSI,31.3106
2025-03-06,GOOGL,RSI,53.3068
2025-03-07,GOOGL,RSI,53.4118
2025-03-10,GOOGL,RSI,58.9125
2025-03-11,GOOGL,RSI,55.1897
2025-03-12,GOOGL,RSI,57.659
2025-03-13,GOOGL,RSI,55.8865
2025-03-14,GOOGL,RSI,53.5401
2025-03-17,GOOGL,RSI,49.5995
2025-03-18,GOOGL,RSI,54.435
2025-03-19,GOOGL,RSI,55.7121
2025-03-20,GOOGL,RSI,51.2286
2025-03-21,GOOGL,RSI,51.5887
2025-03-24,GOOGL,RSI,59.055
2025-03-25,GOOGL,RSI,62.9241
2025-03-26,GOOGL,RSI,53.7887
2025-03-27,GOOGL,RSI,48.9482
2025-03-28,GOOGL,RSI,43.54
2025-03-31,GOOGL,RSI,48.76
2025-04-01,GOOGL,RSI,45.1976
2025-04-02,GOOGL,RSI,46.6014
2025-04-03,GOOGL,RSI,47.6214
2025-04-04,GOOGL,RSI,43.0066
2025-04-07,GOOGL,RSI,33.7696
2025-04-08,GOOGL,RSI,33.2326
2025-04-09,GOOGL,RSI,31.9326
2025-04-10,GOOGL,RSI,35.1528
2025-04-11,GOOGL,RSI,35.1173
2025-04-14,GOOGL,RSI,30.9453
2025-04-15,GOOGL,RSI,29.5275
2025-04-16,GOOGL,RSI,36.5204
2025-04-17,GOOGL,RSI,37.2431
2025-04-18,GOOGL,RSI,30.7048
2025-04-21,GOOGL,RSI,35.6704
2025-04-22,GOOGL,RSI,35.2623
2025-04-23,GOOGL,RSI,41.8093
2025-04-24,GOOGL,RSI,44.9574
2025-04-25,GOOGL,RSI,45.1868
2025-04-28,GOOGL,RSI,39.4019
2025-04-29,GOOGL,RSI,44.7076
2025-04-30,GOOGL,RSI,41.01
2025-05-01,GOOGL,RSI,35.5523
2025-05-02,GOOGL,RSI,38.3151
2025-05-05,GOOGL,RSI,42.3463
2025-05-06,GOOGL,RSI,32.2929
2025-05-07,GOOGL,RSI,22.6879
2025-05-08,GOOGL,RSI,36.6535
2025-05-09,GOOGL,RSI,30.4671
2025-05-12,GOOGL,RSI,35.2215
2025-05-13,GOOGL,RSI,35.5812
2025-05-14,GOOGL,RSI,42.1459
2025-05-15,GOOGL,RSI,50.5445
2025-05-16,GOOGL,RSI,52.098
2025-05-19,GOOGL,RSI,57.5937
2025-05-20,GOOGL,RSI,61.9417
2025-05-21,GOOGL,RSI,65.6014
2025-05-22,GOOGL,RSI,76.3727
2025-05-23,GOOGL,RSI,78.5115
2025-05-26,GOOGL,RSI,79.8451
2025-05-27,GOOGL,RSI,90.0044
2025-05-28,GOOGL,RSI,81.7061
2025-05-29,GOOGL,RSI,82.8974
2025-05-30,GOOGL,RSI,75.2105
2025-06-02,GOOGL,RSI,64.2704
2025-06-03,GOOGL,RSI,50.4327
2025-06-04,GOOGL,RSI,38.527
2025-06-05,GOOGL,RSI,48.5092
2025-06-06,GOOGL,RSI,41.6838
2025-06-09,GOOGL,RSI,48.8378
2025-06-10,GOOGL,RSI,48.4397
2025-06-11,GOOGL,RSI,46.6772
2025-06-12,GOOGL,RSI,36.5024
2025-06-13,GOOGL,RSI,32.7803
2025-06-16,GOOGL,RSI,42.6353
2025-06-17,GOOGL,RSI,50.4949
2025-06-18,GOOGL,RSI,51.5748
2025-06-19,GOOGL,RSI,50.2329
2025-06-20,GOOGL,RSI,50.5379
2025-06-23,GOOGL,RSI,54.9835
2025-06-24,GOOGL,RSI,64.6639
2025-06-25,GOOGL,RSI,64.1664
2025-06-26,GOOGL,RSI,67.6236
2025-06-27,GOOGL,RSI,61.1001
2025-06-30,GOOGL,RSI,64.636
2025-07-01,GOOGL,RSI,60.1461
2025-07-02,GOOGL,RSI,67.2182
2025-07-03,GOOGL,RSI,68.4018
2025-07-04,GOOGL,RSI,58.8146
2025-07-07,GOOGL,RSI,49.8671
2025-07-08,GOOGL,RSI,45.5826
2025-07-09,GOOGL,RSI,56.4991
2025-07-10,GOOGL,RSI,67.175
2025-07-11,GOOGL,RSI,71.9667
2025-07-14,GOOGL,RSI,67.2348
2025-07-15,GOOGL,RSI,58.084
2025-07-16,GOOGL,RSI,57.27
2025-07-17,GOOGL,RSI,55.7983
2025-07-18,GOOGL,RSI,47.3532
2025-07-21,GOOGL,RSI,55.9083
2025-07-22,GOOGL,RSI,52.9331
2025-07-23,GOOGL,RSI,48.9973
2025-07-24,GOOGL,RSI,53.5379
2025-07-25,GOOGL,RSI,55.9112
2025-07-28,GOOGL,RSI,58.0533
2025-07-29,GOOGL,RSI,53.8653
2025-07-30,GOOGL,RSI,23.3207
2025-07-31,GOOGL,RSI,37.8892
2025-08-01,GOOGL,RSI,40.558
2025-08-04,GOOGL,RSI,48.9517
2025-08-05,GOOGL,RSI,53.5741
2025-08-06,GOOGL,RSI,52.4851
2025-08-07,GOOGL,RSI,47.6951
2025-08-08,GOOGL,RSI,40.3408
2025-08-11,GOOGL,RSI,41.0562
2025-08-12,GOOGL,RSI,45.8864
2025-08-13,GOOGL,RSI,44.1643
2025-08-14,GOOGL,RSI,48.5828
2025-08-15,GOOGL,RSI,41.2743
2025-08-18,GOOGL,RSI,36.3817
2025-08-19,GOOGL,RSI,48.0251
2025-08-20,GOOGL,RSI,39.4455
2025-08-21,GOOGL,RSI,35.7225
2025-08-22,GOOGL,RSI,29.9259
2025-08-25,GOOGL,RSI,19.1884
2025-08-26,GOOGL,RSI,18.9424
2025-08-27,GOOGL,RSI,26.1038
2025-08-28,GOOGL,RSI,27.1801
2025-08-29,GOOGL,RSI,26.823
2025-09-01,GOOGL,RSI,19.2572
2025-09-02,GOOGL,RSI,18.2402
2025-09-03,GOOGL,RSI,20.1684
2025-09-04,GOOGL,RSI,26.8767
2025-09-05,GOOGL,RSI,25.5002
2025-09-08,GOOGL,RSI,18.2977
2025-09-09,GOOGL,RSI,18.487
2025-09-10,GOOGL,RSI,18.2548
2025-09-11,GOOGL,RSI,17.0385
2025-09-12,GOOGL,RSI,20.9936
2025-09-15,GOOGL,RSI,25.795
2025-09-16,GOOGL,RSI,22.5824
2025-09-17,GOOGL,RSI,28.5014
2025-09-18,GOOGL,RSI,26.5304
2025-09-19,GOOGL,RSI,32.387
2025-09-22,GOOGL,RSI,36.6422
2025-09-23,GOOGL,RSI,28.4628
2025-09-24,GOOGL,RSI,22.796
2025-09-25,GOOGL,RSI,24.7303
2025-09-26,GOOGL,RSI,19.6898
2025-09-29,GOOGL,RSI,26.858
2025-09-30,GOOGL,RSI,31.9117
2025-10-01,GOOGL,RSI,33.8335
2025-10-02,GOOGL,RSI,36.9893
2025-10-03,GOOGL,RSI,32.2335
2025-10-06,GOOGL,RSI,27.1976
2025-10-07,GOOGL,RSI,19.0417
2025-10-08,GOOGL,RSI,26.6588
2025-10-09,GOOGL,RSI,24.1441
2025-10-10,GOOGL,RSI,22.5106
2025-10-13,GOOGL,RSI,29.4319
2025-10-14,GOOGL,RSI,29.5496
2025-10-15,GOOGL,RSI,30.9311
2025-10-16,GOOGL,RSI,46.2624
2025-10-17,GOOGL,RSI,35.9076
2025-10-20,GOOGL,RSI,31.6199
2025-10-21,GOOGL,RSI,40.4308
2025-10-22,GOOGL,RSI,30.3338
2025-10-23,GOOGL,RSI,33.7071
2025-10-24,GOOGL,RSI,32.5833
2025-10-27,GOOGL,RSI,41.3949
2025-10-28,GOOGL,RSI,41.3474
2025-10-29,GOOGL,RSI,47.8532
2025-10-30,GOOGL,RSI,45.3151
2025-10-31,GOOGL,RSI,37.4715
2025-11-03,GOOGL,RSI,33.6247
2025-11-04,GOOGL,RSI,34.0311
2025-11-05,GOOGL,RSI,22.6807
2025-11-06,GOOGL,RSI,21.2485
2025-11-07,GOOGL,RSI,29.0323
2025-11-10,GOOGL,RSI,29.181
2025-11-11,GOOGL,RSI,32.4668
2025-11-12,GOOGL,RSI,28.7707
2025-11-13,GOOGL,RSI,28.2145
2025-11-14,GOOGL,RSI,23.9354
2025-11-17,GOOGL,RSI,19.3096
2025-11-18,GOOGL,RSI,25.7548
2025-11-19,GOOGL,RSI,29.3968
2025-11-20,GOOGL,RSI,30.1412
2025-11-21,GOOGL,RSI,29.8459
2025-11-24,GOOGL,RSI,29.0523
2025-11-25,GOOGL,RSI,37.8643
2025-11-26,GOOGL,RSI,43.2823
2025-11-27,GOOGL,RSI,31.867
2025-11-28,GOOGL,RSI,31.3181
2025-12-01,GOOGL,RSI,44.1931
2025-12-02,GOOGL,RSI,50.296
2025-12-03,GOOGL,RSI,63.9235
2025-12-04,GOOGL,RSI,65.7692
2025-12-05,GOOGL,RSI,72.1012
2025-12-08,GOOGL,RSI,61.8639
2025-12-09,GOOGL,RSI,61.6529
2025-12-10,GOOGL,RSI,59.968
2025-12-11,GOOGL,RSI,73.406
2025-12-12,GOOGL,RSI,78.9743
2025-12-15,GOOGL,RSI,78.8826
2025-12-16,GOOGL,RSI,84.1055
2025-12-17,GOOGL,RSI,82.8394
2025-12-18,GOOGL,RSI,83.9635
2025-12-19,GOOGL,RSI,83.3642
2025-12-22,GOOGL,RSI,84.3821
2025-12-23,GOOGL,RSI,82.6763
2025-12-24,GOOGL,RSI,83.0076
2025-12-25,GOOGL,RSI,71.742
2025-12-26,GOOGL,RSI,77.633
2025-12-29,GOOGL,RSI,80.2059
2025-12-30,GOOGL,RSI,69.9484
2025-12-31,GOOGL,RSI,69.8427
2026-01-01,GOOGL,RSI,58.4328
2026-01-02,GOOGL,RSI,55.4705
2026-01-05,GOOGL,RSI,51.5246
2026-01-06,GOOGL,RSI,50.5906
2026-01-07,GOOGL,RSI,46.0512
2026-01-08,GOOGL,RSI,39.3374
2026-01-09,GOOGL,RSI,29.674
2026-01-12,GOOGL,RSI,33.253
2026-01-13,GOOGL,RSI,23.9194
2026-01-14,GOOGL,RSI,44.4113
2026-01-15,GOOGL,RSI,42.6122
2026-01-16,GOOGL,RSI,35.7802
2026-01-19,GOOGL,RSI,37.3063
2026-01-20,GOOGL,RSI,41.1484
2026-01-21,GOOGL,RSI,44.9771
2026-01-22,GOOGL,RSI,40.9907
2026-01-23,GOOGL,RSI,45.1332
2026-01-26,GOOGL,RSI,46.4816
2026-01-27,GOOGL,RSI,49.0874
2026-01-28,GOOGL,RSI,52.6505
2026-01-29,GOOGL,RSI,57.3929
2026-01-30,GOOGL,RSI,63.2277
2026-02-02,GOOGL,RSI,58.6444
2026-02-03,GOOGL,RSI,48.0185
2026-02-04,GOOGL,RSI,47.4924
2026-02-05,GOOGL,RSI,59.5892
2026-02-06,GOOGL,RSI,68.2342
2026-02-09,GOOGL,RSI,68.7946
2026-02-10,GOOGL,RSI,66.8033
2026-02-11,GOOGL,RSI,69.4232
2026-02-12,GOOGL,RSI,63.9175
2026-02-13,GOOGL,RSI,62.2332
2026-02-16,GOOGL,RSI,64.3015
2026-02-17,GOOGL,RSI,61.2945
2026-02-18,GOOGL,RSI,60.2184
2026-02-19,GOOGL,RSI,55.8514
2026-02-20,GOOGL,RSI,55.899
2026-02-23,GOOGL,RSI,59.4609
2026-02-24,GOOGL,RSI,55.8054
2026-02-25,GOOGL,RSI,46.5405
2026-02-26,GOOGL,RSI,35.114
2026-02-27,GOOGL,RSI,24.209
2026-03-02,GOOGL,RSI,28.2454
2026-03-03,GOOGL,RSI,32.2907
2026-03-04,GOOGL,RSI,34.7603
2026-03-05,GOOGL,RSI,41.2557
2026-03-06,GOOGL,RSI,24.3183
2026-03-09,GOOGL,RSI,31.6747
2026-03-10,GOOGL,RSI,31.32
2026-03-11,GOOGL,RSI,21.8826
2026-03-12,GOOGL,RSI,25.1386
2026-03-13,GOOGL,RSI,23.4544
2026-03-16,GOOGL,RSI,45.6529
2026-03-17,GOOGL,RSI,47.1287
2026-03-18,GOOGL,RSI,43.7879
2026-03-19,GOOGL,RSI,53.4757
2026-03-20,GOOGL,RSI,49.2344
2026-03-23,GOOGL,RSI,49.605
2026-03-24,GOOGL,RSI,47.4362
2026-03-25,GOOGL,RSI,52.2876
2026-03-26,GOOGL,RSI,53.808
2026-03-27,GOOGL,RSI,57.1141
2026-03-30,GOOGL,RSI,52.5987
2026-03-31,GOOGL,RSI,53.5082
2026-04-01,GOOGL,RSI,62.8195
2026-04-02,GOOGL,RSI,64.6102
2026-04-03,GOOGL,RSI,66.1829
2026-04-06,GOOGL,RSI,64.97
2026-04-07,GOOGL,RSI,72.2759
2026-04-08,GOOGL,RSI,74.8194
2026-04-09,GOOGL,RSI,68.2214
2026-04-10,GOOGL,RSI,59.7485
2026-04-13,GOOGL,RSI,58.8511
2026-04-14,GOOGL,RSI,57.7103
2026-04-15,GOOGL,RSI,53.7839
2026-04-16,GOOGL,RSI,51.4199
2026-04-17,GOOGL,RSI,56.9123
2026-04-20,GOOGL,RSI,63.309
2026-04-21,GOOGL,RSI,62.7202
2026-04-22,GOOGL,RSI,63.2384
2026-04-23,GOOGL,RSI,61.3288
2026-04-24,GOOGL,RSI,63.8496
2026-04-27,GOOGL,RSI,61.2402
2026-04-28,GOOGL,RSI,51.0827
2026-04-29,GOOGL,RSI,54.7554
2026-04-30,GOOGL,RSI,62.1206
2026-05-01,GOOGL,RSI,66.8942
2026-05-04,GOOGL,RSI,53.3887
2026-05-05,GOOGL,RSI,59.7193
2026-05-06,GOOGL,RSI,57.7355
2026-05-07,GOOGL,RSI,57.8835
2026-05-08,GOOGL,RSI,56.6062
2026-05-11,GOOGL,RSI,52.7798
2026-05-12,GOOGL,RSI,46.2255
2026-05-13,GOOGL,RSI,31.0658
2026-05-14,GOOGL,RSI,31.7243
2026-05-15,GOOGL,RSI,30.6523
2026-05-18,GOOGL,RSI,39.6479
2026-05-19,GOOGL,RSI,48.9185
2026-05-20,GOOGL,RSI,43.2104
2026-05-21,GOOGL,RSI,44.7591
2026-05-22,GOOGL,RSI,58.1822
2026-05-25,GOOGL,RSI,62.3118
2026-05-26,GOOGL,RSI,53.5626
2026-05-27,GOOGL,RSI,49.117
2026-05-28,GOOGL,RSI,39.794
2026-05-29,GOOGL,RSI,40.9871
2026-06-01,GOOGL,RSI,45.0679
2026-06-02,GOOGL,RSI,42.7959
2026-06-03,GOOGL,RSI,39.5561
2026-06-04,GOOGL,RSI,44.6385
2026-06-05,GOOGL,RSI,42.0191
2026-06-08,GOOGL,RSI,36.7292
2026-06-09,GOOGL,RSI,40.3367
2026-06-10,GOOGL,RSI,34.6162
2026-06-11,GOOGL,RSI,27.1974
2026-06-12,GOOGL,RSI,20.3042
2026-06-15,GOOGL,RSI,30.4749
2026-06-16,GOOGL,RSI,38.6831
2026-06-17,GOOGL,RSI,45.762
2026-06-18,GOOGL,RSI,49.3024
2026-06-19,GOOGL,RSI,44.5811
2026-06-22,GOOGL,RSI,52.7121
2026-06-23,GOOGL,RSI,57.7625
2026-06-24,GOOGL,RSI,53.7038
2026-06-25,GOOGL,RSI,55.9711
2026-06-26,GOOGL,RSI,46.5587
2026-06-29,GOOGL,RSI,58.0625
2026-06-30,GOOGL,RSI,67.7097
2026-07-01,GOOGL,RSI,65.7903
2026-07-02,GOOGL,RSI,59.7054
2026-07-03,GOOGL,RSI,61.5026
2026-07-06,GOOGL,RSI,53.1311
2026-07-07,GOOGL,RSI,60.7035
2026-07-08,GOOGL,RSI,54.4838
2026-07-09,GOOGL,RSI,61.4976
2026-07-10,GOOGL,RSI,67.349
2026-07-13,GOOGL,RSI,70.1085
2026-07-14,GOOGL,RSI,66.1893
2026-07-15,GOOGL,RSI,65.1008
2026-07-16,GOOGL,RSI,72.9673
2026-07-17,GOOGL,RSI,70.8873
2026-07-20,GOOGL,RSI,71.9726
2026-07-21,GOOGL,RSI,70.6514
2026-07-22,GOOGL,RSI,75.8915
2026-07-23,GOOGL,RSI,76.4906
2026-07-24,GOOGL,RSI,78.3068
2026-07-27,GOOGL,RSI,75.3022
2026-07-28,GOOGL,RSI,77.9248
2026-07-29,GOOGL,RSI,74.4159
2026-07-30,GOOGL,RSI,76.0562
2026-07-31,GOOGL,RSI,63.7829
2026-08-03,GOOGL,RSI,67.6982
2026-08-04,GOOGL,RSI,68.2567
2026-08-05,GOOGL,RSI,63.736
2026-08-06,GOOGL,RSI,68.1788
2026-08-07,GOOGL,RSI,68.0344
2026-08-10,GOOGL,RSI,73.6486
2026-08-11,GOOGL,RSI,66.2481
2026-08-12,GOOGL,RSI,53.5563
2026-08-13,GOOGL,RSI,68.1496
2026-08-14,GOOGL,RSI,58.6336
2026-08-17,GOOGL,RSI,60.4849
2026-08-18,GOOGL,RSI,61.1874
2026-08-19,GOOGL,RSI,58.8698
2026-08-20,GOOGL,RSI,57.41
2026-08-21,GOOGL,RSI,54.4524
2022-01-03,JNJ,RSI,50.0
2022-01-04,JNJ,RSI,50.0
2022-01-05,JNJ,RSI,50.0
2022-01-06,JNJ,RSI,50.0
2022-01-07,JNJ,RSI,50.0
2022-01-10,JNJ,RSI,50.0
2022-01-11,JNJ,RSI,50.0
2022-01-12,JNJ,RSI,50.0
2022-01-13,JNJ,RSI,50.0
2022-01-14,JNJ,RSI,50.0
2022-01-17,JNJ,RSI,50.0
2022-01-18,JNJ,RSI,50.0
2022-01-19,JNJ,RSI,50.0
2022-01-20,JNJ,RSI,50.0
2022-01-21,JNJ,RSI,95.3856
2022-01-24,JNJ,RSI,95.8319
2022-01-25,JNJ,RSI,85.9239
2022-01-26,JNJ,RSI,87.0828
2022-01-27,JNJ,RSI,81.0349
2022-01-28,JNJ,RSI,74.3894
2022-01-31,JNJ,RSI,66.2339
2022-02-01,JNJ,RSI,55.9081
2022-02-02,JNJ,RSI,48.3726
2022-02-03,JNJ,RSI,44.6813
2022-02-04,JNJ,RSI,51.3483
2022-02-07,JNJ,RSI,50.7772
2022-02-08,JNJ,RSI,50.1817
2022-02-09,JNJ,RSI,50.2388
2022-02-10,JNJ,RSI,37.4703
2022-02-11,JNJ,RSI,42.3735
2022-02-14,JNJ,RSI,56.8632
2022-02-15,JNJ,RSI,60.2651
2022-02-16,JNJ,RSI,55.5106
2022-02-17,JNJ,RSI,50.1437
2022-02-18,JNJ,RSI,48.2329
2022-02-21,JNJ,RSI,56.0589
2022-02-22,JNJ,RSI,52.391
2022-02-23,JNJ,RSI,49.4701
2022-02-24,JNJ,RSI,37.9267
2022-02-25,JNJ,RSI,34.6194
2022-02-28,JNJ,RSI,32.839
2022-03-01,JNJ,RSI,36.5815
2022-03-02,JNJ,RSI,45.2658
2022-03-03,JNJ,RSI,40.3911
2022-03-04,JNJ,RSI,39.814
2022-03-07,JNJ,RSI,38.0592
2022-03-08,JNJ,RSI,38.7699
2022-03-09,JNJ,RSI,43.821
2022-03-10,JNJ,RSI,47.6289
2022-03-11,JNJ,RSI,41.2319
2022-03-14,JNJ,RSI,33.9221
2022-03-15,JNJ,RSI,37.2351
2022-03-16,JNJ,RSI,46.6353
2022-03-17,JNJ,RSI,57.1217
2022-03-18,JNJ,RSI,57.4635
2022-03-21,JNJ,RSI,50.8105
2022-03-22,JNJ,RSI,44.6323
2022-03-23,JNJ,RSI,51.7055
2022-03-24,JNJ,RSI,47.9293
2022-03-25,JNJ,RSI,47.6138
2022-03-28,JNJ,RSI,47.9756
2022-03-29,JNJ,RSI,50.8446
2022-03-30,JNJ,RSI,44.7568
2022-03-31,JNJ,RSI,43.0037
2022-04-01,JNJ,RSI,62.1753
2022-04-04,JNJ,RSI,53.0451
2022-04-05,JNJ,RSI,48.5454
2022-04-06,JNJ,RSI,33.4939
2022-04-07,JNJ,RSI,37.2095
2022-04-08,JNJ,RSI,46.1975
2022-04-11,JNJ,RSI,48.1899
2022-04-12,JNJ,RSI,45.9472
2022-04-13,JNJ,RSI,52.2511
2022-04-14,JNJ,RSI,50.9728
2022-04-15,JNJ,RSI,60.9758
2022-04-18,JNJ,RSI,62.2817
2022-04-19,JNJ,RSI,51.041
2022-04-20,JNJ,RSI,51.3112
2022-04-21,JNJ,RSI,39.6649
2022-04-22,JNJ,RSI,41.8312
2022-04-25,JNJ,RSI,49.4921
2022-04-26,JNJ,RSI,53.3424
2022-04-27,JNJ,RSI,59.4028
2022-04-28,JNJ,RSI,50.1211
2022-04-29,JNJ,RSI,45.8113
2022-05-02,JNJ,RSI,48.8374
2022-05-03,JNJ,RSI,42.8783
2022-05-04,JNJ,RSI,42.7403
2022-05-05,JNJ,RSI,38.765
2022-05-06,JNJ,RSI,34.7281
2022-05-09,JNJ,RSI,44.1692
2022-05-10,JNJ,RSI,45.4937
2022-05-11,JNJ,RSI,54.1062
2022-05-12,JNJ,RSI,65.2818
2022-05-13,JNJ,RSI,58.5338
2022-05-16,JNJ,RSI,58.3559
2022-05-17,JNJ,RSI,44.6935
2022-05-18,JNJ,RSI,62.8977
2022-05-19,JNJ,RSI,75.1107
2022-05-20,JNJ,RSI,56.4009
2022-05-23,JNJ,RSI,47.6868
2022-05-24,JNJ,RSI,42.709
2022-05-25,JNJ,RSI,44.3003
2022-05-26,JNJ,RSI,44.7359
2022-05-27,JNJ,RSI,48.3963
2022-05-30,JNJ,RSI,46.8385
2022-05-31,JNJ,RSI,50.0859
2022-06-01,JNJ,RSI,46.3117
2022-06-02,JNJ,RSI,47.5759
2022-06-03,JNJ,RSI,54.349
2022-06-06,JNJ,RSI,49.4495
2022-06-07,JNJ,RSI,42.608
2022-06-08,JNJ,RSI,39.6074
2022-06-09,JNJ,RSI,51.569
2022-06-10,JNJ,RSI,52.7857
2022-06-13,JNJ,RSI,56.0977
2022-06-14,JNJ,RSI,56.9332
2022-06-15,JNJ,RSI,59.2476
2022-06-16,JNJ,RSI,61.9885
2022-06-17,JNJ,RSI,65.6589
2022-06-20,JNJ,RSI,60.3504
2022-06-21,JNJ,RSI,60.0341
2022-06-22,JNJ,RSI,58.4203
2022-06-23,JNJ,RSI,53.4997
2022-06-24,JNJ,RSI,70.3656
2022-06-27,JNJ,RSI,70.7207
2022-06-28,JNJ,RSI,71.6295
2022-06-29,JNJ,RSI,73.0493
2022-06-30,JNJ,RSI,93.0751
2022-07-01,JNJ,RSI,96.8349
2022-07-04,JNJ,RSI,97.4866
2022-07-05,JNJ,RSI,97.5644
2022-07-06,JNJ,RSI,92.3789
2022-07-07,JNJ,RSI,92.2439
2022-07-08,JNJ,RSI,93.0501
2022-07-11,JNJ,RSI,93.0694
2022-07-12,JNJ,RSI,95.5373
2022-07-13,JNJ,RSI,81.7825
2022-07-14,JNJ,RSI,82.95
2022-07-15,JNJ,RSI,85.3202
2022-07-18,JNJ,RSI,85.5959
2022-07-19,JNJ,RSI,85.3744
2022-07-20,JNJ,RSI,83.2503
2022-07-21,JNJ,RSI,81.8195
2022-07-22,JNJ,RSI,79.5992
2022-07-25,JNJ,RSI,79.608
2022-07-26,JNJ,RSI,83.8469
2022-07-27,JNJ,RSI,84.1055
2022-07-28,JNJ,RSI,84.7817
2022-07-29,JNJ,RSI,85.1146
2022-08-01,JNJ,RSI,75.621
2022-08-02,JNJ,RSI,88.3418
2022-08-03,JNJ,RSI,88.9156
2022-08-04,JNJ,RSI,86.8454
2022-08-05,JNJ,RSI,88.1425
2022-08-08,JNJ,RSI,79.7453
2022-08-09,JNJ,RSI,81.232
2022-08-10,JNJ,RSI,76.4884
2022-08-11,JNJ,RSI,77.9992
2022-08-12,JNJ,RSI,79.896
2022-08-15,JNJ,RSI,78.1925
2022-08-16,JNJ,RSI,79.2874
2022-08-17,JNJ,RSI,80.6699
2022-08-18,JNJ,RSI,79.4036
2022-08-19,JNJ,RSI,86.1136
2022-08-22,JNJ,RSI,86.1261
2022-08-23,JNJ,RSI,76.8201
2022-08-24,JNJ,RSI,77.1719
2022-08-25,JNJ,RSI,78.7762
2022-08-26,JNJ,RSI,81.2608
2022-08-29,JNJ,RSI,82.7837
2022-08-30,JNJ,RSI,87.6995
2022-08-31,JNJ,RSI,84.9263
2022-09-01,JNJ,RSI,82.8169
2022-09-02,JNJ,RSI,86.3146
2022-09-05,JNJ,RSI,85.6425
2022-09-06,JNJ,RSI,84.4146
2022-09-07,JNJ,RSI,86.9689
2022-09-08,JNJ,RSI,84.4876
2022-09-09,JNJ,RSI,75.3438
2022-09-12,JNJ,RSI,83.8398
2022-09-13,JNJ,RSI,83.8989
2022-09-14,JNJ,RSI,82.4088
2022-09-15,JNJ,RSI,79.9908
2022-09-16,JNJ,RSI,79.2765
2022-09-19,JNJ,RSI,70.5784
2022-09-20,JNJ,RSI,71.6531
2022-09-21,JNJ,RSI,67.1946
2022-09-22,JNJ,RSI,56.874
2022-09-23,JNJ,RSI,53.1263
2022-09-26,JNJ,RSI,40.6127
2022-09-27,JNJ,RSI,28.7163
2022-09-28,JNJ,RSI,33.7431
2022-09-29,JNJ,RSI,38.7946
2022-09-30,JNJ,RSI,25.0117
2022-10-03,JNJ,RSI,27.528
2022-10-04,JNJ,RSI,19.3195
2022-10-05,JNJ,RSI,25.8002
2022-10-06,JNJ,RSI,22.6461
2022-10-07,JNJ,RSI,24.5704
2022-10-10,JNJ,RSI,23.7601
2022-10-11,JNJ,RSI,41.0871
2022-10-12,JNJ,RSI,41.6093
2022-10-13,JNJ,RSI,43.8686
2022-10-14,JNJ,RSI,58.3453
2022-10-17,JNJ,RSI,59.3324
2022-10-18,JNJ,RSI,47.7592
2022-10-19,JNJ,RSI,43.595
2022-10-20,JNJ,RSI,51.7819
2022-10-21,JNJ,RSI,47.6941
2022-10-24,JNJ,RSI,50.7699
2022-10-25,JNJ,RSI,51.6754
2022-10-26,JNJ,RSI,48.4
2022-10-27,JNJ,RSI,49.4663
2022-10-28,JNJ,RSI,43.7183
2022-10-31,JNJ,RSI,31.0554
2022-11-01,JNJ,RSI,35.3535
2022-11-02,JNJ,RSI,38.9026
2022-11-03,JNJ,RSI,29.7675
2022-11-04,JNJ,RSI,32.3333
2022-11-07,JNJ,RSI,33.7317
2022-11-08,JNJ,RSI,35.1516
2022-11-09,JNJ,RSI,39.6858
2022-11-10,JNJ,RSI,39.8168
2022-11-11,JNJ,RSI,35.6415
2022-11-14,JNJ,RSI,27.5595
2022-11-15,JNJ,RSI,25.7853
2022-11-16,JNJ,RSI,23.4129
2022-11-17,JNJ,RSI,30.8443
2022-11-18,JNJ,RSI,25.632
2022-11-21,JNJ,RSI,25.9408
2022-11-22,JNJ,RSI,20.9606
2022-11-23,JNJ,RSI,22.2709
2022-11-24,JNJ,RSI,24.1942
2022-11-25,JNJ,RSI,25.1688
2022-11-28,JNJ,RSI,30.8648
2022-11-29,JNJ,RSI,19.1231
2022-11-30,JNJ,RSI,19.0709
2022-12-01,JNJ,RSI,20.9165
2022-12-02,JNJ,RSI,27.6564
2022-12-05,JNJ,RSI,37.1416
2022-12-06,JNJ,RSI,32.6106
2022-12-07,JNJ,RSI,29.6577
2022-12-08,JNJ,RSI,29.097
2022-12-09,JNJ,RSI,25.9332
2022-12-12,JNJ,RSI,25.4079
2022-12-13,JNJ,RSI,25.9359
2022-12-14,JNJ,RSI,27.623
2022-12-15,JNJ,RSI,35.1324
2022-12-16,JNJ,RSI,27.0235
2022-12-19,JNJ,RSI,26.8766
2022-12-20,JNJ,RSI,27.8559
2022-12-21,JNJ,RSI,25.4152
2022-12-22,JNJ,RSI,19.3484
2022-12-23,JNJ,RSI,24.2254
2022-12-26,JNJ,RSI,27.3645
2022-12-27,JNJ,RSI,24.603
2022-12-28,JNJ,RSI,27.9368
2022-12-29,JNJ,RSI,41.5584
2022-12-30,JNJ,RSI,40.0124
2023-01-02,JNJ,RSI,39.6177
2023-01-03,JNJ,RSI,33.6883
2023-01-04,JNJ,RSI,29.3861
2023-01-05,JNJ,RSI,33.347
2023-01-06,JNJ,RSI,33.2606
2023-01-09,JNJ,RSI,38.7785
2023-01-10,JNJ,RSI,46.1437
2023-01-11,JNJ,RSI,52.2777
2023-01-12,JNJ,RSI,44.1394
2023-01-13,JNJ,RSI,53.474
2023-01-16,JNJ,RSI,54.2469
2023-01-17,JNJ,RSI,64.5919
2023-01-18,JNJ,RSI,56.0698
2023-01-19,JNJ,RSI,60.3564
2023-01-20,JNJ,RSI,60.4501
2023-01-23,JNJ,RSI,64.9988
2023-01-24,JNJ,RSI,66.1777
2023-01-25,JNJ,RSI,68.7568
2023-01-26,JNJ,RSI,70.3436
2023-01-27,JNJ,RSI,66.5299
2023-01-30,JNJ,RSI,66.1162
2023-01-31,JNJ,RSI,63.3783
2023-02-01,JNJ,RSI,51.0211
2023-02-02,JNJ,RSI,43.6069
2023-02-03,JNJ,RSI,38.1755
2023-02-06,JNJ,RSI,26.6925
2023-02-07,JNJ,RSI,22.7895
2023-02-08,JNJ,RSI,21.3826
2023-02-09,JNJ,RSI,19.8959
2023-02-10,JNJ,RSI,20.2163
2023-02-13,JNJ,RSI,16.1434
2023-02-14,JNJ,RSI,14.8988
2023-02-15,JNJ,RSI,19.9292
2023-02-16,JNJ,RSI,19.9982
2023-02-17,JNJ,RSI,17.7847
2023-02-20,JNJ,RSI,12.0449
2023-02-21,JNJ,RSI,13.6797
2023-02-22,JNJ,RSI,14.0329
2023-02-23,JNJ,RSI,18.5283
2023-02-24,JNJ,RSI,23.1147
2023-02-27,JNJ,RSI,28.1595
2023-02-28,JNJ,RSI,38.4572
2023-03-01,JNJ,RSI,41.1848
2023-03-02,JNJ,RSI,40.3547
2023-03-03,JNJ,RSI,51.5447
2023-03-06,JNJ,RSI,48.374
2023-03-07,JNJ,RSI,44.1329
2023-03-08,JNJ,RSI,53.2149
2023-03-09,JNJ,RSI,57.3226
2023-03-10,JNJ,RSI,69.405
2023-03-13,JNJ,RSI,67.4243
2023-03-14,JNJ,RSI,77.0156
2023-03-15,JNJ,RSI,76.969
2023-03-16,JNJ,RSI,75.5354
2023-03-17,JNJ,RSI,76.5455
2023-03-20,JNJ,RSI,75.7803
2023-03-21,JNJ,RSI,81.8519
2023-03-22,JNJ,RSI,88.6368
2023-03-23,JNJ,RSI,87.9947
2023-03-24,JNJ,RSI,88.5577
2023-03-27,JNJ,RSI,83.6092
2023-03-28,JNJ,RSI,83.8705
2023-03-29,JNJ,RSI,72.5531
2023-03-30,JNJ,RSI,74.5894
2023-03-31,JNJ,RSI,69.723
2023-04-03,JNJ,RSI,65.3105
2023-04-04,JNJ,RSI,61.0414
2023-04-05,JNJ,RSI,61.463
2023-04-06,JNJ,RSI,60.2862
2023-04-07,JNJ,RSI,51.2685
2023-04-10,JNJ,RSI,48.3679
2023-04-11,JNJ,RSI,50.922
2023-04-12,JNJ,RSI,42.7031
2023-04-13,JNJ,RSI,36.5626
2023-04-14,JNJ,RSI,43.7409
2023-04-17,JNJ,RSI,33.3835
2023-04-18,JNJ,RSI,39.7139
2023-04-19,JNJ,RSI,44.3283
2023-04-20,JNJ,RSI,47.2793
2023-04-21,JNJ,RSI,45.0715
2023-04-24,JNJ,RSI,44.7591
2023-04-25,JNJ,RSI,42.2744
2023-04-26,JNJ,RSI,47.7378
2023-04-27,JNJ,RSI,44.5268
2023-04-28,JNJ,RSI,40.3577
2023-05-01,JNJ,RSI,29.0637
2023-05-02,JNJ,RSI,40.0769
2023-05-03,JNJ,RSI,40.9678
2023-05-04,JNJ,RSI,35.349
2023-05-05,JNJ,RSI,30.6425
2023-05-08,JNJ,RSI,29.1798
2023-05-09,JNJ,RSI,27.8664
2023-05-10,JNJ,RSI,31.2356
2023-05-11,JNJ,RSI,32.3779
2023-05-12,JNJ,RSI,30.2239
2023-05-15,JNJ,RSI,30.3332
2023-05-16,JNJ,RSI,22.8916
2023-05-17,JNJ,RSI,24.6865
2023-05-18,JNJ,RSI,32.2457
2023-05-19,JNJ,RSI,42.7112
2023-05-22,JNJ,RSI,31.2478
2023-05-23,JNJ,RSI,38.8154
2023-05-24,JNJ,RSI,39.794
2023-05-25,JNJ,RSI,55.6547
2023-05-26,JNJ,RSI,65.8936
2023-05-29,JNJ,RSI,56.0454
2023-05-30,JNJ,RSI,58.1674
2023-05-31,JNJ,RSI,63.243
2023-06-01,JNJ,RSI,66.1792
2023-06-02,JNJ,RSI,64.6623
2023-06-05,JNJ,RSI,61.1671
2023-06-06,JNJ,RSI,65.5476
2023-06-07,JNJ,RSI,61.5854
2023-06-08,JNJ,RSI,57.3603
2023-06-09,JNJ,RSI,63.3359
2023-06-12,JNJ,RSI,51.1665
2023-06-13,JNJ,RSI,47.8023
2023-06-14,JNJ,RSI,45.8218
2023-06-15,JNJ,RSI,38.493
2023-06-16,JNJ,RSI,38.77
2023-06-19,JNJ,RSI,37.4221
2023-06-20,JNJ,RSI,37.2131
2023-06-21,JNJ,RSI,40.9292
2023-06-22,JNJ,RSI,39.2335
2023-06-23,JNJ,RSI,46.5746
2023-06-26,JNJ,RSI,54.7715
2023-06-27,JNJ,RSI,52.3689
2023-06-28,JNJ,RSI,53.3542
2023-06-29,JNJ,RSI,54.336
2023-06-30,JNJ,RSI,64.3879
2023-07-03,JNJ,RSI,59.748
2023-07-04,JNJ,RSI,59.0437
2023-07-05,JNJ,RSI,52.3371
2023-07-06,JNJ,RSI,51.3896
2023-07-07,JNJ,RSI,42.894
2023-07-10,JNJ,RSI,42.1533
2023-07-11,JNJ,RSI,39.8497
2023-07-12,JNJ,RSI,44.3541
2023-07-13,JNJ,RSI,43.0386
2023-07-14,JNJ,RSI,35.2007
2023-07-17,JNJ,RSI,39.9462
2023-07-18,JNJ,RSI,41.741
2023-07-19,JNJ,RSI,36.1747
2023-07-20,JNJ,RSI,32.8965
2023-07-21,JNJ,RSI,36.1886
2023-07-24,JNJ,RSI,32.719
2023-07-25,JNJ,RSI,36.0557
2023-07-26,JNJ,RSI,45.4614
2023-07-27,JNJ,RSI,64.4379
2023-07-28,JNJ,RSI,59.9767
2023-07-31,JNJ,RSI,60.0431
2023-08-01,JNJ,RSI,42.7042
2023-08-02,JNJ,RSI,35.0353
2023-08-03,JNJ,RSI,29.161
2023-08-04,JNJ,RSI,24.9509
2023-08-07,JNJ,RSI,23.717
2023-08-08,JNJ,RSI,23.2232
2023-08-09,JNJ,RSI,37.4248
2023-08-10,JNJ,RSI,43.3604
2023-08-11,JNJ,RSI,52.3967
2023-08-14,JNJ,RSI,55.5741
2023-08-15,JNJ,RSI,57.8052
2023-08-16,JNJ,RSI,52.486
2023-08-17,JNJ,RSI,46.9398
2023-08-18,JNJ,RSI,48.2921
2023-08-21,JNJ,RSI,58.0284
2023-08-22,JNJ,RSI,58.6767
2023-08-23,JNJ,RSI,60.3682
2023-08-24,JNJ,RSI,65.9966
2023-08-25,JNJ,RSI,59.3706
2023-08-28,JNJ,RSI,51.9702
2023-08-29,JNJ,RSI,40.0081
2023-08-30,JNJ,RSI,36.7351
2023-08-31,JNJ,RSI,22.0665
2023-09-01,JNJ,RSI,15.7933
2023-09-04,JNJ,RSI,10.6981
2023-09-05,JNJ,RSI,16.2302
2023-09-06,JNJ,RSI,17.1219
2023-09-07,JNJ,RSI,15.8093
2023-09-08,JNJ,RSI,14.991
2023-09-11,JNJ,RSI,20.8947
2023-09-12,JNJ,RSI,29.3779
2023-09-13,JNJ,RSI,28.7579
2023-09-14,JNJ,RSI,39.4562
2023-09-15,JNJ,RSI,54.8039
2023-09-18,JNJ,RSI,58.2024
2023-09-19,JNJ,RSI,64.8094
2023-09-20,JNJ,RSI,69.0279
2023-09-21,JNJ,RSI,73.0745
2023-09-22,JNJ,RSI,73.454
2023-09-25,JNJ,RSI,60.8566
2023-09-26,JNJ,RSI,59.3275
2023-09-27,JNJ,RSI,59.4615
2023-09-28,JNJ,RSI,54.5823
2023-09-29,JNJ,RSI,55.2751
2023-10-02,JNJ,RSI,58.5084
2023-10-03,JNJ,RSI,56.7101
2023-10-04,JNJ,RSI,55.8715
2023-10-05,JNJ,RSI,55.3151
2023-10-06,JNJ,RSI,57.702
2023-10-09,JNJ,RSI,53.0419
2023-10-10,JNJ,RSI,53.0888
2023-10-11,JNJ,RSI,51.3748
2023-10-12,JNJ,RSI,52.0172
2023-10-13,JNJ,RSI,63.0624
2023-10-16,JNJ,RSI,69.9377
2023-10-17,JNJ,RSI,77.9282
2023-10-18,JNJ,RSI,78.241
2023-10-19,JNJ,RSI,78.4569
2023-10-20,JNJ,RSI,62.9587
2023-10-23,JNJ,RSI,66.9106
2023-10-24,JNJ,RSI,66.7253
2023-10-25,JNJ,RSI,53.2496
2023-10-26,JNJ,RSI,48.8945
2023-10-27,JNJ,RSI,58.1581
2023-10-30,JNJ,RSI,58.979
2023-10-31,JNJ,RSI,51.2099
2023-11-01,JNJ,RSI,50.9301
2023-11-02,JNJ,RSI,45.8797
2023-11-03,JNJ,RSI,37.8144
2023-11-06,JNJ,RSI,40.162
2023-11-07,JNJ,RSI,42.3242
2023-11-08,JNJ,RSI,39.7282
2023-11-09,JNJ,RSI,41.353
2023-11-10,JNJ,RSI,41.6416
2023-11-13,JNJ,RSI,38.8209
2023-11-14,JNJ,RSI,34.8731
2023-11-15,JNJ,RSI,38.2748
2023-11-16,JNJ,RSI,25.8739
2023-11-17,JNJ,RSI,33.8965
2023-11-20,JNJ,RSI,39.6579
2023-11-21,JNJ,RSI,39.2705
2023-11-22,JNJ,RSI,39.5789
2023-11-23,JNJ,RSI,43.9966
2023-11-24,JNJ,RSI,41.0124
2023-11-27,JNJ,RSI,43.4449
2023-11-28,JNJ,RSI,48.6867
2023-11-29,JNJ,RSI,51.9144
2023-11-30,JNJ,RSI,42.6558
2023-12-01,JNJ,RSI,38.5622
2023-12-04,JNJ,RSI,55.3097
2023-12-05,JNJ,RSI,52.5538
2023-12-06,JNJ,RSI,52.9304
2023-12-07,JNJ,RSI,51.1367
2023-12-08,JNJ,RSI,44.0855
2023-12-11,JNJ,RSI,31.1088
2023-12-12,JNJ,RSI,30.8512
2023-12-13,JNJ,RSI,34.7974
2023-12-14,JNJ,RSI,34.1027
2023-12-15,JNJ,RSI,30.8602
2023-12-18,JNJ,RSI,28.4541
2023-12-19,JNJ,RSI,29.8641
2023-12-20,JNJ,RSI,35.8791
2023-12-21,JNJ,RSI,41.3449
2023-12-22,JNJ,RSI,31.0497
2023-12-25,JNJ,RSI,33.4425
2023-12-26,JNJ,RSI,39.1972
2023-12-27,JNJ,RSI,39.3832
2023-12-28,JNJ,RSI,46.5355
2023-12-29,JNJ,RSI,60.4551
2024-01-01,JNJ,RSI,55.146
2024-01-02,JNJ,RSI,54.0591
2024-01-03,JNJ,RSI,50.6088
2024-01-04,JNJ,RSI,63.461
2024-01-05,JNJ,RSI,64.0018
2024-01-08,JNJ,RSI,58.2962
2024-01-09,JNJ,RSI,56.7044
2024-01-10,JNJ,RSI,56.0851
2024-01-11,JNJ,RSI,66.2983
2024-01-12,JNJ,RSI,56.3108
2024-01-15,JNJ,RSI,44.3822
2024-01-16,JNJ,RSI,39.5474
2024-01-17,JNJ,RSI,29.6498
2024-01-18,JNJ,RSI,27.7327
2024-01-19,JNJ,RSI,34.8372
2024-01-22,JNJ,RSI,40.3647
2024-01-23,JNJ,RSI,41.4429
2024-01-24,JNJ,RSI,36.1835
2024-01-25,JNJ,RSI,33.3924
2024-01-26,JNJ,RSI,32.9548
2024-01-29,JNJ,RSI,37.6141
2024-01-30,JNJ,RSI,37.6682
2024-01-31,JNJ,RSI,31.3317
2024-02-01,JNJ,RSI,37.1531
2024-02-02,JNJ,RSI,45.8451
2024-02-05,JNJ,RSI,49.8383
2024-02-06,JNJ,RSI,63.8016
2024-02-07,JNJ,RSI,64.1445
2024-02-08,JNJ,RSI,56.532
2024-02-09,JNJ,RSI,42.6775
2024-02-12,JNJ,RSI,47.7554
2024-02-13,JNJ,RSI,41.3252
2024-02-14,JNJ,RSI,42.2795
2024-02-15,JNJ,RSI,53.5455
2024-02-16,JNJ,RSI,42.1881
2024-02-19,JNJ,RSI,41.6679
2024-02-20,JNJ,RSI,40.8145
2024-02-21,JNJ,RSI,32.5286
2024-02-22,JNJ,RSI,31.0082
2024-02-23,JNJ,RSI,24.3781
2024-02-26,JNJ,RSI,29.8292
2024-02-27,JNJ,RSI,29.1083
2024-02-28,JNJ,RSI,38.2521
2024-02-29,JNJ,RSI,38.2025
2024-03-01,JNJ,RSI,35.456
2024-03-04,JNJ,RSI,49.1783
2024-03-05,JNJ,RSI,36.8533
2024-03-06,JNJ,RSI,31.807
2024-03-07,JNJ,RSI,31.0957
2024-03-08,JNJ,RSI,29.1556
2024-03-11,JNJ,RSI,30.1751
2024-03-12,JNJ,RSI,39.3913
2024-03-13,JNJ,RSI,43.4754
2024-03-14,JNJ,RSI,38.5368
2024-03-15,JNJ,RSI,33.5348
2024-03-18,JNJ,RSI,32.5904
2024-03-19,JNJ,RSI,31.2038
2024-03-20,JNJ,RSI,47.5197
2024-03-21,JNJ,RSI,52.0357
2024-03-22,JNJ,RSI,40.5502
2024-03-25,JNJ,RSI,48.5332
2024-03-26,JNJ,RSI,51.8565
2024-03-27,JNJ,RSI,55.0494
2024-03-28,JNJ,RSI,58.4626
2024-03-29,JNJ,RSI,48.6702
2024-04-01,JNJ,RSI,48.4357
2024-04-02,JNJ,RSI,45.265
2024-04-03,JNJ,RSI,50.599
2024-04-04,JNJ,RSI,59.6587
2024-04-05,JNJ,RSI,53.5362
2024-04-08,JNJ,RSI,51.7751
2024-04-09,JNJ,RSI,44.217
2024-04-10,JNJ,RSI,41.0673
2024-04-11,JNJ,RSI,38.7596
2024-04-12,JNJ,RSI,46.1343
2024-04-15,JNJ,RSI,44.4164
2024-04-16,JNJ,RSI,44.4252
2024-04-17,JNJ,RSI,40.8696
2024-04-18,JNJ,RSI,49.298
2024-04-19,JNJ,RSI,40.7781
2024-04-22,JNJ,RSI,43.7586
2024-04-23,JNJ,RSI,41.7439
2024-04-24,JNJ,RSI,36.7756
2024-04-25,JNJ,RSI,45.8841
2024-04-26,JNJ,RSI,53.0335
2024-04-29,JNJ,RSI,47.8926
2024-04-30,JNJ,RSI,43.1318
2024-05-01,JNJ,RSI,43.9147
2024-05-02,JNJ,RSI,48.0843
2024-05-03,JNJ,RSI,52.1153
2024-05-06,JNJ,RSI,51.3253
2024-05-07,JNJ,RSI,59.0795
2024-05-08,JNJ,RSI,64.8467
2024-05-09,JNJ,RSI,63.7043
2024-05-10,JNJ,RSI,59.9501
2024-05-13,JNJ,RSI,61.8426
2024-05-14,JNJ,RSI,55.5551
2024-05-15,JNJ,RSI,53.6026
2024-05-16,JNJ,RSI,50.4974
2024-05-17,JNJ,RSI,46.3821
2024-05-20,JNJ,RSI,50.1946
2024-05-21,JNJ,RSI,59.7872
2024-05-22,JNJ,RSI,53.9932
2024-05-23,JNJ,RSI,50.937
2024-05-24,JNJ,RSI,51.0382
2024-05-27,JNJ,RSI,46.9915
2024-05-28,JNJ,RSI,34.1782
2024-05-29,JNJ,RSI,41.3774
2024-05-30,JNJ,RSI,45.4472
2024-05-31,JNJ,RSI,52.7157
2024-06-03,JNJ,RSI,55.6316
2024-06-04,JNJ,RSI,53.1823
2024-06-05,JNJ,RSI,42.9971
2024-06-06,JNJ,RSI,52.5219
2024-06-07,JNJ,RSI,48.5294
2024-06-10,JNJ,RSI,36.8077
2024-06-11,JNJ,RSI,30.8125
2024-06-12,JNJ,RSI,34.9315
2024-06-13,JNJ,RSI,33.5312
2024-06-14,JNJ,RSI,24.5776
2024-06-17,JNJ,RSI,34.3741
2024-06-18,JNJ,RSI,32.0533
2024-06-19,JNJ,RSI,37.8501
2024-06-20,JNJ,RSI,29.0312
2024-06-21,JNJ,RSI,31.0298
2024-06-24,JNJ,RSI,34.113
2024-06-25,JNJ,RSI,49.1085
2024-06-26,JNJ,RSI,53.636
2024-06-27,JNJ,RSI,60.9882
2024-06-28,JNJ,RSI,62.2362
2024-07-01,JNJ,RSI,60.7237
2024-07-02,JNJ,RSI,61.6199
2024-07-03,JNJ,RSI,72.4317
2024-07-04,JNJ,RSI,81.5226
2024-07-05,JNJ,RSI,80.0629
2024-07-08,JNJ,RSI,82.4997
2024-07-09,JNJ,RSI,82.3223
2024-07-10,JNJ,RSI,85.1277
2024-07-11,JNJ,RSI,85.4122
2024-07-12,JNJ,RSI,85.3574
2024-07-15,JNJ,RSI,76.6423
2024-07-16,JNJ,RSI,68.0092
2024-07-17,JNJ,RSI,58.798
2024-07-18,JNJ,RSI,52.992
2024-07-19,JNJ,RSI,59.1758
2024-07-22,JNJ,RSI,55.4614
2024-07-23,JNJ,RSI,52.1972
2024-07-24,JNJ,RSI,52.814
2024-07-25,JNJ,RSI,59.503
2024-07-26,JNJ,RSI,62.4519
2024-07-29,JNJ,RSI,54.7321
2024-07-30,JNJ,RSI,46.9636
2024-07-31,JNJ,RSI,50.2408
2024-08-01,JNJ,RSI,55.149
2024-08-02,JNJ,RSI,63.4287
2024-08-05,JNJ,RSI,67.8904
2024-08-06,JNJ,RSI,61.5108
2024-08-07,JNJ,RSI,69.3102
2024-08-08,JNJ,RSI,70.2423
2024-08-09,JNJ,RSI,72.8359
2024-08-12,JNJ,RSI,74.1466
2024-08-13,JNJ,RSI,73.8028
2024-08-14,JNJ,RSI,68.6447
2024-08-15,JNJ,RSI,60.7619
2024-08-16,JNJ,RSI,65.323
2024-08-19,JNJ,RSI,67.956
2024-08-20,JNJ,RSI,69.3489
2024-08-21,JNJ,RSI,58.4344
2024-08-22,JNJ,RSI,55.6412
2024-08-23,JNJ,RSI,55.1385
2024-08-26,JNJ,RSI,63.3767
2024-08-27,JNJ,RSI,57.5997
2024-08-28,JNJ,RSI,47.4618
2024-08-29,JNJ,RSI,40.7285
2024-08-30,JNJ,RSI,32.1412
2024-09-02,JNJ,RSI,32.8402
2024-09-03,JNJ,RSI,32.4448
2024-09-04,JNJ,RSI,37.8234
2024-09-05,JNJ,RSI,31.3804
2024-09-06,JNJ,RSI,36.0283
2024-09-09,JNJ,RSI,22.6539
2024-09-10,JNJ,RSI,37.1332
2024-09-11,JNJ,RSI,33.8675
2024-09-12,JNJ,RSI,26.3772
2024-09-13,JNJ,RSI,25.6193
2024-09-16,JNJ,RSI,25.8781
2024-09-17,JNJ,RSI,28.6746
2024-09-18,JNJ,RSI,29.0863
2024-09-19,JNJ,RSI,28.9066
2024-09-20,JNJ,RSI,21.6249
2024-09-23,JNJ,RSI,21.2604
2024-09-24,JNJ,RSI,22.6931
2024-09-25,JNJ,RSI,30.6548
2024-09-26,JNJ,RSI,27.7188
2024-09-27,JNJ,RSI,32.9927
2024-09-30,JNJ,RSI,17.0556
2024-10-01,JNJ,RSI,17.8631
2024-10-02,JNJ,RSI,26.2365
2024-10-03,JNJ,RSI,27.9253
2024-10-04,JNJ,RSI,34.8033
2024-10-07,JNJ,RSI,40.6108
2024-10-08,JNJ,RSI,37.2657
2024-10-09,JNJ,RSI,48.5202
2024-10-10,JNJ,RSI,52.1542
2024-10-11,JNJ,RSI,68.1676
2024-10-14,JNJ,RSI,66.7652
2024-10-15,JNJ,RSI,69.8284
2024-10-16,JNJ,RSI,75.1985
2024-10-17,JNJ,RSI,75.8302
2024-10-18,JNJ,RSI,78.3854
2024-10-21,JNJ,RSI,72.8665
2024-10-22,JNJ,RSI,73.6992
2024-10-23,JNJ,RSI,75.4337
2024-10-24,JNJ,RSI,70.4491
2024-10-25,JNJ,RSI,71.8965
2024-10-28,JNJ,RSI,78.8517
2024-10-29,JNJ,RSI,78.3359
2024-10-30,JNJ,RSI,72.4914
2024-10-31,JNJ,RSI,71.0113
2024-11-01,JNJ,RSI,71.3276
2024-11-04,JNJ,RSI,69.3768
2024-11-05,JNJ,RSI,68.9383
2024-11-06,JNJ,RSI,67.5816
2024-11-07,JNJ,RSI,71.8704
2024-11-08,JNJ,RSI,82.1758
2024-11-11,JNJ,RSI,78.6592
2024-11-12,JNJ,RSI,80.0367
2024-11-13,JNJ,RSI,81.3722
2024-11-14,JNJ,RSI,65.6177
2024-11-15,JNJ,RSI,58.8005
2024-11-18,JNJ,RSI,57.3851
2024-11-19,JNJ,RSI,64.7245
2024-11-20,JNJ,RSI,62.9729
2024-11-21,JNJ,RSI,65.1457
2024-11-22,JNJ,RSI,62.6734
2024-11-25,JNJ,RSI,54.5078
2024-11-26,JNJ,RSI,57.4091
2024-11-27,JNJ,RSI,58.9168
2024-11-28,JNJ,RSI,47.9791
2024-11-29,JNJ,RSI,51.9002
2024-12-02,JNJ,RSI,48.396
2024-12-03,JNJ,RSI,47.2448
2024-12-04,JNJ,RSI,57.6469
2024-12-05,JNJ,RSI,73.8151
2024-12-06,JNJ,RSI,76.7906
2024-12-09,JNJ,RSI,75.481
2024-12-10,JNJ,RSI,74.4635
2024-12-11,JNJ,RSI,58.0306
2024-12-12,JNJ,RSI,63.8508
2024-12-13,JNJ,RSI,72.5559
2024-12-16,JNJ,RSI,73.119
2024-12-17,JNJ,RSI,58.6213
2024-12-18,JNJ,RSI,61.539
2024-12-19,JNJ,RSI,59.3443
2024-12-20,JNJ,RSI,61.4125
2024-12-23,JNJ,RSI,62.0891
2024-12-24,JNJ,RSI,61.7673
2024-12-25,JNJ,RSI,59.257
2024-12-26,JNJ,RSI,49.6593
2024-12-27,JNJ,RSI,46.1705
2024-12-30,JNJ,RSI,46.824
2024-12-31,JNJ,RSI,59.4596
2025-01-01,JNJ,RSI,55.9703
2025-01-02,JNJ,RSI,56.2334
2025-01-03,JNJ,RSI,52.9599
2025-01-06,JNJ,RSI,75.8975
2025-01-07,JNJ,RSI,62.3319
2025-01-08,JNJ,RSI,69.3096
2025-01-09,JNJ,RSI,72.8702
2025-01-10,JNJ,RSI,76.1334
2025-01-13,JNJ,RSI,78.7585
2025-01-14,JNJ,RSI,77.6807
2025-01-15,JNJ,RSI,80.7572
2025-01-16,JNJ,RSI,80.0731
2025-01-17,JNJ,RSI,79.5591
2025-01-20,JNJ,RSI,78.4562
2025-01-21,JNJ,RSI,77.8745
2025-01-22,JNJ,RSI,79.7357
2025-01-23,JNJ,RSI,79.8146
2025-01-24,JNJ,RSI,67.6662
2025-01-27,JNJ,RSI,80.9225
2025-01-28,JNJ,RSI,69.2986
2025-01-29,JNJ,RSI,59.4431
2025-01-30,JNJ,RSI,58.753
2025-01-31,JNJ,RSI,57.0661
2025-02-03,JNJ,RSI,49.7018
2025-02-04,JNJ,RSI,47.4225
2025-02-05,JNJ,RSI,44.1974
2025-02-06,JNJ,RSI,46.921
2025-02-07,JNJ,RSI,49.2544
2025-02-10,JNJ,RSI,43.666
2025-02-11,JNJ,RSI,39.3841
2025-02-12,JNJ,RSI,42.8477
2025-02-13,JNJ,RSI,45.6664
2025-02-14,JNJ,RSI,32.4583
2025-02-17,JNJ,RSI,33.0306
2025-02-18,JNJ,RSI,33.0449
2025-02-19,JNJ,RSI,38.4071
2025-02-20,JNJ,RSI,36.2413
2025-02-21,JNJ,RSI,37.5881
2025-02-24,JNJ,RSI,40.4039
2025-02-25,JNJ,RSI,41.1377
2025-02-26,JNJ,RSI,40.5725
2025-02-27,JNJ,RSI,32.1307
2025-02-28,JNJ,RSI,33.3129
2025-03-03,JNJ,RSI,29.6556
2025-03-04,JNJ,RSI,33.5819
2025-03-05,JNJ,RSI,45.3548
2025-03-06,JNJ,RSI,48.7945
2025-03-07,JNJ,RSI,50.6378
2025-03-10,JNJ,RSI,54.9794
2025-03-11,JNJ,RSI,53.7335
2025-03-12,JNJ,RSI,45.9585
2025-03-13,JNJ,RSI,49.7399
2025-03-14,JNJ,RSI,47.4823
2025-03-17,JNJ,RSI,45.506
2025-03-18,JNJ,RSI,39.9012
2025-03-19,JNJ,RSI,41.059
2025-03-20,JNJ,RSI,43.6489
2025-03-21,JNJ,RSI,45.8548
2025-03-24,JNJ,RSI,40.3768
2025-03-25,JNJ,RSI,34.0692
2025-03-26,JNJ,RSI,37.5469
2025-03-27,JNJ,RSI,37.2816
2025-03-28,JNJ,RSI,33.6361
2025-03-31,JNJ,RSI,30.2903
2025-04-01,JNJ,RSI,45.421
2025-04-02,JNJ,RSI,44.1606
2025-04-03,JNJ,RSI,42.1952
2025-04-04,JNJ,RSI,54.6026
2025-04-07,JNJ,RSI,67.2067
2025-04-08,JNJ,RSI,76.6574
2025-04-09,JNJ,RSI,70.5126
2025-04-10,JNJ,RSI,61.5506
2025-04-11,JNJ,RSI,63.3558
2025-04-14,JNJ,RSI,56.1526
2025-04-15,JNJ,RSI,53.108
2025-04-16,JNJ,RSI,63.468
2025-04-17,JNJ,RSI,56.082
2025-04-18,JNJ,RSI,61.1739
2025-04-21,JNJ,RSI,54.352
2025-04-22,JNJ,RSI,58.3203
2025-04-23,JNJ,RSI,62.5279
2025-04-24,JNJ,RSI,62.361
2025-04-25,JNJ,RSI,59.2509
2025-04-28,JNJ,RSI,57.9289
2025-04-29,JNJ,RSI,59.7653
2025-04-30,JNJ,RSI,60.2155
2025-05-01,JNJ,RSI,64.1091
2025-05-02,JNJ,RSI,66.555
2025-05-05,JNJ,RSI,64.9944
2025-05-06,JNJ,RSI,52.5036
2025-05-07,JNJ,RSI,65.9911
2025-05-08,JNJ,RSI,55.9162
2025-05-09,JNJ,RSI,66.5672
2025-05-12,JNJ,RSI,65.2926
2025-05-13,JNJ,RSI,66.3252
2025-05-14,JNJ,RSI,66.059
2025-05-15,JNJ,RSI,73.2157
2025-05-16,JNJ,RSI,60.0149
2025-05-19,JNJ,RSI,62.0152
2025-05-20,JNJ,RSI,63.2666
2025-05-21,JNJ,RSI,57.1058
2025-05-22,JNJ,RSI,57.5236
2025-05-23,JNJ,RSI,59.3878
2025-05-26,JNJ,RSI,67.9213
2025-05-27,JNJ,RSI,61.6225
2025-05-28,JNJ,RSI,56.7412
2025-05-29,JNJ,RSI,48.3384
2025-05-30,JNJ,RSI,50.2152
2025-06-02,JNJ,RSI,46.3783
2025-06-03,JNJ,RSI,54.8643
2025-06-04,JNJ,RSI,50.8785
2025-06-05,JNJ,RSI,69.854
2025-06-06,JNJ,RSI,72.0684
2025-06-09,JNJ,RSI,74.2644
2025-06-10,JNJ,RSI,78.9716
2025-06-11,JNJ,RSI,81.8469
2025-06-12,JNJ,RSI,84.9157
2025-06-13,JNJ,RSI,80.4232
2025-06-16,JNJ,RSI,80.302
2025-06-17,JNJ,RSI,90.1303
2025-06-18,JNJ,RSI,90.5868
2025-06-19,JNJ,RSI,89.4792
2025-06-20,JNJ,RSI,88.6756
2025-06-23,JNJ,RSI,88.6352
2025-06-24,JNJ,RSI,78.0312
2025-06-25,JNJ,RSI,69.4495
2025-06-26,JNJ,RSI,59.0525
2025-06-27,JNJ,RSI,54.4151
2025-06-30,JNJ,RSI,54.8753
2025-07-01,JNJ,RSI,53.9002
2025-07-02,JNJ,RSI,50.2152
2025-07-03,JNJ,RSI,55.0736
2025-07-04,JNJ,RSI,55.2137
2025-07-07,JNJ,RSI,47.2879
2025-07-08,JNJ,RSI,52.8262
2025-07-09,JNJ,RSI,57.7649
2025-07-10,JNJ,RSI,61.2078
2025-07-11,JNJ,RSI,52.512
2025-07-14,JNJ,RSI,56.1595
2025-07-15,JNJ,RSI,57.2338
2025-07-16,JNJ,RSI,64.4203
2025-07-17,JNJ,RSI,71.0864
2025-07-18,JNJ,RSI,64.9784
2025-07-21,JNJ,RSI,50.719
2025-07-22,JNJ,RSI,59.8518
2025-07-23,JNJ,RSI,58.9969
2025-07-24,JNJ,RSI,60.6351
2025-07-25,JNJ,RSI,64.6621
2025-07-28,JNJ,RSI,47.8242
2025-07-29,JNJ,RSI,39.6278
2025-07-30,JNJ,RSI,35.8155
2025-07-31,JNJ,RSI,44.3402
2025-08-01,JNJ,RSI,50.5714
2025-08-04,JNJ,RSI,58.0614
2025-08-05,JNJ,RSI,61.635
2025-08-06,JNJ,RSI,66.5218
2025-08-07,JNJ,RSI,69.4443
2025-08-08,JNJ,RSI,80.6635
2025-08-11,JNJ,RSI,77.8651
2025-08-12,JNJ,RSI,64.3941
2025-08-13,JNJ,RSI,62.1993
2025-08-14,JNJ,RSI,59.7567
2025-08-15,JNJ,RSI,68.9771
2025-08-18,JNJ,RSI,64.6657
2025-08-19,JNJ,RSI,68.0982
2025-08-20,JNJ,RSI,68.9468
2025-08-21,JNJ,RSI,69.8705
2025-08-22,JNJ,RSI,72.0017
2025-08-25,JNJ,RSI,61.1215
2025-08-26,JNJ,RSI,50.5105
2025-08-27,JNJ,RSI,58.3895
2025-08-28,JNJ,RSI,58.2692
2025-08-29,JNJ,RSI,57.5613
2025-09-01,JNJ,RSI,65.8504
2025-09-02,JNJ,RSI,66.3077
2025-09-03,JNJ,RSI,60.9488
2025-09-04,JNJ,RSI,57.2296
2025-09-05,JNJ,RSI,59.8235
2025-09-08,JNJ,RSI,55.2975
2025-09-09,JNJ,RSI,50.0494
2025-09-10,JNJ,RSI,54.3447
2025-09-11,JNJ,RSI,48.1079
2025-09-12,JNJ,RSI,55.8062
2025-09-15,JNJ,RSI,62.4135
2025-09-16,JNJ,RSI,53.4459
2025-09-17,JNJ,RSI,45.0781
2025-09-18,JNJ,RSI,50.863
2025-09-19,JNJ,RSI,52.907
2025-09-22,JNJ,RSI,47.0166
2025-09-23,JNJ,RSI,56.2184
2025-09-24,JNJ,RSI,59.934
2025-09-25,JNJ,RSI,59.2077
2025-09-26,JNJ,RSI,66.1684
2025-09-29,JNJ,RSI,72.6738
2025-09-30,JNJ,RSI,65.2807
2025-10-01,JNJ,RSI,69.1585
2025-10-02,JNJ,RSI,68.3412
2025-10-03,JNJ,RSI,50.5885
2025-10-06,JNJ,RSI,51.6107
2025-10-07,JNJ,RSI,56.9026
2025-10-08,JNJ,RSI,44.5014
2025-10-09,JNJ,RSI,43.4173
2025-10-10,JNJ,RSI,55.0768
2025-10-13,JNJ,RSI,61.5147
2025-10-14,JNJ,RSI,64.7026
2025-10-15,JNJ,RSI,67.3189
2025-10-16,JNJ,RSI,68.8771
2025-10-17,JNJ,RSI,64.665
2025-10-20,JNJ,RSI,64.3542
2025-10-21,JNJ,RSI,58.9453
2025-10-22,JNJ,RSI,62.9413
2025-10-23,JNJ,RSI,65.7934
2025-10-24,JNJ,RSI,66.0598
2025-10-27,JNJ,RSI,64.502
2025-10-28,JNJ,RSI,74.2116
2025-10-29,JNJ,RSI,67.8771
2025-10-30,JNJ,RSI,66.1539
2025-10-31,JNJ,RSI,62.0211
2025-11-03,JNJ,RSI,61.7591
2025-11-04,JNJ,RSI,53.4599
2025-11-05,JNJ,RSI,51.9116
2025-11-06,JNJ,RSI,44.2798
2025-11-07,JNJ,RSI,39.4498
2025-11-10,JNJ,RSI,36.4413
2025-11-11,JNJ,RSI,34.6278
2025-11-12,JNJ,RSI,42.7208
2025-11-13,JNJ,RSI,40.5654
2025-11-14,JNJ,RSI,48.0767
2025-11-17,JNJ,RSI,41.846
2025-11-18,JNJ,RSI,48.48
2025-11-19,JNJ,RSI,48.3576
2025-11-20,JNJ,RSI,47.6407
2025-11-21,JNJ,RSI,51.7143
2025-11-24,JNJ,RSI,64.5598
2025-11-25,JNJ,RSI,60.2985
2025-11-26,JNJ,RSI,73.5102
2025-11-27,JNJ,RSI,78.7153
2025-11-28,JNJ,RSI,91.6937
2025-12-01,JNJ,RSI,91.228
2025-12-02,JNJ,RSI,87.4289
2025-12-03,JNJ,RSI,60.1678
2025-12-04,JNJ,RSI,60.5566
2025-12-05,JNJ,RSI,58.6703
2025-12-08,JNJ,RSI,55.5719
2025-12-09,JNJ,RSI,54.3777
2025-12-10,JNJ,RSI,51.5041
2025-12-11,JNJ,RSI,47.3438
2025-12-12,JNJ,RSI,36.2547
2025-12-15,JNJ,RSI,35.3313
2025-12-16,JNJ,RSI,30.5596
2025-12-17,JNJ,RSI,27.8975
2025-12-18,JNJ,RSI,32.0064
2025-12-19,JNJ,RSI,26.4074
2025-12-22,JNJ,RSI,25.3966
2025-12-23,JNJ,RSI,43.2935
2025-12-24,JNJ,RSI,27.8942
2025-12-25,JNJ,RSI,27.2812
2025-12-26,JNJ,RSI,26.1733
2025-12-29,JNJ,RSI,26.5951
2025-12-30,JNJ,RSI,29.2021
2025-12-31,JNJ,RSI,25.8682
2026-01-01,JNJ,RSI,22.852
2026-01-02,JNJ,RSI,31.931
2026-01-05,JNJ,RSI,40.1618
2026-01-06,JNJ,RSI,33.5135
2026-01-07,JNJ,RSI,23.8477
2026-01-08,JNJ,RSI,33.1526
2026-01-09,JNJ,RSI,43.7398
2026-01-12,JNJ,RSI,33.8609
2026-01-13,JNJ,RSI,39.2827
2026-01-14,JNJ,RSI,48.4993
2026-01-15,JNJ,RSI,47.6175
2026-01-16,JNJ,RSI,52.9442
2026-01-19,JNJ,RSI,52.675
2026-01-20,JNJ,RSI,54.2515
2026-01-21,JNJ,RSI,55.2279
2026-01-22,JNJ,RSI,55.9096
2026-01-23,JNJ,RSI,54.6405
2026-01-26,JNJ,RSI,66.3818
2026-01-27,JNJ,RSI,75.9398
2026-01-28,JNJ,RSI,74.3843
2026-01-29,JNJ,RSI,77.2203
2026-01-30,JNJ,RSI,89.4015
2026-02-02,JNJ,RSI,89.303
2026-02-03,JNJ,RSI,81.6081
2026-02-04,JNJ,RSI,77.1296
2026-02-05,JNJ,RSI,67.4485
2026-02-06,JNJ,RSI,64.1612
2026-02-09,JNJ,RSI,66.4381
2026-02-10,JNJ,RSI,70.0211
2026-02-11,JNJ,RSI,65.7445
2026-02-12,JNJ,RSI,63.5335
2026-02-13,JNJ,RSI,58.3214
2026-02-16,JNJ,RSI,56.5509
2026-02-17,JNJ,RSI,53.1525
2026-02-18,JNJ,RSI,42.5014
2026-02-19,JNJ,RSI,36.6834
2026-02-20,JNJ,RSI,30.5345
2026-02-23,JNJ,RSI,42.8302
2026-02-24,JNJ,RSI,48.232
2026-02-25,JNJ,RSI,50.5249
2026-02-26,JNJ,RSI,59.6385
2026-02-27,JNJ,RSI,53.468
2026-03-02,JNJ,RSI,53.0532
2026-03-03,JNJ,RSI,49.5861
2026-03-04,JNJ,RSI,54.5081
2026-03-05,JNJ,RSI,64.2791
2026-03-06,JNJ,RSI,54.9855
2026-03-09,JNJ,RSI,60.5489
2026-03-10,JNJ,RSI,55.3871
2026-03-11,JNJ,RSI,62.8876
2026-03-12,JNJ,RSI,69.6822
2026-03-13,JNJ,RSI,66.8967
2026-03-16,JNJ,RSI,62.2081
2026-03-17,JNJ,RSI,62.0006
2026-03-18,JNJ,RSI,61.8403
2026-03-19,JNJ,RSI,56.1805
2026-03-20,JNJ,RSI,50.5757
2026-03-23,JNJ,RSI,54.4286
2026-03-24,JNJ,RSI,52.4142
2026-03-25,JNJ,RSI,46.0157
2026-03-26,JNJ,RSI,49.1959
2026-03-27,JNJ,RSI,51.4266
2026-03-30,JNJ,RSI,51.1
2026-03-31,JNJ,RSI,41.8819
2026-04-01,JNJ,RSI,35.5298
2026-04-02,JNJ,RSI,37.5017
2026-04-03,JNJ,RSI,49.944
2026-04-06,JNJ,RSI,52.8577
2026-04-07,JNJ,RSI,45.1553
2026-04-08,JNJ,RSI,43.6903
2026-04-09,JNJ,RSI,40.9031
2026-04-10,JNJ,RSI,40.1596
2026-04-13,JNJ,RSI,38.9637
2026-04-14,JNJ,RSI,33.1499
2026-04-15,JNJ,RSI,32.0407
2026-04-16,JNJ,RSI,34.891
2026-04-17,JNJ,RSI,42.0478
2026-04-20,JNJ,RSI,35.006
2026-04-21,JNJ,RSI,32.693
2026-04-22,JNJ,RSI,31.4644
2026-04-23,JNJ,RSI,22.7876
2026-04-24,JNJ,RSI,22.2461
2026-04-27,JNJ,RSI,22.9474
2026-04-28,JNJ,RSI,33.6685
2026-04-29,JNJ,RSI,47.6597
2026-04-30,JNJ,RSI,45.2735
2026-05-01,JNJ,RSI,47.8712
2026-05-04,JNJ,RSI,52.8327
2026-05-05,JNJ,RSI,52.112
2026-05-06,JNJ,RSI,42.9401
2026-05-07,JNJ,RSI,32.3309
2026-05-08,JNJ,RSI,44.5455
2026-05-11,JNJ,RSI,54.2355
2026-05-12,JNJ,RSI,50.4497
2026-05-13,JNJ,RSI,50.3393
2026-05-14,JNJ,RSI,58.6742
2026-05-15,JNJ,RSI,64.4962
2026-05-18,JNJ,RSI,55.2768
2026-05-19,JNJ,RSI,49.7842
2026-05-20,JNJ,RSI,53.0804
2026-05-21,JNJ,RSI,47.1656
2026-05-22,JNJ,RSI,49.0437
2026-05-25,JNJ,RSI,50.4783
2026-05-26,JNJ,RSI,49.3618
2026-05-27,JNJ,RSI,55.1489
2026-05-28,JNJ,RSI,42.1737
2026-05-29,JNJ,RSI,25.8073
2026-06-01,JNJ,RSI,32.609
2026-06-02,JNJ,RSI,32.4694
2026-06-03,JNJ,RSI,37.7728
2026-06-04,JNJ,RSI,41.0737
2026-06-05,JNJ,RSI,43.2808
2026-06-08,JNJ,RSI,52.9819
2026-06-09,JNJ,RSI,56.1708
2026-06-10,JNJ,RSI,56.5743
2026-06-11,JNJ,RSI,46.9034
2026-06-12,JNJ,RSI,50.9077
2026-06-15,JNJ,RSI,52.6244
2026-06-16,JNJ,RSI,54.1164
2026-06-17,JNJ,RSI,58.3133
2026-06-18,JNJ,RSI,61.5141
2026-06-19,JNJ,RSI,57.5302
2026-06-22,JNJ,RSI,62.2594
2026-06-23,JNJ,RSI,54.8287
2026-06-24,JNJ,RSI,45.609
2026-06-25,JNJ,RSI,41.9879
2026-06-26,JNJ,RSI,29.3069
2026-06-29,JNJ,RSI,19.5557
2026-06-30,JNJ,RSI,27.5374
2026-07-01,JNJ,RSI,33.8727
2026-07-02,JNJ,RSI,27.0687
2026-07-03,JNJ,RSI,41.5471
2026-07-06,JNJ,RSI,37.7241
2026-07-07,JNJ,RSI,36.9903
2026-07-08,JNJ,RSI,45.1859
2026-07-09,JNJ,RSI,39.7306
2026-07-10,JNJ,RSI,42.3163
2026-07-13,JNJ,RSI,48.1728
2026-07-14,JNJ,RSI,51.7619
2026-07-15,JNJ,RSI,44.9622
2026-07-16,JNJ,RSI,43.8416
2026-07-17,JNJ,RSI,43.4763
2026-07-20,JNJ,RSI,44.1001
2026-07-21,JNJ,RSI,49.9115
2026-07-22,JNJ,RSI,52.0836
2026-07-23,JNJ,RSI,40.8261
2026-07-24,JNJ,RSI,47.1208
2026-07-27,JNJ,RSI,47.6781
2026-07-28,JNJ,RSI,51.4385
2026-07-29,JNJ,RSI,58.4074
2026-07-30,JNJ,RSI,56.3714
2026-07-31,JNJ,RSI,51.3484
2026-08-03,JNJ,RSI,54.3228
2026-08-04,JNJ,RSI,72.377
2026-08-05,JNJ,RSI,76.8514
2026-08-06,JNJ,RSI,84.8144
2026-08-07,JNJ,RSI,83.1123
2026-08-10,JNJ,RSI,82.5433
2026-08-11,JNJ,RSI,84.2739
2026-08-12,JNJ,RSI,93.937
2026-08-13,JNJ,RSI,93.2155
2026-08-14,JNJ,RSI,79.5441
2026-08-17,JNJ,RSI,78.0109
2026-08-18,JNJ,RSI,68.0179
2026-08-19,JNJ,RSI,66.8064
2026-08-20,JNJ,RSI,68.7017
2026-08-21,JNJ,RSI,56.4675
2022-01-03,JPM,RSI,50.0
2022-01-04,JPM,RSI,50.0
2022-01-05,JPM,RSI,50.0
2022-01-06,JPM,RSI,50.0
2022-01-07,JPM,RSI,50.0
2022-01-10,JPM,RSI,50.0
2022-01-11,JPM,RSI,50.0
2022-01-12,JPM,RSI,50.0
2022-01-13,JPM,RSI,50.0
2022-01-14,JPM,RSI,50.0
2022-01-17,JPM,RSI,50.0
2022-01-18,JPM,RSI,50.0
2022-01-19,JPM,RSI,50.0
2022-01-20,JPM,RSI,50.0
2022-01-21,JPM,RSI,27.8714
2022-01-24,JPM,RSI,26.116
2022-01-25,JPM,RSI,20.9871
2022-01-26,JPM,RSI,31.6123
2022-01-27,JPM,RSI,38.0284
2022-01-28,JPM,RSI,36.9678
2022-01-31,JPM,RSI,47.8289
2022-02-01,JPM,RSI,44.5993
2022-02-02,JPM,RSI,49.8708
2022-02-03,JPM,RSI,57.8302
2022-02-04,JPM,RSI,64.4857
2022-02-07,JPM,RSI,58.3958
2022-02-08,JPM,RSI,71.9611
2022-02-09,JPM,RSI,73.781
2022-02-10,JPM,RSI,74.5628
2022-02-11,JPM,RSI,70.2072
2022-02-14,JPM,RSI,77.0072
2022-02-15,JPM,RSI,77.1532
2022-02-16,JPM,RSI,79.5293
2022-02-17,JPM,RSI,64.7606
2022-02-18,JPM,RSI,60.9986
2022-02-21,JPM,RSI,60.1363
2022-02-22,JPM,RSI,60.3066
2022-02-23,JPM,RSI,56.0166
2022-02-24,JPM,RSI,58.9243
2022-02-25,JPM,RSI,54.1805
2022-02-28,JPM,RSI,40.1687
2022-03-01,JPM,RSI,38.7638
2022-03-02,JPM,RSI,32.1249
2022-03-03,JPM,RSI,39.6139
2022-03-04,JPM,RSI,33.8752
2022-03-07,JPM,RSI,34.2299
2022-03-08,JPM,RSI,37.115
2022-03-09,JPM,RSI,43.8444
2022-03-10,JPM,RSI,42.9274
2022-03-11,JPM,RSI,49.3935
2022-03-14,JPM,RSI,43.4983
2022-03-15,JPM,RSI,45.174
2022-03-16,JPM,RSI,43.9141
2022-03-17,JPM,RSI,44.0061
2022-03-18,JPM,RSI,48.5078
2022-03-21,JPM,RSI,39.181
2022-03-22,JPM,RSI,37.9883
2022-03-23,JPM,RSI,35.0212
2022-03-24,JPM,RSI,39.1045
2022-03-25,JPM,RSI,29.6709
2022-03-28,JPM,RSI,26.492
2022-03-29,JPM,RSI,26.0442
2022-03-30,JPM,RSI,21.3679
2022-03-31,JPM,RSI,16.4927
2022-04-01,JPM,RSI,14.7992
2022-04-04,JPM,RSI,16.9388
2022-04-05,JPM,RSI,11.7514
2022-04-06,JPM,RSI,18.3784
2022-04-07,JPM,RSI,15.6212
2022-04-08,JPM,RSI,21.9915
2022-04-11,JPM,RSI,26.3283
2022-04-12,JPM,RSI,22.0199
2022-04-13,JPM,RSI,23.924
2022-04-14,JPM,RSI,25.2032
2022-04-15,JPM,RSI,22.244
2022-04-18,JPM,RSI,28.8446
2022-04-19,JPM,RSI,41.9805
2022-04-20,JPM,RSI,57.5747
2022-04-21,JPM,RSI,66.2545
2022-04-22,JPM,RSI,58.383
2022-04-25,JPM,RSI,57.5053
2022-04-26,JPM,RSI,51.7193
2022-04-27,JPM,RSI,54.0653
2022-04-28,JPM,RSI,46.264
2022-04-29,JPM,RSI,40.2817
2022-05-02,JPM,RSI,40.3033
2022-05-03,JPM,RSI,29.8046
2022-05-04,JPM,RSI,30.5941
2022-05-05,JPM,RSI,31.4331
2022-05-06,JPM,RSI,31.2048
2022-05-09,JPM,RSI,27.7645
2022-05-10,JPM,RSI,23.5235
2022-05-11,JPM,RSI,24.0308
2022-05-12,JPM,RSI,23.3869
2022-05-13,JPM,RSI,23.014
2022-05-16,JPM,RSI,25.0697
2022-05-17,JPM,RSI,22.354
2022-05-18,JPM,RSI,31.0773
2022-05-19,JPM,RSI,33.9599
2022-05-20,JPM,RSI,36.0288
2022-05-23,JPM,RSI,41.8156
2022-05-24,JPM,RSI,39.2374
2022-05-25,JPM,RSI,36.7381
2022-05-26,JPM,RSI,37.5554
2022-05-27,JPM,RSI,32.1302
2022-05-30,JPM,RSI,29.1753
2022-05-31,JPM,RSI,30.3933
2022-06-01,JPM,RSI,36.1481
2022-06-02,JPM,RSI,37.7663
2022-06-03,JPM,RSI,35.4585
2022-06-06,JPM,RSI,41.3173
2022-06-07,JPM,RSI,34.5593
2022-06-08,JPM,RSI,39.0774
2022-06-09,JPM,RSI,51.5929
2022-06-10,JPM,RSI,67.818
2022-06-13,JPM,RSI,62.3913
2022-06-14,JPM,RSI,72.9652
2022-06-15,JPM,RSI,67.1033
2022-06-16,JPM,RSI,72.0297
2022-06-17,JPM,RSI,68.3554
2022-06-20,JPM,RSI,69.5643
2022-06-21,JPM,RSI,55.4068
2022-06-22,JPM,RSI,50.7372
2022-06-23,JPM,RSI,57.7065
2022-06-24,JPM,RSI,58.159
2022-06-27,JPM,RSI,53.611
2022-06-28,JPM,RSI,53.0977
2022-06-29,JPM,RSI,40.3752
2022-06-30,JPM,RSI,31.6713
2022-07-01,JPM,RSI,32.7876
2022-07-04,JPM,RSI,31.2828
2022-07-05,JPM,RSI,31.3294
2022-07-06,JPM,RSI,30.0349
2022-07-07,JPM,RSI,33.1642
2022-07-08,JPM,RSI,33.8515
2022-07-11,JPM,RSI,41.3068
2022-07-12,JPM,RSI,52.0706
2022-07-13,JPM,RSI,36.1735
2022-07-14,JPM,RSI,33.1404
2022-07-15,JPM,RSI,39.7673
2022-07-18,JPM,RSI,36.9528
2022-07-19,JPM,RSI,41.7436
2022-07-20,JPM,RSI,42.3804
2022-07-21,JPM,RSI,59.2715
2022-07-22,JPM,RSI,71.0354
2022-07-25,JPM,RSI,69.0971
2022-07-26,JPM,RSI,52.3745
2022-07-27,JPM,RSI,46.2783
2022-07-28,JPM,RSI,38.6888
2022-07-29,JPM,RSI,43.4322
2022-08-01,JPM,RSI,43.8452
2022-08-02,JPM,RSI,43.2826
2022-08-03,JPM,RSI,43.2607
2022-08-04,JPM,RSI,36.1178
2022-08-05,JPM,RSI,37.6794
2022-08-08,JPM,RSI,37.586
2022-08-09,JPM,RSI,41.8643
2022-08-10,JPM,RSI,38.044
2022-08-11,JPM,RSI,33.9108
2022-08-12,JPM,RSI,31.4268
2022-08-15,JPM,RSI,34.9829
2022-08-16,JPM,RSI,42.7074
2022-08-17,JPM,RSI,44.2027
2022-08-18,JPM,RSI,34.0119
2022-08-19,JPM,RSI,33.0877
2022-08-22,JPM,RSI,34.6102
2022-08-23,JPM,RSI,43.0177
2022-08-24,JPM,RSI,49.5289
2022-08-25,JPM,RSI,47.4779
2022-08-26,JPM,RSI,53.9595
2022-08-29,JPM,RSI,44.8647
2022-08-30,JPM,RSI,48.8547
2022-08-31,JPM,RSI,43.8717
2022-09-01,JPM,RSI,50.8227
2022-09-02,JPM,RSI,54.5378
2022-09-05,JPM,RSI,48.134
2022-09-06,JPM,RSI,47.1281
2022-09-07,JPM,RSI,53.5104
2022-09-08,JPM,RSI,44.0341
2022-09-09,JPM,RSI,56.171
2022-09-12,JPM,RSI,49.1188
2022-09-13,JPM,RSI,54.3179
2022-09-14,JPM,RSI,59.4212
2022-09-15,JPM,RSI,55.8855
2022-09-16,JPM,RSI,62.4324
2022-09-19,JPM,RSI,57.2305
2022-09-20,JPM,RSI,64.3108
2022-09-21,JPM,RSI,64.0735
2022-09-22,JPM,RSI,53.1982
2022-09-23,JPM,RSI,46.6794
2022-09-26,JPM,RSI,56.0319
2022-09-27,JPM,RSI,47.2202
2022-09-28,JPM,RSI,51.3582
2022-09-29,JPM,RSI,42.7719
2022-09-30,JPM,RSI,45.2714
2022-10-03,JPM,RSI,35.6622
2022-10-04,JPM,RSI,31.597
2022-10-05,JPM,RSI,30.5078
2022-10-06,JPM,RSI,44.6243
2022-10-07,JPM,RSI,44.3407
2022-10-10,JPM,RSI,47.3659
2022-10-11,JPM,RSI,42.3217
2022-10-12,JPM,RSI,50.8862
2022-10-13,JPM,RSI,58.7666
2022-10-14,JPM,RSI,54.6426
2022-10-17,JPM,RSI,70.845
2022-10-18,JPM,RSI,74.8767
2022-10-19,JPM,RSI,76.9403
2022-10-20,JPM,RSI,71.3737
2022-10-21,JPM,RSI,74.2174
2022-10-24,JPM,RSI,75.3129
2022-10-25,JPM,RSI,75.8581
2022-10-26,JPM,RSI,59.3842
2022-10-27,JPM,RSI,60.7769
2022-10-28,JPM,RSI,50.1999
2022-10-31,JPM,RSI,59.7507
2022-11-01,JPM,RSI,50.8706
2022-11-02,JPM,RSI,48.344
2022-11-03,JPM,RSI,44.4436
2022-11-04,JPM,RSI,50.3036
2022-11-07,JPM,RSI,43.8943
2022-11-08,JPM,RSI,48.982
2022-11-09,JPM,RSI,63.3549
2022-11-10,JPM,RSI,66.6016
2022-11-11,JPM,RSI,68.5428
2022-11-14,JPM,RSI,63.7245
2022-11-15,JPM,RSI,74.6928
2022-11-16,JPM,RSI,69.0214
2022-11-17,JPM,RSI,74.7767
2022-11-18,JPM,RSI,75.0671
2022-11-21,JPM,RSI,81.155
2022-11-22,JPM,RSI,74.6495
2022-11-23,JPM,RSI,72.5612
2022-11-24,JPM,RSI,70.9096
2022-11-25,JPM,RSI,68.0186
2022-11-28,JPM,RSI,57.7633
2022-11-29,JPM,RSI,46.0128
2022-11-30,JPM,RSI,45.241
2022-12-01,JPM,RSI,37.1867
2022-12-02,JPM,RSI,43.9237
2022-12-05,JPM,RSI,38.3028
2022-12-06,JPM,RSI,38.6001
2022-12-07,JPM,RSI,36.8072
2022-12-08,JPM,RSI,39.4634
2022-12-09,JPM,RSI,31.8924
2022-12-12,JPM,RSI,35.7762
2022-12-13,JPM,RSI,33.1653
2022-12-14,JPM,RSI,27.622
2022-12-15,JPM,RSI,32.1883
2022-12-16,JPM,RSI,30.1873
2022-12-19,JPM,RSI,27.0602
2022-12-20,JPM,RSI,23.8927
2022-12-21,JPM,RSI,27.699
2022-12-22,JPM,RSI,20.4684
2022-12-23,JPM,RSI,17.1195
2022-12-26,JPM,RSI,22.9227
2022-12-27,JPM,RSI,24.9428
2022-12-28,JPM,RSI,17.5717
2022-12-29,JPM,RSI,20.9606
2022-12-30,JPM,RSI,28.4198
2023-01-02,JPM,RSI,32.4904
2023-01-03,JPM,RSI,26.8789
2023-01-04,JPM,RSI,30.9009
2023-01-05,JPM,RSI,38.6831
2023-01-06,JPM,RSI,42.5181
2023-01-09,JPM,RSI,40.5674
2023-01-10,JPM,RSI,35.1698
2023-01-11,JPM,RSI,39.0903
2023-01-12,JPM,RSI,35.2065
2023-01-13,JPM,RSI,30.3018
2023-01-16,JPM,RSI,27.6116
2023-01-17,JPM,RSI,27.6188
2023-01-18,JPM,RSI,29.8486
2023-01-19,JPM,RSI,24.3386
2023-01-20,JPM,RSI,23.5157
2023-01-23,JPM,RSI,28.0154
2023-01-24,JPM,RSI,16.5454
2023-01-25,JPM,RSI,11.8053
2023-01-26,JPM,RSI,17.4825
2023-01-27,JPM,RSI,19.8996
2023-01-30,JPM,RSI,33.1438
2023-01-31,JPM,RSI,41.0456
2023-02-01,JPM,RSI,35.0573
2023-02-02,JPM,RSI,36.0705
2023-02-03,JPM,RSI,43.8932
2023-02-06,JPM,RSI,47.8456
2023-02-07,JPM,RSI,42.2388
2023-02-08,JPM,RSI,40.5076
2023-02-09,JPM,RSI,43.6504
2023-02-10,JPM,RSI,50.683
2023-02-13,JPM,RSI,46.2384
2023-02-14,JPM,RSI,44.8191
2023-02-15,JPM,RSI,49.3551
2023-02-16,JPM,RSI,54.0281
2023-02-17,JPM,RSI,54.3868
2023-02-20,JPM,RSI,62.4497
2023-02-21,JPM,RSI,74.5197
2023-02-22,JPM,RSI,67.0242
2023-02-23,JPM,RSI,62.7457
2023-02-24,JPM,RSI,64.9351
2023-02-27,JPM,RSI,70.1895
2023-02-28,JPM,RSI,74.9383
2023-03-01,JPM,RSI,74.4981
2023-03-02,JPM,RSI,74.1403
2023-03-03,JPM,RSI,77.2043
2023-03-06,JPM,RSI,67.5007
2023-03-07,JPM,RSI,64.0467
2023-03-08,JPM,RSI,59.3472
2023-03-09,JPM,RSI,57.192
2023-03-10,JPM,RSI,40.9217
2023-03-13,JPM,RSI,40.2929
2023-03-14,JPM,RSI,45.0267
2023-03-15,JPM,RSI,47.3491
2023-03-16,JPM,RSI,42.6507
2023-03-17,JPM,RSI,45.1622
2023-03-20,JPM,RSI,41.87
2023-03-21,JPM,RSI,39.7524
2023-03-22,JPM,RSI,44.4874
2023-03-23,JPM,RSI,53.3277
2023-03-24,JPM,RSI,63.7509
2023-03-27,JPM,RSI,64.0714
2023-03-28,JPM,RSI,70.1585
2023-03-29,JPM,RSI,64.4628
2023-03-30,JPM,RSI,72.5754
2023-03-31,JPM,RSI,80.6649
2023-04-03,JPM,RSI,81.0221
2023-04-04,JPM,RSI,76.2947
2023-04-05,JPM,RSI,70.5507
2023-04-06,JPM,RSI,60.9883
2023-04-07,JPM,RSI,53.8558
2023-04-10,JPM,RSI,61.7687
2023-04-11,JPM,RSI,49.3962
2023-04-12,JPM,RSI,44.1535
2023-04-13,JPM,RSI,46.1553
2023-04-14,JPM,RSI,46.7781
2023-04-17,JPM,RSI,52.8767
2023-04-18,JPM,RSI,60.6765
2023-04-19,JPM,RSI,55.4644
2023-04-20,JPM,RSI,43.8862
2023-04-21,JPM,RSI,40.4059
2023-04-24,JPM,RSI,44.8707
2023-04-25,JPM,RSI,56.2441
2023-04-26,JPM,RSI,60.9589
2023-04-27,JPM,RSI,67.8668
2023-04-28,JPM,RSI,60.7358
2023-05-01,JPM,RSI,62.4514
2023-05-02,JPM,RSI,57.2513
2023-05-03,JPM,RSI,52.0435
2023-05-04,JPM,RSI,56.2177
2023-05-05,JPM,RSI,41.1455
2023-05-08,JPM,RSI,35.7583
2023-05-09,JPM,RSI,45.3831
2023-05-10,JPM,RSI,48.3283
2023-05-11,JPM,RSI,53.4134
2023-05-12,JPM,RSI,59.2496
2023-05-15,JPM,RSI,55.4054
2023-05-16,JPM,RSI,58.8947
2023-05-17,JPM,RSI,61.0777
2023-05-18,JPM,RSI,65.1551
2023-05-19,JPM,RSI,67.3823
2023-05-22,JPM,RSI,70.8397
2023-05-23,JPM,RSI,76.9547
2023-05-24,JPM,RSI,74.9351
2023-05-25,JPM,RSI,88.6954
2023-05-26,JPM,RSI,93.3757
2023-05-29,JPM,RSI,90.6401
2023-05-30,JPM,RSI,93.484
2023-05-31,JPM,RSI,93.1202
2023-06-01,JPM,RSI,93.0924
2023-06-02,JPM,RSI,86.4296
2023-06-05,JPM,RSI,79.0797
2023-06-06,JPM,RSI,76.5004
2023-06-07,JPM,RSI,68.0858
2023-06-08,JPM,RSI,68.6535
2023-06-09,JPM,RSI,70.4608
2023-06-12,JPM,RSI,57.9444
2023-06-13,JPM,RSI,59.368
2023-06-14,JPM,RSI,64.8453
2023-06-15,JPM,RSI,60.0668
2023-06-16,JPM,RSI,56.9489
2023-06-19,JPM,RSI,51.589
2023-06-20,JPM,RSI,47.1908
2023-06-21,JPM,RSI,38.7245
2023-06-22,JPM,RSI,40.9572
2023-06-23,JPM,RSI,42.4164
2023-06-26,JPM,RSI,40.0223
2023-06-27,JPM,RSI,53.9084
2023-06-28,JPM,RSI,54.873
2023-06-29,JPM,RSI,54.0465
2023-06-30,JPM,RSI,71.599
2023-07-03,JPM,RSI,66.1035
2023-07-04,JPM,RSI,62.6876
2023-07-05,JPM,RSI,59.9344
2023-07-06,JPM,RSI,56.3636
2023-07-07,JPM,RSI,59.3386
2023-07-10,JPM,RSI,57.9676
2023-07-11,JPM,RSI,59.586
2023-07-12,JPM,RSI,53.2143
2023-07-13,JPM,RSI,56.1253
2023-07-14,JPM,RSI,47.8587
2023-07-17,JPM,RSI,44.0154
2023-07-18,JPM,RSI,41.0942
2023-07-19,JPM,RSI,32.2515
2023-07-20,JPM,RSI,28.8857
2023-07-21,JPM,RSI,29.7177
2023-07-24,JPM,RSI,28.4924
2023-07-25,JPM,RSI,29.2043
2023-07-26,JPM,RSI,38.1884
2023-07-27,JPM,RSI,42.4659
2023-07-28,JPM,RSI,52.4624
2023-07-31,JPM,RSI,47.3426
2023-08-01,JPM,RSI,62.7322
2023-08-02,JPM,RSI,56.0803
2023-08-03,JPM,RSI,61.1444
2023-08-04,JPM,RSI,57.2233
2023-08-07,JPM,RSI,64.5484
2023-08-08,JPM,RSI,59.8831
2023-08-09,JPM,RSI,59.0426
2023-08-10,JPM,RSI,60.6931
2023-08-11,JPM,RSI,57.5198
2023-08-14,JPM,RSI,62.9876
2023-08-15,JPM,RSI,56.5876
2023-08-16,JPM,RSI,61.1353
2023-08-17,JPM,RSI,57.3445
2023-08-18,JPM,RSI,60.3522
2023-08-21,JPM,RSI,61.6868
2023-08-22,JPM,RSI,67.6756
2023-08-23,JPM,RSI,75.7248
2023-08-24,JPM,RSI,64.4273
2023-08-25,JPM,RSI,59.1836
2023-08-28,JPM,RSI,66.4224
2023-08-29,JPM,RSI,67.1156
2023-08-30,JPM,RSI,69.4579
2023-08-31,JPM,RSI,73.383
2023-09-01,JPM,RSI,73.508
2023-09-04,JPM,RSI,79.1113
2023-09-05,JPM,RSI,61.1775
2023-09-06,JPM,RSI,66.0829
2023-09-07,JPM,RSI,61.7745
2023-09-08,JPM,RSI,58.3634
2023-09-11,JPM,RSI,58.3989
2023-09-12,JPM,RSI,54.4853
2023-09-13,JPM,RSI,58.5675
2023-09-14,JPM,RSI,51.5497
2023-09-15,JPM,RSI,46.3304
2023-09-18,JPM,RSI,45.2497
2023-09-19,JPM,RSI,37.4845
2023-09-20,JPM,RSI,32.0974
2023-09-21,JPM,RSI,28.546
2023-09-22,JPM,RSI,23.8851
2023-09-25,JPM,RSI,27.3556
2023-09-26,JPM,RSI,17.7998
2023-09-27,JPM,RSI,21.5779
2023-09-28,JPM,RSI,17.16
2023-09-29,JPM,RSI,16.7149
2023-10-02,JPM,RSI,19.1663
2023-10-03,JPM,RSI,19.086
2023-10-04,JPM,RSI,24.9704
2023-10-05,JPM,RSI,25.9051
2023-10-06,JPM,RSI,19.6159
2023-10-09,JPM,RSI,30.6087
2023-10-10,JPM,RSI,33.7365
2023-10-11,JPM,RSI,37.8237
2023-10-12,JPM,RSI,49.8414
2023-10-13,JPM,RSI,59.2443
2023-10-16,JPM,RSI,60.9029
2023-10-17,JPM,RSI,64.6051
2023-10-18,JPM,RSI,74.4626
2023-10-19,JPM,RSI,60.995
2023-10-20,JPM,RSI,54.7209
2023-10-23,JPM,RSI,60.9639
2023-10-24,JPM,RSI,59.4954
2023-10-25,JPM,RSI,65.9011
2023-10-26,JPM,RSI,59.8083
2023-10-27,JPM,RSI,64.6815
2023-10-30,JPM,RSI,65.0928
2023-10-31,JPM,RSI,61.8759
2023-11-01,JPM,RSI,54.3964
2023-11-02,JPM,RSI,44.4641
2023-11-03,JPM,RSI,41.4531
2023-11-06,JPM,RSI,33.7561
2023-11-07,JPM,RSI,30.0531
2023-11-08,JPM,RSI,51.2135
2023-11-09,JPM,RSI,55.9932
2023-11-10,JPM,RSI,56.9749
2023-11-13,JPM,RSI,62.1185
2023-11-14,JPM,RSI,58.9564
2023-11-15,JPM,RSI,68.4248
2023-11-16,JPM,RSI,45.7195
2023-11-17,JPM,RSI,38.8905
2023-11-20,JPM,RSI,39.8693
2023-11-21,JPM,RSI,42.2494
2023-11-22,JPM,RSI,43.4531
2023-11-23,JPM,RSI,45.118
2023-11-24,JPM,RSI,46.408
2023-11-27,JPM,RSI,42.9303
2023-11-28,JPM,RSI,26.496
2023-11-29,JPM,RSI,29.1821
2023-11-30,JPM,RSI,25.8964
2023-12-01,JPM,RSI,16.0355
2023-12-04,JPM,RSI,21.6776
2023-12-05,JPM,RSI,15.8378
2023-12-06,JPM,RSI,17.8788
2023-12-07,JPM,RSI,19.1053
2023-12-08,JPM,RSI,15.0979
2023-12-11,JPM,RSI,15.3329
2023-12-12,JPM,RSI,36.5115
2023-12-13,JPM,RSI,39.634
2023-12-14,JPM,RSI,33.0127
2023-12-15,JPM,RSI,40.1391
2023-12-18,JPM,RSI,39.2589
2023-12-19,JPM,RSI,37.8882
2023-12-20,JPM,RSI,39.7265
2023-12-21,JPM,RSI,52.8591
2023-12-22,JPM,RSI,45.4416
2023-12-25,JPM,RSI,46.9724
2023-12-26,JPM,RSI,46.183
2023-12-27,JPM,RSI,52.9985
2023-12-28,JPM,RSI,58.9591
2023-12-29,JPM,RSI,63.7435
2024-01-01,JPM,RSI,59.7209
2024-01-02,JPM,RSI,53.9048
2024-01-03,JPM,RSI,70.174
2024-01-04,JPM,RSI,69.9261
2024-01-05,JPM,RSI,70.8497
2024-01-08,JPM,RSI,71.3595
2024-01-09,JPM,RSI,76.0336
2024-01-10,JPM,RSI,73.2683
2024-01-11,JPM,RSI,82.1536
2024-01-12,JPM,RSI,83.2917
2024-01-15,JPM,RSI,89.3013
2024-01-16,JPM,RSI,81.77
2024-01-17,JPM,RSI,84.3848
2024-01-18,JPM,RSI,85.4095
2024-01-19,JPM,RSI,85.612
2024-01-22,JPM,RSI,89.7294
2024-01-23,JPM,RSI,87.2389
2024-01-24,JPM,RSI,83.7801
2024-01-25,JPM,RSI,86.4269
2024-01-26,JPM,RSI,69.938
2024-01-29,JPM,RSI,72.1378
2024-01-30,JPM,RSI,73.4719
2024-01-31,JPM,RSI,64.0074
2024-02-01,JPM,RSI,63.9657
2024-02-02,JPM,RSI,61.7796
2024-02-05,JPM,RSI,64.6791
2024-02-06,JPM,RSI,60.0911
2024-02-07,JPM,RSI,44.0478
2024-02-08,JPM,RSI,39.7276
2024-02-09,JPM,RSI,39.9474
2024-02-12,JPM,RSI,40.0729
2024-02-13,JPM,RSI,36.5604
2024-02-14,JPM,RSI,39.4878
2024-02-15,JPM,RSI,53.4609
2024-02-16,JPM,RSI,48.1771
2024-02-19,JPM,RSI,39.8622
2024-02-20,JPM,RSI,63.57
2024-02-21,JPM,RSI,54.0197
2024-02-22,JPM,RSI,57.5038
2024-02-23,JPM,RSI,59.5925
2024-02-26,JPM,RSI,64.8683
2024-02-27,JPM,RSI,76.7572
2024-02-28,JPM,RSI,78.1036
2024-02-29,JPM,RSI,78.9647
2024-03-01,JPM,RSI,71.8655
2024-03-04,JPM,RSI,74.2619
2024-03-05,JPM,RSI,71.653
2024-03-06,JPM,RSI,71.6023
2024-03-07,JPM,RSI,71.247
2024-03-08,JPM,RSI,71.287
2024-03-11,JPM,RSI,68.1661
2024-03-12,JPM,RSI,61.4272
2024-03-13,JPM,RSI,52.4875
2024-03-14,JPM,RSI,42.708
2024-03-15,JPM,RSI,39.2098
2024-03-18,JPM,RSI,37.1229
2024-03-19,JPM,RSI,38.6151
2024-03-20,JPM,RSI,35.8589
2024-03-21,JPM,RSI,43.8022
2024-03-22,JPM,RSI,46.5042
2024-03-25,JPM,RSI,49.2926
2024-03-26,JPM,RSI,46.2909
2024-03-27,JPM,RSI,46.7521
2024-03-28,JPM,RSI,54.2646
2024-03-29,JPM,RSI,42.8999
2024-04-01,JPM,RSI,50.2277
2024-04-02,JPM,RSI,57.3827
2024-04-03,JPM,RSI,74.9939
2024-04-04,JPM,RSI,67.0692
2024-04-05,JPM,RSI,63.2663
2024-04-08,JPM,RSI,65.852
2024-04-09,JPM,RSI,66.129
2024-04-10,JPM,RSI,71.2233
2024-04-11,JPM,RSI,73.621
2024-04-12,JPM,RSI,70.3813
2024-04-15,JPM,RSI,71.2919
2024-04-16,JPM,RSI,70.6746
2024-04-17,JPM,RSI,69.9171
2024-04-18,JPM,RSI,72.8361
2024-04-19,JPM,RSI,61.0285
2024-04-22,JPM,RSI,61.6228
2024-04-23,JPM,RSI,64.1679
2024-04-24,JPM,RSI,67.1056
2024-04-25,JPM,RSI,71.8152
2024-04-26,JPM,RSI,69.5013
2024-04-29,JPM,RSI,61.4054
2024-04-30,JPM,RSI,53.7533
2024-05-01,JPM,RSI,57.0626
2024-05-02,JPM,RSI,59.2329
2024-05-03,JPM,RSI,50.6156
2024-05-06,JPM,RSI,48.7552
2024-05-07,JPM,RSI,45.1444
2024-05-08,JPM,RSI,58.0808
2024-05-09,JPM,RSI,57.0603
2024-05-10,JPM,RSI,57.0946
2024-05-13,JPM,RSI,49.7888
2024-05-14,JPM,RSI,50.683
2024-05-15,JPM,RSI,50.3495
2024-05-16,JPM,RSI,47.1607
2024-05-17,JPM,RSI,56.5736
2024-05-20,JPM,RSI,59.7559
2024-05-21,JPM,RSI,53.9475
2024-05-22,JPM,RSI,47.0948
2024-05-23,JPM,RSI,58.5667
2024-05-24,JPM,RSI,62.8978
2024-05-27,JPM,RSI,62.9997
2024-05-28,JPM,RSI,53.3246
2024-05-29,JPM,RSI,67.9407
2024-05-30,JPM,RSI,72.5805
2024-05-31,JPM,RSI,77.6146
2024-06-03,JPM,RSI,76.8165
2024-06-04,JPM,RSI,68.1303
2024-06-05,JPM,RSI,65.1651
2024-06-06,JPM,RSI,57.6564
2024-06-07,JPM,RSI,53.992
2024-06-10,JPM,RSI,53.1507
2024-06-11,JPM,RSI,61.4534
2024-06-12,JPM,RSI,50.7025
2024-06-13,JPM,RSI,45.5008
2024-06-14,JPM,RSI,37.9355
2024-06-17,JPM,RSI,42.0438
2024-06-18,JPM,RSI,29.4141
2024-06-19,JPM,RSI,12.2215
2024-06-20,JPM,RSI,12.0085
2024-06-21,JPM,RSI,12.7988
2024-06-24,JPM,RSI,12.1062
2024-06-25,JPM,RSI,19.5483
2024-06-26,JPM,RSI,21.6195
2024-06-27,JPM,RSI,22.347
2024-06-28,JPM,RSI,18.8903
2024-07-01,JPM,RSI,13.6254
2024-07-02,JPM,RSI,14.4193
2024-07-03,JPM,RSI,24.7556
2024-07-04,JPM,RSI,30.744
2024-07-05,JPM,RSI,30.2961
2024-07-08,JPM,RSI,32.7591
2024-07-09,JPM,RSI,28.4824
2024-07-10,JPM,RSI,31.0308
2024-07-11,JPM,RSI,34.0272
2024-07-12,JPM,RSI,41.3278
2024-07-15,JPM,RSI,46.8368
2024-07-16,JPM,RSI,45.2381
2024-07-17,JPM,RSI,45.0365
2024-07-18,JPM,RSI,45.8883
2024-07-19,JPM,RSI,52.656
2024-07-22,JPM,RSI,60.6099
2024-07-23,JPM,RSI,49.8989
2024-07-24,JPM,RSI,51.3014
2024-07-25,JPM,RSI,56.4478
2024-07-26,JPM,RSI,57.4556
2024-07-29,JPM,RSI,64.5744
2024-07-30,JPM,RSI,68.2479
2024-07-31,JPM,RSI,67.1292
2024-08-01,JPM,RSI,68.6792
2024-08-02,JPM,RSI,55.0282
2024-08-05,JPM,RSI,59.9834
2024-08-06,JPM,RSI,61.0398
2024-08-07,JPM,RSI,62.4601
2024-08-08,JPM,RSI,57.5187
2024-08-09,JPM,RSI,54.8523
2024-08-12,JPM,RSI,58.0826
2024-08-13,JPM,RSI,59.0668
2024-08-14,JPM,RSI,55.1399
2024-08-15,JPM,RSI,58.8922
2024-08-16,JPM,RSI,56.1227
2024-08-19,JPM,RSI,50.0463
2024-08-20,JPM,RSI,53.0228
2024-08-21,JPM,RSI,51.7728
2024-08-22,JPM,RSI,60.6482
2024-08-23,JPM,RSI,63.6789
2024-08-26,JPM,RSI,64.3529
2024-08-27,JPM,RSI,76.9938
2024-08-28,JPM,RSI,87.6074
2024-08-29,JPM,RSI,87.5001
2024-08-30,JPM,RSI,70.8833
2024-09-02,JPM,RSI,67.7659
2024-09-03,JPM,RSI,72.6285
2024-09-04,JPM,RSI,73.1459
2024-09-05,JPM,RSI,74.7019
2024-09-06,JPM,RSI,69.0638
2024-09-09,JPM,RSI,68.1288
2024-09-10,JPM,RSI,64.682
2024-09-11,JPM,RSI,72.3703
2024-09-12,JPM,RSI,61.7988
2024-09-13,JPM,RSI,55.9027
2024-09-16,JPM,RSI,50.3843
2024-09-17,JPM,RSI,58.3006
2024-09-18,JPM,RSI,55.2742
2024-09-19,JPM,RSI,62.8954
2024-09-20,JPM,RSI,50.1877
2024-09-23,JPM,RSI,38.1945
2024-09-24,JPM,RSI,39.8658
2024-09-25,JPM,RSI,42.1697
2024-09-26,JPM,RSI,42.0223
2024-09-27,JPM,RSI,37.3025
2024-09-30,JPM,RSI,46.6381
2024-10-01,JPM,RSI,51.7387
2024-10-02,JPM,RSI,58.8275
2024-10-03,JPM,RSI,64.816
2024-10-04,JPM,RSI,71.0288
2024-10-07,JPM,RSI,72.0403
2024-10-08,JPM,RSI,71.4375
2024-10-09,JPM,RSI,69.729
2024-10-10,JPM,RSI,81.237
2024-10-11,JPM,RSI,80.2905
2024-10-14,JPM,RSI,74.8747
2024-10-15,JPM,RSI,69.9643
2024-10-16,JPM,RSI,71.7777
2024-10-17,JPM,RSI,66.2488
2024-10-18,JPM,RSI,58.3604
2024-10-21,JPM,RSI,50.2697
2024-10-22,JPM,RSI,43.7084
2024-10-23,JPM,RSI,41.9514
2024-10-24,JPM,RSI,35.0727
2024-10-25,JPM,RSI,26.598
2024-10-28,JPM,RSI,29.756
2024-10-29,JPM,RSI,31.4685
2024-10-30,JPM,RSI,25.8762
2024-10-31,JPM,RSI,31.3052
2024-11-01,JPM,RSI,33.6402
2024-11-04,JPM,RSI,31.7303
2024-11-05,JPM,RSI,35.16
2024-11-06,JPM,RSI,37.8429
2024-11-07,JPM,RSI,45.9241
2024-11-08,JPM,RSI,49.4863
2024-11-11,JPM,RSI,48.6371
2024-11-12,JPM,RSI,43.9579
2024-11-13,JPM,RSI,45.1037
2024-11-14,JPM,RSI,42.617
2024-11-15,JPM,RSI,40.3246
2024-11-18,JPM,RSI,38.2743
2024-11-19,JPM,RSI,35.1089
2024-11-20,JPM,RSI,28.6287
2024-11-21,JPM,RSI,26.3491
2024-11-22,JPM,RSI,38.0399
2024-11-25,JPM,RSI,40.9083
2024-11-26,JPM,RSI,52.2061
2024-11-27,JPM,RSI,48.407
2024-11-28,JPM,RSI,38.0539
2024-11-29,JPM,RSI,52.8489
2024-12-02,JPM,RSI,42.6449
2024-12-03,JPM,RSI,44.5019
2024-12-04,JPM,RSI,52.1664
2024-12-05,JPM,RSI,52.18
2024-12-06,JPM,RSI,55.8316
2024-12-09,JPM,RSI,55.1453
2024-12-10,JPM,RSI,58.8985
2024-12-11,JPM,RSI,70.5439
2024-12-12,JPM,RSI,64.7186
2024-12-13,JPM,RSI,57.8064
2024-12-16,JPM,RSI,54.569
2024-12-17,JPM,RSI,60.5484
2024-12-18,JPM,RSI,66.2943
2024-12-19,JPM,RSI,63.7398
2024-12-20,JPM,RSI,77.1172
2024-12-23,JPM,RSI,77.5996
2024-12-24,JPM,RSI,75.7504
2024-12-25,JPM,RSI,78.3655
2024-12-26,JPM,RSI,78.4516
2024-12-27,JPM,RSI,74.8041
2024-12-30,JPM,RSI,74.7337
2024-12-31,JPM,RSI,66.7551
2025-01-01,JPM,RSI,78.4621
2025-01-02,JPM,RSI,80.9282
2025-01-03,JPM,RSI,83.8322
2025-01-06,JPM,RSI,70.2808
2025-01-07,JPM,RSI,74.0637
2025-01-08,JPM,RSI,71.1794
2025-01-09,JPM,RSI,70.3002
2025-01-10,JPM,RSI,70.2218
2025-01-13,JPM,RSI,71.5037
2025-01-14,JPM,RSI,71.5471
2025-01-15,JPM,RSI,70.3005
2025-01-16,JPM,RSI,66.8921
2025-01-17,JPM,RSI,61.6786
2025-01-20,JPM,RSI,64.3999
2025-01-21,JPM,RSI,55.8199
2025-01-22,JPM,RSI,60.3208
2025-01-23,JPM,RSI,54.699
2025-01-24,JPM,RSI,70.8055
2025-01-27,JPM,RSI,60.2668
2025-01-28,JPM,RSI,58.5161
2025-01-29,JPM,RSI,50.5041
2025-01-30,JPM,RSI,46.3659
2025-01-31,JPM,RSI,45.433
2025-02-03,JPM,RSI,36.2455
2025-02-04,JPM,RSI,37.2025
2025-02-05,JPM,RSI,45.6569
2025-02-06,JPM,RSI,48.2982
2025-02-07,JPM,RSI,48.7599
2025-02-10,JPM,RSI,49.2962
2025-02-11,JPM,RSI,42.1647
2025-02-12,JPM,RSI,42.5238
2025-02-13,JPM,RSI,35.1537
2025-02-14,JPM,RSI,51.4543
2025-02-17,JPM,RSI,61.7716
2025-02-18,JPM,RSI,76.4212
2025-02-19,JPM,RSI,79.0419
2025-02-20,JPM,RSI,72.8415
2025-02-21,JPM,RSI,74.5307
2025-02-24,JPM,RSI,73.3515
2025-02-25,JPM,RSI,68.0443
2025-02-26,JPM,RSI,71.8655
2025-02-27,JPM,RSI,72.0858
2025-02-28,JPM,RSI,62.7284
2025-03-03,JPM,RSI,73.7066
2025-03-04,JPM,RSI,64.4181
2025-03-05,JPM,RSI,62.1141
2025-03-06,JPM,RSI,61.8461
2025-03-07,JPM,RSI,59.5743
2025-03-10,JPM,RSI,47.6724
2025-03-11,JPM,RSI,55.2625
2025-03-12,JPM,RSI,55.0787
2025-03-13,JPM,RSI,46.142
2025-03-14,JPM,RSI,48.4911
2025-03-17,JPM,RSI,43.735
2025-03-18,JPM,RSI,39.7634
2025-03-19,JPM,RSI,40.4541
2025-03-20,JPM,RSI,42.626
2025-03-21,JPM,RSI,40.3658
2025-03-24,JPM,RSI,42.7161
2025-03-25,JPM,RSI,47.0072
2025-03-26,JPM,RSI,36.993
2025-03-27,JPM,RSI,39.8092
2025-03-28,JPM,RSI,39.536
2025-03-31,JPM,RSI,37.326
2025-04-01,JPM,RSI,36.3599
2025-04-02,JPM,RSI,50.073
2025-04-03,JPM,RSI,45.2589
2025-04-04,JPM,RSI,45.3257
2025-04-07,JPM,RSI,48.1547
2025-04-08,JPM,RSI,50.2422
2025-04-09,JPM,RSI,54.3722
2025-04-10,JPM,RSI,56.1156
2025-04-11,JPM,RSI,62.7039
2025-04-14,JPM,RSI,57.197
2025-04-15,JPM,RSI,66.145
2025-04-16,JPM,RSI,63.1434
2025-04-17,JPM,RSI,61.8962
2025-04-18,JPM,RSI,57.8044
2025-04-21,JPM,RSI,61.7602
2025-04-22,JPM,RSI,60.2117
2025-04-23,JPM,RSI,62.6798
2025-04-24,JPM,RSI,70.8072
2025-04-25,JPM,RSI,65.6148
2025-04-28,JPM,RSI,67.9685
2025-04-29,JPM,RSI,61.3036
2025-04-30,JPM,RSI,61.9535
2025-05-01,JPM,RSI,52.9799
2025-05-02,JPM,RSI,59.4796
2025-05-05,JPM,RSI,57.4726
2025-05-06,JPM,RSI,61.9617
2025-05-07,JPM,RSI,69.5227
2025-05-08,JPM,RSI,69.2809
2025-05-09,JPM,RSI,66.3028
2025-05-12,JPM,RSI,67.1363
2025-05-13,JPM,RSI,66.2518
2025-05-14,JPM,RSI,57.6316
2025-05-15,JPM,RSI,53.0918
2025-05-16,JPM,RSI,41.6528
2025-05-19,JPM,RSI,45.703
2025-05-20,JPM,RSI,48.687
2025-05-21,JPM,RSI,45.7667
2025-05-22,JPM,RSI,42.108
2025-05-23,JPM,RSI,41.4969
2025-05-26,JPM,RSI,42.3447
2025-05-27,JPM,RSI,36.5273
2025-05-28,JPM,RSI,38.3324
2025-05-29,JPM,RSI,39.0442
2025-05-30,JPM,RSI,42.0323
2025-06-02,JPM,RSI,44.1762
2025-06-03,JPM,RSI,52.4003
2025-06-04,JPM,RSI,60.0332
2025-06-05,JPM,RSI,65.7269
2025-06-06,JPM,RSI,66.796
2025-06-09,JPM,RSI,53.9103
2025-06-10,JPM,RSI,53.9597
2025-06-11,JPM,RSI,56.9372
2025-06-12,JPM,RSI,59.5492
2025-06-13,JPM,RSI,50.8828
2025-06-16,JPM,RSI,55.5824
2025-06-17,JPM,RSI,47.1149
2025-06-18,JPM,RSI,52.7568
2025-06-19,JPM,RSI,43.6013
2025-06-20,JPM,RSI,42.8614
2025-06-23,JPM,RSI,41.6956
2025-06-24,JPM,RSI,35.8374
2025-06-25,JPM,RSI,33.0915
2025-06-26,JPM,RSI,26.7301
2025-06-27,JPM,RSI,33.4752
2025-06-30,JPM,RSI,45.5363
2025-07-01,JPM,RSI,44.4817
2025-07-02,JPM,RSI,43.9764
2025-07-03,JPM,RSI,54.7301
2025-07-04,JPM,RSI,53.3519
2025-07-07,JPM,RSI,62.4897
2025-07-08,JPM,RSI,55.8683
2025-07-09,JPM,RSI,50.9938
2025-07-10,JPM,RSI,51.9848
2025-07-11,JPM,RSI,60.2415
2025-07-14,JPM,RSI,74.4886
2025-07-15,JPM,RSI,89.3725
2025-07-16,JPM,RSI,85.5443
2025-07-17,JPM,RSI,75.7163
2025-07-18,JPM,RSI,75.3212
2025-07-21,JPM,RSI,81.3379
2025-07-22,JPM,RSI,83.2507
2025-07-23,JPM,RSI,62.9169
2025-07-24,JPM,RSI,69.8305
2025-07-25,JPM,RSI,70.1264
2025-07-28,JPM,RSI,72.9722
2025-07-29,JPM,RSI,65.3661
2025-07-30,JPM,RSI,64.0797
2025-07-31,JPM,RSI,62.2925
2025-08-01,JPM,RSI,55.4681
2025-08-04,JPM,RSI,44.4691
2025-08-05,JPM,RSI,46.6047
2025-08-06,JPM,RSI,48.9034
2025-08-07,JPM,RSI,51.7868
2025-08-08,JPM,RSI,47.8356
2025-08-11,JPM,RSI,41.6953
2025-08-12,JPM,RSI,52.4486
2025-08-13,JPM,RSI,47.009
2025-08-14,JPM,RSI,42.4524
2025-08-15,JPM,RSI,42.499
2025-08-18,JPM,RSI,47.4224
2025-08-19,JPM,RSI,48.555
2025-08-20,JPM,RSI,47.8011
2025-08-21,JPM,RSI,57.66
2025-08-22,JPM,RSI,80.8377
2025-08-25,JPM,RSI,69.6687
2025-08-26,JPM,RSI,57.3064
2025-08-27,JPM,RSI,49.7217
2025-08-28,JPM,RSI,55.2998
2025-08-29,JPM,RSI,57.6759
2025-09-01,JPM,RSI,55.8005
2025-09-02,JPM,RSI,50.6901
2025-09-03,JPM,RSI,56.7279
2025-09-04,JPM,RSI,45.343
2025-09-05,JPM,RSI,52.8595
2025-09-08,JPM,RSI,56.9375
2025-09-09,JPM,RSI,51.6476
2025-09-10,JPM,RSI,49.4261
2025-09-11,JPM,RSI,39.4519
2025-09-12,JPM,RSI,45.269
2025-09-15,JPM,RSI,55.6548
2025-09-16,JPM,RSI,63.1787
2025-09-17,JPM,RSI,57.2174
2025-09-18,JPM,RSI,59.4132
2025-09-19,JPM,RSI,55.4972
2025-09-22,JPM,RSI,43.6471
2025-09-23,JPM,RSI,41.1128
2025-09-24,JPM,RSI,46.4011
2025-09-25,JPM,RSI,42.8017
2025-09-26,JPM,RSI,38.2558
2025-09-29,JPM,RSI,37.6517
2025-09-30,JPM,RSI,33.0557
2025-10-01,JPM,RSI,35.7456
2025-10-02,JPM,RSI,27.4945
2025-10-03,JPM,RSI,27.5882
2025-10-06,JPM,RSI,15.5007
2025-10-07,JPM,RSI,24.3202
2025-10-08,JPM,RSI,13.7988
2025-10-09,JPM,RSI,16.4206
2025-10-10,JPM,RSI,35.3339
2025-10-13,JPM,RSI,35.5023
2025-10-14,JPM,RSI,34.2779
2025-10-15,JPM,RSI,35.8324
2025-10-16,JPM,RSI,37.6662
2025-10-17,JPM,RSI,38.0613
2025-10-20,JPM,RSI,35.947
2025-10-21,JPM,RSI,43.1404
2025-10-22,JPM,RSI,43.6504
2025-10-23,JPM,RSI,47.7619
2025-10-24,JPM,RSI,49.185
2025-10-27,JPM,RSI,44.2219
2025-10-28,JPM,RSI,52.2458
2025-10-29,JPM,RSI,57.4029
2025-10-30,JPM,RSI,48.2916
2025-10-31,JPM,RSI,47.5188
2025-11-03,JPM,RSI,45.685
2025-11-04,JPM,RSI,42.229
2025-11-05,JPM,RSI,52.4301
2025-11-06,JPM,RSI,48.1626
2025-11-07,JPM,RSI,57.2898
2025-11-10,JPM,RSI,57.0306
2025-11-11,JPM,RSI,72.9145
2025-11-12,JPM,RSI,72.5465
2025-11-13,JPM,RSI,75.1645
2025-11-14,JPM,RSI,77.4554
2025-11-17,JPM,RSI,81.3958
2025-11-18,JPM,RSI,80.4105
2025-11-19,JPM,RSI,82.523
2025-11-20,JPM,RSI,84.8443
2025-11-21,JPM,RSI,83.9615
2025-11-24,JPM,RSI,80.2
2025-11-25,JPM,RSI,76.7816
2025-11-26,JPM,RSI,79.5247
2025-11-27,JPM,RSI,74.1632
2025-11-28,JPM,RSI,65.0667
2025-12-01,JPM,RSI,61.1121
2025-12-02,JPM,RSI,53.0115
2025-12-03,JPM,RSI,46.1469
2025-12-04,JPM,RSI,35.677
2025-12-05,JPM,RSI,32.3067
2025-12-08,JPM,RSI,25.6262
2025-12-09,JPM,RSI,15.2691
2025-12-10,JPM,RSI,14.0099
2025-12-11,JPM,RSI,18.2444
2025-12-12,JPM,RSI,23.8671
2025-12-15,JPM,RSI,26.0271
2025-12-16,JPM,RSI,23.4875
2025-12-17,JPM,RSI,21.8896
2025-12-18,JPM,RSI,28.1344
2025-12-19,JPM,RSI,25.8115
2025-12-22,JPM,RSI,34.7795
2025-12-23,JPM,RSI,34.1254
2025-12-24,JPM,RSI,36.4752
2025-12-25,JPM,RSI,37.5812
2025-12-26,JPM,RSI,40.6488
2025-12-29,JPM,RSI,39.229
2025-12-30,JPM,RSI,42.8903
2025-12-31,JPM,RSI,40.018
2026-01-01,JPM,RSI,45.3693
2026-01-02,JPM,RSI,50.0723
2026-01-05,JPM,RSI,54.0802
2026-01-06,JPM,RSI,61.0123
2026-01-07,JPM,RSI,62.1095
2026-01-08,JPM,RSI,63.6295
2026-01-09,JPM,RSI,56.877
2026-01-12,JPM,RSI,69.5229
2026-01-13,JPM,RSI,60.5792
2026-01-14,JPM,RSI,62.4481
2026-01-15,JPM,RSI,52.7494
2026-01-16,JPM,RSI,54.8356
2026-01-19,JPM,RSI,47.5539
2026-01-20,JPM,RSI,48.7774
2026-01-21,JPM,RSI,43.5729
2026-01-22,JPM,RSI,32.9034
2026-01-23,JPM,RSI,35.0581
2026-01-26,JPM,RSI,33.7893
2026-01-27,JPM,RSI,36.431
2026-01-28,JPM,RSI,29.9986
2026-01-29,JPM,RSI,31.8098
2026-01-30,JPM,RSI,27.4848
2026-02-02,JPM,RSI,42.9268
2026-02-03,JPM,RSI,43.6212
2026-02-04,JPM,RSI,48.0815
2026-02-05,JPM,RSI,44.1233
2026-02-06,JPM,RSI,50.9859
2026-02-09,JPM,RSI,59.6496
2026-02-10,JPM,RSI,57.3318
2026-02-11,JPM,RSI,46.8122
2026-02-12,JPM,RSI,53.9758
2026-02-13,JPM,RSI,63.9079
2026-02-16,JPM,RSI,64.1473
2026-02-17,JPM,RSI,59.5794
2026-02-18,JPM,RSI,57.9336
2026-02-19,JPM,RSI,61.0053
2026-02-20,JPM,RSI,56.4629
2026-02-23,JPM,RSI,57.9367
2026-02-24,JPM,RSI,60.6758
2026-02-25,JPM,RSI,54.8037
2026-02-26,JPM,RSI,60.2184
2026-02-27,JPM,RSI,48.0421
2026-03-02,JPM,RSI,44.6977
2026-03-03,JPM,RSI,45.8513
2026-03-04,JPM,RSI,46.3757
2026-03-05,JPM,RSI,36.4821
2026-03-06,JPM,RSI,33.9095
2026-03-09,JPM,RSI,35.384
2026-03-10,JPM,RSI,31.73
2026-03-11,JPM,RSI,30.4265
2026-03-12,JPM,RSI,29.9421
2026-03-13,JPM,RSI,28.5822
2026-03-16,JPM,RSI,25.2734
2026-03-17,JPM,RSI,30.761
2026-03-18,JPM,RSI,21.8174
2026-03-19,JPM,RSI,23.0216
2026-03-20,JPM,RSI,33.1513
2026-03-23,JPM,RSI,30.3484
2026-03-24,JPM,RSI,28.3776
2026-03-25,JPM,RSI,29.5982
2026-03-26,JPM,RSI,21.8245
2026-03-27,JPM,RSI,22.616
2026-03-30,JPM,RSI,33.6473
2026-03-31,JPM,RSI,45.1454
2026-04-01,JPM,RSI,50.1919
2026-04-02,JPM,RSI,55.8675
2026-04-03,JPM,RSI,59.8353
2026-04-06,JPM,RSI,52.1091
2026-04-07,JPM,RSI,55.1832
2026-04-08,JPM,RSI,60.1374
2026-04-09,JPM,RSI,49.6326
2026-04-10,JPM,RSI,54.0924
2026-04-13,JPM,RSI,50.1085
2026-04-14,JPM,RSI,50.2355
2026-04-15,JPM,RSI,53.9092
2026-04-16,JPM,RSI,52.6665
2026-04-17,JPM,RSI,49.1176
2026-04-20,JPM,RSI,36.9078
2026-04-21,JPM,RSI,29.8867
2026-04-22,JPM,RSI,14.3886
2026-04-23,JPM,RSI,15.1928
2026-04-24,JPM,RSI,16.6163
2026-04-27,JPM,RSI,21.9547
2026-04-28,JPM,RSI,15.0423
2026-04-29,JPM,RSI,18.3637
2026-04-30,JPM,RSI,36.3593
2026-05-01,JPM,RSI,42.9542
2026-05-04,JPM,RSI,38.5559
2026-05-05,JPM,RSI,34.297
2026-05-06,JPM,RSI,32.8948
2026-05-07,JPM,RSI,31.251
2026-05-08,JPM,RSI,38.3562
2026-05-11,JPM,RSI,32.548
2026-05-12,JPM,RSI,32.4401
2026-05-13,JPM,RSI,31.3473
2026-05-14,JPM,RSI,30.6316
2026-05-15,JPM,RSI,26.0385
2026-05-18,JPM,RSI,27.4097
2026-05-19,JPM,RSI,27.7242
2026-05-20,JPM,RSI,17.1143
2026-05-21,JPM,RSI,12.2138
2026-05-22,JPM,RSI,12.706
2026-05-25,JPM,RSI,12.2115
2026-05-26,JPM,RSI,17.1311
2026-05-27,JPM,RSI,18.0812
2026-05-28,JPM,RSI,12.7446
2026-05-29,JPM,RSI,16.0876
2026-06-01,JPM,RSI,19.8828
2026-06-02,JPM,RSI,25.6948
2026-06-03,JPM,RSI,36.424
2026-06-04,JPM,RSI,31.2076
2026-06-05,JPM,RSI,37.5402
2026-06-08,JPM,RSI,43.2356
2026-06-09,JPM,RSI,33.8109
2026-06-10,JPM,RSI,31.3165
2026-06-11,JPM,RSI,28.9743
2026-06-12,JPM,RSI,27.5554
2026-06-15,JPM,RSI,26.7681
2026-06-16,JPM,RSI,35.0941
2026-06-17,JPM,RSI,49.1251
2026-06-18,JPM,RSI,44.7335
2026-06-19,JPM,RSI,48.7114
2026-06-22,JPM,RSI,47.7936
2026-06-23,JPM,RSI,37.7696
2026-06-24,JPM,RSI,38.9875
2026-06-25,JPM,RSI,33.8439
2026-06-26,JPM,RSI,37.0302
2026-06-29,JPM,RSI,36.7295
2026-06-30,JPM,RSI,42.884
2026-07-01,JPM,RSI,44.8255
2026-07-02,JPM,RSI,45.0217
2026-07-03,JPM,RSI,42.1846
2026-07-06,JPM,RSI,43.5387
2026-07-07,JPM,RSI,35.8631
2026-07-08,JPM,RSI,44.4801
2026-07-09,JPM,RSI,44.72
2026-07-10,JPM,RSI,42.5783
2026-07-13,JPM,RSI,47.3305
2026-07-14,JPM,RSI,43.9825
2026-07-15,JPM,RSI,51.9239
2026-07-16,JPM,RSI,47.5088
2026-07-17,JPM,RSI,44.1949
2026-07-20,JPM,RSI,45.3173
2026-07-21,JPM,RSI,40.0244
2026-07-22,JPM,RSI,41.9665
2026-07-23,JPM,RSI,44.0566
2026-07-24,JPM,RSI,47.6741
2026-07-27,JPM,RSI,51.1182
2026-07-28,JPM,RSI,46.2851
2026-07-29,JPM,RSI,42.9524
2026-07-30,JPM,RSI,48.1409
2026-07-31,JPM,RSI,57.926
2026-08-03,JPM,RSI,61.8685
2026-08-04,JPM,RSI,56.1671
2026-08-05,JPM,RSI,51.8591
2026-08-06,JPM,RSI,62.4785
2026-08-07,JPM,RSI,63.2186
2026-08-10,JPM,RSI,61.9547
2026-08-11,JPM,RSI,64.0718
2026-08-12,JPM,RSI,57.7642
2026-08-13,JPM,RSI,48.6866
2026-08-14,JPM,RSI,39.424
2026-08-17,JPM,RSI,36.7444
2026-08-18,JPM,RSI,41.9015
2026-08-19,JPM,RSI,36.8799
2026-08-20,JPM,RSI,28.0801
2026-08-21,JPM,RSI,31.5577
2022-01-03,META,RSI,50.0
2022-01-04,META,RSI,50.0
2022-01-05,META,RSI,50.0
2022-01-06,META,RSI,50.0
2022-01-07,META,RSI,50.0
2022-01-10,META,RSI,50.0
2022-01-11,META,RSI,50.0
2022-01-12,META,RSI,50.0
2022-01-13,META,RSI,50.0
2022-01-14,META,RSI,50.0
2022-01-17,META,RSI,50.0
2022-01-18,META,RSI,50.0
2022-01-19,META,RSI,50.0
2022-01-20,META,RSI,50.0
2022-01-21,META,RSI,56.9763
2022-01-24,META,RSI,78.4258
2022-01-25,META,RSI,78.2181
2022-01-26,META,RSI,81.2852
2022-01-27,META,RSI,75.0584
2022-01-28,META,RSI,64.339
2022-01-31,META,RSI,63.4535
2022-02-01,META,RSI,71.4819
2022-02-02,META,RSI,56.4763
2022-02-03,META,RSI,55.5835
2022-02-04,META,RSI,55.4588
2022-02-07,META,RSI,57.3949
2022-02-08,META,RSI,56.6604
2022-02-09,META,RSI,42.1931
2022-02-10,META,RSI,36.5386
2022-02-11,META,RSI,30.7611
2022-02-14,META,RSI,33.0701
2022-02-15,META,RSI,24.5931
2022-02-16,META,RSI,26.6498
2022-02-17,META,RSI,32.4662
2022-02-18,META,RSI,28.505
2022-02-21,META,RSI,35.6135
2022-02-22,META,RSI,48.4483
2022-02-23,META,RSI,52.0631
2022-02-24,META,RSI,58.1691
2022-02-25,META,RSI,59.1978
2022-02-28,META,RSI,57.8778
2022-03-01,META,RSI,66.8126
2022-03-02,META,RSI,77.2811
2022-03-03,META,RSI,83.0532
2022-03-04,META,RSI,75.5749
2022-03-07,META,RSI,79.084
2022-03-08,META,RSI,76.347
2022-03-09,META,RSI,66.0928
2022-03-10,META,RSI,73.2042
2022-03-11,META,RSI,64.996
2022-03-14,META,RSI,64.7272
2022-03-15,META,RSI,67.6144
2022-03-16,META,RSI,57.3427
2022-03-17,META,RSI,53.7938
2022-03-18,META,RSI,58.6741
2022-03-21,META,RSI,61.4228
2022-03-22,META,RSI,56.9068
2022-03-23,META,RSI,63.6807
2022-03-24,META,RSI,66.4425
2022-03-25,META,RSI,62.6781
2022-03-28,META,RSI,71.5437
2022-03-29,META,RSI,82.8769
2022-03-30,META,RSI,83.5514
2022-03-31,META,RSI,81.6337
2022-04-01,META,RSI,82.817
2022-04-04,META,RSI,80.8771
2022-04-05,META,RSI,83.9703
2022-04-06,META,RSI,84.4201
2022-04-07,META,RSI,82.8737
2022-04-08,META,RSI,84.7326
2022-04-11,META,RSI,86.2254
2022-04-12,META,RSI,77.2138
2022-04-13,META,RSI,70.9586
2022-04-14,META,RSI,69.8263
2022-04-15,META,RSI,57.3601
2022-04-18,META,RSI,50.0728
2022-04-19,META,RSI,42.3805
2022-04-20,META,RSI,44.5859
2022-04-21,META,RSI,41.4259
2022-04-22,META,RSI,37.1485
2022-04-25,META,RSI,31.6805
2022-04-26,META,RSI,26.416
2022-04-27,META,RSI,25.1471
2022-04-28,META,RSI,10.6887
2022-04-29,META,RSI,6.3776
2022-05-02,META,RSI,19.7195
2022-05-03,META,RSI,26.4701
2022-05-04,META,RSI,26.4545
2022-05-05,META,RSI,31.2858
2022-05-06,META,RSI,32.6838
2022-05-09,META,RSI,30.0946
2022-05-10,META,RSI,36.5527
2022-05-11,META,RSI,36.894
2022-05-12,META,RSI,33.8018
2022-05-13,META,RSI,42.4773
2022-05-16,META,RSI,51.0785
2022-05-17,META,RSI,49.6857
2022-05-18,META,RSI,60.2451
2022-05-19,META,RSI,71.6561
2022-05-20,META,RSI,64.905
2022-05-23,META,RSI,61.0724
2022-05-24,META,RSI,59.4973
2022-05-25,META,RSI,55.5562
2022-05-26,META,RSI,52.5445
2022-05-27,META,RSI,60.1216
2022-05-30,META,RSI,63.2237
2022-05-31,META,RSI,65.3799
2022-06-01,META,RSI,78.0956
2022-06-02,META,RSI,63.9173
2022-06-03,META,RSI,55.6363
2022-06-06,META,RSI,59.4023
2022-06-07,META,RSI,58.5472
2022-06-08,META,RSI,54.7583
2022-06-09,META,RSI,54.9968
2022-06-10,META,RSI,59.6675
2022-06-13,META,RSI,62.8194
2022-06-14,META,RSI,67.6527
2022-06-15,META,RSI,63.4457
2022-06-16,META,RSI,63.2025
2022-06-17,META,RSI,63.1855
2022-06-20,META,RSI,61.0892
2022-06-21,META,RSI,61.6243
2022-06-22,META,RSI,72.1761
2022-06-23,META,RSI,82.5794
2022-06-24,META,RSI,83.3032
2022-06-27,META,RSI,76.3187
2022-06-28,META,RSI,70.281
2022-06-29,META,RSI,69.0925
2022-06-30,META,RSI,65.6148
2022-07-01,META,RSI,54.4398
2022-07-04,META,RSI,52.934
2022-07-05,META,RSI,62.025
2022-07-06,META,RSI,63.9762
2022-07-07,META,RSI,45.368
2022-07-08,META,RSI,46.9138
2022-07-11,META,RSI,48.6538
2022-07-12,META,RSI,50.4403
2022-07-13,META,RSI,50.1098
2022-07-14,META,RSI,47.6354
2022-07-15,META,RSI,56.4116
2022-07-18,META,RSI,62.3937
2022-07-19,META,RSI,67.0155
2022-07-20,META,RSI,71.3773
2022-07-21,META,RSI,82.3317
2022-07-22,META,RSI,75.648
2022-07-25,META,RSI,78.8839
2022-07-26,META,RSI,76.8362
2022-07-27,META,RSI,91.1762
2022-07-28,META,RSI,90.6001
2022-07-29,META,RSI,90.432
2022-08-01,META,RSI,91.7102
2022-08-02,META,RSI,91.7128
2022-08-03,META,RSI,92.4792
2022-08-04,META,RSI,91.803
2022-08-05,META,RSI,92.548
2022-08-08,META,RSI,92.3333
2022-08-09,META,RSI,86.3808
2022-08-10,META,RSI,88.031
2022-08-11,META,RSI,88.8524
2022-08-12,META,RSI,81.7497
2022-08-15,META,RSI,73.1564
2022-08-16,META,RSI,75.8383
2022-08-17,META,RSI,78.3651
2022-08-18,META,RSI,77.5995
2022-08-19,META,RSI,68.5306
2022-08-22,META,RSI,68.461
2022-08-23,META,RSI,62.0769
2022-08-24,META,RSI,56.1949
2022-08-25,META,RSI,48.3872
2022-08-26,META,RSI,49.7565
2022-08-29,META,RSI,49.2715
2022-08-30,META,RSI,40.979
2022-08-31,META,RSI,36.6743
2022-09-01,META,RSI,47.2176
2022-09-02,META,RSI,50.914
2022-09-05,META,RSI,49.1584
2022-09-06,META,RSI,42.0462
2022-09-07,META,RSI,42.1541
2022-09-08,META,RSI,41.6199
2022-09-09,META,RSI,38.5749
2022-09-12,META,RSI,37.0926
2022-09-13,META,RSI,41.2986
2022-09-14,META,RSI,50.3337
2022-09-15,META,RSI,49.9979
2022-09-16,META,RSI,48.6323
2022-09-19,META,RSI,47.6506
2022-09-20,META,RSI,56.6654
2022-09-21,META,RSI,44.9597
2022-09-22,META,RSI,47.2819
2022-09-23,META,RSI,46.461
2022-09-26,META,RSI,40.7533
2022-09-27,META,RSI,35.6617
2022-09-28,META,RSI,49.6594
2022-09-29,META,RSI,58.2266
2022-09-30,META,RSI,70.569
2022-10-03,META,RSI,75.2327
2022-10-04,META,RSI,60.2844
2022-10-05,META,RSI,59.7124
2022-10-06,META,RSI,62.2648
2022-10-07,META,RSI,54.2438
2022-10-10,META,RSI,50.6027
2022-10-11,META,RSI,50.8359
2022-10-12,META,RSI,49.5486
2022-10-13,META,RSI,43.2293
2022-10-14,META,RSI,46.2949
2022-10-17,META,RSI,58.188
2022-10-18,META,RSI,47.1018
2022-10-19,META,RSI,49.6559
2022-10-20,META,RSI,44.2362
2022-10-21,META,RSI,34.9603
2022-10-24,META,RSI,33.2557
2022-10-25,META,RSI,35.6374
2022-10-26,META,RSI,33.2288
2022-10-27,META,RSI,40.7368
2022-10-28,META,RSI,50.5543
2022-10-31,META,RSI,47.1244
2022-11-01,META,RSI,51.9422
2022-11-02,META,RSI,54.1131
2022-11-03,META,RSI,47.4664
2022-11-04,META,RSI,35.9453
2022-11-07,META,RSI,41.2436
2022-11-08,META,RSI,37.9472
2022-11-09,META,RSI,34.1511
2022-11-10,META,RSI,35.3701
2022-11-11,META,RSI,44.5267
2022-11-14,META,RSI,45.3434
2022-11-15,META,RSI,49.0572
2022-11-16,META,RSI,47.4804
2022-11-17,META,RSI,44.4317
2022-11-18,META,RSI,53.873
2022-11-21,META,RSI,52.7759
2022-11-22,META,RSI,53.1678
2022-11-23,META,RSI,65.2469
2022-11-24,META,RSI,75.8384
2022-11-25,META,RSI,68.5909
2022-11-28,META,RSI,71.0983
2022-11-29,META,RSI,70.56
2022-11-30,META,RSI,66.9457
2022-12-01,META,RSI,63.99
2022-12-02,META,RSI,62.0109
2022-12-05,META,RSI,67.5287
2022-12-06,META,RSI,71.0856
2022-12-07,META,RSI,68.0576
2022-12-08,META,RSI,59.4166
2022-12-09,META,RSI,53.9327
2022-12-12,META,RSI,51.1765
2022-12-13,META,RSI,54.6935
2022-12-14,META,RSI,47.0873
2022-12-15,META,RSI,50.2648
2022-12-16,META,RSI,52.9781
2022-12-19,META,RSI,64.3459
2022-12-20,META,RSI,59.9402
2022-12-21,META,RSI,57.871
2022-12-22,META,RSI,43.8966
2022-12-23,META,RSI,39.9867
2022-12-26,META,RSI,40.5301
2022-12-27,META,RSI,35.7878
2022-12-28,META,RSI,33.7591
2022-12-29,META,RSI,32.4728
2022-12-30,META,RSI,37.8304
2023-01-02,META,RSI,42.6722
2023-01-03,META,RSI,48.0556
2023-01-04,META,RSI,44.4105
2023-01-05,META,RSI,37.3045
2023-01-06,META,RSI,44.0216
2023-01-09,META,RSI,46.5392
2023-01-10,META,RSI,48.2971
2023-01-11,META,RSI,58.8479
2023-01-12,META,RSI,52.0728
2023-01-13,META,RSI,49.6917
2023-01-16,META,RSI,58.0816
2023-01-17,META,RSI,55.3353
2023-01-18,META,RSI,52.5391
2023-01-19,META,RSI,45.8987
2023-01-20,META,RSI,41.8785
2023-01-23,META,RSI,37.491
2023-01-24,META,RSI,43.548
2023-01-25,META,RSI,43.0043
2023-01-26,META,RSI,33.7952
2023-01-27,META,RSI,37.7815
2023-01-30,META,RSI,38.463
2023-01-31,META,RSI,36.9203
2023-02-01,META,RSI,45.3819
2023-02-02,META,RSI,40.4027
2023-02-03,META,RSI,32.718
2023-02-06,META,RSI,41.3145
2023-02-07,META,RSI,65.2251
2023-02-08,META,RSI,70.3297
2023-02-09,META,RSI,73.1404
2023-02-10,META,RSI,73.3599
2023-02-13,META,RSI,74.9581
2023-02-14,META,RSI,81.3588
2023-02-15,META,RSI,78.2387
2023-02-16,META,RSI,71.4717
2023-02-17,META,RSI,67.4733
2023-02-20,META,RSI,67.4725
2023-02-21,META,RSI,67.5337
2023-02-22,META,RSI,66.5961
2023-02-23,META,RSI,65.0033
2023-02-24,META,RSI,73.6287
2023-02-27,META,RSI,67.1345
2023-02-28,META,RSI,65.6523
2023-03-01,META,RSI,63.8904
2023-03-02,META,RSI,71.8888
2023-03-03,META,RSI,73.8669
2023-03-06,META,RSI,74.7001
2023-03-07,META,RSI,78.0304
2023-03-08,META,RSI,80.7849
2023-03-09,META,RSI,69.0183
2023-03-10,META,RSI,63.6282
2023-03-13,META,RSI,63.35
2023-03-14,META,RSI,57.767
2023-03-15,META,RSI,53.0431
2023-03-16,META,RSI,46.3839
2023-03-17,META,RSI,50.1369
2023-03-20,META,RSI,51.5685
2023-03-21,META,RSI,51.8374
2023-03-22,META,RSI,51.0
2023-03-23,META,RSI,49.9821
2023-03-24,META,RSI,50.9811
2023-03-27,META,RSI,58.9055
2023-03-28,META,RSI,62.2245
2023-03-29,META,RSI,68.88
2023-03-30,META,RSI,73.9998
2023-03-31,META,RSI,76.7715
2023-04-03,META,RSI,77.5716
2023-04-04,META,RSI,88.2379
2023-04-05,META,RSI,87.1314
2023-04-06,META,RSI,86.71
2023-04-07,META,RSI,82.6188
2023-04-10,META,RSI,73.6616
2023-04-11,META,RSI,71.1871
2023-04-12,META,RSI,71.7864
2023-04-13,META,RSI,63.3764
2023-04-14,META,RSI,60.7807
2023-04-17,META,RSI,55.2346
2023-04-18,META,RSI,52.3509
2023-04-19,META,RSI,53.0978
2023-04-20,META,RSI,49.506
2023-04-21,META,RSI,54.6141
2023-04-24,META,RSI,48.376
2023-04-25,META,RSI,56.9122
2023-04-26,META,RSI,56.3843
2023-04-27,META,RSI,58.1943
2023-04-28,META,RSI,59.0732
2023-05-01,META,RSI,65.1781
2023-05-02,META,RSI,58.2124
2023-05-03,META,RSI,60.3216
2023-05-04,META,RSI,58.2026
2023-05-05,META,RSI,69.3157
2023-05-08,META,RSI,77.2364
2023-05-09,META,RSI,75.6766
2023-05-10,META,RSI,73.9533
2023-05-11,META,RSI,69.8106
2023-05-12,META,RSI,66.7511
2023-05-15,META,RSI,57.7572
2023-05-16,META,RSI,61.6241
2023-05-17,META,RSI,64.2884
2023-05-18,META,RSI,77.6934
2023-05-19,META,RSI,73.1881
2023-05-22,META,RSI,73.4904
2023-05-23,META,RSI,80.0158
2023-05-24,META,RSI,77.5044
2023-05-25,META,RSI,68.2909
2023-05-26,META,RSI,67.0645
2023-05-29,META,RSI,75.4738
2023-05-30,META,RSI,76.5966
2023-05-31,META,RSI,84.5067
2023-06-01,META,RSI,85.4994
2023-06-02,META,RSI,90.5123
2023-06-05,META,RSI,89.8151
2023-06-06,META,RSI,91.5565
2023-06-07,META,RSI,91.339
2023-06-08,META,RSI,82.4802
2023-06-09,META,RSI,85.6078
2023-06-12,META,RSI,85.3312
2023-06-13,META,RSI,87.0576
2023-06-14,META,RSI,89.4192
2023-06-15,META,RSI,89.5026
2023-06-16,META,RSI,89.8168
2023-06-19,META,RSI,84.1014
2023-06-20,META,RSI,71.2652
2023-06-21,META,RSI,70.8677
2023-06-22,META,RSI,71.3995
2023-06-23,META,RSI,64.6319
2023-06-26,META,RSI,55.2216
2023-06-27,META,RSI,45.6041
2023-06-28,META,RSI,51.3982
2023-06-29,META,RSI,46.4288
2023-06-30,META,RSI,44.9577
2023-07-03,META,RSI,39.6038
2023-07-04,META,RSI,31.7179
2023-07-05,META,RSI,29.0477
2023-07-06,META,RSI,21.2271
2023-07-07,META,RSI,21.2345
2023-07-10,META,RSI,24.2763
2023-07-11,META,RSI,27.3955
2023-07-12,META,RSI,22.9236
2023-07-13,META,RSI,31.8712
2023-07-14,META,RSI,38.3136
2023-07-17,META,RSI,41.5206
2023-07-18,META,RSI,39.5741
2023-07-19,META,RSI,52.1012
2023-07-20,META,RSI,47.3224
2023-07-21,META,RSI,47.5948
2023-07-24,META,RSI,65.741
2023-07-25,META,RSI,63.2245
2023-07-26,META,RSI,64.3644
2023-07-27,META,RSI,72.6968
2023-07-28,META,RSI,70.3347
2023-07-31,META,RSI,68.1131
2023-08-01,META,RSI,63.4879
2023-08-02,META,RSI,59.8385
2023-08-03,META,RSI,62.9462
2023-08-04,META,RSI,68.8109
2023-08-07,META,RSI,76.1912
2023-08-08,META,RSI,71.6864
2023-08-09,META,RSI,75.9193
2023-08-10,META,RSI,78.5755
2023-08-11,META,RSI,74.0693
2023-08-14,META,RSI,86.5102
2023-08-15,META,RSI,73.3415
2023-08-16,META,RSI,72.069
2023-08-17,META,RSI,69.4098
2023-08-18,META,RSI,67.7056
2023-08-21,META,RSI,67.0497
2023-08-22,META,RSI,62.0038
2023-08-23,META,RSI,52.1984
2023-08-24,META,RSI,54.1986
2023-08-25,META,RSI,41.515
2023-08-28,META,RSI,42.1474
2023-08-29,META,RSI,38.4577
2023-08-30,META,RSI,37.7387
2023-08-31,META,RSI,35.9969
2023-09-01,META,RSI,44.1423
2023-09-04,META,RSI,56.5047
2023-09-05,META,RSI,63.6902
2023-09-06,META,RSI,65.1169
2023-09-07,META,RSI,68.1376
2023-09-08,META,RSI,63.6953
2023-09-11,META,RSI,66.7383
2023-09-12,META,RSI,72.404
2023-09-13,META,RSI,77.6929
2023-09-14,META,RSI,74.0929
2023-09-15,META,RSI,74.2497
2023-09-18,META,RSI,65.7955
2023-09-19,META,RSI,66.0815
2023-09-20,META,RSI,63.3125
2023-09-21,META,RSI,58.4435
2023-09-22,META,RSI,48.5567
2023-09-25,META,RSI,38.1423
2023-09-26,META,RSI,34.3602
2023-09-27,META,RSI,31.9728
2023-09-28,META,RSI,34.4544
2023-09-29,META,RSI,33.8714
2023-10-02,META,RSI,34.194
2023-10-03,META,RSI,21.7262
2023-10-04,META,RSI,35.8518
2023-10-05,META,RSI,38.2779
2023-10-06,META,RSI,40.422
2023-10-09,META,RSI,37.9283
2023-10-10,META,RSI,39.9415
2023-10-11,META,RSI,39.5564
2023-10-12,META,RSI,49.2255
2023-10-13,META,RSI,42.6469
2023-10-16,META,RSI,56.4433
2023-10-17,META,RSI,62.8258
2023-10-18,META,RSI,68.9208
2023-10-19,META,RSI,69.1148
2023-10-20,META,RSI,72.6146
2023-10-23,META,RSI,63.2783
2023-10-24,META,RSI,55.468
2023-10-25,META,RSI,55.7605
2023-10-26,META,RSI,56.9388
2023-10-27,META,RSI,58.136
2023-10-30,META,RSI,60.8303
2023-10-31,META,RSI,54.4305
2023-11-01,META,RSI,59.2218
2023-11-02,META,RSI,67.6469
2023-11-03,META,RSI,64.1101
2023-11-06,META,RSI,49.4829
2023-11-07,META,RSI,43.2464
2023-11-08,META,RSI,43.5242
2023-11-09,META,RSI,47.8337
2023-11-10,META,RSI,47.1675
2023-11-13,META,RSI,49.9442
2023-11-14,META,RSI,37.9845
2023-11-15,META,RSI,43.6849
2023-11-16,META,RSI,41.1349
2023-11-17,META,RSI,42.3177
2023-11-20,META,RSI,41.8043
2023-11-21,META,RSI,30.2559
2023-11-22,META,RSI,29.7637
2023-11-23,META,RSI,30.0436
2023-11-24,META,RSI,38.7239
2023-11-27,META,RSI,37.2391
2023-11-28,META,RSI,35.6572
2023-11-29,META,RSI,40.335
2023-11-30,META,RSI,47.9445
2023-12-01,META,RSI,42.6789
2023-12-04,META,RSI,57.1598
2023-12-05,META,RSI,55.2907
2023-12-06,META,RSI,55.2691
2023-12-07,META,RSI,50.9424
2023-12-08,META,RSI,60.5294
2023-12-11,META,RSI,74.3723
2023-12-12,META,RSI,62.4894
2023-12-13,META,RSI,65.8493
2023-12-14,META,RSI,64.2448
2023-12-15,META,RSI,64.0906
2023-12-18,META,RSI,73.3081
2023-12-19,META,RSI,53.489
2023-12-20,META,RSI,55.217
2023-12-21,META,RSI,61.8623
2023-12-22,META,RSI,57.6408
2023-12-25,META,RSI,51.5499
2023-12-26,META,RSI,56.8197
2023-12-27,META,RSI,52.0828
2023-12-28,META,RSI,50.599
2023-12-29,META,RSI,48.5647
2024-01-01,META,RSI,56.5981
2024-01-02,META,RSI,54.7173
2024-01-03,META,RSI,53.6556
2024-01-04,META,RSI,54.3919
2024-01-05,META,RSI,47.2498
2024-01-08,META,RSI,55.6866
2024-01-09,META,RSI,52.7021
2024-01-10,META,RSI,40.3896
2024-01-11,META,RSI,45.8434
2024-01-12,META,RSI,41.9947
2024-01-15,META,RSI,35.4443
2024-01-16,META,RSI,44.6743
2024-01-17,META,RSI,39.1164
2024-01-18,META,RSI,28.7282
2024-01-19,META,RSI,24.8122
2024-01-22,META,RSI,24.8674
2024-01-23,META,RSI,27.9264
2024-01-24,META,RSI,22.0464
2024-01-25,META,RSI,24.4429
2024-01-26,META,RSI,27.7902
2024-01-29,META,RSI,28.9554
2024-01-30,META,RSI,30.9048
2024-01-31,META,RSI,27.6753
2024-02-01,META,RSI,44.856
2024-02-02,META,RSI,45.9721
2024-02-05,META,RSI,45.6288
2024-02-06,META,RSI,59.7311
2024-02-07,META,RSI,69.8312
2024-02-08,META,RSI,65.894
2024-02-09,META,RSI,56.9793
2024-02-12,META,RSI,56.1571
2024-02-13,META,RSI,53.9152
2024-02-14,META,RSI,51.5782
2024-02-15,META,RSI,52.6275
2024-02-16,META,RSI,57.0277
2024-02-19,META,RSI,53.8864
2024-02-20,META,RSI,53.6596
2024-02-21,META,RSI,49.1221
2024-02-22,META,RSI,46.4364
2024-02-23,META,RSI,44.8329
2024-02-26,META,RSI,32.2906
2024-02-27,META,RSI,41.7287
2024-02-28,META,RSI,53.9778
2024-02-29,META,RSI,68.2433
2024-03-01,META,RSI,67.6626
2024-03-04,META,RSI,75.0753
2024-03-05,META,RSI,69.5466
2024-03-06,META,RSI,64.4523
2024-03-07,META,RSI,62.9424
2024-03-08,META,RSI,77.5743
2024-03-11,META,RSI,79.0493
2024-03-12,META,RSI,74.0014
2024-03-13,META,RSI,69.2019
2024-03-14,META,RSI,73.8632
2024-03-15,META,RSI,69.0959
2024-03-18,META,RSI,69.4852
2024-03-19,META,RSI,67.6179
2024-03-20,META,RSI,56.7375
2024-03-21,META,RSI,51.0266
2024-03-22,META,RSI,49.8541
2024-03-25,META,RSI,55.6964
2024-03-26,META,RSI,53.8465
2024-03-27,META,RSI,56.8267
2024-03-28,META,RSI,52.9025
2024-03-29,META,RSI,53.0366
2024-04-01,META,RSI,58.3197
2024-04-02,META,RSI,66.3732
2024-04-03,META,RSI,58.4033
2024-04-04,META,RSI,63.2148
2024-04-05,META,RSI,50.2291
2024-04-08,META,RSI,48.8107
2024-04-09,META,RSI,57.4003
2024-04-10,META,RSI,65.0043
2024-04-11,META,RSI,75.6495
2024-04-12,META,RSI,75.9811
2024-04-15,META,RSI,77.8683
2024-04-16,META,RSI,75.8535
2024-04-17,META,RSI,67.1779
2024-04-18,META,RSI,60.7885
2024-04-19,META,RSI,52.9774
2024-04-22,META,RSI,46.2684
2024-04-23,META,RSI,47.9323
2024-04-24,META,RSI,52.7792
2024-04-25,META,RSI,59.4094
2024-04-26,META,RSI,53.7225
2024-04-29,META,RSI,55.4492
2024-04-30,META,RSI,43.2032
2024-05-01,META,RSI,32.521
2024-05-02,META,RSI,30.5911
2024-05-03,META,RSI,32.1548
2024-05-06,META,RSI,32.1817
2024-05-07,META,RSI,38.0582
2024-05-08,META,RSI,44.5489
2024-05-09,META,RSI,47.7128
2024-05-10,META,RSI,41.0023
2024-05-13,META,RSI,41.0617
2024-05-14,META,RSI,30.0301
2024-05-15,META,RSI,28.3879
2024-05-16,META,RSI,38.2848
2024-05-17,META,RSI,37.8155
2024-05-20,META,RSI,58.7102
2024-05-21,META,RSI,62.6082
2024-05-22,META,RSI,62.0284
2024-05-23,META,RSI,65.7645
2024-05-24,META,RSI,65.3894
2024-05-27,META,RSI,70.7664
2024-05-28,META,RSI,64.2492
2024-05-29,META,RSI,69.1221
2024-05-30,META,RSI,69.4788
2024-05-31,META,RSI,71.2447
2024-06-03,META,RSI,67.0418
2024-06-04,META,RSI,64.5074
2024-06-05,META,RSI,56.6181
2024-06-06,META,RSI,52.8601
2024-06-07,META,RSI,50.1691
2024-06-10,META,RSI,55.1767
2024-06-11,META,RSI,54.6545
2024-06-12,META,RSI,53.9546
2024-06-13,META,RSI,53.3209
2024-06-14,META,RSI,48.6718
2024-06-17,META,RSI,53.2796
2024-06-18,META,RSI,55.0155
2024-06-19,META,RSI,55.9033
2024-06-20,META,RSI,43.4626
2024-06-21,META,RSI,51.4559
2024-06-24,META,RSI,49.1094
2024-06-25,META,RSI,58.5918
2024-06-26,META,RSI,55.5346
2024-06-27,META,RSI,50.4962
2024-06-28,META,RSI,51.3464
2024-07-01,META,RSI,51.6084
2024-07-02,META,RSI,48.0775
2024-07-03,META,RSI,50.2208
2024-07-04,META,RSI,50.6712
2024-07-05,META,RSI,53.9796
2024-07-08,META,RSI,45.7519
2024-07-09,META,RSI,51.1284
2024-07-10,META,RSI,59.9975
2024-07-11,META,RSI,54.511
2024-07-12,META,RSI,63.083
2024-07-15,META,RSI,49.7775
2024-07-16,META,RSI,55.522
2024-07-17,META,RSI,58.8869
2024-07-18,META,RSI,45.1871
2024-07-19,META,RSI,44.644
2024-07-22,META,RSI,44.853
2024-07-23,META,RSI,46.8576
2024-07-24,META,RSI,37.6474
2024-07-25,META,RSI,28.4165
2024-07-26,META,RSI,32.4889
2024-07-29,META,RSI,24.3314
2024-07-30,META,RSI,26.6247
2024-07-31,META,RSI,27.4512
2024-08-01,META,RSI,23.2159
2024-08-02,META,RSI,32.9193
2024-08-05,META,RSI,36.887
2024-08-06,META,RSI,38.5231
2024-08-07,META,RSI,40.2722
2024-08-08,META,RSI,40.3518
2024-08-09,META,RSI,38.8148
2024-08-12,META,RSI,38.693
2024-08-13,META,RSI,45.0819
2024-08-14,META,RSI,36.7156
2024-08-15,META,RSI,44.353
2024-08-16,META,RSI,53.8198
2024-08-19,META,RSI,55.6919
2024-08-20,META,RSI,46.8432
2024-08-21,META,RSI,52.3002
2024-08-22,META,RSI,53.711
2024-08-23,META,RSI,49.0287
2024-08-26,META,RSI,49.7327
2024-08-27,META,RSI,53.8757
2024-08-28,META,RSI,54.9518
2024-08-29,META,RSI,61.4088
2024-08-30,META,RSI,58.2265
2024-09-02,META,RSI,58.1988
2024-09-03,META,RSI,73.8306
2024-09-04,META,RSI,67.7092
2024-09-05,META,RSI,56.9479
2024-09-06,META,RSI,54.2081
2024-09-09,META,RSI,78.899
2024-09-10,META,RSI,81.3861
2024-09-11,META,RSI,81.6857
2024-09-12,META,RSI,80.2738
2024-09-13,META,RSI,78.0876
2024-09-16,META,RSI,69.2285
2024-09-17,META,RSI,69.7316
2024-09-18,META,RSI,50.6112
2024-09-19,META,RSI,49.7395
2024-09-20,META,RSI,62.8424
2024-09-23,META,RSI,51.0751
2024-09-24,META,RSI,53.662
2024-09-25,META,RSI,61.1303
2024-09-26,META,RSI,62.9938
2024-09-27,META,RSI,55.474
2024-09-30,META,RSI,53.8463
2024-10-01,META,RSI,46.7933
2024-10-02,META,RSI,41.2714
2024-10-03,META,RSI,46.2954
2024-10-04,META,RSI,51.3853
2024-10-07,META,RSI,46.653
2024-10-08,META,RSI,50.9752
2024-10-09,META,RSI,48.582
2024-10-10,META,RSI,29.09
2024-10-11,META,RSI,38.2799
2024-10-14,META,RSI,41.6299
2024-10-15,META,RSI,38.3652
2024-10-16,META,RSI,35.1976
2024-10-17,META,RSI,39.6068
2024-10-18,META,RSI,37.7817
2024-10-21,META,RSI,34.9309
2024-10-22,META,RSI,43.6979
2024-10-23,META,RSI,32.8328
2024-10-24,META,RSI,32.6268
2024-10-25,META,RSI,32.5171
2024-10-28,META,RSI,30.3586
2024-10-29,META,RSI,32.0926
2024-10-30,META,RSI,38.3454
2024-10-31,META,RSI,33.0986
2024-11-01,META,RSI,22.3849
2024-11-04,META,RSI,25.462
2024-11-05,META,RSI,28.3086
2024-11-06,META,RSI,36.252
2024-11-07,META,RSI,35.7421
2024-11-08,META,RSI,39.281
2024-11-11,META,RSI,30.0779
2024-11-12,META,RSI,29.2431
2024-11-13,META,RSI,26.1543
2024-11-14,META,RSI,35.9751
2024-11-15,META,RSI,37.9757
2024-11-18,META,RSI,39.9216
2024-11-19,META,RSI,39.3793
2024-11-20,META,RSI,43.202
2024-11-21,META,RSI,52.5531
2024-11-22,META,RSI,41.2574
2024-11-25,META,RSI,44.6134
2024-11-26,META,RSI,40.032
2024-11-27,META,RSI,37.1702
2024-11-28,META,RSI,37.5881
2024-11-29,META,RSI,42.9732
2024-12-02,META,RSI,47.9047
2024-12-03,META,RSI,41.7035
2024-12-04,META,RSI,33.9458
2024-12-05,META,RSI,33.6375
2024-12-06,META,RSI,39.8045
2024-12-09,META,RSI,40.7932
2024-12-10,META,RSI,47.8413
2024-12-11,META,RSI,45.5699
2024-12-12,META,RSI,59.5974
2024-12-13,META,RSI,49.0005
2024-12-16,META,RSI,46.5978
2024-12-17,META,RSI,49.6745
2024-12-18,META,RSI,48.9836
2024-12-19,META,RSI,46.5602
2024-12-20,META,RSI,51.1381
2024-12-23,META,RSI,58.347
2024-12-24,META,RSI,54.6064
2024-12-25,META,RSI,61.6327
2024-12-26,META,RSI,58.4939
2024-12-27,META,RSI,54.597
2024-12-30,META,RSI,37.0736
2024-12-31,META,RSI,37.4972
2025-01-01,META,RSI,23.8
2025-01-02,META,RSI,26.9528
2025-01-03,META,RSI,38.7701
2025-01-06,META,RSI,30.5342
2025-01-07,META,RSI,36.326
2025-01-08,META,RSI,40.2533
2025-01-09,META,RSI,34.3559
2025-01-10,META,RSI,34.5234
2025-01-13,META,RSI,42.6921
2025-01-14,META,RSI,38.1343
2025-01-15,META,RSI,33.9165
2025-01-16,META,RSI,35.555
2025-01-17,META,RSI,41.5228
2025-01-20,META,RSI,38.1577
2025-01-21,META,RSI,46.5687
2025-01-22,META,RSI,44.1526
2025-01-23,META,RSI,36.0452
2025-01-24,META,RSI,53.1655
2025-01-27,META,RSI,49.4243
2025-01-28,META,RSI,44.1543
2025-01-29,META,RSI,52.9279
2025-01-30,META,RSI,44.0093
2025-01-31,META,RSI,30.5406
2025-02-03,META,RSI,46.5306
2025-02-04,META,RSI,60.8571
2025-02-05,META,RSI,49.7895
2025-02-06,META,RSI,47.7713
2025-02-07,META,RSI,54.8027
2025-02-10,META,RSI,49.024
2025-02-11,META,RSI,49.8842
2025-02-12,META,RSI,47.3359
2025-02-13,META,RSI,50.807
2025-02-14,META,RSI,56.3104
2025-02-17,META,RSI,53.9898
2025-02-18,META,RSI,49.0638
2025-02-19,META,RSI,53.9621
2025-02-20,META,RSI,58.9504
2025-02-21,META,RSI,59.2378
2025-02-24,META,RSI,50.595
2025-02-25,META,RSI,59.7351
2025-02-26,META,RSI,54.9675
2025-02-27,META,RSI,54.2735
2025-02-28,META,RSI,59.2975
2025-03-03,META,RSI,66.7644
2025-03-04,META,RSI,70.4637
2025-03-05,META,RSI,64.4224
2025-03-06,META,RSI,59.6614
2025-03-07,META,RSI,64.5148
2025-03-10,META,RSI,66.0467
2025-03-11,META,RSI,69.8049
2025-03-12,META,RSI,72.6858
2025-03-13,META,RSI,68.5405
2025-03-14,META,RSI,77.3827
2025-03-17,META,RSI,80.2115
2025-03-18,META,RSI,86.7063
2025-03-19,META,RSI,83.7823
2025-03-20,META,RSI,83.3789
2025-03-21,META,RSI,68.1986
2025-03-24,META,RSI,69.1816
2025-03-25,META,RSI,73.7072
2025-03-26,META,RSI,75.91
2025-03-27,META,RSI,77.5441
2025-03-28,META,RSI,83.9163
2025-03-31,META,RSI,75.1618
2025-04-01,META,RSI,72.8375
2025-04-02,META,RSI,69.9439
2025-04-03,META,RSI,69.6781
2025-04-04,META,RSI,59.4618
2025-04-07,META,RSI,56.7965
2025-04-08,META,RSI,63.4556
2025-04-09,META,RSI,65.1192
2025-04-10,META,RSI,76.8546
2025-04-11,META,RSI,77.3697
2025-04-14,META,RSI,78.8059
2025-04-15,META,RSI,75.4319
2025-04-16,META,RSI,75.1215
2025-04-17,META,RSI,78.0727
2025-04-18,META,RSI,86.7412
2025-04-21,META,RSI,70.9541
2025-04-22,META,RSI,70.0871
2025-04-23,META,RSI,70.7707
2025-04-24,META,RSI,72.522
2025-04-25,META,RSI,74.6288
2025-04-28,META,RSI,75.9832
2025-04-29,META,RSI,71.9749
2025-04-30,META,RSI,66.0308
2025-05-01,META,RSI,62.2224
2025-05-02,META,RSI,55.069
2025-05-05,META,RSI,60.4495
2025-05-06,META,RSI,54.6026
2025-05-07,META,RSI,52.1536
2025-05-08,META,RSI,54.6316
2025-05-09,META,RSI,66.0732
2025-05-12,META,RSI,70.8203
2025-05-13,META,RSI,68.1915
2025-05-14,META,RSI,74.5599
2025-05-15,META,RSI,70.2869
2025-05-16,META,RSI,68.2798
2025-05-19,META,RSI,70.8587
2025-05-20,META,RSI,65.1765
2025-05-21,META,RSI,65.5584
2025-05-22,META,RSI,66.909
2025-05-23,META,RSI,61.3765
2025-05-26,META,RSI,63.4401
2025-05-27,META,RSI,63.1574
2025-05-28,META,RSI,60.8177
2025-05-29,META,RSI,55.0261
2025-05-30,META,RSI,50.6687
2025-06-02,META,RSI,45.8155
2025-06-03,META,RSI,34.6041
2025-06-04,META,RSI,45.709
2025-06-05,META,RSI,48.1776
2025-06-06,META,RSI,45.9088
2025-06-09,META,RSI,66.0734
2025-06-10,META,RSI,65.3146
2025-06-11,META,RSI,59.7999
2025-06-12,META,RSI,53.5498
2025-06-13,META,RSI,51.7146
2025-06-16,META,RSI,50.603
2025-06-17,META,RSI,46.4356
2025-06-18,META,RSI,45.2132
2025-06-19,META,RSI,43.3666
2025-06-20,META,RSI,43.3681
2025-06-23,META,RSI,39.5137
2025-06-24,META,RSI,37.5537
2025-06-25,META,RSI,39.0466
2025-06-26,META,RSI,48.5536
2025-06-27,META,RSI,43.2273
2025-06-30,META,RSI,42.8239
2025-07-01,META,RSI,44.1495
2025-07-02,META,RSI,52.8517
2025-07-03,META,RSI,56.7735
2025-07-04,META,RSI,57.1185
2025-07-07,META,RSI,64.7016
2025-07-08,META,RSI,68.471
2025-07-09,META,RSI,77.7009
2025-07-10,META,RSI,76.5526
2025-07-11,META,RSI,81.7604
2025-07-14,META,RSI,80.9803
2025-07-15,META,RSI,71.8401
2025-07-16,META,RSI,69.6457
2025-07-17,META,RSI,71.9669
2025-07-18,META,RSI,78.9565
2025-07-21,META,RSI,83.1334
2025-07-22,META,RSI,70.9477
2025-07-23,META,RSI,72.9075
2025-07-24,META,RSI,73.617
2025-07-25,META,RSI,69.0292
2025-07-28,META,RSI,69.0815
2025-07-29,META,RSI,60.7539
2025-07-30,META,RSI,66.0885
2025-07-31,META,RSI,67.8955
2025-08-01,META,RSI,70.8007
2025-08-04,META,RSI,68.5899
2025-08-05,META,RSI,63.9468
2025-08-06,META,RSI,51.7892
2025-08-07,META,RSI,50.4728
2025-08-08,META,RSI,52.2835
2025-08-11,META,RSI,51.7723
2025-08-12,META,RSI,49.6988
2025-08-13,META,RSI,45.4332
2025-08-14,META,RSI,43.5797
2025-08-15,META,RSI,46.9413
2025-08-18,META,RSI,52.4641
2025-08-19,META,RSI,53.8838
2025-08-20,META,RSI,47.8702
2025-08-21,META,RSI,39.7112
2025-08-22,META,RSI,44.5494
2025-08-25,META,RSI,44.8067
2025-08-26,META,RSI,52.0521
2025-08-27,META,RSI,45.1421
2025-08-28,META,RSI,32.4228
2025-08-29,META,RSI,37.8691
2025-09-01,META,RSI,38.018
2025-09-02,META,RSI,49.3415
2025-09-03,META,RSI,57.8451
2025-09-04,META,RSI,52.6994
2025-09-05,META,RSI,48.9836
2025-09-08,META,RSI,46.4363
2025-09-09,META,RSI,57.6148
2025-09-10,META,RSI,64.722
2025-09-11,META,RSI,69.7259
2025-09-12,META,RSI,62.8694
2025-09-15,META,RSI,58.1012
2025-09-16,META,RSI,57.036
2025-09-17,META,RSI,68.3569
2025-09-18,META,RSI,79.5983
2025-09-19,META,RSI,68.0678
2025-09-22,META,RSI,63.9217
2025-09-23,META,RSI,60.797
2025-09-24,META,RSI,61.6777
2025-09-25,META,RSI,65.9677
2025-09-26,META,RSI,68.8036
2025-09-29,META,RSI,57.9166
2025-09-30,META,RSI,61.188
2025-10-01,META,RSI,62.0272
2025-10-02,META,RSI,68.8565
2025-10-03,META,RSI,64.3958
2025-10-06,META,RSI,63.1076
2025-10-07,META,RSI,63.1424
2025-10-08,META,RSI,59.5841
2025-10-09,META,RSI,59.3545
2025-10-10,META,RSI,56.1594
2025-10-13,META,RSI,59.6452
2025-10-14,META,RSI,62.8889
2025-10-15,META,RSI,59.8658
2025-10-16,META,RSI,60.7605
2025-10-17,META,RSI,69.0635
2025-10-20,META,RSI,68.0409
2025-10-21,META,RSI,64.5218
2025-10-22,META,RSI,65.2593
2025-10-23,META,RSI,66.9722
2025-10-24,META,RSI,69.7327
2025-10-27,META,RSI,61.7396
2025-10-28,META,RSI,61.0844
2025-10-29,META,RSI,67.8821
2025-10-30,META,RSI,73.3165
2025-10-31,META,RSI,64.4604
2025-11-03,META,RSI,56.2832
2025-11-04,META,RSI,56.0611
2025-11-05,META,RSI,54.3872
2025-11-06,META,RSI,57.3061
2025-11-07,META,RSI,46.8124
2025-11-10,META,RSI,40.0644
2025-11-11,META,RSI,34.4329
2025-11-12,META,RSI,35.131
2025-11-13,META,RSI,38.9426
2025-11-14,META,RSI,49.1851
2025-11-17,META,RSI,42.5553
2025-11-18,META,RSI,50.6868
2025-11-19,META,RSI,53.699
2025-11-20,META,RSI,51.2447
2025-11-21,META,RSI,49.5757
2025-11-24,META,RSI,43.9298
2025-11-25,META,RSI,41.2043
2025-11-26,META,RSI,37.1459
2025-11-27,META,RSI,40.2515
2025-11-28,META,RSI,39.1415
2025-12-01,META,RSI,38.2523
2025-12-02,META,RSI,41.9209
2025-12-03,META,RSI,38.039
2025-12-04,META,RSI,27.4564
2025-12-05,META,RSI,27.224
2025-12-08,META,RSI,22.876
2025-12-09,META,RSI,13.4288
2025-12-10,META,RSI,15.4041
2025-12-11,META,RSI,15.2966
2025-12-12,META,RSI,23.0919
2025-12-15,META,RSI,20.0985
2025-12-16,META,RSI,19.4993
2025-12-17,META,RSI,23.9269
2025-12-18,META,RSI,31.0424
2025-12-19,META,RSI,33.6416
2025-12-22,META,RSI,30.5248
2025-12-23,META,RSI,26.378
2025-12-24,META,RSI,28.4462
2025-12-25,META,RSI,31.687
2025-12-26,META,RSI,24.164
2025-12-29,META,RSI,26.5194
2025-12-30,META,RSI,33.4758
2025-12-31,META,RSI,34.5939
2026-01-01,META,RSI,24.0504
2026-01-02,META,RSI,28.2945
2026-01-05,META,RSI,30.2576
2026-01-06,META,RSI,21.7253
2026-01-07,META,RSI,14.7677
2026-01-08,META,RSI,13.7489
2026-01-09,META,RSI,13.4594
2026-01-12,META,RSI,13.144
2026-01-13,META,RSI,14.489
2026-01-14,META,RSI,24.2205
2026-01-15,META,RSI,26.5552
2026-01-16,META,RSI,26.3487
2026-01-19,META,RSI,26.3252
2026-01-20,META,RSI,33.3617
2026-01-21,META,RSI,35.0923
2026-01-22,META,RSI,26.9455
2026-01-23,META,RSI,23.4696
2026-01-26,META,RSI,26.9038
2026-01-27,META,RSI,31.6167
2026-01-28,META,RSI,30.7527
2026-01-29,META,RSI,36.0097
2026-01-30,META,RSI,39.915
2026-02-02,META,RSI,46.7477
2026-02-03,META,RSI,46.1527
2026-02-04,META,RSI,49.7873
2026-02-05,META,RSI,53.0637
2026-02-06,META,RSI,51.1027
2026-02-09,META,RSI,48.4269
2026-02-10,META,RSI,56.1314
2026-02-11,META,RSI,64.4952
2026-02-12,META,RSI,70.7316
2026-02-13,META,RSI,70.7395
2026-02-16,META,RSI,72.2303
2026-02-17,META,RSI,79.2291
2026-02-18,META,RSI,79.9725
2026-02-19,META,RSI,77.5374
2026-02-20,META,RSI,76.9948
2026-02-23,META,RSI,68.8867
2026-02-24,META,RSI,67.1782
2026-02-25,META,RSI,64.8771
2026-02-26,META,RSI,55.4436
2026-02-27,META,RSI,56.4526
2026-03-02,META,RSI,58.6663
2026-03-03,META,RSI,60.2771
2026-03-04,META,RSI,53.0703
2026-03-05,META,RSI,52.5273
2026-03-06,META,RSI,39.3004
2026-03-09,META,RSI,48.0477
2026-03-10,META,RSI,50.2399
2026-03-11,META,RSI,54.7025
2026-03-12,META,RSI,51.1872
2026-03-13,META,RSI,60.2625
2026-03-16,META,RSI,62.1808
2026-03-17,META,RSI,60.1796
2026-03-18,META,RSI,68.899
2026-03-19,META,RSI,65.2578
2026-03-20,META,RSI,61.3634
2026-03-23,META,RSI,57.8719
2026-03-24,META,RSI,64.1155
2026-03-25,META,RSI,61.8535
2026-03-26,META,RSI,67.231
2026-03-27,META,RSI,62.3394
2026-03-30,META,RSI,53.9697
2026-03-31,META,RSI,49.4267
2026-04-01,META,RSI,55.2766
2026-04-02,META,RSI,42.5419
2026-04-03,META,RSI,39.5181
2026-04-06,META,RSI,43.2306
2026-04-07,META,RSI,35.7609
2026-04-08,META,RSI,40.2294
2026-04-09,META,RSI,37.607
2026-04-10,META,RSI,52.4236
2026-04-13,META,RSI,54.9824
2026-04-14,META,RSI,51.1894
2026-04-15,META,RSI,45.7748
2026-04-16,META,RSI,47.2299
2026-04-17,META,RSI,54.928
2026-04-20,META,RSI,59.4528
2026-04-21,META,RSI,59.3073
2026-04-22,META,RSI,68.1531
2026-04-23,META,RSI,62.7175
2026-04-24,META,RSI,61.7138
2026-04-27,META,RSI,51.1964
2026-04-28,META,RSI,47.654
2026-04-29,META,RSI,51.2522
2026-04-30,META,RSI,47.1902
2026-05-01,META,RSI,44.4325
2026-05-04,META,RSI,41.6103
2026-05-05,META,RSI,42.6803
2026-05-06,META,RSI,46.7311
2026-05-07,META,RSI,38.4175
2026-05-08,META,RSI,28.6478
2026-05-11,META,RSI,18.2115
2026-05-12,META,RSI,12.2316
2026-05-13,META,RSI,22.7541
2026-05-14,META,RSI,19.9781
2026-05-15,META,RSI,23.0385
2026-05-18,META,RSI,23.0455
2026-05-19,META,RSI,24.5073
2026-05-20,META,RSI,24.0067
2026-05-21,META,RSI,23.0514
2026-05-22,META,RSI,36.3351
2026-05-25,META,RSI,38.4377
2026-05-26,META,RSI,29.8802
2026-05-27,META,RSI,31.8967
2026-05-28,META,RSI,45.0863
2026-05-29,META,RSI,44.0296
2026-06-01,META,RSI,55.8365
2026-06-02,META,RSI,48.8682
2026-06-03,META,RSI,63.744
2026-06-04,META,RSI,65.4903
2026-06-05,META,RSI,73.3578
2026-06-08,META,RSI,61.8797
2026-06-09,META,RSI,55.5287
2026-06-10,META,RSI,59.504
2026-06-11,META,RSI,59.1399
2026-06-12,META,RSI,69.3822
2026-06-15,META,RSI,65.027
2026-06-16,META,RSI,67.4909
2026-06-17,META,RSI,59.4279
2026-06-18,META,RSI,56.7923
2026-06-19,META,RSI,51.2239
2026-06-22,META,RSI,53.1097
2026-06-23,META,RSI,46.6767
2026-06-24,META,RSI,45.1984
2026-06-25,META,RSI,46.2233
2026-06-26,META,RSI,55.7529
2026-06-29,META,RSI,65.1239
2026-06-30,META,RSI,63.5181
2026-07-01,META,RSI,59.3455
2026-07-02,META,RSI,44.9822
2026-07-03,META,RSI,57.1181
2026-07-06,META,RSI,47.7124
2026-07-07,META,RSI,54.8159
2026-07-08,META,RSI,52.488
2026-07-09,META,RSI,55.5381
2026-07-10,META,RSI,46.7207
2026-07-13,META,RSI,48.2249
2026-07-14,META,RSI,44.4299
2026-07-15,META,RSI,35.3238
2026-07-16,META,RSI,25.3514
2026-07-17,META,RSI,13.1802
2026-07-20,META,RSI,7.004
2026-07-21,META,RSI,13.1918
2026-07-22,META,RSI,15.1459
2026-07-23,META,RSI,9.5895
2026-07-24,META,RSI,18.1964
2026-07-27,META,RSI,16.1666
2026-07-28,META,RSI,17.1065
2026-07-29,META,RSI,16.0872
2026-07-30,META,RSI,29.6994
2026-07-31,META,RSI,32.1074
2026-08-03,META,RSI,35.221
2026-08-04,META,RSI,40.4211
2026-08-05,META,RSI,35.0859
2026-08-06,META,RSI,41.1022
2026-08-07,META,RSI,50.9603
2026-08-10,META,RSI,46.8869
2026-08-11,META,RSI,56.1898
2026-08-12,META,RSI,57.0458
2026-08-13,META,RSI,57.0487
2026-08-14,META,RSI,63.2702
2026-08-17,META,RSI,66.9556
2026-08-18,META,RSI,72.6809
2026-08-19,META,RSI,64.9529
2026-08-20,META,RSI,52.0256
2026-08-21,META,RSI,52.7005
2022-01-03,MSFT,RSI,50.0
2022-01-04,MSFT,RSI,50.0
2022-01-05,MSFT,RSI,50.0
2022-01-06,MSFT,RSI,50.0
2022-01-07,MSFT,RSI,50.0
2022-01-10,MSFT,RSI,50.0
2022-01-11,MSFT,RSI,50.0
2022-01-12,MSFT,RSI,50.0
2022-01-13,MSFT,RSI,50.0
2022-01-14,MSFT,RSI,50.0
2022-01-17,MSFT,RSI,50.0
2022-01-18,MSFT,RSI,50.0
2022-01-19,MSFT,RSI,50.0
2022-01-20,MSFT,RSI,50.0
2022-01-21,MSFT,RSI,51.7148
2022-01-24,MSFT,RSI,39.9186
2022-01-25,MSFT,RSI,39.8367
2022-01-26,MSFT,RSI,40.5808
2022-01-27,MSFT,RSI,38.2045
2022-01-28,MSFT,RSI,36.9786
2022-01-31,MSFT,RSI,43.0345
2022-02-01,MSFT,RSI,41.1842
2022-02-02,MSFT,RSI,37.3892
2022-02-03,MSFT,RSI,32.6342
2022-02-04,MSFT,RSI,35.326
2022-02-07,MSFT,RSI,34.6802
2022-02-08,MSFT,RSI,31.9424
2022-02-09,MSFT,RSI,26.0785
2022-02-10,MSFT,RSI,27.6115
2022-02-11,MSFT,RSI,36.4045
2022-02-14,MSFT,RSI,35.1065
2022-02-15,MSFT,RSI,36.8652
2022-02-16,MSFT,RSI,54.1107
2022-02-17,MSFT,RSI,55.4232
2022-02-18,MSFT,RSI,47.7488
2022-02-21,MSFT,RSI,51.0904
2022-02-22,MSFT,RSI,46.2222
2022-02-23,MSFT,RSI,45.8869
2022-02-24,MSFT,RSI,50.2114
2022-02-25,MSFT,RSI,55.4437
2022-02-28,MSFT,RSI,59.6191
2022-03-01,MSFT,RSI,57.7855
2022-03-02,MSFT,RSI,64.0918
2022-03-03,MSFT,RSI,62.6083
2022-03-04,MSFT,RSI,49.5864
2022-03-07,MSFT,RSI,42.4927
2022-03-08,MSFT,RSI,21.7021
2022-03-09,MSFT,RSI,29.5656
2022-03-10,MSFT,RSI,37.6319
2022-03-11,MSFT,RSI,31.4628
2022-03-14,MSFT,RSI,38.9365
2022-03-15,MSFT,RSI,38.4778
2022-03-16,MSFT,RSI,35.5188
2022-03-17,MSFT,RSI,37.0434
2022-03-18,MSFT,RSI,36.272
2022-03-21,MSFT,RSI,42.6902
2022-03-22,MSFT,RSI,38.8609
2022-03-23,MSFT,RSI,35.4277
2022-03-24,MSFT,RSI,48.5091
2022-03-25,MSFT,RSI,44.1452
2022-03-28,MSFT,RSI,44.2284
2022-03-29,MSFT,RSI,38.6467
2022-03-30,MSFT,RSI,33.6978
2022-03-31,MSFT,RSI,42.5094
2022-04-01,MSFT,RSI,39.3148
2022-04-04,MSFT,RSI,41.7309
2022-04-05,MSFT,RSI,48.337
2022-04-06,MSFT,RSI,39.1771
2022-04-07,MSFT,RSI,45.6134
2022-04-08,MSFT,RSI,41.5072
2022-04-11,MSFT,RSI,41.6822
2022-04-12,MSFT,RSI,56.0281
2022-04-13,MSFT,RSI,50.2999
2022-04-14,MSFT,RSI,62.3609
2022-04-15,MSFT,RSI,70.4324
2022-04-18,MSFT,RSI,71.3733
2022-04-19,MSFT,RSI,75.8692
2022-04-20,MSFT,RSI,75.1527
2022-04-21,MSFT,RSI,71.0823
2022-04-22,MSFT,RSI,60.6175
2022-04-25,MSFT,RSI,59.4132
2022-04-26,MSFT,RSI,71.6067
2022-04-27,MSFT,RSI,70.1105
2022-04-28,MSFT,RSI,68.0929
2022-04-29,MSFT,RSI,72.7186
2022-05-02,MSFT,RSI,62.3498
2022-05-03,MSFT,RSI,66.9696
2022-05-04,MSFT,RSI,64.0674
2022-05-05,MSFT,RSI,54.1403
2022-05-06,MSFT,RSI,44.5992
2022-05-09,MSFT,RSI,38.8043
2022-05-10,MSFT,RSI,33.4011
2022-05-11,MSFT,RSI,33.3038
2022-05-12,MSFT,RSI,46.8159
2022-05-13,MSFT,RSI,47.1909
2022-05-16,MSFT,RSI,34.6149
2022-05-17,MSFT,RSI,38.6302
2022-05-18,MSFT,RSI,33.7503
2022-05-19,MSFT,RSI,37.3742
2022-05-20,MSFT,RSI,36.8484
2022-05-23,MSFT,RSI,27.4458
2022-05-24,MSFT,RSI,25.1296
2022-05-25,MSFT,RSI,26.1315
2022-05-26,MSFT,RSI,34.602
2022-05-27,MSFT,RSI,36.2558
2022-05-30,MSFT,RSI,51.4707
2022-05-31,MSFT,RSI,56.3864
2022-06-01,MSFT,RSI,52.6673
2022-06-02,MSFT,RSI,47.7904
2022-06-03,MSFT,RSI,61.6989
2022-06-06,MSFT,RSI,50.4458
2022-06-07,MSFT,RSI,68.9574
2022-06-08,MSFT,RSI,53.7135
2022-06-09,MSFT,RSI,51.3792
2022-06-10,MSFT,RSI,42.8451
2022-06-13,MSFT,RSI,45.1261
2022-06-14,MSFT,RSI,44.0367
2022-06-15,MSFT,RSI,46.2481
2022-06-16,MSFT,RSI,42.2686
2022-06-17,MSFT,RSI,35.0342
2022-06-20,MSFT,RSI,36.9237
2022-06-21,MSFT,RSI,36.6223
2022-06-22,MSFT,RSI,39.4827
2022-06-23,MSFT,RSI,37.9323
2022-06-24,MSFT,RSI,38.5721
2022-06-27,MSFT,RSI,27.0796
2022-06-28,MSFT,RSI,36.2083
2022-06-29,MSFT,RSI,38.3862
2022-06-30,MSFT,RSI,50.7954
2022-07-01,MSFT,RSI,57.2596
2022-07-04,MSFT,RSI,56.9546
2022-07-05,MSFT,RSI,49.4486
2022-07-06,MSFT,RSI,53.5956
2022-07-07,MSFT,RSI,50.5366
2022-07-08,MSFT,RSI,50.7738
2022-07-11,MSFT,RSI,49.0991
2022-07-12,MSFT,RSI,60.5599
2022-07-13,MSFT,RSI,61.8388
2022-07-14,MSFT,RSI,71.2232
2022-07-15,MSFT,RSI,79.9738
2022-07-18,MSFT,RSI,81.2585
2022-07-19,MSFT,RSI,82.5184
2022-07-20,MSFT,RSI,75.3542
2022-07-21,MSFT,RSI,73.8004
2022-07-22,MSFT,RSI,77.4897
2022-07-25,MSFT,RSI,84.1194
2022-07-26,MSFT,RSI,89.0997
2022-07-27,MSFT,RSI,89.2546
2022-07-28,MSFT,RSI,86.8824
2022-07-29,MSFT,RSI,81.1717
2022-08-01,MSFT,RSI,79.0896
2022-08-02,MSFT,RSI,74.1384
2022-08-03,MSFT,RSI,70.667
2022-08-04,MSFT,RSI,72.221
2022-08-05,MSFT,RSI,69.005
2022-08-08,MSFT,RSI,75.7462
2022-08-09,MSFT,RSI,82.5678
2022-08-10,MSFT,RSI,84.0733
2022-08-11,MSFT,RSI,81.5165
2022-08-12,MSFT,RSI,81.9401
2022-08-15,MSFT,RSI,76.8392
2022-08-16,MSFT,RSI,82.702
2022-08-17,MSFT,RSI,80.3622
2022-08-18,MSFT,RSI,82.73
2022-08-19,MSFT,RSI,80.601
2022-08-22,MSFT,RSI,81.1478
2022-08-23,MSFT,RSI,82.3485
2022-08-24,MSFT,RSI,84.5317
2022-08-25,MSFT,RSI,84.3318
2022-08-26,MSFT,RSI,82.7145
2022-08-29,MSFT,RSI,80.7635
2022-08-30,MSFT,RSI,70.6043
2022-08-31,MSFT,RSI,73.5848
2022-09-01,MSFT,RSI,72.0622
2022-09-02,MSFT,RSI,78.4972
2022-09-05,MSFT,RSI,58.3365
2022-09-06,MSFT,RSI,69.8227
2022-09-07,MSFT,RSI,70.8582
2022-09-08,MSFT,RSI,71.0439
2022-09-09,MSFT,RSI,63.3353
2022-09-12,MSFT,RSI,64.5509
2022-09-13,MSFT,RSI,51.0537
2022-09-14,MSFT,RSI,52.4427
2022-09-15,MSFT,RSI,52.9966
2022-09-16,MSFT,RSI,52.3468
2022-09-19,MSFT,RSI,43.8822
2022-09-20,MSFT,RSI,53.346
2022-09-21,MSFT,RSI,48.8787
2022-09-22,MSFT,RSI,45.0167
2022-09-23,MSFT,RSI,45.9995
2022-09-26,MSFT,RSI,43.9269
2022-09-27,MSFT,RSI,43.0449
2022-09-28,MSFT,RSI,39.5952
2022-09-29,MSFT,RSI,46.4862
2022-09-30,MSFT,RSI,39.1401
2022-10-03,MSFT,RSI,41.1188
2022-10-04,MSFT,RSI,42.5272
2022-10-05,MSFT,RSI,47.7417
2022-10-06,MSFT,RSI,45.5205
2022-10-07,MSFT,RSI,51.0793
2022-10-10,MSFT,RSI,42.925
2022-10-11,MSFT,RSI,39.563
2022-10-12,MSFT,RSI,44.4478
2022-10-13,MSFT,RSI,43.6081
2022-10-14,MSFT,RSI,37.2098
2022-10-17,MSFT,RSI,39.7457
2022-10-18,MSFT,RSI,42.7077
2022-10-19,MSFT,RSI,36.3735
2022-10-20,MSFT,RSI,48.844
2022-10-21,MSFT,RSI,41.5659
2022-10-24,MSFT,RSI,35.8564
2022-10-25,MSFT,RSI,27.1931
2022-10-26,MSFT,RSI,27.4901
2022-10-27,MSFT,RSI,34.2881
2022-10-28,MSFT,RSI,29.3101
2022-10-31,MSFT,RSI,40.0313
2022-11-01,MSFT,RSI,33.3727
2022-11-02,MSFT,RSI,32.8295
2022-11-03,MSFT,RSI,29.7791
2022-11-04,MSFT,RSI,28.1675
2022-11-07,MSFT,RSI,26.807
2022-11-08,MSFT,RSI,29.527
2022-11-09,MSFT,RSI,19.9936
2022-11-10,MSFT,RSI,29.7685
2022-11-11,MSFT,RSI,32.3458
2022-11-14,MSFT,RSI,33.052
2022-11-15,MSFT,RSI,40.8665
2022-11-16,MSFT,RSI,35.4305
2022-11-17,MSFT,RSI,46.3077
2022-11-18,MSFT,RSI,43.9267
2022-11-21,MSFT,RSI,43.8865
2022-11-22,MSFT,RSI,51.5285
2022-11-23,MSFT,RSI,72.3252
2022-11-24,MSFT,RSI,54.7293
2022-11-25,MSFT,RSI,58.2072
2022-11-28,MSFT,RSI,55.79
2022-11-29,MSFT,RSI,60.2221
2022-11-30,MSFT,RSI,50.8396
2022-12-01,MSFT,RSI,56.866
2022-12-02,MSFT,RSI,55.0453
2022-12-05,MSFT,RSI,48.1608
2022-12-06,MSFT,RSI,43.8935
2022-12-07,MSFT,RSI,46.1132
2022-12-08,MSFT,RSI,32.1992
2022-12-09,MSFT,RSI,41.963
2022-12-12,MSFT,RSI,47.7199
2022-12-13,MSFT,RSI,42.4405
2022-12-14,MSFT,RSI,56.1487
2022-12-15,MSFT,RSI,57.0572
2022-12-16,MSFT,RSI,63.1986
2022-12-19,MSFT,RSI,64.8431
2022-12-20,MSFT,RSI,73.1854
2022-12-21,MSFT,RSI,63.7892
2022-12-22,MSFT,RSI,67.0898
2022-12-23,MSFT,RSI,61.5875
2022-12-26,MSFT,RSI,61.9132
2022-12-27,MSFT,RSI,64.3252
2022-12-28,MSFT,RSI,72.9206
2022-12-29,MSFT,RSI,72.0169
2022-12-30,MSFT,RSI,70.5458
2023-01-02,MSFT,RSI,73.961
2023-01-03,MSFT,RSI,69.4272
2023-01-04,MSFT,RSI,65.7233
2023-01-05,MSFT,RSI,59.2052
2023-01-06,MSFT,RSI,46.1526
2023-01-09,MSFT,RSI,37.1495
2023-01-10,MSFT,RSI,43.4005
2023-01-11,MSFT,RSI,40.4058
2023-01-12,MSFT,RSI,46.4354
2023-01-13,MSFT,RSI,51.0622
2023-01-16,MSFT,RSI,44.3911
2023-01-17,MSFT,RSI,36.6685
2023-01-18,MSFT,RSI,27.3734
2023-01-19,MSFT,RSI,28.5848
2023-01-20,MSFT,RSI,29.1795
2023-01-23,MSFT,RSI,39.1698
2023-01-24,MSFT,RSI,48.6005
2023-01-25,MSFT,RSI,60.1114
2023-01-26,MSFT,RSI,73.6248
2023-01-27,MSFT,RSI,77.5428
2023-01-30,MSFT,RSI,71.3324
2023-01-31,MSFT,RSI,78.8644
2023-02-01,MSFT,RSI,80.0976
2023-02-02,MSFT,RSI,80.2741
2023-02-03,MSFT,RSI,80.6717
2023-02-06,MSFT,RSI,78.4427
2023-02-07,MSFT,RSI,76.1801
2023-02-08,MSFT,RSI,75.3791
2023-02-09,MSFT,RSI,75.146
2023-02-10,MSFT,RSI,76.716
2023-02-13,MSFT,RSI,70.0586
2023-02-14,MSFT,RSI,68.9277
2023-02-15,MSFT,RSI,68.9008
2023-02-16,MSFT,RSI,64.0559
2023-02-17,MSFT,RSI,67.6747
2023-02-20,MSFT,RSI,58.9138
2023-02-21,MSFT,RSI,59.1219
2023-02-22,MSFT,RSI,54.7297
2023-02-23,MSFT,RSI,43.2442
2023-02-24,MSFT,RSI,48.2793
2023-02-27,MSFT,RSI,56.5305
2023-02-28,MSFT,RSI,48.4316
2023-03-01,MSFT,RSI,49.5324
2023-03-02,MSFT,RSI,44.8932
2023-03-03,MSFT,RSI,57.2378
2023-03-06,MSFT,RSI,51.5559
2023-03-07,MSFT,RSI,43.7144
2023-03-08,MSFT,RSI,48.2079
2023-03-09,MSFT,RSI,53.1953
2023-03-10,MSFT,RSI,51.4084
2023-03-13,MSFT,RSI,49.0546
2023-03-14,MSFT,RSI,52.8385
2023-03-15,MSFT,RSI,65.9933
2023-03-16,MSFT,RSI,65.9422
2023-03-17,MSFT,RSI,67.2885
2023-03-20,MSFT,RSI,76.0247
2023-03-21,MSFT,RSI,75.3322
2023-03-22,MSFT,RSI,76.0179
2023-03-23,MSFT,RSI,66.6369
2023-03-24,MSFT,RSI,66.3738
2023-03-27,MSFT,RSI,79.644
2023-03-28,MSFT,RSI,65.5505
2023-03-29,MSFT,RSI,66.7131
2023-03-30,MSFT,RSI,73.8076
2023-03-31,MSFT,RSI,74.295
2023-04-03,MSFT,RSI,71.199
2023-04-04,MSFT,RSI,65.2902
2023-04-05,MSFT,RSI,70.0181
2023-04-06,MSFT,RSI,66.9409
2023-04-07,MSFT,RSI,60.0541
2023-04-10,MSFT,RSI,55.3882
2023-04-11,MSFT,RSI,46.9728
2023-04-12,MSFT,RSI,46.3524
2023-04-13,MSFT,RSI,47.0846
2023-04-14,MSFT,RSI,42.197
2023-04-17,MSFT,RSI,45.5444
2023-04-18,MSFT,RSI,56.524
2023-04-19,MSFT,RSI,61.4119
2023-04-20,MSFT,RSI,61.859
2023-04-21,MSFT,RSI,66.4162
2023-04-24,MSFT,RSI,69.4863
2023-04-25,MSFT,RSI,67.1912
2023-04-26,MSFT,RSI,67.9251
2023-04-27,MSFT,RSI,70.2633
2023-04-28,MSFT,RSI,76.5522
2023-05-01,MSFT,RSI,79.0611
2023-05-02,MSFT,RSI,86.5803
2023-05-03,MSFT,RSI,86.5869
2023-05-04,MSFT,RSI,92.6812
2023-05-05,MSFT,RSI,97.5324
2023-05-08,MSFT,RSI,97.4759
2023-05-09,MSFT,RSI,92.9986
2023-05-10,MSFT,RSI,82.7416
2023-05-11,MSFT,RSI,84.4729
2023-05-12,MSFT,RSI,84.2914
2023-05-15,MSFT,RSI,85.2232
2023-05-16,MSFT,RSI,82.7058
2023-05-17,MSFT,RSI,78.8588
2023-05-18,MSFT,RSI,72.9806
2023-05-19,MSFT,RSI,70.9916
2023-05-22,MSFT,RSI,66.6997
2023-05-23,MSFT,RSI,56.3143
2023-05-24,MSFT,RSI,55.057
2023-05-25,MSFT,RSI,53.6198
2023-05-26,MSFT,RSI,50.8098
2023-05-29,MSFT,RSI,49.8133
2023-05-30,MSFT,RSI,56.08
2023-05-31,MSFT,RSI,51.9567
2023-06-01,MSFT,RSI,52.7844
2023-06-02,MSFT,RSI,48.9562
2023-06-05,MSFT,RSI,53.2372
2023-06-06,MSFT,RSI,60.8215
2023-06-07,MSFT,RSI,64.5393
2023-06-08,MSFT,RSI,57.1361
2023-06-09,MSFT,RSI,54.6434
2023-06-12,MSFT,RSI,63.2549
2023-06-13,MSFT,RSI,56.1824
2023-06-14,MSFT,RSI,66.0785
2023-06-15,MSFT,RSI,65.1279
2023-06-16,MSFT,RSI,63.9967
2023-06-19,MSFT,RSI,69.7509
2023-06-20,MSFT,RSI,66.4021
2023-06-21,MSFT,RSI,66.0338
2023-06-22,MSFT,RSI,61.3772
2023-06-23,MSFT,RSI,56.745
2023-06-26,MSFT,RSI,58.3468
2023-06-27,MSFT,RSI,54.3912
2023-06-28,MSFT,RSI,60.4908
2023-06-29,MSFT,RSI,65.9028
2023-06-30,MSFT,RSI,61.7193
2023-07-03,MSFT,RSI,52.9227
2023-07-04,MSFT,RSI,50.4279
2023-07-05,MSFT,RSI,57.3225
2023-07-06,MSFT,RSI,62.2739
2023-07-07,MSFT,RSI,58.8961
2023-07-10,MSFT,RSI,55.0438
2023-07-11,MSFT,RSI,57.7838
2023-07-12,MSFT,RSI,60.1933
2023-07-13,MSFT,RSI,65.5544
2023-07-14,MSFT,RSI,64.654
2023-07-17,MSFT,RSI,70.6294
2023-07-18,MSFT,RSI,71.8952
2023-07-19,MSFT,RSI,72.2362
2023-07-20,MSFT,RSI,78.2092
2023-07-21,MSFT,RSI,90.2918
2023-07-24,MSFT,RSI,83.9258
2023-07-25,MSFT,RSI,77.7572
2023-07-26,MSFT,RSI,80.079
2023-07-27,MSFT,RSI,79.2719
2023-07-28,MSFT,RSI,83.2128
2023-07-31,MSFT,RSI,82.7849
2023-08-01,MSFT,RSI,87.1616
2023-08-02,MSFT,RSI,73.7805
2023-08-03,MSFT,RSI,74.2904
2023-08-04,MSFT,RSI,73.1016
2023-08-07,MSFT,RSI,73.6201
2023-08-08,MSFT,RSI,72.1202
2023-08-09,MSFT,RSI,72.7764
2023-08-10,MSFT,RSI,56.6193
2023-08-11,MSFT,RSI,55.5681
2023-08-14,MSFT,RSI,59.6949
2023-08-15,MSFT,RSI,63.7893
2023-08-16,MSFT,RSI,64.4421
2023-08-17,MSFT,RSI,62.3232
2023-08-18,MSFT,RSI,59.5511
2023-08-21,MSFT,RSI,51.9977
2023-08-22,MSFT,RSI,63.0394
2023-08-23,MSFT,RSI,60.8234
2023-08-24,MSFT,RSI,63.9929
2023-08-25,MSFT,RSI,60.8919
2023-08-28,MSFT,RSI,64.6607
2023-08-29,MSFT,RSI,55.1873
2023-08-30,MSFT,RSI,63.8615
2023-08-31,MSFT,RSI,70.3227
2023-09-01,MSFT,RSI,66.7664
2023-09-04,MSFT,RSI,58.8356
2023-09-05,MSFT,RSI,58.7819
2023-09-06,MSFT,RSI,68.0902
2023-09-07,MSFT,RSI,69.8333
2023-09-08,MSFT,RSI,77.7728
2023-09-11,MSFT,RSI,77.1558
2023-09-12,MSFT,RSI,66.0629
2023-09-13,MSFT,RSI,57.3416
2023-09-14,MSFT,RSI,50.7809
2023-09-15,MSFT,RSI,48.0396
2023-09-18,MSFT,RSI,58.8825
2023-09-19,MSFT,RSI,64.2076
2023-09-20,MSFT,RSI,63.6731
2023-09-21,MSFT,RSI,61.3378
2023-09-22,MSFT,RSI,60.569
2023-09-25,MSFT,RSI,49.8469
2023-09-26,MSFT,RSI,43.5411
2023-09-27,MSFT,RSI,33.1275
2023-09-28,MSFT,RSI,32.5985
2023-09-29,MSFT,RSI,26.8019
2023-10-02,MSFT,RSI,30.0076
2023-10-03,MSFT,RSI,29.7585
2023-10-04,MSFT,RSI,32.0558
2023-10-05,MSFT,RSI,32.5786
2023-10-06,MSFT,RSI,26.222
2023-10-09,MSFT,RSI,19.393
2023-10-10,MSFT,RSI,15.1315
2023-10-11,MSFT,RSI,14.0498
2023-10-12,MSFT,RSI,20.2737
2023-10-13,MSFT,RSI,31.75
2023-10-16,MSFT,RSI,31.5324
2023-10-17,MSFT,RSI,37.3901
2023-10-18,MSFT,RSI,34.501
2023-10-19,MSFT,RSI,32.9901
2023-10-20,MSFT,RSI,31.6784
2023-10-23,MSFT,RSI,37.0271
2023-10-24,MSFT,RSI,48.8995
2023-10-25,MSFT,RSI,44.5788
2023-10-26,MSFT,RSI,54.859
2023-10-27,MSFT,RSI,54.3159
2023-10-30,MSFT,RSI,50.4384
2023-10-31,MSFT,RSI,57.9096
2023-11-01,MSFT,RSI,52.1802
2023-11-02,MSFT,RSI,52.8758
2023-11-03,MSFT,RSI,61.9234
2023-11-06,MSFT,RSI,66.306
2023-11-07,MSFT,RSI,71.1809
2023-11-08,MSFT,RSI,75.0965
2023-11-09,MSFT,RSI,81.2554
2023-11-10,MSFT,RSI,80.7685
2023-11-13,MSFT,RSI,79.4871
2023-11-14,MSFT,RSI,84.0167
2023-11-15,MSFT,RSI,83.8025
2023-11-16,MSFT,RSI,77.5095
2023-11-17,MSFT,RSI,85.8866
2023-11-20,MSFT,RSI,86.9435
2023-11-21,MSFT,RSI,88.8504
2023-11-22,MSFT,RSI,87.6913
2023-11-23,MSFT,RSI,83.0182
2023-11-24,MSFT,RSI,82.7616
2023-11-27,MSFT,RSI,77.6936
2023-11-28,MSFT,RSI,76.3434
2023-11-29,MSFT,RSI,78.8513
2023-11-30,MSFT,RSI,74.6098
2023-12-01,MSFT,RSI,73.205
2023-12-04,MSFT,RSI,69.8753
2023-12-05,MSFT,RSI,56.7829
2023-12-06,MSFT,RSI,53.2995
2023-12-07,MSFT,RSI,55.3457
2023-12-08,MSFT,RSI,41.1074
2023-12-11,MSFT,RSI,45.81
2023-12-12,MSFT,RSI,43.4707
2023-12-13,MSFT,RSI,42.9973
2023-12-14,MSFT,RSI,47.7543
2023-12-15,MSFT,RSI,48.3256
2023-12-18,MSFT,RSI,52.1684
2023-12-19,MSFT,RSI,40.6631
2023-12-20,MSFT,RSI,42.9141
2023-12-21,MSFT,RSI,45.2539
2023-12-22,MSFT,RSI,40.9866
2023-12-25,MSFT,RSI,48.8406
2023-12-26,MSFT,RSI,44.061
2023-12-27,MSFT,RSI,49.5328
2023-12-28,MSFT,RSI,55.3882
2023-12-29,MSFT,RSI,47.2438
2024-01-01,MSFT,RSI,48.5083
2024-01-02,MSFT,RSI,46.0802
2024-01-03,MSFT,RSI,35.1003
2024-01-04,MSFT,RSI,38.6424
2024-01-05,MSFT,RSI,37.9581
2024-01-08,MSFT,RSI,37.0031
2024-01-09,MSFT,RSI,39.6188
2024-01-10,MSFT,RSI,37.1034
2024-01-11,MSFT,RSI,39.0067
2024-01-12,MSFT,RSI,31.4755
2024-01-15,MSFT,RSI,40.6236
2024-01-16,MSFT,RSI,33.6191
2024-01-17,MSFT,RSI,36.0074
2024-01-18,MSFT,RSI,33.7313
2024-01-19,MSFT,RSI,37.8758
2024-01-22,MSFT,RSI,51.4371
2024-01-23,MSFT,RSI,53.174
2024-01-24,MSFT,RSI,48.2241
2024-01-25,MSFT,RSI,59.1777
2024-01-26,MSFT,RSI,65.9382
2024-01-29,MSFT,RSI,55.722
2024-01-30,MSFT,RSI,50.6654
2024-01-31,MSFT,RSI,48.8226
2024-02-01,MSFT,RSI,57.3377
2024-02-02,MSFT,RSI,58.8308
2024-02-05,MSFT,RSI,53.7633
2024-02-06,MSFT,RSI,61.079
2024-02-07,MSFT,RSI,64.3718
2024-02-08,MSFT,RSI,60.4284
2024-02-09,MSFT,RSI,49.7029
2024-02-12,MSFT,RSI,49.1787
2024-02-13,MSFT,RSI,45.5624
2024-02-14,MSFT,RSI,30.211
2024-02-15,MSFT,RSI,25.7062
2024-02-16,MSFT,RSI,34.6323
2024-02-19,MSFT,RSI,34.3962
2024-02-20,MSFT,RSI,42.1248
2024-02-21,MSFT,RSI,42.6384
2024-02-22,MSFT,RSI,44.3472
2024-02-23,MSFT,RSI,51.5083
2024-02-26,MSFT,RSI,52.1769
2024-02-27,MSFT,RSI,47.8723
2024-02-28,MSFT,RSI,53.4621
2024-02-29,MSFT,RSI,61.0503
2024-03-01,MSFT,RSI,69.4465
2024-03-04,MSFT,RSI,77.6954
2024-03-05,MSFT,RSI,81.2176
2024-03-06,MSFT,RSI,77.2617
2024-03-07,MSFT,RSI,69.4311
2024-03-08,MSFT,RSI,69.1682
2024-03-11,MSFT,RSI,66.7839
2024-03-12,MSFT,RSI,65.5841
2024-03-13,MSFT,RSI,59.459
2024-03-14,MSFT,RSI,51.3103
2024-03-15,MSFT,RSI,38.6942
2024-03-18,MSFT,RSI,35.8955
2024-03-19,MSFT,RSI,29.6024
2024-03-20,MSFT,RSI,26.4321
2024-03-21,MSFT,RSI,20.885
2024-03-22,MSFT,RSI,21.1897
2024-03-25,MSFT,RSI,24.7028
2024-03-26,MSFT,RSI,35.238
2024-03-27,MSFT,RSI,44.9698
2024-03-28,MSFT,RSI,50.4184
2024-03-29,MSFT,RSI,53.8042
2024-04-01,MSFT,RSI,52.2664
2024-04-02,MSFT,RSI,57.3703
2024-04-03,MSFT,RSI,71.922
2024-04-04,MSFT,RSI,76.4009
2024-04-05,MSFT,RSI,78.2633
2024-04-08,MSFT,RSI,82.0331
2024-04-09,MSFT,RSI,83.9418
2024-04-10,MSFT,RSI,83.5694
2024-04-11,MSFT,RSI,69.2092
2024-04-12,MSFT,RSI,68.3256
2024-04-15,MSFT,RSI,66.7748
2024-04-16,MSFT,RSI,62.4694
2024-04-17,MSFT,RSI,65.4211
2024-04-18,MSFT,RSI,52.9615
2024-04-19,MSFT,RSI,54.2953
2024-04-22,MSFT,RSI,51.6778
2024-04-23,MSFT,RSI,50.1031
2024-04-24,MSFT,RSI,51.3668
2024-04-25,MSFT,RSI,53.3511
2024-04-26,MSFT,RSI,55.0463
2024-04-29,MSFT,RSI,42.4442
2024-04-30,MSFT,RSI,43.7717
2024-05-01,MSFT,RSI,45.9357
2024-05-02,MSFT,RSI,39.0792
2024-05-03,MSFT,RSI,37.2449
2024-05-06,MSFT,RSI,42.1393
2024-05-07,MSFT,RSI,45.8201
2024-05-08,MSFT,RSI,46.8081
2024-05-09,MSFT,RSI,47.9941
2024-05-10,MSFT,RSI,56.5827
2024-05-13,MSFT,RSI,50.2084
2024-05-14,MSFT,RSI,47.3246
2024-05-15,MSFT,RSI,50.9743
2024-05-16,MSFT,RSI,49.9525
2024-05-17,MSFT,RSI,62.4799
2024-05-20,MSFT,RSI,59.2152
2024-05-21,MSFT,RSI,61.2054
2024-05-22,MSFT,RSI,67.1724
2024-05-23,MSFT,RSI,64.3216
2024-05-24,MSFT,RSI,53.7361
2024-05-27,MSFT,RSI,41.3369
2024-05-28,MSFT,RSI,45.3509
2024-05-29,MSFT,RSI,49.1937
2024-05-30,MSFT,RSI,36.1447
2024-05-31,MSFT,RSI,44.4866
2024-06-03,MSFT,RSI,51.4674
2024-06-04,MSFT,RSI,51.4393
2024-06-05,MSFT,RSI,40.5991
2024-06-06,MSFT,RSI,35.3278
2024-06-07,MSFT,RSI,34.8649
2024-06-10,MSFT,RSI,42.4815
2024-06-11,MSFT,RSI,36.4357
2024-06-12,MSFT,RSI,36.6128
2024-06-13,MSFT,RSI,42.2813
2024-06-14,MSFT,RSI,42.6182
2024-06-17,MSFT,RSI,44.1995
2024-06-18,MSFT,RSI,35.9759
2024-06-19,MSFT,RSI,49.2117
2024-06-20,MSFT,RSI,40.987
2024-06-21,MSFT,RSI,42.9951
2024-06-24,MSFT,RSI,39.0561
2024-06-25,MSFT,RSI,47.9722
2024-06-26,MSFT,RSI,54.3084
2024-06-27,MSFT,RSI,57.4636
2024-06-28,MSFT,RSI,51.3756
2024-07-01,MSFT,RSI,57.6401
2024-07-02,MSFT,RSI,63.2073
2024-07-03,MSFT,RSI,61.6384
2024-07-04,MSFT,RSI,65.6631
2024-07-05,MSFT,RSI,64.7653
2024-07-08,MSFT,RSI,68.5039
2024-07-09,MSFT,RSI,56.526
2024-07-10,MSFT,RSI,64.4504
2024-07-11,MSFT,RSI,39.6831
2024-07-12,MSFT,RSI,40.6053
2024-07-15,MSFT,RSI,45.326
2024-07-16,MSFT,RSI,30.2292
2024-07-17,MSFT,RSI,37.4054
2024-07-18,MSFT,RSI,34.7831
2024-07-19,MSFT,RSI,39.1306
2024-07-22,MSFT,RSI,43.284
2024-07-23,MSFT,RSI,42.7134
2024-07-24,MSFT,RSI,44.5731
2024-07-25,MSFT,RSI,52.2923
2024-07-26,MSFT,RSI,57.6046
2024-07-29,MSFT,RSI,61.4164
2024-07-30,MSFT,RSI,64.3052
2024-07-31,MSFT,RSI,65.2041
2024-08-01,MSFT,RSI,70.1701
2024-08-02,MSFT,RSI,64.5925
2024-08-05,MSFT,RSI,69.3287
2024-08-06,MSFT,RSI,67.0798
2024-08-07,MSFT,RSI,67.6038
2024-08-08,MSFT,RSI,62.0955
2024-08-09,MSFT,RSI,54.727
2024-08-12,MSFT,RSI,50.1223
2024-08-13,MSFT,RSI,57.5235
2024-08-14,MSFT,RSI,52.2846
2024-08-15,MSFT,RSI,40.1718
2024-08-16,MSFT,RSI,35.4595
2024-08-19,MSFT,RSI,37.185
2024-08-20,MSFT,RSI,47.1417
2024-08-21,MSFT,RSI,43.7347
2024-08-22,MSFT,RSI,45.0062
2024-08-23,MSFT,RSI,45.8109
2024-08-26,MSFT,RSI,41.8603
2024-08-27,MSFT,RSI,41.0119
2024-08-28,MSFT,RSI,36.876
2024-08-29,MSFT,RSI,37.1407
2024-08-30,MSFT,RSI,43.0029
2024-09-02,MSFT,RSI,32.0658
2024-09-03,MSFT,RSI,32.3438
2024-09-04,MSFT,RSI,46.9557
2024-09-05,MSFT,RSI,54.082
2024-09-06,MSFT,RSI,47.1221
2024-09-09,MSFT,RSI,46.6456
2024-09-10,MSFT,RSI,48.3839
2024-09-11,MSFT,RSI,48.4352
2024-09-12,MSFT,RSI,47.6889
2024-09-13,MSFT,RSI,51.9073
2024-09-16,MSFT,RSI,60.4868
2024-09-17,MSFT,RSI,61.2686
2024-09-18,MSFT,RSI,62.1114
2024-09-19,MSFT,RSI,58.8071
2024-09-20,MSFT,RSI,62.1891
2024-09-23,MSFT,RSI,62.4159
2024-09-24,MSFT,RSI,58.1523
2024-09-25,MSFT,RSI,58.737
2024-09-26,MSFT,RSI,53.5936
2024-09-27,MSFT,RSI,44.0382
2024-09-30,MSFT,RSI,46.2678
2024-10-01,MSFT,RSI,55.7683
2024-10-02,MSFT,RSI,53.8042
2024-10-03,MSFT,RSI,54.8148
2024-10-04,MSFT,RSI,49.1261
2024-10-07,MSFT,RSI,59.8092
2024-10-08,MSFT,RSI,63.8691
2024-10-09,MSFT,RSI,66.0365
2024-10-10,MSFT,RSI,66.9182
2024-10-11,MSFT,RSI,61.9409
2024-10-14,MSFT,RSI,62.9891
2024-10-15,MSFT,RSI,61.5734
2024-10-16,MSFT,RSI,67.4937
2024-10-17,MSFT,RSI,71.0025
2024-10-18,MSFT,RSI,69.1702
2024-10-21,MSFT,RSI,67.0787
2024-10-22,MSFT,RSI,80.568
2024-10-23,MSFT,RSI,67.0485
2024-10-24,MSFT,RSI,72.1524
2024-10-25,MSFT,RSI,61.3258
2024-10-28,MSFT,RSI,60.5321
2024-10-29,MSFT,RSI,49.2845
2024-10-30,MSFT,RSI,47.3953
2024-10-31,MSFT,RSI,50.3456
2024-11-01,MSFT,RSI,37.4246
2024-11-04,MSFT,RSI,30.3174
2024-11-05,MSFT,RSI,26.4723
2024-11-06,MSFT,RSI,28.2518
2024-11-07,MSFT,RSI,27.6096
2024-11-08,MSFT,RSI,18.6138
2024-11-11,MSFT,RSI,17.203
2024-11-12,MSFT,RSI,17.8319
2024-11-13,MSFT,RSI,16.8029
2024-11-14,MSFT,RSI,24.0239
2024-11-15,MSFT,RSI,33.2396
2024-11-18,MSFT,RSI,37.5952
2024-11-19,MSFT,RSI,35.2915
2024-11-20,MSFT,RSI,36.2441
2024-11-21,MSFT,RSI,42.1966
2024-11-22,MSFT,RSI,38.1178
2024-11-25,MSFT,RSI,42.909
2024-11-26,MSFT,RSI,46.1877
2024-11-27,MSFT,RSI,39.7918
2024-11-28,MSFT,RSI,43.1397
2024-11-29,MSFT,RSI,42.0273
2024-12-02,MSFT,RSI,45.0573
2024-12-03,MSFT,RSI,42.2591
2024-12-04,MSFT,RSI,43.4996
2024-12-05,MSFT,RSI,27.6201
2024-12-06,MSFT,RSI,30.3221
2024-12-09,MSFT,RSI,27.0125
2024-12-10,MSFT,RSI,23.814
2024-12-11,MSFT,RSI,26.1944
2024-12-12,MSFT,RSI,24.6266
2024-12-13,MSFT,RSI,31.2282
2024-12-16,MSFT,RSI,29.8081
2024-12-17,MSFT,RSI,33.7095
2024-12-18,MSFT,RSI,31.3273
2024-12-19,MSFT,RSI,33.544
2024-12-20,MSFT,RSI,31.6111
2024-12-23,MSFT,RSI,26.317
2024-12-24,MSFT,RSI,16.8709
2024-12-25,MSFT,RSI,17.2195
2024-12-26,MSFT,RSI,20.5209
2024-12-27,MSFT,RSI,22.5197
2024-12-30,MSFT,RSI,26.977
2024-12-31,MSFT,RSI,24.869
2025-01-01,MSFT,RSI,31.9251
2025-01-02,MSFT,RSI,21.4952
2025-01-03,MSFT,RSI,19.2192
2025-01-06,MSFT,RSI,22.2517
2025-01-07,MSFT,RSI,36.6769
2025-01-08,MSFT,RSI,43.3703
2025-01-09,MSFT,RSI,49.6085
2025-01-10,MSFT,RSI,48.2249
2025-01-13,MSFT,RSI,53.3347
2025-01-14,MSFT,RSI,49.9752
2025-01-15,MSFT,RSI,41.6191
2025-01-16,MSFT,RSI,45.2492
2025-01-17,MSFT,RSI,43.8893
2025-01-20,MSFT,RSI,47.492
2025-01-21,MSFT,RSI,51.1982
2025-01-22,MSFT,RSI,58.6023
2025-01-23,MSFT,RSI,49.8001
2025-01-24,MSFT,RSI,50.2236
2025-01-27,MSFT,RSI,45.8931
2025-01-28,MSFT,RSI,49.8459
2025-01-29,MSFT,RSI,47.5804
2025-01-30,MSFT,RSI,55.8034
2025-01-31,MSFT,RSI,64.8772
2025-02-03,MSFT,RSI,72.0176
2025-02-04,MSFT,RSI,64.8728
2025-02-05,MSFT,RSI,53.7243
2025-02-06,MSFT,RSI,59.6243
2025-02-07,MSFT,RSI,51.281
2025-02-10,MSFT,RSI,45.8919
2025-02-11,MSFT,RSI,47.4644
2025-02-12,MSFT,RSI,45.6503
2025-02-13,MSFT,RSI,41.5753
2025-02-14,MSFT,RSI,36.0116
2025-02-17,MSFT,RSI,37.543
2025-02-18,MSFT,RSI,44.9282
2025-02-19,MSFT,RSI,43.4489
2025-02-20,MSFT,RSI,41.6386
2025-02-21,MSFT,RSI,42.0277
2025-02-24,MSFT,RSI,45.7956
2025-02-25,MSFT,RSI,46.5023
2025-02-26,MSFT,RSI,47.8387
2025-02-27,MSFT,RSI,47.6123
2025-02-28,MSFT,RSI,48.7689
2025-03-03,MSFT,RSI,44.0292
2025-03-04,MSFT,RSI,52.7774
2025-03-05,MSFT,RSI,59.0662
2025-03-06,MSFT,RSI,59.8309
2025-03-07,MSFT,RSI,51.7624
2025-03-10,MSFT,RSI,39.0797
2025-03-11,MSFT,RSI,42.188
2025-03-12,MSFT,RSI,42.6081
2025-03-13,MSFT,RSI,39.8602
2025-03-14,MSFT,RSI,40.0125
2025-03-17,MSFT,RSI,53.0566
2025-03-18,MSFT,RSI,47.9465
2025-03-19,MSFT,RSI,61.7396
2025-03-20,MSFT,RSI,50.6537
2025-03-21,MSFT,RSI,54.9807
2025-03-24,MSFT,RSI,52.4494
2025-03-25,MSFT,RSI,44.4616
2025-03-26,MSFT,RSI,44.3579
2025-03-27,MSFT,RSI,46.3556
2025-03-28,MSFT,RSI,47.2126
2025-03-31,MSFT,RSI,43.7855
2025-04-01,MSFT,RSI,39.3536
2025-04-02,MSFT,RSI,43.1107
2025-04-03,MSFT,RSI,41.7746
2025-04-04,MSFT,RSI,31.4297
2025-04-07,MSFT,RSI,31.3125
2025-04-08,MSFT,RSI,19.2419
2025-04-09,MSFT,RSI,25.5284
2025-04-10,MSFT,RSI,23.9705
2025-04-11,MSFT,RSI,24.8541
2025-04-14,MSFT,RSI,27.098
2025-04-15,MSFT,RSI,27.3393
2025-04-16,MSFT,RSI,37.4596
2025-04-17,MSFT,RSI,39.4652
2025-04-18,MSFT,RSI,38.4875
2025-04-21,MSFT,RSI,40.3521
2025-04-22,MSFT,RSI,34.395
2025-04-23,MSFT,RSI,42.6303
2025-04-24,MSFT,RSI,43.3884
2025-04-25,MSFT,RSI,43.9863
2025-04-28,MSFT,RSI,54.832
2025-04-29,MSFT,RSI,51.6385
2025-04-30,MSFT,RSI,54.9772
2025-05-01,MSFT,RSI,49.8329
2025-05-02,MSFT,RSI,50.6999
2025-05-05,MSFT,RSI,58.6645
2025-05-06,MSFT,RSI,52.7935
2025-05-07,MSFT,RSI,53.878
2025-05-08,MSFT,RSI,51.2694
2025-05-09,MSFT,RSI,51.0672
2025-05-12,MSFT,RSI,51.115
2025-05-13,MSFT,RSI,45.2239
2025-05-14,MSFT,RSI,44.4256
2025-05-15,MSFT,RSI,32.1901
2025-05-16,MSFT,RSI,26.9145
2025-05-19,MSFT,RSI,28.1273
2025-05-20,MSFT,RSI,23.0423
2025-05-21,MSFT,RSI,30.3843
2025-05-22,MSFT,RSI,48.7199
2025-05-23,MSFT,RSI,46.1436
2025-05-26,MSFT,RSI,40.7807
2025-05-27,MSFT,RSI,43.5791
2025-05-28,MSFT,RSI,58.4087
2025-05-29,MSFT,RSI,63.9083
2025-05-30,MSFT,RSI,75.0653
2025-06-02,MSFT,RSI,66.5898
2025-06-03,MSFT,RSI,73.3475
2025-06-04,MSFT,RSI,78.1183
2025-06-05,MSFT,RSI,72.6781
2025-06-06,MSFT,RSI,71.7147
2025-06-09,MSFT,RSI,73.2523
2025-06-10,MSFT,RSI,73.4666
2025-06-11,MSFT,RSI,59.5429
2025-06-12,MSFT,RSI,52.661
2025-06-13,MSFT,RSI,50.1712
2025-06-16,MSFT,RSI,47.9791
2025-06-17,MSFT,RSI,45.9316
2025-06-18,MSFT,RSI,37.4519
2025-06-19,MSFT,RSI,28.4908
2025-06-20,MSFT,RSI,39.2954
2025-06-23,MSFT,RSI,40.5812
2025-06-24,MSFT,RSI,47.6672
2025-06-25,MSFT,RSI,44.6953
2025-06-26,MSFT,RSI,51.1557
2025-06-27,MSFT,RSI,47.317
2025-06-30,MSFT,RSI,45.8241
2025-07-01,MSFT,RSI,54.1982
2025-07-02,MSFT,RSI,61.706
2025-07-03,MSFT,RSI,58.357
2025-07-04,MSFT,RSI,58.7002
2025-07-07,MSFT,RSI,57.0079
2025-07-08,MSFT,RSI,56.0076
2025-07-09,MSFT,RSI,60.2615
2025-07-10,MSFT,RSI,60.6251
2025-07-11,MSFT,RSI,56.2038
2025-07-14,MSFT,RSI,51.938
2025-07-15,MSFT,RSI,60.7471
2025-07-16,MSFT,RSI,54.1974
2025-07-17,MSFT,RSI,58.949
2025-07-18,MSFT,RSI,49.5052
2025-07-21,MSFT,RSI,47.0512
2025-07-22,MSFT,RSI,43.4711
2025-07-23,MSFT,RSI,49.2233
2025-07-24,MSFT,RSI,49.8171
2025-07-25,MSFT,RSI,59.9958
2025-07-28,MSFT,RSI,59.6487
2025-07-29,MSFT,RSI,54.8363
2025-07-30,MSFT,RSI,55.8261
2025-07-31,MSFT,RSI,49.4784
2025-08-01,MSFT,RSI,46.1946
2025-08-04,MSFT,RSI,46.4407
2025-08-05,MSFT,RSI,47.8349
2025-08-06,MSFT,RSI,41.9681
2025-08-07,MSFT,RSI,45.9921
2025-08-08,MSFT,RSI,45.7305
2025-08-11,MSFT,RSI,45.1756
2025-08-12,MSFT,RSI,52.0312
2025-08-13,MSFT,RSI,58.9224
2025-08-14,MSFT,RSI,42.4111
2025-08-15,MSFT,RSI,54.5967
2025-08-18,MSFT,RSI,54.0879
2025-08-19,MSFT,RSI,50.0617
2025-08-20,MSFT,RSI,61.1909
2025-08-21,MSFT,RSI,71.7583
2025-08-22,MSFT,RSI,71.6627
2025-08-25,MSFT,RSI,67.3205
2025-08-26,MSFT,RSI,64.1822
2025-08-27,MSFT,RSI,62.8796
2025-08-28,MSFT,RSI,64.2813
2025-08-29,MSFT,RSI,58.4583
2025-09-01,MSFT,RSI,59.1781
2025-09-02,MSFT,RSI,54.623
2025-09-03,MSFT,RSI,53.0842
2025-09-04,MSFT,RSI,54.9367
2025-09-05,MSFT,RSI,43.2411
2025-09-08,MSFT,RSI,39.7231
2025-09-09,MSFT,RSI,38.5135
2025-09-10,MSFT,RSI,24.3381
2025-09-11,MSFT,RSI,26.3353
2025-09-12,MSFT,RSI,26.0132
2025-09-15,MSFT,RSI,26.5836
2025-09-16,MSFT,RSI,34.6184
2025-09-17,MSFT,RSI,31.3411
2025-09-18,MSFT,RSI,33.3081
2025-09-19,MSFT,RSI,28.4467
2025-09-22,MSFT,RSI,37.3576
2025-09-23,MSFT,RSI,44.7881
2025-09-24,MSFT,RSI,34.6371
2025-09-25,MSFT,RSI,46.4591
2025-09-26,MSFT,RSI,41.5827
2025-09-29,MSFT,RSI,38.5383
2025-09-30,MSFT,RSI,57.2687
2025-10-01,MSFT,RSI,54.4316
2025-10-02,MSFT,RSI,50.8566
2025-10-03,MSFT,RSI,53.9467
2025-10-06,MSFT,RSI,45.6451
2025-10-07,MSFT,RSI,47.8309
2025-10-08,MSFT,RSI,48.3602
2025-10-09,MSFT,RSI,55.6094
2025-10-10,MSFT,RSI,43.1808
2025-10-13,MSFT,RSI,36.4887
2025-10-14,MSFT,RSI,44.7472
2025-10-15,MSFT,RSI,39.4612
2025-10-16,MSFT,RSI,42.99
2025-10-17,MSFT,RSI,48.2134
2025-10-20,MSFT,RSI,33.533
2025-10-21,MSFT,RSI,34.3564
2025-10-22,MSFT,RSI,34.2821
2025-10-23,MSFT,RSI,28.074
2025-10-24,MSFT,RSI,27.0412
2025-10-27,MSFT,RSI,23.7262
2025-10-28,MSFT,RSI,23.1421
2025-10-29,MSFT,RSI,20.1104
2025-10-30,MSFT,RSI,22.1039
2025-10-31,MSFT,RSI,23.4981
2025-11-03,MSFT,RSI,15.4913
2025-11-04,MSFT,RSI,20.0905
2025-11-05,MSFT,RSI,31.6684
2025-11-06,MSFT,RSI,25.518
2025-11-07,MSFT,RSI,29.668
2025-11-10,MSFT,RSI,26.7924
2025-11-11,MSFT,RSI,37.0992
2025-11-12,MSFT,RSI,48.519
2025-11-13,MSFT,RSI,51.3598
2025-11-14,MSFT,RSI,49.4566
2025-11-17,MSFT,RSI,48.4534
2025-11-18,MSFT,RSI,41.9473
2025-11-19,MSFT,RSI,46.4553
2025-11-20,MSFT,RSI,48.71
2025-11-21,MSFT,RSI,60.2217
2025-11-24,MSFT,RSI,55.7426
2025-11-25,MSFT,RSI,37.5257
2025-11-26,MSFT,RSI,50.7603
2025-11-27,MSFT,RSI,53.7715
2025-11-28,MSFT,RSI,60.7925
2025-12-01,MSFT,RSI,53.4944
2025-12-02,MSFT,RSI,44.6977
2025-12-03,MSFT,RSI,46.9197
2025-12-04,MSFT,RSI,42.4651
2025-12-05,MSFT,RSI,44.5874
2025-12-08,MSFT,RSI,49.1543
2025-12-09,MSFT,RSI,47.1202
2025-12-10,MSFT,RSI,47.8942
2025-12-11,MSFT,RSI,49.4308
2025-12-12,MSFT,RSI,53.3544
2025-12-15,MSFT,RSI,54.7765
2025-12-16,MSFT,RSI,44.3089
2025-12-17,MSFT,RSI,51.3906
2025-12-18,MSFT,RSI,47.0536
2025-12-19,MSFT,RSI,57.1678
2025-12-22,MSFT,RSI,66.4698
2025-12-23,MSFT,RSI,64.0146
2025-12-24,MSFT,RSI,68.009
2025-12-25,MSFT,RSI,70.1379
2025-12-26,MSFT,RSI,71.0066
2025-12-29,MSFT,RSI,61.9119
2025-12-30,MSFT,RSI,61.6016
2025-12-31,MSFT,RSI,48.4168
2026-01-01,MSFT,RSI,45.9773
2026-01-02,MSFT,RSI,46.9286
2026-01-05,MSFT,RSI,49.3009
2026-01-06,MSFT,RSI,39.9566
2026-01-07,MSFT,RSI,45.4131
2026-01-08,MSFT,RSI,35.7258
2026-01-09,MSFT,RSI,28.4231
2026-01-12,MSFT,RSI,26.1372
2026-01-13,MSFT,RSI,30.5937
2026-01-14,MSFT,RSI,31.1173
2026-01-15,MSFT,RSI,28.606
2026-01-16,MSFT,RSI,36.8067
2026-01-19,MSFT,RSI,38.2152
2026-01-20,MSFT,RSI,49.7116
2026-01-21,MSFT,RSI,54.5514
2026-01-22,MSFT,RSI,67.6174
2026-01-23,MSFT,RSI,56.4308
2026-01-26,MSFT,RSI,57.4998
2026-01-27,MSFT,RSI,45.2015
2026-01-28,MSFT,RSI,48.9267
2026-01-29,MSFT,RSI,57.9898
2026-01-30,MSFT,RSI,68.9619
2026-02-02,MSFT,RSI,64.4655
2026-02-03,MSFT,RSI,64.629
2026-02-04,MSFT,RSI,62.9852
2026-02-05,MSFT,RSI,61.6692
2026-02-06,MSFT,RSI,53.4129
2026-02-09,MSFT,RSI,56.1373
2026-02-10,MSFT,RSI,48.5599
2026-02-11,MSFT,RSI,43.2886
2026-02-12,MSFT,RSI,53.7013
2026-02-13,MSFT,RSI,54.0731
2026-02-16,MSFT,RSI,62.8823
2026-02-17,MSFT,RSI,62.1682
2026-02-18,MSFT,RSI,55.5562
2026-02-19,MSFT,RSI,51.1272
2026-02-20,MSFT,RSI,56.809
2026-02-23,MSFT,RSI,54.1557
2026-02-24,MSFT,RSI,45.3803
2026-02-25,MSFT,RSI,35.7979
2026-02-26,MSFT,RSI,48.9138
2026-02-27,MSFT,RSI,47.1925
2026-03-02,MSFT,RSI,57.4583
2026-03-03,MSFT,RSI,62.2249
2026-03-04,MSFT,RSI,49.3397
2026-03-05,MSFT,RSI,38.3671
2026-03-06,MSFT,RSI,36.8264
2026-03-09,MSFT,RSI,30.1205
2026-03-10,MSFT,RSI,30.732
2026-03-11,MSFT,RSI,36.7627
2026-03-12,MSFT,RSI,33.9268
2026-03-13,MSFT,RSI,32.1204
2026-03-16,MSFT,RSI,32.1041
2026-03-17,MSFT,RSI,36.7227
2026-03-18,MSFT,RSI,30.7672
2026-03-19,MSFT,RSI,21.081
2026-03-20,MSFT,RSI,24.3745
2026-03-23,MSFT,RSI,36.5271
2026-03-24,MSFT,RSI,44.6508
2026-03-25,MSFT,RSI,54.39
2026-03-26,MSFT,RSI,54.9916
2026-03-27,MSFT,RSI,62.617
2026-03-30,MSFT,RSI,58.7117
2026-03-31,MSFT,RSI,57.496
2026-04-01,MSFT,RSI,65.0531
2026-04-02,MSFT,RSI,61.0516
2026-04-03,MSFT,RSI,68.0321
2026-04-06,MSFT,RSI,71.0762
2026-04-07,MSFT,RSI,69.0752
2026-04-08,MSFT,RSI,73.6506
2026-04-09,MSFT,RSI,73.3877
2026-04-10,MSFT,RSI,68.3276
2026-04-13,MSFT,RSI,65.6524
2026-04-14,MSFT,RSI,67.5016
2026-04-15,MSFT,RSI,69.8564
2026-04-16,MSFT,RSI,71.5778
2026-04-17,MSFT,RSI,66.4507
2026-04-20,MSFT,RSI,52.6064
2026-04-21,MSFT,RSI,50.6488
2026-04-22,MSFT,RSI,58.3241
2026-04-23,MSFT,RSI,58.8257
2026-04-24,MSFT,RSI,47.3793
2026-04-27,MSFT,RSI,50.1527
2026-04-28,MSFT,RSI,51.9849
2026-04-29,MSFT,RSI,55.3112
2026-04-30,MSFT,RSI,56.0713
2026-05-01,MSFT,RSI,49.0531
2026-05-04,MSFT,RSI,50.4827
2026-05-05,MSFT,RSI,44.2218
2026-05-06,MSFT,RSI,35.3203
2026-05-07,MSFT,RSI,47.3628
2026-05-08,MSFT,RSI,52.4732
2026-05-11,MSFT,RSI,54.3073
2026-05-12,MSFT,RSI,50.9132
2026-05-13,MSFT,RSI,45.8175
2026-05-14,MSFT,RSI,46.9383
2026-05-15,MSFT,RSI,47.5582
2026-05-18,MSFT,RSI,47.9559
2026-05-19,MSFT,RSI,44.4438
2026-05-20,MSFT,RSI,38.115
2026-05-21,MSFT,RSI,41.2087
2026-05-22,MSFT,RSI,35.1458
2026-05-25,MSFT,RSI,45.6325
2026-05-26,MSFT,RSI,51.7816
2026-05-27,MSFT,RSI,38.5751
2026-05-28,MSFT,RSI,38.4535
2026-05-29,MSFT,RSI,45.6539
2026-06-01,MSFT,RSI,52.5063
2026-06-02,MSFT,RSI,52.2267
2026-06-03,MSFT,RSI,58.3506
2026-06-04,MSFT,RSI,59.3845
2026-06-05,MSFT,RSI,59.7788
2026-06-08,MSFT,RSI,60.5848
2026-06-09,MSFT,RSI,63.4324
2026-06-10,MSFT,RSI,63.8903
2026-06-11,MSFT,RSI,59.6212
2026-06-12,MSFT,RSI,59.8019
2026-06-15,MSFT,RSI,64.2413
2026-06-16,MSFT,RSI,61.5618
2026-06-17,MSFT,RSI,61.0075
2026-06-18,MSFT,RSI,49.5787
2026-06-19,MSFT,RSI,41.8586
2026-06-22,MSFT,RSI,49.8923
2026-06-23,MSFT,RSI,50.6328
2026-06-24,MSFT,RSI,39.7264
2026-06-25,MSFT,RSI,36.5558
2026-06-26,MSFT,RSI,31.1436
2026-06-29,MSFT,RSI,30.2445
2026-06-30,MSFT,RSI,37.9806
2026-07-01,MSFT,RSI,40.6174
2026-07-02,MSFT,RSI,40.8027
2026-07-03,MSFT,RSI,41.9235
2026-07-06,MSFT,RSI,53.9437
2026-07-07,MSFT,RSI,54.8015
2026-07-08,MSFT,RSI,54.9179
2026-07-09,MSFT,RSI,58.7277
2026-07-10,MSFT,RSI,60.7076
2026-07-13,MSFT,RSI,57.8257
2026-07-14,MSFT,RSI,71.3419
2026-07-15,MSFT,RSI,77.0896
2026-07-16,MSFT,RSI,73.0482
2026-07-17,MSFT,RSI,75.0683
2026-07-20,MSFT,RSI,65.3509
2026-07-21,MSFT,RSI,75.9087
2026-07-22,MSFT,RSI,73.0649
2026-07-23,MSFT,RSI,76.2115
2026-07-24,MSFT,RSI,55.7486
2026-07-27,MSFT,RSI,60.5076
2026-07-28,MSFT,RSI,61.9528
2026-07-29,MSFT,RSI,54.0727
2026-07-30,MSFT,RSI,48.8752
2026-07-31,MSFT,RSI,41.7759
2026-08-03,MSFT,RSI,43.6093
2026-08-04,MSFT,RSI,46.9608
2026-08-05,MSFT,RSI,43.8402
2026-08-06,MSFT,RSI,42.281
2026-08-07,MSFT,RSI,43.8607
2026-08-10,MSFT,RSI,31.1637
2026-08-11,MSFT,RSI,33.2275
2026-08-12,MSFT,RSI,32.5361
2026-08-13,MSFT,RSI,47.7705
2026-08-14,MSFT,RSI,46.8856
2026-08-17,MSFT,RSI,44.4711
2026-08-18,MSFT,RSI,51.8247
2026-08-19,MSFT,RSI,55.939
2026-08-20,MSFT,RSI,60.3895
2026-08-21,MSFT,RSI,61.2472
2022-01-03,NVDA,RSI,50.0
2022-01-04,NVDA,RSI,50.0
2022-01-05,NVDA,RSI,50.0
2022-01-06,NVDA,RSI,50.0
2022-01-07,NVDA,RSI,50.0
2022-01-10,NVDA,RSI,50.0
2022-01-11,NVDA,RSI,50.0
2022-01-12,NVDA,RSI,50.0
2022-01-13,NVDA,RSI,50.0
2022-01-14,NVDA,RSI,50.0
2022-01-17,NVDA,RSI,50.0
2022-01-18,NVDA,RSI,50.0
2022-01-19,NVDA,RSI,50.0
2022-01-20,NVDA,RSI,50.0
2022-01-21,NVDA,RSI,47.7038
2022-01-24,NVDA,RSI,44.0145
2022-01-25,NVDA,RSI,43.3642
2022-01-26,NVDA,RSI,49.1268
2022-01-27,NVDA,RSI,45.6357
2022-01-28,NVDA,RSI,43.4875
2022-01-31,NVDA,RSI,36.825
2022-02-01,NVDA,RSI,28.1741
2022-02-02,NVDA,RSI,29.5705
2022-02-03,NVDA,RSI,30.1057
2022-02-04,NVDA,RSI,31.9002
2022-02-07,NVDA,RSI,31.9486
2022-02-08,NVDA,RSI,23.8529
2022-02-09,NVDA,RSI,25.4022
2022-02-10,NVDA,RSI,24.9159
2022-02-11,NVDA,RSI,25.7024
2022-02-14,NVDA,RSI,31.6719
2022-02-15,NVDA,RSI,23.94
2022-02-16,NVDA,RSI,20.2136
2022-02-17,NVDA,RSI,16.1286
2022-02-18,NVDA,RSI,15.7008
2022-02-21,NVDA,RSI,17.2883
2022-02-22,NVDA,RSI,26.0405
2022-02-23,NVDA,RSI,26.2388
2022-02-24,NVDA,RSI,26.9178
2022-02-25,NVDA,RSI,28.9793
2022-02-28,NVDA,RSI,35.8406
2022-03-01,NVDA,RSI,31.654
2022-03-02,NVDA,RSI,34.036
2022-03-03,NVDA,RSI,31.812
2022-03-04,NVDA,RSI,25.4985
2022-03-07,NVDA,RSI,24.0044
2022-03-08,NVDA,RSI,25.6566
2022-03-09,NVDA,RSI,26.2784
2022-03-10,NVDA,RSI,28.8435
2022-03-11,NVDA,RSI,28.8559
2022-03-14,NVDA,RSI,18.7152
2022-03-15,NVDA,RSI,19.5641
2022-03-16,NVDA,RSI,19.3586
2022-03-17,NVDA,RSI,24.5159
2022-03-18,NVDA,RSI,17.2249
2022-03-21,NVDA,RSI,32.3715
2022-03-22,NVDA,RSI,34.5674
2022-03-23,NVDA,RSI,40.331
2022-03-24,NVDA,RSI,45.7679
2022-03-25,NVDA,RSI,48.5179
2022-03-28,NVDA,RSI,58.0814
2022-03-29,NVDA,RSI,60.2968
2022-03-30,NVDA,RSI,63.0039
2022-03-31,NVDA,RSI,63.4288
2022-04-01,NVDA,RSI,72.068
2022-04-04,NVDA,RSI,74.9385
2022-04-05,NVDA,RSI,82.7327
2022-04-06,NVDA,RSI,82.5373
2022-04-07,NVDA,RSI,80.9153
2022-04-08,NVDA,RSI,76.7466
2022-04-11,NVDA,RSI,79.4603
2022-04-12,NVDA,RSI,66.9919
2022-04-13,NVDA,RSI,69.8483
2022-04-14,NVDA,RSI,41.8416
2022-04-15,NVDA,RSI,45.9384
2022-04-18,NVDA,RSI,43.0617
2022-04-19,NVDA,RSI,37.2677
2022-04-20,NVDA,RSI,39.2206
2022-04-21,NVDA,RSI,44.5674
2022-04-22,NVDA,RSI,52.6075
2022-04-25,NVDA,RSI,43.5207
2022-04-26,NVDA,RSI,38.1218
2022-04-27,NVDA,RSI,39.411
2022-04-28,NVDA,RSI,36.1165
2022-04-29,NVDA,RSI,35.1228
2022-05-02,NVDA,RSI,37.9435
2022-05-03,NVDA,RSI,41.9046
2022-05-04,NVDA,RSI,52.9409
2022-05-05,NVDA,RSI,52.1245
2022-05-06,NVDA,RSI,51.2268
2022-05-09,NVDA,RSI,62.2178
2022-05-10,NVDA,RSI,54.7049
2022-05-11,NVDA,RSI,49.9323
2022-05-12,NVDA,RSI,35.23
2022-05-13,NVDA,RSI,44.1713
2022-05-16,NVDA,RSI,49.9223
2022-05-17,NVDA,RSI,44.2819
2022-05-18,NVDA,RSI,50.8903
2022-05-19,NVDA,RSI,45.0124
2022-05-20,NVDA,RSI,47.1874
2022-05-23,NVDA,RSI,46.0546
2022-05-24,NVDA,RSI,46.0878
2022-05-25,NVDA,RSI,47.5148
2022-05-26,NVDA,RSI,50.7567
2022-05-27,NVDA,RSI,43.357
2022-05-30,NVDA,RSI,50.4977
2022-05-31,NVDA,RSI,44.7576
2022-06-01,NVDA,RSI,51.1348
2022-06-02,NVDA,RSI,42.2782
2022-06-03,NVDA,RSI,46.8685
2022-06-06,NVDA,RSI,46.2855
2022-06-07,NVDA,RSI,47.3213
2022-06-08,NVDA,RSI,49.8382
2022-06-09,NVDA,RSI,49.9312
2022-06-10,NVDA,RSI,40.5049
2022-06-13,NVDA,RSI,40.3123
2022-06-14,NVDA,RSI,32.4739
2022-06-15,NVDA,RSI,43.8998
2022-06-16,NVDA,RSI,39.907
2022-06-17,NVDA,RSI,45.84
2022-06-20,NVDA,RSI,57.8374
2022-06-21,NVDA,RSI,61.9334
2022-06-22,NVDA,RSI,62.9794
2022-06-23,NVDA,RSI,64.436
2022-06-24,NVDA,RSI,75.4671
2022-06-27,NVDA,RSI,74.1695
2022-06-28,NVDA,RSI,72.3434
2022-06-29,NVDA,RSI,66.9654
2022-06-30,NVDA,RSI,74.5811
2022-07-01,NVDA,RSI,76.2185
2022-07-04,NVDA,RSI,80.0318
2022-07-05,NVDA,RSI,67.8618
2022-07-06,NVDA,RSI,71.5605
2022-07-07,NVDA,RSI,71.8869
2022-07-08,NVDA,RSI,71.3549
2022-07-11,NVDA,RSI,65.6994
2022-07-12,NVDA,RSI,68.6385
2022-07-13,NVDA,RSI,52.9168
2022-07-14,NVDA,RSI,38.0243
2022-07-15,NVDA,RSI,33.7074
2022-07-18,NVDA,RSI,40.3685
2022-07-19,NVDA,RSI,41.2573
2022-07-20,NVDA,RSI,33.4744
2022-07-21,NVDA,RSI,37.9657
2022-07-22,NVDA,RSI,35.1452
2022-07-25,NVDA,RSI,37.3604
2022-07-26,NVDA,RSI,41.9367
2022-07-27,NVDA,RSI,37.5379
2022-07-28,NVDA,RSI,30.5091
2022-07-29,NVDA,RSI,30.8427
2022-08-01,NVDA,RSI,34.1805
2022-08-02,NVDA,RSI,45.2586
2022-08-03,NVDA,RSI,50.8429
2022-08-04,NVDA,RSI,53.9876
2022-08-05,NVDA,RSI,45.5564
2022-08-08,NVDA,RSI,46.6356
2022-08-09,NVDA,RSI,52.9994
2022-08-10,NVDA,RSI,39.9855
2022-08-11,NVDA,RSI,36.5217
2022-08-12,NVDA,RSI,40.7548
2022-08-15,NVDA,RSI,42.0375
2022-08-16,NVDA,RSI,28.3209
2022-08-17,NVDA,RSI,27.7958
2022-08-18,NVDA,RSI,31.276
2022-08-19,NVDA,RSI,36.0041
2022-08-22,NVDA,RSI,43.4252
2022-08-23,NVDA,RSI,41.0787
2022-08-24,NVDA,RSI,50.1289
2022-08-25,NVDA,RSI,54.8087
2022-08-26,NVDA,RSI,60.5097
2022-08-29,NVDA,RSI,56.0381
2022-08-30,NVDA,RSI,61.9522
2022-08-31,NVDA,RSI,70.0127
2022-09-01,NVDA,RSI,66.54
2022-09-02,NVDA,RSI,52.2152
2022-09-05,NVDA,RSI,60.7908
2022-09-06,NVDA,RSI,61.4937
2022-09-07,NVDA,RSI,64.4619
2022-09-08,NVDA,RSI,59.302
2022-09-09,NVDA,RSI,50.421
2022-09-12,NVDA,RSI,47.0127
2022-09-13,NVDA,RSI,36.0907
2022-09-14,NVDA,RSI,45.4294
2022-09-15,NVDA,RSI,37.3565
2022-09-16,NVDA,RSI,36.9408
2022-09-19,NVDA,RSI,34.7207
2022-09-20,NVDA,RSI,38.5727
2022-09-21,NVDA,RSI,43.3544
2022-09-22,NVDA,RSI,57.8825
2022-09-23,NVDA,RSI,55.8806
2022-09-26,NVDA,RSI,51.5358
2022-09-27,NVDA,RSI,45.6361
2022-09-28,NVDA,RSI,46.9855
2022-09-29,NVDA,RSI,49.466
2022-09-30,NVDA,RSI,53.1397
2022-10-03,NVDA,RSI,57.7752
2022-10-04,NVDA,RSI,44.2934
2022-10-05,NVDA,RSI,47.2971
2022-10-06,NVDA,RSI,47.9674
2022-10-07,NVDA,RSI,49.1787
2022-10-10,NVDA,RSI,38.6983
2022-10-11,NVDA,RSI,40.7318
2022-10-12,NVDA,RSI,40.2689
2022-10-13,NVDA,RSI,36.8613
2022-10-14,NVDA,RSI,43.5751
2022-10-17,NVDA,RSI,44.9396
2022-10-18,NVDA,RSI,38.3372
2022-10-19,NVDA,RSI,36.2736
2022-10-20,NVDA,RSI,45.3663
2022-10-21,NVDA,RSI,39.9643
2022-10-24,NVDA,RSI,39.8026
2022-10-25,NVDA,RSI,43.1625
2022-10-26,NVDA,RSI,53.0474
2022-10-27,NVDA,RSI,50.6296
2022-10-28,NVDA,RSI,50.7333
2022-10-31,NVDA,RSI,36.3187
2022-11-01,NVDA,RSI,30.1087
2022-11-02,NVDA,RSI,35.7067
2022-11-03,NVDA,RSI,40.7662
2022-11-04,NVDA,RSI,35.2947
2022-11-07,NVDA,RSI,39.5057
2022-11-08,NVDA,RSI,46.2107
2022-11-09,NVDA,RSI,35.7247
2022-11-10,NVDA,RSI,38.474
2022-11-11,NVDA,RSI,40.1811
2022-11-14,NVDA,RSI,38.8767
2022-11-15,NVDA,RSI,40.0566
2022-11-16,NVDA,RSI,36.1467
2022-11-17,NVDA,RSI,35.169
2022-11-18,NVDA,RSI,46.2187
2022-11-21,NVDA,RSI,48.188
2022-11-22,NVDA,RSI,46.3123
2022-11-23,NVDA,RSI,46.7041
2022-11-24,NVDA,RSI,58.3721
2022-11-25,NVDA,RSI,61.3787
2022-11-28,NVDA,RSI,56.2702
2022-11-29,NVDA,RSI,65.354
2022-11-30,NVDA,RSI,67.8363
2022-12-01,NVDA,RSI,61.2908
2022-12-02,NVDA,RSI,65.2972
2022-12-05,NVDA,RSI,62.537
2022-12-06,NVDA,RSI,82.2658
2022-12-07,NVDA,RSI,72.1037
2022-12-08,NVDA,RSI,73.1484
2022-12-09,NVDA,RSI,66.9574
2022-12-12,NVDA,RSI,68.6653
2022-12-13,NVDA,RSI,55.8785
2022-12-14,NVDA,RSI,56.1462
2022-12-15,NVDA,RSI,57.2192
2022-12-16,NVDA,RSI,50.7636
2022-12-19,NVDA,RSI,54.6503
2022-12-20,NVDA,RSI,44.541
2022-12-21,NVDA,RSI,52.2235
2022-12-22,NVDA,RSI,41.3369
2022-12-23,NVDA,RSI,37.9159
2022-12-26,NVDA,RSI,32.2332
2022-12-27,NVDA,RSI,39.6204
2022-12-28,NVDA,RSI,35.9937
2022-12-29,NVDA,RSI,36.434
2022-12-30,NVDA,RSI,38.5002
2023-01-02,NVDA,RSI,48.033
2023-01-03,NVDA,RSI,54.1034
2023-01-04,NVDA,RSI,47.3694
2023-01-05,NVDA,RSI,50.4486
2023-01-06,NVDA,RSI,36.2546
2023-01-09,NVDA,RSI,37.1199
2023-01-10,NVDA,RSI,32.5066
2023-01-11,NVDA,RSI,44.5977
2023-01-12,NVDA,RSI,43.7961
2023-01-13,NVDA,RSI,40.397
2023-01-16,NVDA,RSI,38.0749
2023-01-17,NVDA,RSI,36.3196
2023-01-18,NVDA,RSI,31.8407
2023-01-19,NVDA,RSI,27.2249
2023-01-20,NVDA,RSI,21.1554
2023-01-23,NVDA,RSI,13.8837
2023-01-24,NVDA,RSI,15.5557
2023-01-25,NVDA,RSI,19.2562
2023-01-26,NVDA,RSI,31.8567
2023-01-27,NVDA,RSI,45.071
2023-01-30,NVDA,RSI,49.9345
2023-01-31,NVDA,RSI,38.6143
2023-02-01,NVDA,RSI,35.7053
2023-02-02,NVDA,RSI,32.9615
2023-02-03,NVDA,RSI,28.1001
2023-02-06,NVDA,RSI,30.6087
2023-02-07,NVDA,RSI,48.1415
2023-02-08,NVDA,RSI,52.7029
2023-02-09,NVDA,RSI,52.8843
2023-02-10,NVDA,RSI,55.0687
2023-02-13,NVDA,RSI,51.9772
2023-02-14,NVDA,RSI,54.362
2023-02-15,NVDA,RSI,54.6218
2023-02-16,NVDA,RSI,50.1376
2023-02-17,NVDA,RSI,57.9005
2023-02-20,NVDA,RSI,67.177
2023-02-21,NVDA,RSI,74.4924
2023-02-22,NVDA,RSI,81.2413
2023-02-23,NVDA,RSI,85.5956
2023-02-24,NVDA,RSI,84.4218
2023-02-27,NVDA,RSI,80.2819
2023-02-28,NVDA,RSI,76.6953
2023-03-01,NVDA,RSI,75.3873
2023-03-02,NVDA,RSI,62.1633
2023-03-03,NVDA,RSI,63.7947
2023-03-06,NVDA,RSI,48.6528
2023-03-07,NVDA,RSI,45.4022
2023-03-08,NVDA,RSI,45.5234
2023-03-09,NVDA,RSI,27.2768
2023-03-10,NVDA,RSI,23.7031
2023-03-13,NVDA,RSI,20.0741
2023-03-14,NVDA,RSI,18.6335
2023-03-15,NVDA,RSI,16.5304
2023-03-16,NVDA,RSI,25.3647
2023-03-17,NVDA,RSI,30.0889
2023-03-20,NVDA,RSI,39.3575
2023-03-21,NVDA,RSI,47.9207
2023-03-22,NVDA,RSI,51.3142
2023-03-23,NVDA,RSI,50.6471
2023-03-24,NVDA,RSI,49.7644
2023-03-27,NVDA,RSI,43.9004
2023-03-28,NVDA,RSI,42.4667
2023-03-29,NVDA,RSI,37.155
2023-03-30,NVDA,RSI,30.899
2023-03-31,NVDA,RSI,32.6794
2023-04-03,NVDA,RSI,38.1258
2023-04-04,NVDA,RSI,40.4445
2023-04-05,NVDA,RSI,36.3365
2023-04-06,NVDA,RSI,41.3628
2023-04-07,NVDA,RSI,30.7418
2023-04-10,NVDA,RSI,27.3173
2023-04-11,NVDA,RSI,30.2433
2023-04-12,NVDA,RSI,37.9583
2023-04-13,NVDA,RSI,48.0318
2023-04-14,NVDA,RSI,49.7447
2023-04-17,NVDA,RSI,51.0485
2023-04-18,NVDA,RSI,53.5682
2023-04-19,NVDA,RSI,55.9808
2023-04-20,NVDA,RSI,56.4452
2023-04-21,NVDA,RSI,54.3183
2023-04-24,NVDA,RSI,60.7951
2023-04-25,NVDA,RSI,65.3302
2023-04-26,NVDA,RSI,57.3847
2023-04-27,NVDA,RSI,71.562
2023-04-28,NVDA,RSI,69.4571
2023-05-01,NVDA,RSI,59.7035
2023-05-02,NVDA,RSI,53.7358
2023-05-03,NVDA,RSI,49.3241
2023-05-04,NVDA,RSI,48.3712
2023-05-05,NVDA,RSI,43.3514
2023-05-08,NVDA,RSI,45.2586
2023-05-09,NVDA,RSI,45.2196
2023-05-10,NVDA,RSI,41.521
2023-05-11,NVDA,RSI,45.8815
2023-05-12,NVDA,RSI,34.2595
2023-05-15,NVDA,RSI,25.6977
2023-05-16,NVDA,RSI,29.8803
2023-05-17,NVDA,RSI,20.0065
2023-05-18,NVDA,RSI,17.4437
2023-05-19,NVDA,RSI,19.3508
2023-05-22,NVDA,RSI,19.5154
2023-05-23,NVDA,RSI,23.1235
2023-05-24,NVDA,RSI,29.171
2023-05-25,NVDA,RSI,30.7227
2023-05-26,NVDA,RSI,29.8083
2023-05-29,NVDA,RSI,32.5903
2023-05-30,NVDA,RSI,33.4712
2023-05-31,NVDA,RSI,22.6191
2023-06-01,NVDA,RSI,33.4347
2023-06-02,NVDA,RSI,30.4392
2023-06-05,NVDA,RSI,28.0209
2023-06-06,NVDA,RSI,51.4058
2023-06-07,NVDA,RSI,56.4253
2023-06-08,NVDA,RSI,64.2223
2023-06-09,NVDA,RSI,66.4504
2023-06-12,NVDA,RSI,64.5534
2023-06-13,NVDA,RSI,64.5251
2023-06-14,NVDA,RSI,70.2415
2023-06-15,NVDA,RSI,84.2891
2023-06-16,NVDA,RSI,84.1402
2023-06-19,NVDA,RSI,77.2788
2023-06-20,NVDA,RSI,69.8045
2023-06-21,NVDA,RSI,70.5259
2023-06-22,NVDA,RSI,66.0607
2023-06-23,NVDA,RSI,67.1876
2023-06-26,NVDA,RSI,64.5199
2023-06-27,NVDA,RSI,61.0675
2023-06-28,NVDA,RSI,60.8593
2023-06-29,NVDA,RSI,59.9761
2023-06-30,NVDA,RSI,59.7859
2023-07-03,NVDA,RSI,57.9451
2023-07-04,NVDA,RSI,50.9876
2023-07-05,NVDA,RSI,41.8025
2023-07-06,NVDA,RSI,35.5703
2023-07-07,NVDA,RSI,37.6983
2023-07-10,NVDA,RSI,53.4105
2023-07-11,NVDA,RSI,45.4614
2023-07-12,NVDA,RSI,45.3993
2023-07-13,NVDA,RSI,39.8504
2023-07-14,NVDA,RSI,30.961
2023-07-17,NVDA,RSI,32.9694
2023-07-18,NVDA,RSI,24.1172
2023-07-19,NVDA,RSI,21.8173
2023-07-20,NVDA,RSI,20.1485
2023-07-21,NVDA,RSI,18.854
2023-07-24,NVDA,RSI,20.1997
2023-07-25,NVDA,RSI,21.8553
2023-07-26,NVDA,RSI,37.8014
2023-07-27,NVDA,RSI,40.3789
2023-07-28,NVDA,RSI,24.458
2023-07-31,NVDA,RSI,22.3849
2023-08-01,NVDA,RSI,27.6571
2023-08-02,NVDA,RSI,24.7844
2023-08-03,NVDA,RSI,30.7293
2023-08-04,NVDA,RSI,29.6937
2023-08-07,NVDA,RSI,36.9773
2023-08-08,NVDA,RSI,35.5225
2023-08-09,NVDA,RSI,38.9701
2023-08-10,NVDA,RSI,44.9067
2023-08-11,NVDA,RSI,41.3611
2023-08-14,NVDA,RSI,44.924
2023-08-15,NVDA,RSI,36.8963
2023-08-16,NVDA,RSI,36.5073
2023-08-17,NVDA,RSI,45.9745
2023-08-18,NVDA,RSI,61.9817
2023-08-21,NVDA,RSI,51.1906
2023-08-22,NVDA,RSI,66.2509
2023-08-23,NVDA,RSI,60.0881
2023-08-24,NVDA,RSI,62.5954
2023-08-25,NVDA,RSI,60.8957
2023-08-28,NVDA,RSI,50.4266
2023-08-29,NVDA,RSI,52.588
2023-08-30,NVDA,RSI,49.1646
2023-08-31,NVDA,RSI,51.0846
2023-09-01,NVDA,RSI,46.8437
2023-09-04,NVDA,RSI,47.7594
2023-09-05,NVDA,RSI,44.8624
2023-09-06,NVDA,RSI,42.6129
2023-09-07,NVDA,RSI,35.3942
2023-09-08,NVDA,RSI,42.2794
2023-09-11,NVDA,RSI,41.0094
2023-09-12,NVDA,RSI,47.1686
2023-09-13,NVDA,RSI,44.1529
2023-09-14,NVDA,RSI,41.7008
2023-09-15,NVDA,RSI,52.3725
2023-09-18,NVDA,RSI,42.4559
2023-09-19,NVDA,RSI,40.5278
2023-09-20,NVDA,RSI,38.7069
2023-09-21,NVDA,RSI,36.4498
2023-09-22,NVDA,RSI,41.126
2023-09-25,NVDA,RSI,38.7743
2023-09-26,NVDA,RSI,38.4441
2023-09-27,NVDA,RSI,39.6289
2023-09-28,NVDA,RSI,35.3039
2023-09-29,NVDA,RSI,28.8705
2023-10-02,NVDA,RSI,22.5486
2023-10-03,NVDA,RSI,25.9052
2023-10-04,NVDA,RSI,29.0678
2023-10-05,NVDA,RSI,29.827
2023-10-06,NVDA,RSI,43.6261
2023-10-09,NVDA,RSI,45.6551
2023-10-10,NVDA,RSI,49.0786
2023-10-11,NVDA,RSI,50.6727
2023-10-12,NVDA,RSI,40.6873
2023-10-13,NVDA,RSI,45.0887
2023-10-16,NVDA,RSI,43.6543
2023-10-17,NVDA,RSI,51.7987
2023-10-18,NVDA,RSI,62.2044
2023-10-19,NVDA,RSI,63.7361
2023-10-20,NVDA,RSI,72.2326
2023-10-23,NVDA,RSI,70.7354
2023-10-24,NVDA,RSI,70.4368
2023-10-25,NVDA,RSI,65.8085
2023-10-26,NVDA,RSI,48.0598
2023-10-27,NVDA,RSI,51.1336
2023-10-30,NVDA,RSI,55.0776
2023-10-31,NVDA,RSI,55.3639
2023-11-01,NVDA,RSI,62.5267
2023-11-02,NVDA,RSI,69.8083
2023-11-03,NVDA,RSI,64.8909
2023-11-06,NVDA,RSI,54.4037
2023-11-07,NVDA,RSI,42.7092
2023-11-08,NVDA,RSI,42.9695
2023-11-09,NVDA,RSI,38.1369
2023-11-10,NVDA,RSI,36.1349
2023-11-13,NVDA,RSI,33.2099
2023-11-14,NVDA,RSI,35.4382
2023-11-15,NVDA,RSI,44.1906
2023-11-16,NVDA,RSI,37.4285
2023-11-17,NVDA,RSI,39.5225
2023-11-20,NVDA,RSI,47.7142
2023-11-21,NVDA,RSI,49.0071
2023-11-22,NVDA,RSI,38.9567
2023-11-23,NVDA,RSI,40.0673
2023-11-24,NVDA,RSI,52.2895
2023-11-27,NVDA,RSI,60.234
2023-11-28,NVDA,RSI,59.851
2023-11-29,NVDA,RSI,57.472
2023-11-30,NVDA,RSI,53.0736
2023-12-01,NVDA,RSI,46.897
2023-12-04,NVDA,RSI,59.8747
2023-12-05,NVDA,RSI,49.0919
2023-12-06,NVDA,RSI,48.3391
2023-12-07,NVDA,RSI,45.7616
2023-12-08,NVDA,RSI,39.3978
2023-12-11,NVDA,RSI,33.8684
2023-12-12,NVDA,RSI,37.95
2023-12-13,NVDA,RSI,43.1147
2023-12-14,NVDA,RSI,38.7249
2023-12-15,NVDA,RSI,43.5994
2023-12-18,NVDA,RSI,40.587
2023-12-19,NVDA,RSI,41.0973
2023-12-20,NVDA,RSI,45.2182
2023-12-21,NVDA,RSI,55.9694
2023-12-22,NVDA,RSI,42.0818
2023-12-25,NVDA,RSI,45.271
2023-12-26,NVDA,RSI,50.7907
2023-12-27,NVDA,RSI,48.3852
2023-12-28,NVDA,RSI,48.2484
2023-12-29,NVDA,RSI,44.8158
2024-01-01,NVDA,RSI,41.1645
2024-01-02,NVDA,RSI,38.4028
2024-01-03,NVDA,RSI,38.2665
2024-01-04,NVDA,RSI,39.1877
2024-01-05,NVDA,RSI,45.5523
2024-01-08,NVDA,RSI,51.476
2024-01-09,NVDA,RSI,50.4399
2024-01-10,NVDA,RSI,36.1857
2024-01-11,NVDA,RSI,47.2266
2024-01-12,NVDA,RSI,46.856
2024-01-15,NVDA,RSI,41.6326
2024-01-16,NVDA,RSI,39.3003
2024-01-17,NVDA,RSI,45.4097
2024-01-18,NVDA,RSI,56.7072
2024-01-19,NVDA,RSI,54.5445
2024-01-22,NVDA,RSI,46.003
2024-01-23,NVDA,RSI,48.2775
2024-01-24,NVDA,RSI,33.38
2024-01-25,NVDA,RSI,40.4088
2024-01-26,NVDA,RSI,35.5246
2024-01-29,NVDA,RSI,29.6781
2024-01-30,NVDA,RSI,27.7672
2024-01-31,NVDA,RSI,23.723
2024-02-01,NVDA,RSI,29.2498
2024-02-02,NVDA,RSI,28.79
2024-02-05,NVDA,RSI,29.7709
2024-02-06,NVDA,RSI,23.8
2024-02-07,NVDA,RSI,17.8732
2024-02-08,NVDA,RSI,30.3703
2024-02-09,NVDA,RSI,45.6108
2024-02-12,NVDA,RSI,44.3581
2024-02-13,NVDA,RSI,53.5242
2024-02-14,NVDA,RSI,50.6357
2024-02-15,NVDA,RSI,43.7484
2024-02-16,NVDA,RSI,43.9787
2024-02-19,NVDA,RSI,40.2608
2024-02-20,NVDA,RSI,40.7577
2024-02-21,NVDA,RSI,47.148
2024-02-22,NVDA,RSI,53.4453
2024-02-23,NVDA,RSI,53.9923
2024-02-26,NVDA,RSI,58.0282
2024-02-27,NVDA,RSI,57.5715
2024-02-28,NVDA,RSI,56.487
2024-02-29,NVDA,RSI,49.3474
2024-03-01,NVDA,RSI,50.5954
2024-03-04,NVDA,RSI,43.9323
2024-03-05,NVDA,RSI,44.8335
2024-03-06,NVDA,RSI,51.9155
2024-03-07,NVDA,RSI,60.0507
2024-03-08,NVDA,RSI,80.6802
2024-03-11,NVDA,RSI,65.886
2024-03-12,NVDA,RSI,56.0965
2024-03-13,NVDA,RSI,46.8675
2024-03-14,NVDA,RSI,43.4992
2024-03-15,NVDA,RSI,38.7007
2024-03-18,NVDA,RSI,37.2945
2024-03-19,NVDA,RSI,26.0145
2024-03-20,NVDA,RSI,29.9933
2024-03-21,NVDA,RSI,31.9629
2024-03-22,NVDA,RSI,38.0401
2024-03-25,NVDA,RSI,27.8246
2024-03-26,NVDA,RSI,38.6892
2024-03-27,NVDA,RSI,35.3659
2024-03-28,NVDA,RSI,38.4705
2024-03-29,NVDA,RSI,47.9538
2024-04-01,NVDA,RSI,48.2284
2024-04-02,NVDA,RSI,57.7024
2024-04-03,NVDA,RSI,61.7935
2024-04-04,NVDA,RSI,65.9872
2024-04-05,NVDA,RSI,67.5111
2024-04-08,NVDA,RSI,75.8848
2024-04-09,NVDA,RSI,70.9224
2024-04-10,NVDA,RSI,67.8403
2024-04-11,NVDA,RSI,63.7649
2024-04-12,NVDA,RSI,69.6159
2024-04-15,NVDA,RSI,59.7802
2024-04-16,NVDA,RSI,67.7673
2024-04-17,NVDA,RSI,66.0752
2024-04-18,NVDA,RSI,64.5498
2024-04-19,NVDA,RSI,62.4726
2024-04-22,NVDA,RSI,50.748
2024-04-23,NVDA,RSI,45.5245
2024-04-24,NVDA,RSI,55.771
2024-04-25,NVDA,RSI,59.1325
2024-04-26,NVDA,RSI,58.1385
2024-04-29,NVDA,RSI,62.2318
2024-04-30,NVDA,RSI,58.8772
2024-05-01,NVDA,RSI,62.8002
2024-05-02,NVDA,RSI,60.4891
2024-05-03,NVDA,RSI,68.5589
2024-05-06,NVDA,RSI,57.9721
2024-05-07,NVDA,RSI,50.0361
2024-05-08,NVDA,RSI,52.9328
2024-05-09,NVDA,RSI,52.0891
2024-05-10,NVDA,RSI,53.8321
2024-05-13,NVDA,RSI,43.6931
2024-05-14,NVDA,RSI,33.1835
2024-05-15,NVDA,RSI,34.7479
2024-05-16,NVDA,RSI,28.0592
2024-05-17,NVDA,RSI,30.0846
2024-05-20,NVDA,RSI,32.8329
2024-05-21,NVDA,RSI,38.4511
2024-05-22,NVDA,RSI,39.889
2024-05-23,NVDA,RSI,31.3425
2024-05-24,NVDA,RSI,29.4397
2024-05-27,NVDA,RSI,30.9415
2024-05-28,NVDA,RSI,23.4566
2024-05-29,NVDA,RSI,32.3793
2024-05-30,NVDA,RSI,31.1911
2024-05-31,NVDA,RSI,40.5249
2024-06-03,NVDA,RSI,38.9351
2024-06-04,NVDA,RSI,34.5101
2024-06-05,NVDA,RSI,50.5466
2024-06-06,NVDA,RSI,33.5692
2024-06-07,NVDA,RSI,33.472
2024-06-10,NVDA,RSI,33.309
2024-06-11,NVDA,RSI,34.0964
2024-06-12,NVDA,RSI,37.5255
2024-06-13,NVDA,RSI,48.281
2024-06-14,NVDA,RSI,47.5577
2024-06-17,NVDA,RSI,46.7041
2024-06-18,NVDA,RSI,46.5154
2024-06-19,NVDA,RSI,51.091
2024-06-20,NVDA,RSI,52.6454
2024-06-21,NVDA,RSI,58.0597
2024-06-24,NVDA,RSI,61.1863
2024-06-25,NVDA,RSI,54.0105
2024-06-26,NVDA,RSI,81.117
2024-06-27,NVDA,RSI,82.6762
2024-06-28,NVDA,RSI,74.9817
2024-07-01,NVDA,RSI,83.0508
2024-07-02,NVDA,RSI,71.8752
2024-07-03,NVDA,RSI,66.7063
2024-07-04,NVDA,RSI,71.9648
2024-07-05,NVDA,RSI,68.0137
2024-07-08,NVDA,RSI,68.0448
2024-07-09,NVDA,RSI,66.9936
2024-07-10,NVDA,RSI,72.0072
2024-07-11,NVDA,RSI,72.2021
2024-07-12,NVDA,RSI,67.9843
2024-07-15,NVDA,RSI,69.1701
2024-07-16,NVDA,RSI,69.1266
2024-07-17,NVDA,RSI,73.9281
2024-07-18,NVDA,RSI,77.387
2024-07-19,NVDA,RSI,73.362
2024-07-22,NVDA,RSI,80.6211
2024-07-23,NVDA,RSI,82.184
2024-07-24,NVDA,RSI,69.215
2024-07-25,NVDA,RSI,74.5922
2024-07-26,NVDA,RSI,62.6136
2024-07-29,NVDA,RSI,55.5933
2024-07-30,NVDA,RSI,53.026
2024-07-31,NVDA,RSI,49.4932
2024-08-01,NVDA,RSI,46.0271
2024-08-02,NVDA,RSI,43.6356
2024-08-05,NVDA,RSI,40.4174
2024-08-06,NVDA,RSI,20.8221
2024-08-07,NVDA,RSI,15.5409
2024-08-08,NVDA,RSI,13.8882
2024-08-09,NVDA,RSI,12.2416
2024-08-12,NVDA,RSI,9.3258
2024-08-13,NVDA,RSI,9.8995
2024-08-14,NVDA,RSI,9.411
2024-08-15,NVDA,RSI,16.6236
2024-08-16,NVDA,RSI,30.8531
2024-08-19,NVDA,RSI,30.4421
2024-08-20,NVDA,RSI,28.7201
2024-08-21,NVDA,RSI,32.2291
2024-08-22,NVDA,RSI,32.5075
2024-08-23,NVDA,RSI,31.5456
2024-08-26,NVDA,RSI,38.2211
2024-08-27,NVDA,RSI,52.5649
2024-08-28,NVDA,RSI,50.9364
2024-08-29,NVDA,RSI,61.7466
2024-08-30,NVDA,RSI,62.9425
2024-09-02,NVDA,RSI,64.9983
2024-09-03,NVDA,RSI,70.9631
2024-09-04,NVDA,RSI,72.9863
2024-09-05,NVDA,RSI,69.7351
2024-09-06,NVDA,RSI,68.7923
2024-09-09,NVDA,RSI,74.5074
2024-09-10,NVDA,RSI,76.3794
2024-09-11,NVDA,RSI,77.7263
2024-09-12,NVDA,RSI,82.9064
2024-09-13,NVDA,RSI,76.9183
2024-09-16,NVDA,RSI,61.6582
2024-09-17,NVDA,RSI,74.2536
2024-09-18,NVDA,RSI,64.8456
2024-09-19,NVDA,RSI,64.8915
2024-09-20,NVDA,RSI,64.4035
2024-09-23,NVDA,RSI,61.0683
2024-09-24,NVDA,RSI,52.5013
2024-09-25,NVDA,RSI,53.2366
2024-09-26,NVDA,RSI,53.5095
2024-09-27,NVDA,RSI,52.648
2024-09-30,NVDA,RSI,50.7623
2024-10-01,NVDA,RSI,46.4558
2024-10-02,NVDA,RSI,39.0678
2024-10-03,NVDA,RSI,47.7044
2024-10-04,NVDA,RSI,54.0505
2024-10-07,NVDA,RSI,40.2933
2024-10-08,NVDA,RSI,52.5651
2024-10-09,NVDA,RSI,56.1843
2024-10-10,NVDA,RSI,54.8472
2024-10-11,NVDA,RSI,54.8434
2024-10-14,NVDA,RSI,65.7483
2024-10-15,NVDA,RSI,66.3891
2024-10-16,NVDA,RSI,65.5056
2024-10-17,NVDA,RSI,53.9839
2024-10-18,NVDA,RSI,52.2728
2024-10-21,NVDA,RSI,53.5821
2024-10-22,NVDA,RSI,50.4442
2024-10-23,NVDA,RSI,39.9511
2024-10-24,NVDA,RSI,47.4836
2024-10-25,NVDA,RSI,57.5474
2024-10-28,NVDA,RSI,46.4808
2024-10-29,NVDA,RSI,42.2594
2024-10-30,NVDA,RSI,48.2182
2024-10-31,NVDA,RSI,48.6459
2024-11-01,NVDA,RSI,45.5947
2024-11-04,NVDA,RSI,40.054
2024-11-05,NVDA,RSI,42.0609
2024-11-06,NVDA,RSI,41.3585
2024-11-07,NVDA,RSI,43.0232
2024-11-08,NVDA,RSI,36.397
2024-11-11,NVDA,RSI,43.8297
2024-11-12,NVDA,RSI,45.9907
2024-11-13,NVDA,RSI,44.7349
2024-11-14,NVDA,RSI,39.2532
2024-11-15,NVDA,RSI,37.151
2024-11-18,NVDA,RSI,47.504
2024-11-19,NVDA,RSI,45.7657
2024-11-20,NVDA,RSI,51.0347
2024-11-21,NVDA,RSI,45.1231
2024-11-22,NVDA,RSI,47.9886
2024-11-25,NVDA,RSI,40.2934
2024-11-26,NVDA,RSI,46.3268
2024-11-27,NVDA,RSI,39.937
2024-11-28,NVDA,RSI,66.5593
2024-11-29,NVDA,RSI,65.9858
2024-12-02,NVDA,RSI,69.3336
2024-12-03,NVDA,RSI,67.2208
2024-12-04,NVDA,RSI,67.6816
2024-12-05,NVDA,RSI,77.8037
2024-12-06,NVDA,RSI,69.2335
2024-12-09,NVDA,RSI,65.0865
2024-12-10,NVDA,RSI,65.8345
2024-12-11,NVDA,RSI,68.3937
2024-12-12,NVDA,RSI,64.1498
2024-12-13,NVDA,RSI,66.8722
2024-12-16,NVDA,RSI,60.9302
2024-12-17,NVDA,RSI,56.7405
2024-12-18,NVDA,RSI,34.656
2024-12-19,NVDA,RSI,31.6382
2024-12-20,NVDA,RSI,27.207
2024-12-23,NVDA,RSI,40.192
2024-12-24,NVDA,RSI,38.1431
2024-12-25,NVDA,RSI,30.1571
2024-12-26,NVDA,RSI,32.9162
2024-12-27,NVDA,RSI,38.4798
2024-12-30,NVDA,RSI,38.4113
2024-12-31,NVDA,RSI,43.4821
2025-01-01,NVDA,RSI,48.7052
2025-01-02,NVDA,RSI,51.6867
2025-01-03,NVDA,RSI,60.1576
2025-01-06,NVDA,RSI,63.8929
2025-01-07,NVDA,RSI,61.4504
2025-01-08,NVDA,RSI,67.0625
2025-01-09,NVDA,RSI,65.3472
2025-01-10,NVDA,RSI,59.9061
2025-01-13,NVDA,RSI,47.8232
2025-01-14,NVDA,RSI,57.3582
2025-01-15,NVDA,RSI,60.601
2025-01-16,NVDA,RSI,53.1269
2025-01-17,NVDA,RSI,49.1276
2025-01-20,NVDA,RSI,46.9004
2025-01-21,NVDA,RSI,41.2083
2025-01-22,NVDA,RSI,42.5567
2025-01-23,NVDA,RSI,43.4527
2025-01-24,NVDA,RSI,48.1352
2025-01-27,NVDA,RSI,49.6495
2025-01-28,NVDA,RSI,38.7525
2025-01-29,NVDA,RSI,38.5578
2025-01-30,NVDA,RSI,35.4071
2025-01-31,NVDA,RSI,44.0377
2025-02-03,NVDA,RSI,34.3164
2025-02-04,NVDA,RSI,21.1601
2025-02-05,NVDA,RSI,30.9547
2025-02-06,NVDA,RSI,36.1024
2025-02-07,NVDA,RSI,37.5062
2025-02-10,NVDA,RSI,45.5216
2025-02-11,NVDA,RSI,41.2041
2025-02-12,NVDA,RSI,31.133
2025-02-13,NVDA,RSI,25.2335
2025-02-14,NVDA,RSI,41.7835
2025-02-17,NVDA,RSI,47.0978
2025-02-18,NVDA,RSI,39.7403
2025-02-19,NVDA,RSI,40.6619
2025-02-20,NVDA,RSI,34.3332
2025-02-21,NVDA,RSI,36.4825
2025-02-24,NVDA,RSI,44.0757
2025-02-25,NVDA,RSI,37.1996
2025-02-26,NVDA,RSI,29.9036
2025-02-27,NVDA,RSI,29.7851
2025-02-28,NVDA,RSI,26.192
2025-03-03,NVDA,RSI,22.6153
2025-03-04,NVDA,RSI,31.0751
2025-03-05,NVDA,RSI,31.5612
2025-03-06,NVDA,RSI,18.5251
2025-03-07,NVDA,RSI,26.5019
2025-03-10,NVDA,RSI,36.6312
2025-03-11,NVDA,RSI,35.519
2025-03-12,NVDA,RSI,38.5523
2025-03-13,NVDA,RSI,34.5386
2025-03-14,NVDA,RSI,32.5917
2025-03-17,NVDA,RSI,39.7685
2025-03-18,NVDA,RSI,48.1153
2025-03-19,NVDA,RSI,46.5434
2025-03-20,NVDA,RSI,49.3414
2025-03-21,NVDA,RSI,56.5521
2025-03-24,NVDA,RSI,48.0184
2025-03-25,NVDA,RSI,45.8947
2025-03-26,NVDA,RSI,52.5795
2025-03-27,NVDA,RSI,50.7566
2025-03-28,NVDA,RSI,43.3741
2025-03-31,NVDA,RSI,50.905
2025-04-01,NVDA,RSI,55.1722
2025-04-02,NVDA,RSI,60.6281
2025-04-03,NVDA,RSI,61.8912
2025-04-04,NVDA,RSI,62.2453
2025-04-07,NVDA,RSI,59.0102
2025-04-08,NVDA,RSI,57.8512
2025-04-09,NVDA,RSI,54.8349
2025-04-10,NVDA,RSI,48.6247
2025-04-11,NVDA,RSI,42.22
2025-04-14,NVDA,RSI,46.6369
2025-04-15,NVDA,RSI,43.9091
2025-04-16,NVDA,RSI,41.5557
2025-04-17,NVDA,RSI,43.2569
2025-04-18,NVDA,RSI,32.2592
2025-04-21,NVDA,RSI,24.6915
2025-04-22,NVDA,RSI,27.3614
2025-04-23,NVDA,RSI,29.297
2025-04-24,NVDA,RSI,25.6978
2025-04-25,NVDA,RSI,21.9318
2025-04-28,NVDA,RSI,29.8512
2025-04-29,NVDA,RSI,27.8521
2025-04-30,NVDA,RSI,31.2707
2025-05-01,NVDA,RSI,42.4181
2025-05-02,NVDA,RSI,49.6357
2025-05-05,NVDA,RSI,53.176
2025-05-06,NVDA,RSI,52.9214
2025-05-07,NVDA,RSI,55.3825
2025-05-08,NVDA,RSI,57.1747
2025-05-09,NVDA,RSI,88.9708
2025-05-12,NVDA,RSI,68.3221
2025-05-13,NVDA,RSI,62.3379
2025-05-14,NVDA,RSI,65.7581
2025-05-15,NVDA,RSI,60.9801
2025-05-16,NVDA,RSI,55.4077
2025-05-19,NVDA,RSI,65.259
2025-05-20,NVDA,RSI,64.634
2025-05-21,NVDA,RSI,58.2989
2025-05-22,NVDA,RSI,60.564
2025-05-23,NVDA,RSI,57.295
2025-05-26,NVDA,RSI,54.0156
2025-05-27,NVDA,RSI,43.6522
2025-05-28,NVDA,RSI,43.9138
2025-05-29,NVDA,RSI,42.7148
2025-05-30,NVDA,RSI,48.1821
2025-06-02,NVDA,RSI,45.3498
2025-06-03,NVDA,RSI,34.392
2025-06-04,NVDA,RSI,34.7596
2025-06-05,NVDA,RSI,34.1922
2025-06-06,NVDA,RSI,21.8631
2025-06-09,NVDA,RSI,33.8587
2025-06-10,NVDA,RSI,38.8874
2025-06-11,NVDA,RSI,25.0918
2025-06-12,NVDA,RSI,26.4433
2025-06-13,NVDA,RSI,26.9585
2025-06-16,NVDA,RSI,42.3726
2025-06-17,NVDA,RSI,42.2593
2025-06-18,NVDA,RSI,36.694
2025-06-19,NVDA,RSI,49.8239
2025-06-20,NVDA,RSI,50.9293
2025-06-23,NVDA,RSI,57.1248
2025-06-24,NVDA,RSI,60.9327
2025-06-25,NVDA,RSI,59.3207
2025-06-26,NVDA,RSI,58.4187
2025-06-27,NVDA,RSI,57.4403
2025-06-30,NVDA,RSI,58.1951
2025-07-01,NVDA,RSI,72.253
2025-07-02,NVDA,RSI,74.6982
2025-07-03,NVDA,RSI,75.7916
2025-07-04,NVDA,RSI,64.6662
2025-07-07,NVDA,RSI,56.3506
2025-07-08,NVDA,RSI,62.309
2025-07-09,NVDA,RSI,57.093
2025-07-10,NVDA,RSI,63.2992
2025-07-11,NVDA,RSI,66.8357
2025-07-14,NVDA,RSI,60.547
2025-07-15,NVDA,RSI,51.5755
2025-07-16,NVDA,RSI,47.7844
2025-07-17,NVDA,RSI,41.586
2025-07-18,NVDA,RSI,40.1605
2025-07-21,NVDA,RSI,42.8957
2025-07-22,NVDA,RSI,42.5429
2025-07-23,NVDA,RSI,35.0906
2025-07-24,NVDA,RSI,46.1765
2025-07-25,NVDA,RSI,49.3437
2025-07-28,NVDA,RSI,48.4193
2025-07-29,NVDA,RSI,49.4125
2025-07-30,NVDA,RSI,49.1922
2025-07-31,NVDA,RSI,42.459
2025-08-01,NVDA,RSI,42.4917
2025-08-04,NVDA,RSI,46.5265
2025-08-05,NVDA,RSI,52.4258
2025-08-06,NVDA,RSI,49.2422
2025-08-07,NVDA,RSI,54.0135
2025-08-08,NVDA,RSI,50.0135
2025-08-11,NVDA,RSI,54.0196
2025-08-12,NVDA,RSI,62.6991
2025-08-13,NVDA,RSI,50.5178
2025-08-14,NVDA,RSI,54.9518
2025-08-15,NVDA,RSI,48.2423
2025-08-18,NVDA,RSI,50.3051
2025-08-19,NVDA,RSI,56.3547
2025-08-20,NVDA,RSI,61.2931
2025-08-21,NVDA,RSI,70.7184
2025-08-22,NVDA,RSI,79.5931
2025-08-25,NVDA,RSI,76.8511
2025-08-26,NVDA,RSI,86.4841
2025-08-27,NVDA,RSI,85.7471
2025-08-28,NVDA,RSI,81.1221
2025-08-29,NVDA,RSI,74.1951
2025-09-01,NVDA,RSI,76.3525
2025-09-02,NVDA,RSI,82.3715
2025-09-03,NVDA,RSI,81.7193
2025-09-04,NVDA,RSI,83.4135
2025-09-05,NVDA,RSI,80.6461
2025-09-08,NVDA,RSI,74.4508
2025-09-09,NVDA,RSI,61.3363
2025-09-10,NVDA,RSI,58.9665
2025-09-11,NVDA,RSI,47.7782
2025-09-12,NVDA,RSI,51.5491
2025-09-15,NVDA,RSI,41.0013
2025-09-16,NVDA,RSI,41.3697
2025-09-17,NVDA,RSI,43.1372
2025-09-18,NVDA,RSI,40.2115
2025-09-19,NVDA,RSI,47.6152
2025-09-22,NVDA,RSI,35.3535
2025-09-23,NVDA,RSI,35.5868
2025-09-24,NVDA,RSI,44.3052
2025-09-25,NVDA,RSI,41.7192
2025-09-26,NVDA,RSI,42.8592
2025-09-29,NVDA,RSI,46.5827
2025-09-30,NVDA,RSI,42.2282
2025-10-01,NVDA,RSI,47.9133
2025-10-02,NVDA,RSI,53.3642
2025-10-03,NVDA,RSI,51.948
2025-10-06,NVDA,RSI,54.7515
2025-10-07,NVDA,RSI,63.9659
2025-10-08,NVDA,RSI,71.7693
2025-10-09,NVDA,RSI,62.3742
2025-10-10,NVDA,RSI,68.1245
2025-10-13,NVDA,RSI,66.5913
2025-10-14,NVDA,RSI,68.8581
2025-10-15,NVDA,RSI,74.0092
2025-10-16,NVDA,RSI,78.6753
2025-10-17,NVDA,RSI,82.345
2025-10-20,NVDA,RSI,82.208
2025-10-21,NVDA,RSI,79.4358
2025-10-22,NVDA,RSI,75.0256
2025-10-23,NVDA,RSI,82.3959
2025-10-24,NVDA,RSI,72.5863
2025-10-27,NVDA,RSI,70.7909
2025-10-28,NVDA,RSI,74.8665
2025-10-29,NVDA,RSI,75.9598
2025-10-30,NVDA,RSI,79.1941
2025-10-31,NVDA,RSI,82.0578
2025-11-03,NVDA,RSI,80.8681
2025-11-04,NVDA,RSI,76.3352
2025-11-05,NVDA,RSI,72.1588
2025-11-06,NVDA,RSI,70.9553
2025-11-07,NVDA,RSI,76.4696
2025-11-10,NVDA,RSI,78.7034
2025-11-11,NVDA,RSI,79.0521
2025-11-12,NVDA,RSI,68.8486
2025-11-13,NVDA,RSI,66.8906
2025-11-14,NVDA,RSI,60.1635
2025-11-17,NVDA,RSI,56.247
2025-11-18,NVDA,RSI,51.8647
2025-11-19,NVDA,RSI,43.287
2025-11-20,NVDA,RSI,31.0338
2025-11-21,NVDA,RSI,33.3946
2025-11-24,NVDA,RSI,36.0661
2025-11-25,NVDA,RSI,38.183
2025-11-26,NVDA,RSI,35.2877
2025-11-27,NVDA,RSI,29.155
2025-11-28,NVDA,RSI,37.3418
2025-12-01,NVDA,RSI,38.3046
2025-12-02,NVDA,RSI,40.7491
2025-12-03,NVDA,RSI,47.2813
2025-12-04,NVDA,RSI,53.5808
2025-12-05,NVDA,RSI,55.6324
2025-12-08,NVDA,RSI,65.4773
2025-12-09,NVDA,RSI,72.1098
2025-12-10,NVDA,RSI,79.1564
2025-12-11,NVDA,RSI,78.5346
2025-12-12,NVDA,RSI,74.8073
2025-12-15,NVDA,RSI,58.7444
2025-12-16,NVDA,RSI,61.466
2025-12-17,NVDA,RSI,55.1157
2025-12-18,NVDA,RSI,50.0473
2025-12-19,NVDA,RSI,53.405
2025-12-22,NVDA,RSI,56.4928
2025-12-23,NVDA,RSI,61.6652
2025-12-24,NVDA,RSI,56.6704
2025-12-25,NVDA,RSI,45.1362
2025-12-26,NVDA,RSI,43.4307
2025-12-29,NVDA,RSI,36.9788
2025-12-30,NVDA,RSI,36.0178
2025-12-31,NVDA,RSI,30.0697
2026-01-01,NVDA,RSI,29.4317
2026-01-02,NVDA,RSI,35.1607
2026-01-05,NVDA,RSI,44.6375
2026-01-06,NVDA,RSI,47.475
2026-01-07,NVDA,RSI,45.2364
2026-01-08,NVDA,RSI,48.5358
2026-01-09,NVDA,RSI,46.4689
2026-01-12,NVDA,RSI,31.3225
2026-01-13,NVDA,RSI,29.3866
2026-01-14,NVDA,RSI,35.5038
2026-01-15,NVDA,RSI,28.7983
2026-01-16,NVDA,RSI,27.5275
2026-01-19,NVDA,RSI,29.4587
2026-01-20,NVDA,RSI,36.3236
2026-01-21,NVDA,RSI,44.8667
2026-01-22,NVDA,RSI,50.1646
2026-01-23,NVDA,RSI,43.3504
2026-01-26,NVDA,RSI,40.5474
2026-01-27,NVDA,RSI,43.4824
2026-01-28,NVDA,RSI,44.0709
2026-01-29,NVDA,RSI,45.9919
2026-01-30,NVDA,RSI,49.5074
2026-02-02,NVDA,RSI,55.7207
2026-02-03,NVDA,RSI,54.6235
2026-02-04,NVDA,RSI,67.6989
2026-02-05,NVDA,RSI,70.3866
2026-02-06,NVDA,RSI,74.6531
2026-02-09,NVDA,RSI,73.2124
2026-02-10,NVDA,RSI,69.998
2026-02-11,NVDA,RSI,57.1738
2026-02-12,NVDA,RSI,56.1152
2026-02-13,NVDA,RSI,56.3444
2026-02-16,NVDA,RSI,53.5652
2026-02-17,NVDA,RSI,34.7147
2026-02-18,NVDA,RSI,44.3515
2026-02-19,NVDA,RSI,48.8882
2026-02-20,NVDA,RSI,40.364
2026-02-23,NVDA,RSI,36.013
2026-02-24,NVDA,RSI,39.6965
2026-02-25,NVDA,RSI,42.2257
2026-02-26,NVDA,RSI,37.9948
2026-02-27,NVDA,RSI,41.1472
2026-03-02,NVDA,RSI,38.3138
2026-03-03,NVDA,RSI,38.1252
2026-03-04,NVDA,RSI,34.8091
2026-03-05,NVDA,RSI,40.1161
2026-03-06,NVDA,RSI,49.4576
2026-03-09,NVDA,RSI,55.287
2026-03-10,NVDA,RSI,48.9776
2026-03-11,NVDA,RSI,47.2381
2026-03-12,NVDA,RSI,54.9374
2026-03-13,NVDA,RSI,51.3705
2026-03-16,NVDA,RSI,45.9667
2026-03-17,NVDA,RSI,49.626
2026-03-18,NVDA,RSI,58.5069
2026-03-19,NVDA,RSI,58.5724
2026-03-20,NVDA,RSI,65.2166
2026-03-23,NVDA,RSI,74.8849
2026-03-24,NVDA,RSI,82.8512
2026-03-25,NVDA,RSI,82.2012
2026-03-26,NVDA,RSI,80.1272
2026-03-27,NVDA,RSI,67.7767
2026-03-30,NVDA,RSI,69.9658
2026-03-31,NVDA,RSI,72.3798
2026-04-01,NVDA,RSI,70.7398
2026-04-02,NVDA,RSI,71.9958
2026-04-03,NVDA,RSI,75.0235
2026-04-06,NVDA,RSI,74.8896
2026-04-07,NVDA,RSI,75.3366
2026-04-08,NVDA,RSI,75.0322
2026-04-09,NVDA,RSI,74.542
2026-04-10,NVDA,RSI,73.9823
2026-04-13,NVDA,RSI,66.7643
2026-04-14,NVDA,RSI,63.8774
2026-04-15,NVDA,RSI,60.6941
2026-04-16,NVDA,RSI,63.8541
2026-04-17,NVDA,RSI,68.2884
2026-04-20,NVDA,RSI,67.1227
2026-04-21,NVDA,RSI,69.6209
2026-04-22,NVDA,RSI,69.7758
2026-04-23,NVDA,RSI,68.3916
2026-04-24,NVDA,RSI,65.1947
2026-04-27,NVDA,RSI,64.3121
2026-04-28,NVDA,RSI,58.4107
2026-04-29,NVDA,RSI,58.5189
2026-04-30,NVDA,RSI,57.9014
2026-05-01,NVDA,RSI,58.9061
2026-05-04,NVDA,RSI,66.2325
2026-05-05,NVDA,RSI,71.4776
2026-05-06,NVDA,RSI,77.8561
2026-05-07,NVDA,RSI,67.8213
2026-05-08,NVDA,RSI,69.8876
2026-05-11,NVDA,RSI,68.987
2026-05-12,NVDA,RSI,77.1256
2026-05-13,NVDA,RSI,75.615
2026-05-14,NVDA,RSI,78.3517
2026-05-15,NVDA,RSI,68.2285
2026-05-18,NVDA,RSI,62.1945
2026-05-19,NVDA,RSI,47.9717
2026-05-20,NVDA,RSI,44.7779
2026-05-21,NVDA,RSI,37.8009
2026-05-22,NVDA,RSI,33.7792
2026-05-25,NVDA,RSI,29.4157
2026-05-26,NVDA,RSI,25.0272
2026-05-27,NVDA,RSI,34.6234
2026-05-28,NVDA,RSI,28.0805
2026-05-29,NVDA,RSI,30.4195
2026-06-01,NVDA,RSI,25.1843
2026-06-02,NVDA,RSI,20.9097
2026-06-03,NVDA,RSI,20.6454
2026-06-04,NVDA,RSI,24.2904
2026-06-05,NVDA,RSI,32.3037
2026-06-08,NVDA,RSI,36.8408
2026-06-09,NVDA,RSI,36.4415
2026-06-10,NVDA,RSI,50.237
2026-06-11,NVDA,RSI,45.8751
2026-06-12,NVDA,RSI,46.2637
2026-06-15,NVDA,RSI,42.6515
2026-06-16,NVDA,RSI,31.0116
2026-06-17,NVDA,RSI,30.3762
2026-06-18,NVDA,RSI,32.0661
2026-06-19,NVDA,RSI,36.3761
2026-06-22,NVDA,RSI,50.2797
2026-06-23,NVDA,RSI,46.28
2026-06-24,NVDA,RSI,41.4055
2026-06-25,NVDA,RSI,36.8719
2026-06-26,NVDA,RSI,35.1223
2026-06-29,NVDA,RSI,31.74
2026-06-30,NVDA,RSI,20.1585
2026-07-01,NVDA,RSI,25.2971
2026-07-02,NVDA,RSI,21.0239
2026-07-03,NVDA,RSI,21.6712
2026-07-06,NVDA,RSI,36.2442
2026-07-07,NVDA,RSI,35.6266
2026-07-08,NVDA,RSI,29.6796
2026-07-09,NVDA,RSI,29.2938
2026-07-10,NVDA,RSI,31.2254
2026-07-13,NVDA,RSI,41.3903
2026-07-14,NVDA,RSI,49.0261
2026-07-15,NVDA,RSI,52.8912
2026-07-16,NVDA,RSI,53.1124
2026-07-17,NVDA,RSI,59.9835
2026-07-20,NVDA,RSI,70.8233
2026-07-21,NVDA,RSI,60.9646
2026-07-22,NVDA,RSI,59.5906
2026-07-23,NVDA,RSI,64.4005
2026-07-24,NVDA,RSI,56.3701
2026-07-27,NVDA,RSI,60.4261
2026-07-28,NVDA,RSI,64.5656
2026-07-29,NVDA,RSI,70.7187
2026-07-30,NVDA,RSI,69.8773
2026-07-31,NVDA,RSI,64.7232
2026-08-03,NVDA,RSI,54.9647
2026-08-04,NVDA,RSI,40.3952
2026-08-05,NVDA,RSI,42.7127
2026-08-06,NVDA,RSI,27.6585
2026-08-07,NVDA,RSI,27.9743
2026-08-10,NVDA,RSI,26.686
2026-08-11,NVDA,RSI,23.8982
2026-08-12,NVDA,RSI,24.8879
2026-08-13,NVDA,RSI,22.8913
2026-08-14,NVDA,RSI,21.2889
2026-08-17,NVDA,RSI,15.5792
2026-08-18,NVDA,RSI,11.0017
2026-08-19,NVDA,RSI,5.5973
2026-08-20,NVDA,RSI,6.0875
2026-08-21,NVDA,RSI,11.1444
2022-01-03,TSLA,RSI,50.0
2022-01-04,TSLA,RSI,50.0
2022-01-05,TSLA,RSI,50.0
2022-01-06,TSLA,RSI,50.0
2022-01-07,TSLA,RSI,50.0
2022-01-10,TSLA,RSI,50.0
2022-01-11,TSLA,RSI,50.0
2022-01-12,TSLA,RSI,50.0
2022-01-13,TSLA,RSI,50.0
2022-01-14,TSLA,RSI,50.0
2022-01-17,TSLA,RSI,50.0
2022-01-18,TSLA,RSI,50.0
2022-01-19,TSLA,RSI,50.0
2022-01-20,TSLA,RSI,50.0
2022-01-21,TSLA,RSI,52.6181
2022-01-24,TSLA,RSI,48.3211
2022-01-25,TSLA,RSI,50.5485
2022-01-26,TSLA,RSI,38.4513
2022-01-27,TSLA,RSI,50.3833
2022-01-28,TSLA,RSI,54.6262
2022-01-31,TSLA,RSI,57.4919
2022-02-01,TSLA,RSI,56.8998
2022-02-02,TSLA,RSI,54.2137
2022-02-03,TSLA,RSI,60.9519
2022-02-04,TSLA,RSI,62.8501
2022-02-07,TSLA,RSI,65.9374
2022-02-08,TSLA,RSI,54.0345
2022-02-09,TSLA,RSI,57.462
2022-02-10,TSLA,RSI,61.1918
2022-02-11,TSLA,RSI,73.0778
2022-02-14,TSLA,RSI,66.1846
2022-02-15,TSLA,RSI,70.1389
2022-02-16,TSLA,RSI,67.4408
2022-02-17,TSLA,RSI,63.1907
2022-02-18,TSLA,RSI,61.5954
2022-02-21,TSLA,RSI,66.3259
2022-02-22,TSLA,RSI,68.5391
2022-02-23,TSLA,RSI,69.5134
2022-02-24,TSLA,RSI,69.6753
2022-02-25,TSLA,RSI,73.7337
2022-02-28,TSLA,RSI,74.5309
2022-03-01,TSLA,RSI,67.6202
2022-03-02,TSLA,RSI,70.7714
2022-03-03,TSLA,RSI,71.8345
2022-03-04,TSLA,RSI,83.5856
2022-03-07,TSLA,RSI,83.9893
2022-03-08,TSLA,RSI,83.5061
2022-03-09,TSLA,RSI,83.7999
2022-03-10,TSLA,RSI,84.1297
2022-03-11,TSLA,RSI,77.6652
2022-03-14,TSLA,RSI,79.4877
2022-03-15,TSLA,RSI,81.2851
2022-03-16,TSLA,RSI,82.6319
2022-03-17,TSLA,RSI,84.7544
2022-03-18,TSLA,RSI,91.8243
2022-03-21,TSLA,RSI,88.6454
2022-03-22,TSLA,RSI,86.4509
2022-03-23,TSLA,RSI,78.939
2022-03-24,TSLA,RSI,76.7321
2022-03-25,TSLA,RSI,52.2415
2022-03-28,TSLA,RSI,46.3185
2022-03-29,TSLA,RSI,45.6821
2022-03-30,TSLA,RSI,55.0605
2022-03-31,TSLA,RSI,57.7858
2022-04-01,TSLA,RSI,54.8843
2022-04-04,TSLA,RSI,44.5833
2022-04-05,TSLA,RSI,47.9036
2022-04-06,TSLA,RSI,41.5661
2022-04-07,TSLA,RSI,51.7033
2022-04-08,TSLA,RSI,50.1227
2022-04-11,TSLA,RSI,54.1485
2022-04-12,TSLA,RSI,56.9439
2022-04-13,TSLA,RSI,53.6266
2022-04-14,TSLA,RSI,70.5448
2022-04-15,TSLA,RSI,76.5827
2022-04-18,TSLA,RSI,75.3497
2022-04-19,TSLA,RSI,69.6698
2022-04-20,TSLA,RSI,66.8779
2022-04-21,TSLA,RSI,67.4755
2022-04-22,TSLA,RSI,65.4443
2022-04-25,TSLA,RSI,46.0384
2022-04-26,TSLA,RSI,42.5205
2022-04-27,TSLA,RSI,31.7562
2022-04-28,TSLA,RSI,31.0834
2022-04-29,TSLA,RSI,24.7039
2022-05-02,TSLA,RSI,23.7996
2022-05-03,TSLA,RSI,23.6606
2022-05-04,TSLA,RSI,15.1266
2022-05-05,TSLA,RSI,10.8425
2022-05-06,TSLA,RSI,12.9771
2022-05-09,TSLA,RSI,23.521
2022-05-10,TSLA,RSI,25.1218
2022-05-11,TSLA,RSI,20.2543
2022-05-12,TSLA,RSI,20.5899
2022-05-13,TSLA,RSI,27.0891
2022-05-16,TSLA,RSI,34.7394
2022-05-17,TSLA,RSI,33.5163
2022-05-18,TSLA,RSI,34.6944
2022-05-19,TSLA,RSI,33.0841
2022-05-20,TSLA,RSI,34.398
2022-05-23,TSLA,RSI,36.9418
2022-05-24,TSLA,RSI,35.3832
2022-05-25,TSLA,RSI,29.9951
2022-05-26,TSLA,RSI,29.8671
2022-05-27,TSLA,RSI,13.8702
2022-05-30,TSLA,RSI,11.3198
2022-05-31,TSLA,RSI,23.7763
2022-06-01,TSLA,RSI,42.1305
2022-06-02,TSLA,RSI,38.4743
2022-06-03,TSLA,RSI,33.1504
2022-06-06,TSLA,RSI,40.109
2022-06-07,TSLA,RSI,38.2916
2022-06-08,TSLA,RSI,35.4121
2022-06-09,TSLA,RSI,33.5202
2022-06-10,TSLA,RSI,35.8684
2022-06-13,TSLA,RSI,36.9237
2022-06-14,TSLA,RSI,35.0379
2022-06-15,TSLA,RSI,27.1116
2022-06-16,TSLA,RSI,31.1966
2022-06-17,TSLA,RSI,40.9992
2022-06-20,TSLA,RSI,34.619
2022-06-21,TSLA,RSI,29.0896
2022-06-22,TSLA,RSI,29.8185
2022-06-23,TSLA,RSI,32.4763
2022-06-24,TSLA,RSI,28.3991
2022-06-27,TSLA,RSI,31.3028
2022-06-28,TSLA,RSI,33.1532
2022-06-29,TSLA,RSI,31.7502
2022-06-30,TSLA,RSI,36.7099
2022-07-01,TSLA,RSI,34.2185
2022-07-04,TSLA,RSI,34.219
2022-07-05,TSLA,RSI,41.8536
2022-07-06,TSLA,RSI,37.3689
2022-07-07,TSLA,RSI,30.7215
2022-07-08,TSLA,RSI,33.2456
2022-07-11,TSLA,RSI,34.9164
2022-07-12,TSLA,RSI,49.9127
2022-07-13,TSLA,RSI,48.4474
2022-07-14,TSLA,RSI,40.3097
2022-07-15,TSLA,RSI,40.9504
2022-07-18,TSLA,RSI,43.4334
2022-07-19,TSLA,RSI,50.8552
2022-07-20,TSLA,RSI,35.993
2022-07-21,TSLA,RSI,45.0195
2022-07-22,TSLA,RSI,43.1677
2022-07-25,TSLA,RSI,47.7419
2022-07-26,TSLA,RSI,45.6857
2022-07-27,TSLA,RSI,46.6044
2022-07-28,TSLA,RSI,42.2635
2022-07-29,TSLA,RSI,39.0543
2022-08-01,TSLA,RSI,23.6188
2022-08-02,TSLA,RSI,22.947
2022-08-03,TSLA,RSI,45.1345
2022-08-04,TSLA,RSI,42.1186
2022-08-05,TSLA,RSI,41.6996
2022-08-08,TSLA,RSI,36.1989
2022-08-09,TSLA,RSI,41.9035
2022-08-10,TSLA,RSI,39.6247
2022-08-11,TSLA,RSI,38.6383
2022-08-12,TSLA,RSI,42.1595
2022-08-15,TSLA,RSI,49.0817
2022-08-16,TSLA,RSI,41.9296
2022-08-17,TSLA,RSI,51.2239
2022-08-18,TSLA,RSI,49.1843
2022-08-19,TSLA,RSI,48.2119
2022-08-22,TSLA,RSI,47.3994
2022-08-23,TSLA,RSI,30.3707
2022-08-24,TSLA,RSI,38.3444
2022-08-25,TSLA,RSI,36.8619
2022-08-26,TSLA,RSI,46.7317
2022-08-29,TSLA,RSI,48.5241
2022-08-30,TSLA,RSI,47.5504
2022-08-31,TSLA,RSI,48.4725
2022-09-01,TSLA,RSI,49.1365
2022-09-02,TSLA,RSI,43.8904
2022-09-05,TSLA,RSI,45.8135
2022-09-06,TSLA,RSI,45.9225
2022-09-07,TSLA,RSI,50.967
2022-09-08,TSLA,RSI,52.1265
2022-09-09,TSLA,RSI,55.8846
2022-09-12,TSLA,RSI,52.7878
2022-09-13,TSLA,RSI,48.2103
2022-09-14,TSLA,RSI,54.4595
2022-09-15,TSLA,RSI,50.0953
2022-09-16,TSLA,RSI,43.948
2022-09-19,TSLA,RSI,42.4853
2022-09-20,TSLA,RSI,46.2383
2022-09-21,TSLA,RSI,43.1299
2022-09-22,TSLA,RSI,43.6432
2022-09-23,TSLA,RSI,43.4363
2022-09-26,TSLA,RSI,44.0266
2022-09-27,TSLA,RSI,40.9553
2022-09-28,TSLA,RSI,47.7584
2022-09-29,TSLA,RSI,52.6352
2022-09-30,TSLA,RSI,66.0543
2022-10-03,TSLA,RSI,58.1913
2022-10-04,TSLA,RSI,55.3325
2022-10-05,TSLA,RSI,58.9854
2022-10-06,TSLA,RSI,73.9603
2022-10-07,TSLA,RSI,69.6196
2022-10-10,TSLA,RSI,73.5717
2022-10-11,TSLA,RSI,67.8027
2022-10-12,TSLA,RSI,67.5901
2022-10-13,TSLA,RSI,75.8183
2022-10-14,TSLA,RSI,70.742
2022-10-17,TSLA,RSI,68.5859
2022-10-18,TSLA,RSI,64.0683
2022-10-19,TSLA,RSI,61.5627
2022-10-20,TSLA,RSI,63.221
2022-10-21,TSLA,RSI,64.4425
2022-10-24,TSLA,RSI,69.6429
2022-10-25,TSLA,RSI,62.1837
2022-10-26,TSLA,RSI,57.2429
2022-10-27,TSLA,RSI,65.1826
2022-10-28,TSLA,RSI,63.9011
2022-10-31,TSLA,RSI,60.5318
2022-11-01,TSLA,RSI,62.8862
2022-11-02,TSLA,RSI,65.8715
2022-11-03,TSLA,RSI,59.2906
2022-11-04,TSLA,RSI,56.0118
2022-11-07,TSLA,RSI,65.5864
2022-11-08,TSLA,RSI,64.8474
2022-11-09,TSLA,RSI,64.364
2022-11-10,TSLA,RSI,65.9731
2022-11-11,TSLA,RSI,66.831
2022-11-14,TSLA,RSI,62.1331
2022-11-15,TSLA,RSI,64.1671
2022-11-16,TSLA,RSI,58.0096
2022-11-17,TSLA,RSI,49.3946
2022-11-18,TSLA,RSI,48.5847
2022-11-21,TSLA,RSI,46.4618
2022-11-22,TSLA,RSI,35.5317
2022-11-23,TSLA,RSI,37.4639
2022-11-24,TSLA,RSI,37.5615
2022-11-25,TSLA,RSI,24.8268
2022-11-28,TSLA,RSI,23.5089
2022-11-29,TSLA,RSI,24.0178
2022-11-30,TSLA,RSI,23.618
2022-12-01,TSLA,RSI,10.5827
2022-12-02,TSLA,RSI,11.9895
2022-12-05,TSLA,RSI,7.2279
2022-12-06,TSLA,RSI,8.1205
2022-12-07,TSLA,RSI,8.5493
2022-12-08,TSLA,RSI,15.4105
2022-12-09,TSLA,RSI,13.9348
2022-12-12,TSLA,RSI,14.5136
2022-12-13,TSLA,RSI,15.6027
2022-12-14,TSLA,RSI,24.7866
2022-12-15,TSLA,RSI,30.9802
2022-12-16,TSLA,RSI,35.6571
2022-12-19,TSLA,RSI,39.6487
2022-12-20,TSLA,RSI,37.9082
2022-12-21,TSLA,RSI,57.7645
2022-12-22,TSLA,RSI,44.3498
2022-12-23,TSLA,RSI,46.8546
2022-12-26,TSLA,RSI,45.0753
2022-12-27,TSLA,RSI,50.7347
2022-12-28,TSLA,RSI,53.1111
2022-12-29,TSLA,RSI,60.3686
2022-12-30,TSLA,RSI,62.8101
2023-01-02,TSLA,RSI,65.1429
2023-01-03,TSLA,RSI,56.1053
2023-01-04,TSLA,RSI,49.7658
2023-01-05,TSLA,RSI,49.8677
2023-01-06,TSLA,RSI,46.1423
2023-01-09,TSLA,RSI,48.9435
2023-01-10,TSLA,RSI,47.6704
2023-01-11,TSLA,RSI,65.2722
2023-01-12,TSLA,RSI,55.7781
2023-01-13,TSLA,RSI,61.7028
2023-01-16,TSLA,RSI,52.5867
2023-01-17,TSLA,RSI,40.5514
2023-01-18,TSLA,RSI,35.147
2023-01-19,TSLA,RSI,32.967
2023-01-20,TSLA,RSI,26.2774
2023-01-23,TSLA,RSI,32.8793
2023-01-24,TSLA,RSI,37.4416
2023-01-25,TSLA,RSI,42.1212
2023-01-26,TSLA,RSI,45.7312
2023-01-27,TSLA,RSI,42.9393
2023-01-30,TSLA,RSI,41.0792
2023-01-31,TSLA,RSI,31.4796
2023-02-01,TSLA,RSI,37.0936
2023-02-02,TSLA,RSI,32.5627
2023-02-03,TSLA,RSI,46.4655
2023-02-06,TSLA,RSI,58.7574
2023-02-07,TSLA,RSI,59.8851
2023-02-08,TSLA,RSI,57.7623
2023-02-09,TSLA,RSI,72.0971
2023-02-10,TSLA,RSI,63.8137
2023-02-13,TSLA,RSI,60.4263
2023-02-14,TSLA,RSI,54.1511
2023-02-15,TSLA,RSI,47.8396
2023-02-16,TSLA,RSI,47.8298
2023-02-17,TSLA,RSI,43.9376
2023-02-20,TSLA,RSI,48.9291
2023-02-21,TSLA,RSI,41.969
2023-02-22,TSLA,RSI,42.0068
2023-02-23,TSLA,RSI,33.9517
2023-02-24,TSLA,RSI,27.6485
2023-02-27,TSLA,RSI,33.7944
2023-02-28,TSLA,RSI,33.0421
2023-03-01,TSLA,RSI,11.4882
2023-03-02,TSLA,RSI,18.8576
2023-03-03,TSLA,RSI,27.7204
2023-03-06,TSLA,RSI,30.8008
2023-03-07,TSLA,RSI,31.63
2023-03-08,TSLA,RSI,34.0213
2023-03-09,TSLA,RSI,32.5054
2023-03-10,TSLA,RSI,29.3411
2023-03-13,TSLA,RSI,38.8564
2023-03-14,TSLA,RSI,40.7726
2023-03-15,TSLA,RSI,44.4299
2023-03-16,TSLA,RSI,47.9351
2023-03-17,TSLA,RSI,45.8347
2023-03-20,TSLA,RSI,52.8776
2023-03-21,TSLA,RSI,49.8234
2023-03-22,TSLA,RSI,35.8258
2023-03-23,TSLA,RSI,24.8065
2023-03-24,TSLA,RSI,30.3779
2023-03-27,TSLA,RSI,42.1093
2023-03-28,TSLA,RSI,47.821
2023-03-29,TSLA,RSI,50.4642
2023-03-30,TSLA,RSI,57.479
2023-03-31,TSLA,RSI,50.6667
2023-04-03,TSLA,RSI,49.1918
2023-04-04,TSLA,RSI,43.5256
2023-04-05,TSLA,RSI,44.1672
2023-04-06,TSLA,RSI,38.1466
2023-04-07,TSLA,RSI,43.1851
2023-04-10,TSLA,RSI,55.287
2023-04-11,TSLA,RSI,64.1359
2023-04-12,TSLA,RSI,67.3442
2023-04-13,TSLA,RSI,60.9706
2023-04-14,TSLA,RSI,45.0275
2023-04-17,TSLA,RSI,39.0593
2023-04-18,TSLA,RSI,42.8337
2023-04-19,TSLA,RSI,37.8834
2023-04-20,TSLA,RSI,39.0564
2023-04-21,TSLA,RSI,43.7946
2023-04-24,TSLA,RSI,47.6216
2023-04-25,TSLA,RSI,44.5425
2023-04-26,TSLA,RSI,51.0276
2023-04-27,TSLA,RSI,41.6312
2023-04-28,TSLA,RSI,39.6991
2023-05-01,TSLA,RSI,33.1267
2023-05-02,TSLA,RSI,29.0943
2023-05-03,TSLA,RSI,33.7652
2023-05-04,TSLA,RSI,45.2328
2023-05-05,TSLA,RSI,47.669
2023-05-08,TSLA,RSI,45.1979
2023-05-09,TSLA,RSI,43.4377
2023-05-10,TSLA,RSI,38.9821
2023-05-11,TSLA,RSI,33.0749
2023-05-12,TSLA,RSI,36.2217
2023-05-15,TSLA,RSI,44.1854
2023-05-16,TSLA,RSI,39.0214
2023-05-17,TSLA,RSI,39.3926
2023-05-18,TSLA,RSI,26.371
2023-05-19,TSLA,RSI,40.7649
2023-05-22,TSLA,RSI,48.6893
2023-05-23,TSLA,RSI,51.1318
2023-05-24,TSLA,RSI,41.8578
2023-05-25,TSLA,RSI,43.8088
2023-05-26,TSLA,RSI,38.5742
2023-05-29,TSLA,RSI,37.8909
2023-05-30,TSLA,RSI,60.9762
2023-05-31,TSLA,RSI,66.3733
2023-06-01,TSLA,RSI,61.0884
2023-06-02,TSLA,RSI,57.9098
2023-06-05,TSLA,RSI,56.3341
2023-06-06,TSLA,RSI,59.6561
2023-06-07,TSLA,RSI,58.3219
2023-06-08,TSLA,RSI,56.7796
2023-06-09,TSLA,RSI,44.7407
2023-06-12,TSLA,RSI,34.935
2023-06-13,TSLA,RSI,46.6094
2023-06-14,TSLA,RSI,44.9627
2023-06-15,TSLA,RSI,52.2575
2023-06-16,TSLA,RSI,49.3865
2023-06-19,TSLA,RSI,32.48
2023-06-20,TSLA,RSI,25.8825
2023-06-21,TSLA,RSI,38.4445
2023-06-22,TSLA,RSI,36.003
2023-06-23,TSLA,RSI,42.4681
2023-06-26,TSLA,RSI,43.1002
2023-06-27,TSLA,RSI,47.3772
2023-06-28,TSLA,RSI,44.4609
2023-06-29,TSLA,RSI,47.8429
2023-06-30,TSLA,RSI,54.6256
2023-07-03,TSLA,RSI,52.8054
2023-07-04,TSLA,RSI,54.6679
2023-07-05,TSLA,RSI,52.6147
2023-07-06,TSLA,RSI,54.048
2023-07-07,TSLA,RSI,69.1526
2023-07-10,TSLA,RSI,74.8271
2023-07-11,TSLA,RSI,74.1806
2023-07-12,TSLA,RSI,76.0206
2023-07-13,TSLA,RSI,72.1203
2023-07-14,TSLA,RSI,74.046
2023-07-17,TSLA,RSI,74.1333
2023-07-18,TSLA,RSI,80.0043
2023-07-19,TSLA,RSI,78.601
2023-07-20,TSLA,RSI,74.7667
2023-07-21,TSLA,RSI,65.8325
2023-07-24,TSLA,RSI,64.7668
2023-07-25,TSLA,RSI,61.1868
2023-07-26,TSLA,RSI,60.4583
2023-07-27,TSLA,RSI,54.0296
2023-07-28,TSLA,RSI,46.9075
2023-07-31,TSLA,RSI,25.5464
2023-08-01,TSLA,RSI,26.8218
2023-08-02,TSLA,RSI,40.0801
2023-08-03,TSLA,RSI,36.7276
2023-08-04,TSLA,RSI,33.1456
2023-08-07,TSLA,RSI,32.4821
2023-08-08,TSLA,RSI,35.3226
2023-08-09,TSLA,RSI,39.1874
2023-08-10,TSLA,RSI,47.7685
2023-08-11,TSLA,RSI,49.1413
2023-08-14,TSLA,RSI,50.6355
2023-08-15,TSLA,RSI,59.4893
2023-08-16,TSLA,RSI,59.2453
2023-08-17,TSLA,RSI,66.075
2023-08-18,TSLA,RSI,82.7794
2023-08-21,TSLA,RSI,82.2416
2023-08-22,TSLA,RSI,64.0125
2023-08-23,TSLA,RSI,64.8561
2023-08-24,TSLA,RSI,76.6585
2023-08-25,TSLA,RSI,76.7228
2023-08-28,TSLA,RSI,79.3101
2023-08-29,TSLA,RSI,70.6397
2023-08-30,TSLA,RSI,63.1606
2023-08-31,TSLA,RSI,54.3437
2023-09-01,TSLA,RSI,52.5095
2023-09-04,TSLA,RSI,50.1486
2023-09-05,TSLA,RSI,43.8004
2023-09-06,TSLA,RSI,42.2854
2023-09-07,TSLA,RSI,45.9437
2023-09-08,TSLA,RSI,54.3649
2023-09-11,TSLA,RSI,52.2819
2023-09-12,TSLA,RSI,47.2486
2023-09-13,TSLA,RSI,37.6417
2023-09-14,TSLA,RSI,32.1844
2023-09-15,TSLA,RSI,27.3226
2023-09-18,TSLA,RSI,25.1597
2023-09-19,TSLA,RSI,25.7691
2023-09-20,TSLA,RSI,29.3827
2023-09-21,TSLA,RSI,27.4829
2023-09-22,TSLA,RSI,19.4078
2023-09-25,TSLA,RSI,21.0603
2023-09-26,TSLA,RSI,22.1691
2023-09-27,TSLA,RSI,13.7794
2023-09-28,TSLA,RSI,8.3257
2023-09-29,TSLA,RSI,16.6717
2023-10-02,TSLA,RSI,16.3342
2023-10-03,TSLA,RSI,30.2484
2023-10-04,TSLA,RSI,36.1721
2023-10-05,TSLA,RSI,39.6054
2023-10-06,TSLA,RSI,53.4633
2023-10-09,TSLA,RSI,49.6338
2023-10-10,TSLA,RSI,47.6673
2023-10-11,TSLA,RSI,56.3674
2023-10-12,TSLA,RSI,54.4664
2023-10-13,TSLA,RSI,52.5058
2023-10-16,TSLA,RSI,54.6473
2023-10-17,TSLA,RSI,65.5422
2023-10-18,TSLA,RSI,62.9899
2023-10-19,TSLA,RSI,60.0744
2023-10-20,TSLA,RSI,64.4794
2023-10-23,TSLA,RSI,60.488
2023-10-24,TSLA,RSI,68.3985
2023-10-25,TSLA,RSI,68.4002
2023-10-26,TSLA,RSI,70.7804
2023-10-27,TSLA,RSI,75.5925
2023-10-30,TSLA,RSI,72.307
2023-10-31,TSLA,RSI,63.7914
2023-11-01,TSLA,RSI,62.6434
2023-11-02,TSLA,RSI,62.9532
2023-11-03,TSLA,RSI,64.212
2023-11-06,TSLA,RSI,66.8112
2023-11-07,TSLA,RSI,63.4147
2023-11-08,TSLA,RSI,61.2722
2023-11-09,TSLA,RSI,62.2237
2023-11-10,TSLA,RSI,59.9884
2023-11-13,TSLA,RSI,53.0885
2023-11-14,TSLA,RSI,48.8732
2023-11-15,TSLA,RSI,38.3207
2023-11-16,TSLA,RSI,50.7702
2023-11-17,TSLA,RSI,53.4824
2023-11-20,TSLA,RSI,54.9782
2023-11-21,TSLA,RSI,61.7941
2023-11-22,TSLA,RSI,64.9256
2023-11-23,TSLA,RSI,46.6743
2023-11-24,TSLA,RSI,35.5194
2023-11-27,TSLA,RSI,42.448
2023-11-28,TSLA,RSI,57.9872
2023-11-29,TSLA,RSI,54.43
2023-11-30,TSLA,RSI,57.0959
2023-12-01,TSLA,RSI,55.141
2023-12-04,TSLA,RSI,62.9816
2023-12-05,TSLA,RSI,60.1755
2023-12-06,TSLA,RSI,59.3481
2023-12-07,TSLA,RSI,66.2927
2023-12-08,TSLA,RSI,73.8289
2023-12-11,TSLA,RSI,77.3032
2023-12-12,TSLA,RSI,77.5402
2023-12-13,TSLA,RSI,87.9174
2023-12-14,TSLA,RSI,87.5435
2023-12-15,TSLA,RSI,72.3926
2023-12-18,TSLA,RSI,68.9769
2023-12-19,TSLA,RSI,70.8611
2023-12-20,TSLA,RSI,71.5251
2023-12-21,TSLA,RSI,73.1213
2023-12-22,TSLA,RSI,64.6433
2023-12-25,TSLA,RSI,72.9416
2023-12-26,TSLA,RSI,71.7612
2023-12-27,TSLA,RSI,62.0824
2023-12-28,TSLA,RSI,52.829
2023-12-29,TSLA,RSI,40.0692
2024-01-01,TSLA,RSI,42.25
2024-01-02,TSLA,RSI,38.3999
2024-01-03,TSLA,RSI,37.4334
2024-01-04,TSLA,RSI,42.0903
2024-01-05,TSLA,RSI,40.0974
2024-01-08,TSLA,RSI,42.9086
2024-01-09,TSLA,RSI,34.4993
2024-01-10,TSLA,RSI,28.2145
2024-01-11,TSLA,RSI,32.6279
2024-01-12,TSLA,RSI,17.9942
2024-01-15,TSLA,RSI,18.7476
2024-01-16,TSLA,RSI,20.2563
2024-01-17,TSLA,RSI,32.2006
2024-01-18,TSLA,RSI,41.0346
2024-01-19,TSLA,RSI,43.4281
2024-01-22,TSLA,RSI,48.503
2024-01-23,TSLA,RSI,55.5162
2024-01-24,TSLA,RSI,54.8447
2024-01-25,TSLA,RSI,61.0022
2024-01-26,TSLA,RSI,59.7792
2024-01-29,TSLA,RSI,63.5465
2024-01-30,TSLA,RSI,57.3112
2024-01-31,TSLA,RSI,56.1516
2024-02-01,TSLA,RSI,64.1535
2024-02-02,TSLA,RSI,57.8622
2024-02-05,TSLA,RSI,55.7964
2024-02-06,TSLA,RSI,48.6865
2024-02-07,TSLA,RSI,52.2296
2024-02-08,TSLA,RSI,40.5933
2024-02-09,TSLA,RSI,36.3047
2024-02-12,TSLA,RSI,30.943
2024-02-13,TSLA,RSI,35.4897
2024-02-14,TSLA,RSI,28.805
2024-02-15,TSLA,RSI,26.6816
2024-02-16,TSLA,RSI,28.604
2024-02-19,TSLA,RSI,39.9639
2024-02-20,TSLA,RSI,44.9793
2024-02-21,TSLA,RSI,42.3625
2024-02-22,TSLA,RSI,49.4267
2024-02-23,TSLA,RSI,60.3258
2024-02-26,TSLA,RSI,56.8924
2024-02-27,TSLA,RSI,54.1213
2024-02-28,TSLA,RSI,72.6928
2024-02-29,TSLA,RSI,65.0136
2024-03-01,TSLA,RSI,67.2028
2024-03-04,TSLA,RSI,60.3094
2024-03-05,TSLA,RSI,61.8061
2024-03-06,TSLA,RSI,67.1523
2024-03-07,TSLA,RSI,69.1646
2024-03-08,TSLA,RSI,66.4641
2024-03-11,TSLA,RSI,65.2262
2024-03-12,TSLA,RSI,60.9813
2024-03-13,TSLA,RSI,59.8231
2024-03-14,TSLA,RSI,57.2695
2024-03-15,TSLA,RSI,68.0007
2024-03-18,TSLA,RSI,68.2652
2024-03-19,TSLA,RSI,61.7507
2024-03-20,TSLA,RSI,80.9272
2024-03-21,TSLA,RSI,69.8242
2024-03-22,TSLA,RSI,75.5667
2024-03-25,TSLA,RSI,69.9036
2024-03-26,TSLA,RSI,64.3014
2024-03-27,TSLA,RSI,64.6496
2024-03-28,TSLA,RSI,69.076
2024-03-29,TSLA,RSI,64.2399
2024-04-01,TSLA,RSI,67.9548
2024-04-02,TSLA,RSI,62.2444
2024-04-03,TSLA,RSI,54.1067
2024-04-04,TSLA,RSI,47.3178
2024-04-05,TSLA,RSI,44.1412
2024-04-08,TSLA,RSI,49.9702
2024-04-09,TSLA,RSI,50.3609
2024-04-10,TSLA,RSI,57.0988
2024-04-11,TSLA,RSI,48.8301
2024-04-12,TSLA,RSI,46.486
2024-04-15,TSLA,RSI,44.5027
2024-04-16,TSLA,RSI,42.8201
2024-04-17,TSLA,RSI,37.3991
2024-04-18,TSLA,RSI,35.4639
2024-04-19,TSLA,RSI,40.0184
2024-04-22,TSLA,RSI,45.49
2024-04-23,TSLA,RSI,56.1894
2024-04-24,TSLA,RSI,49.5918
2024-04-25,TSLA,RSI,53.8974
2024-04-26,TSLA,RSI,49.1202
2024-04-29,TSLA,RSI,39.9071
2024-04-30,TSLA,RSI,41.9486
2024-05-01,TSLA,RSI,46.0271
2024-05-02,TSLA,RSI,51.1895
2024-05-03,TSLA,RSI,59.0203
2024-05-06,TSLA,RSI,49.3922
2024-05-07,TSLA,RSI,55.4562
2024-05-08,TSLA,RSI,61.791
2024-05-09,TSLA,RSI,55.7813
2024-05-10,TSLA,RSI,56.8525
2024-05-13,TSLA,RSI,51.3313
2024-05-14,TSLA,RSI,58.7563
2024-05-15,TSLA,RSI,47.6789
2024-05-16,TSLA,RSI,56.1022
2024-05-17,TSLA,RSI,50.4967
2024-05-20,TSLA,RSI,49.524
2024-05-21,TSLA,RSI,46.6417
2024-05-22,TSLA,RSI,49.19
2024-05-23,TSLA,RSI,44.7279
2024-05-24,TSLA,RSI,47.7843
2024-05-27,TSLA,RSI,36.5758
2024-05-28,TSLA,RSI,34.3442
2024-05-29,TSLA,RSI,36.5045
2024-05-30,TSLA,RSI,24.957
2024-05-31,TSLA,RSI,20.967
2024-06-03,TSLA,RSI,23.0359
2024-06-04,TSLA,RSI,32.1768
2024-06-05,TSLA,RSI,27.4642
2024-06-06,TSLA,RSI,30.6711
2024-06-07,TSLA,RSI,37.6534
2024-06-10,TSLA,RSI,42.2596
2024-06-11,TSLA,RSI,29.0403
2024-06-12,TSLA,RSI,36.4179
2024-06-13,TSLA,RSI,42.4004
2024-06-14,TSLA,RSI,46.4095
2024-06-17,TSLA,RSI,46.2461
2024-06-18,TSLA,RSI,46.2994
2024-06-19,TSLA,RSI,55.2792
2024-06-20,TSLA,RSI,57.5402
2024-06-21,TSLA,RSI,53.291
2024-06-24,TSLA,RSI,47.7162
2024-06-25,TSLA,RSI,38.4604
2024-06-26,TSLA,RSI,35.9317
2024-06-27,TSLA,RSI,30.6745
2024-06-28,TSLA,RSI,38.3887
2024-07-01,TSLA,RSI,50.9284
2024-07-02,TSLA,RSI,35.9786
2024-07-03,TSLA,RSI,24.6279
2024-07-04,TSLA,RSI,19.4724
2024-07-05,TSLA,RSI,17.0197
2024-07-08,TSLA,RSI,21.3912
2024-07-09,TSLA,RSI,18.4653
2024-07-10,TSLA,RSI,21.6734
2024-07-11,TSLA,RSI,22.4658
2024-07-12,TSLA,RSI,25.3347
2024-07-15,TSLA,RSI,33.4574
2024-07-16,TSLA,RSI,36.7314
2024-07-17,TSLA,RSI,40.7667
2024-07-18,TSLA,RSI,43.0626
2024-07-19,TSLA,RSI,51.3128
2024-07-22,TSLA,RSI,51.1042
2024-07-23,TSLA,RSI,50.0523
2024-07-24,TSLA,RSI,54.5875
2024-07-25,TSLA,RSI,60.8551
2024-07-26,TSLA,RSI,49.0405
2024-07-29,TSLA,RSI,56.4589
2024-07-30,TSLA,RSI,44.748
2024-07-31,TSLA,RSI,50.8233
2024-08-01,TSLA,RSI,50.4273
2024-08-02,TSLA,RSI,43.8153
2024-08-05,TSLA,RSI,44.3804
2024-08-06,TSLA,RSI,40.8062
2024-08-07,TSLA,RSI,35.629
2024-08-08,TSLA,RSI,27.998
2024-08-09,TSLA,RSI,35.5497
2024-08-12,TSLA,RSI,38.2911
2024-08-13,TSLA,RSI,38.2954
2024-08-14,TSLA,RSI,46.0652
2024-08-15,TSLA,RSI,53.1792
2024-08-16,TSLA,RSI,53.9608
2024-08-19,TSLA,RSI,62.8843
2024-08-20,TSLA,RSI,65.3973
2024-08-21,TSLA,RSI,64.809
2024-08-22,TSLA,RSI,61.6583
2024-08-23,TSLA,RSI,64.9763
2024-08-26,TSLA,RSI,58.4079
2024-08-27,TSLA,RSI,59.1583
2024-08-28,TSLA,RSI,62.1767
2024-08-29,TSLA,RSI,65.2773
2024-08-30,TSLA,RSI,71.9615
2024-09-02,TSLA,RSI,72.6916
2024-09-03,TSLA,RSI,57.8237
2024-09-04,TSLA,RSI,57.3117
2024-09-05,TSLA,RSI,53.6976
2024-09-06,TSLA,RSI,56.8817
2024-09-09,TSLA,RSI,46.8436
2024-09-10,TSLA,RSI,48.9611
2024-09-11,TSLA,RSI,51.9494
2024-09-12,TSLA,RSI,49.3267
2024-09-13,TSLA,RSI,54.0606
2024-09-16,TSLA,RSI,47.5847
2024-09-17,TSLA,RSI,38.4626
2024-09-18,TSLA,RSI,23.8774
2024-09-19,TSLA,RSI,33.3613
2024-09-20,TSLA,RSI,30.348
2024-09-23,TSLA,RSI,39.7085
2024-09-24,TSLA,RSI,46.113
2024-09-25,TSLA,RSI,50.9136
2024-09-26,TSLA,RSI,41.2553
2024-09-27,TSLA,RSI,47.1256
2024-09-30,TSLA,RSI,34.8349
2024-10-01,TSLA,RSI,31.8091
2024-10-02,TSLA,RSI,25.0731
2024-10-03,TSLA,RSI,24.9992
2024-10-04,TSLA,RSI,24.4422
2024-10-07,TSLA,RSI,23.2461
2024-10-08,TSLA,RSI,23.8817
2024-10-09,TSLA,RSI,13.6422
2024-10-10,TSLA,RSI,20.3263
2024-10-11,TSLA,RSI,18.6561
2024-10-14,TSLA,RSI,14.6028
2024-10-15,TSLA,RSI,20.1271
2024-10-16,TSLA,RSI,21.3364
2024-10-17,TSLA,RSI,16.5414
2024-10-18,TSLA,RSI,26.3107
2024-10-21,TSLA,RSI,31.0018
2024-10-22,TSLA,RSI,35.5674
2024-10-23,TSLA,RSI,36.1208
2024-10-24,TSLA,RSI,49.4498
2024-10-25,TSLA,RSI,59.4313
2024-10-28,TSLA,RSI,57.4645
2024-10-29,TSLA,RSI,57.55
2024-10-30,TSLA,RSI,40.9935
2024-10-31,TSLA,RSI,49.0432
2024-11-01,TSLA,RSI,44.5234
2024-11-04,TSLA,RSI,32.931
2024-11-05,TSLA,RSI,31.6839
2024-11-06,TSLA,RSI,29.1763
2024-11-07,TSLA,RSI,17.1913
2024-11-08,TSLA,RSI,15.6476
2024-11-11,TSLA,RSI,15.3594
2024-11-12,TSLA,RSI,21.3809
2024-11-13,TSLA,RSI,13.4013
2024-11-14,TSLA,RSI,15.1112
2024-11-15,TSLA,RSI,22.0636
2024-11-18,TSLA,RSI,18.4631
2024-11-19,TSLA,RSI,22.5971
2024-11-20,TSLA,RSI,21.266
2024-11-21,TSLA,RSI,26.5998
2024-11-22,TSLA,RSI,26.0306
2024-11-25,TSLA,RSI,28.4773
2024-11-26,TSLA,RSI,30.0385
2024-11-27,TSLA,RSI,32.7574
2024-11-28,TSLA,RSI,45.2726
2024-11-29,TSLA,RSI,44.9073
2024-12-02,TSLA,RSI,44.288
2024-12-03,TSLA,RSI,46.6403
2024-12-04,TSLA,RSI,41.6169
2024-12-05,TSLA,RSI,35.204
2024-12-06,TSLA,RSI,44.0573
2024-12-09,TSLA,RSI,44.0196
2024-12-10,TSLA,RSI,44.0446
2024-12-11,TSLA,RSI,47.7694
2024-12-12,TSLA,RSI,58.7455
2024-12-13,TSLA,RSI,63.6076
2024-12-16,TSLA,RSI,71.0408
2024-12-17,TSLA,RSI,81.0126
2024-12-18,TSLA,RSI,72.6775
2024-12-19,TSLA,RSI,66.008
2024-12-20,TSLA,RSI,60.1511
2024-12-23,TSLA,RSI,51.4387
2024-12-24,TSLA,RSI,53.2898
2024-12-25,TSLA,RSI,55.9035
2024-12-26,TSLA,RSI,53.2833
2024-12-27,TSLA,RSI,54.2086
2024-12-30,TSLA,RSI,54.1393
2024-12-31,TSLA,RSI,48.743
2025-01-01,TSLA,RSI,39.4648
2025-01-02,TSLA,RSI,33.1473
2025-01-03,TSLA,RSI,22.9866
2025-01-06,TSLA,RSI,17.0137
2025-01-07,TSLA,RSI,29.533
2025-01-08,TSLA,RSI,35.0547
2025-01-09,TSLA,RSI,38.6252
2025-01-10,TSLA,RSI,42.012
2025-01-13,TSLA,RSI,45.4694
2025-01-14,TSLA,RSI,51.3273
2025-01-15,TSLA,RSI,54.5201
2025-01-16,TSLA,RSI,54.5355
2025-01-17,TSLA,RSI,58.6549
2025-01-20,TSLA,RSI,61.3423
2025-01-21,TSLA,RSI,68.6865
2025-01-22,TSLA,RSI,74.8635
2025-01-23,TSLA,RSI,87.3091
2025-01-24,TSLA,RSI,87.3121
2025-01-27,TSLA,RSI,79.002
2025-01-28,TSLA,RSI,79.5615
2025-01-29,TSLA,RSI,81.655
2025-01-30,TSLA,RSI,70.4789
2025-01-31,TSLA,RSI,59.6276
2025-02-03,TSLA,RSI,54.4483
2025-02-04,TSLA,RSI,56.9549
2025-02-05,TSLA,RSI,55.5286
2025-02-06,TSLA,RSI,43.054
2025-02-07,TSLA,RSI,41.721
2025-02-10,TSLA,RSI,51.1262
2025-02-11,TSLA,RSI,46.9702
2025-02-12,TSLA,RSI,45.7131
2025-02-13,TSLA,RSI,43.548
2025-02-14,TSLA,RSI,44.6515
2025-02-17,TSLA,RSI,48.3266
2025-02-18,TSLA,RSI,44.9377
2025-02-19,TSLA,RSI,51.2918
2025-02-20,TSLA,RSI,58.5135
2025-02-21,TSLA,RSI,50.2628
2025-02-24,TSLA,RSI,53.2831
2025-02-25,TSLA,RSI,54.6752
2025-02-26,TSLA,RSI,60.4633
2025-02-27,TSLA,RSI,57.3712
2025-02-28,TSLA,RSI,46.4824
2025-03-03,TSLA,RSI,41.7428
2025-03-04,TSLA,RSI,38.8354
2025-03-05,TSLA,RSI,37.847
2025-03-06,TSLA,RSI,37.5141
2025-03-07,TSLA,RSI,28.6506
2025-03-10,TSLA,RSI,38.1952
2025-03-11,TSLA,RSI,38.2646
2025-03-12,TSLA,RSI,37.7187
2025-03-13,TSLA,RSI,44.9586
2025-03-14,TSLA,RSI,29.1344
2025-03-17,TSLA,RSI,24.8219
2025-03-18,TSLA,RSI,23.1193
2025-03-19,TSLA,RSI,23.9689
2025-03-20,TSLA,RSI,23.8064
2025-03-21,TSLA,RSI,29.4011
2025-03-24,TSLA,RSI,42.5084
2025-03-25,TSLA,RSI,49.5493
2025-03-26,TSLA,RSI,62.1292
2025-03-27,TSLA,RSI,64.9824
2025-03-28,TSLA,RSI,55.8771
2025-03-31,TSLA,RSI,53.496
2025-04-01,TSLA,RSI,60.564
2025-04-02,TSLA,RSI,66.5297
2025-04-03,TSLA,RSI,79.9107
2025-04-04,TSLA,RSI,73.4115
2025-04-07,TSLA,RSI,80.0958
2025-04-08,TSLA,RSI,80.1467
2025-04-09,TSLA,RSI,83.5005
2025-04-10,TSLA,RSI,84.9606
2025-04-11,TSLA,RSI,84.5234
2025-04-14,TSLA,RSI,73.5846
2025-04-15,TSLA,RSI,70.5543
2025-04-16,TSLA,RSI,58.5396
2025-04-17,TSLA,RSI,60.2988
2025-04-18,TSLA,RSI,60.651
2025-04-21,TSLA,RSI,55.7389
2025-04-22,TSLA,RSI,51.7586
2025-04-23,TSLA,RSI,46.8684
2025-04-24,TSLA,RSI,39.0969
2025-04-25,TSLA,RSI,35.5006
2025-04-28,TSLA,RSI,32.673
2025-04-29,TSLA,RSI,33.5
2025-04-30,TSLA,RSI,27.8501
2025-05-01,TSLA,RSI,36.7434
2025-05-02,TSLA,RSI,44.9355
2025-05-05,TSLA,RSI,39.9641
2025-05-06,TSLA,RSI,43.881
2025-05-07,TSLA,RSI,40.8886
2025-05-08,TSLA,RSI,44.7329
2025-05-09,TSLA,RSI,44.0748
2025-05-12,TSLA,RSI,40.4878
2025-05-13,TSLA,RSI,36.7795
2025-05-14,TSLA,RSI,50.1985
2025-05-15,TSLA,RSI,51.9935
2025-05-16,TSLA,RSI,51.5751
2025-05-19,TSLA,RSI,43.7555
2025-05-20,TSLA,RSI,46.6342
2025-05-21,TSLA,RSI,34.7098
2025-05-22,TSLA,RSI,21.1432
2025-05-23,TSLA,RSI,30.504
2025-05-26,TSLA,RSI,33.7895
2025-05-27,TSLA,RSI,34.7564
2025-05-28,TSLA,RSI,36.7981
2025-05-29,TSLA,RSI,44.0886
2025-05-30,TSLA,RSI,39.2467
2025-06-02,TSLA,RSI,53.2908
2025-06-03,TSLA,RSI,37.2822
2025-06-04,TSLA,RSI,42.1143
2025-06-05,TSLA,RSI,43.3187
2025-06-06,TSLA,RSI,48.8947
2025-06-09,TSLA,RSI,57.4547
2025-06-10,TSLA,RSI,54.4411
2025-06-11,TSLA,RSI,58.4273
2025-06-12,TSLA,RSI,56.3636
2025-06-13,TSLA,RSI,50.4287
2025-06-16,TSLA,RSI,50.9116
2025-06-17,TSLA,RSI,46.7517
2025-06-18,TSLA,RSI,40.7898
2025-06-19,TSLA,RSI,42.8285
2025-06-20,TSLA,RSI,39.9689
2025-06-23,TSLA,RSI,54.5995
2025-06-24,TSLA,RSI,48.0704
2025-06-25,TSLA,RSI,49.3346
2025-06-26,TSLA,RSI,41.2876
2025-06-27,TSLA,RSI,22.2635
2025-06-30,TSLA,RSI,20.9425
2025-07-01,TSLA,RSI,29.4819
2025-07-02,TSLA,RSI,35.128
2025-07-03,TSLA,RSI,36.3267
2025-07-04,TSLA,RSI,43.9527
2025-07-07,TSLA,RSI,41.0206
2025-07-08,TSLA,RSI,43.6626
2025-07-09,TSLA,RSI,45.1164
2025-07-10,TSLA,RSI,39.8547
2025-07-11,TSLA,RSI,33.061
2025-07-14,TSLA,RSI,34.516
2025-07-15,TSLA,RSI,38.6632
2025-07-16,TSLA,RSI,35.0521
2025-07-17,TSLA,RSI,42.0088
2025-07-18,TSLA,RSI,51.3902
2025-07-21,TSLA,RSI,44.5851
2025-07-22,TSLA,RSI,34.6401
2025-07-23,TSLA,RSI,34.8475
2025-07-24,TSLA,RSI,40.0075
2025-07-25,TSLA,RSI,53.7347
2025-07-28,TSLA,RSI,54.9284
2025-07-29,TSLA,RSI,60.42
2025-07-30,TSLA,RSI,58.9471
2025-07-31,TSLA,RSI,61.8284
2025-08-01,TSLA,RSI,55.7
2025-08-04,TSLA,RSI,44.9691
2025-08-05,TSLA,RSI,48.3192
2025-08-06,TSLA,RSI,46.1685
2025-08-07,TSLA,RSI,43.7054
2025-08-08,TSLA,RSI,48.2147
2025-08-11,TSLA,RSI,49.9742
2025-08-12,TSLA,RSI,49.3861
2025-08-13,TSLA,RSI,36.9349
2025-08-14,TSLA,RSI,37.0047
2025-08-15,TSLA,RSI,41.7203
2025-08-18,TSLA,RSI,42.7799
2025-08-19,TSLA,RSI,53.2434
2025-08-20,TSLA,RSI,51.0163
2025-08-21,TSLA,RSI,58.844
2025-08-22,TSLA,RSI,63.4959
2025-08-25,TSLA,RSI,69.6678
2025-08-26,TSLA,RSI,73.9983
2025-08-27,TSLA,RSI,61.6524
2025-08-28,TSLA,RSI,61.072
2025-08-29,TSLA,RSI,57.9326
2025-09-01,TSLA,RSI,60.4315
2025-09-02,TSLA,RSI,60.2634
2025-09-03,TSLA,RSI,58.5641
2025-09-04,TSLA,RSI,53.8047
2025-09-05,TSLA,RSI,44.0239
2025-09-08,TSLA,RSI,33.2732
2025-09-09,TSLA,RSI,34.591
2025-09-10,TSLA,RSI,32.0382
2025-09-11,TSLA,RSI,41.2304
2025-09-12,TSLA,RSI,38.3399
2025-09-15,TSLA,RSI,36.7303
2025-09-16,TSLA,RSI,50.3926
2025-09-17,TSLA,RSI,52.5078
2025-09-18,TSLA,RSI,62.0561
2025-09-19,TSLA,RSI,71.7799
2025-09-22,TSLA,RSI,77.4147
2025-09-23,TSLA,RSI,76.3532
2025-09-24,TSLA,RSI,77.3862
2025-09-25,TSLA,RSI,86.8556
2025-09-26,TSLA,RSI,94.0376
2025-09-29,TSLA,RSI,85.2574
2025-09-30,TSLA,RSI,86.355
2025-10-01,TSLA,RSI,82.0595
2025-10-02,TSLA,RSI,79.7756
2025-10-03,TSLA,RSI,79.8091
2025-10-06,TSLA,RSI,74.9429
2025-10-07,TSLA,RSI,74.3335
2025-10-08,TSLA,RSI,64.4827
2025-10-09,TSLA,RSI,59.176
2025-10-10,TSLA,RSI,56.5795
2025-10-13,TSLA,RSI,55.1728
2025-10-14,TSLA,RSI,59.5243
2025-10-15,TSLA,RSI,57.9445
2025-10-16,TSLA,RSI,54.1421
2025-10-17,TSLA,RSI,62.4701
2025-10-20,TSLA,RSI,51.0212
2025-10-21,TSLA,RSI,41.1152
2025-10-22,TSLA,RSI,51.9787
2025-10-23,TSLA,RSI,42.1901
2025-10-24,TSLA,RSI,53.8094
2025-10-27,TSLA,RSI,50.2405
2025-10-28,TSLA,RSI,62.5645
2025-10-29,TSLA,RSI,63.3778
2025-10-30,TSLA,RSI,66.1772
2025-10-31,TSLA,RSI,66.3492
2025-11-03,TSLA,RSI,58.3484
2025-11-04,TSLA,RSI,57.5147
2025-11-05,TSLA,RSI,54.3152
2025-11-06,TSLA,RSI,54.8072
2025-11-07,TSLA,RSI,50.5567
2025-11-10,TSLA,RSI,57.357
2025-11-11,TSLA,RSI,39.6148
2025-11-12,TSLA,RSI,42.5605
2025-11-13,TSLA,RSI,34.4477
2025-11-14,TSLA,RSI,32.873
2025-11-17,TSLA,RSI,23.6191
2025-11-18,TSLA,RSI,15.6974
2025-11-19,TSLA,RSI,15.007
2025-11-20,TSLA,RSI,23.2428
2025-11-21,TSLA,RSI,29.2809
2025-11-24,TSLA,RSI,29.8238
2025-11-25,TSLA,RSI,33.8031
2025-11-26,TSLA,RSI,45.4209
2025-11-27,TSLA,RSI,54.2693
2025-11-28,TSLA,RSI,57.1359
2025-12-01,TSLA,RSI,84.3467
2025-12-02,TSLA,RSI,87.4213
2025-12-03,TSLA,RSI,78.0858
2025-12-04,TSLA,RSI,86.2572
2025-12-05,TSLA,RSI,89.0652
2025-12-08,TSLA,RSI,86.5506
2025-12-09,TSLA,RSI,85.9211
2025-12-10,TSLA,RSI,65.6063
2025-12-11,TSLA,RSI,60.4997
2025-12-12,TSLA,RSI,55.2132
2025-12-15,TSLA,RSI,49.5591
2025-12-16,TSLA,RSI,38.3053
2025-12-17,TSLA,RSI,30.9183
2025-12-18,TSLA,RSI,39.9345
2025-12-19,TSLA,RSI,35.8009
2025-12-22,TSLA,RSI,32.6722
2025-12-23,TSLA,RSI,30.2807
2025-12-24,TSLA,RSI,25.7317
2025-12-25,TSLA,RSI,23.7643
2025-12-26,TSLA,RSI,23.0177
2025-12-29,TSLA,RSI,33.2098
2025-12-30,TSLA,RSI,34.0084
2025-12-31,TSLA,RSI,35.7849
2026-01-01,TSLA,RSI,38.0952
2026-01-02,TSLA,RSI,39.8979
2026-01-05,TSLA,RSI,34.7944
2026-01-06,TSLA,RSI,37.2288
2026-01-07,TSLA,RSI,28.7249
2026-01-08,TSLA,RSI,29.9698
2026-01-09,TSLA,RSI,35.2124
2026-01-12,TSLA,RSI,48.5829
2026-01-13,TSLA,RSI,42.689
2026-01-14,TSLA,RSI,43.0536
2026-01-15,TSLA,RSI,54.9637
2026-01-16,TSLA,RSI,49.7756
2026-01-19,TSLA,RSI,50.6294
2026-01-20,TSLA,RSI,50.7805
2026-01-21,TSLA,RSI,47.218
2026-01-22,TSLA,RSI,46.5938
2026-01-23,TSLA,RSI,61.1051
2026-01-26,TSLA,RSI,63.895
2026-01-27,TSLA,RSI,57.1362
2026-01-28,TSLA,RSI,52.5189
2026-01-29,TSLA,RSI,51.0626
2026-01-30,TSLA,RSI,46.0437
2026-02-02,TSLA,RSI,54.8972
2026-02-03,TSLA,RSI,52.6432
2026-02-04,TSLA,RSI,40.6371
2026-02-05,TSLA,RSI,31.7846
2026-02-06,TSLA,RSI,35.5968
2026-02-09,TSLA,RSI,39.2628
2026-02-10,TSLA,RSI,45.5252
2026-02-11,TSLA,RSI,44.3295
2026-02-12,TSLA,RSI,38.8145
2026-02-13,TSLA,RSI,39.2592
2026-02-16,TSLA,RSI,47.7293
2026-02-17,TSLA,RSI,51.3075
2026-02-18,TSLA,RSI,61.2526
2026-02-19,TSLA,RSI,69.2291
2026-02-20,TSLA,RSI,58.5599
2026-02-23,TSLA,RSI,66.6997
2026-02-24,TSLA,RSI,73.0315
2026-02-25,TSLA,RSI,78.6427
2026-02-26,TSLA,RSI,77.6871
2026-02-27,TSLA,RSI,74.3812
2026-03-02,TSLA,RSI,77.1421
2026-03-03,TSLA,RSI,82.0255
2026-03-04,TSLA,RSI,81.467
2026-03-05,TSLA,RSI,83.3773
2026-03-06,TSLA,RSI,77.591
2026-03-09,TSLA,RSI,78.2806
2026-03-10,TSLA,RSI,76.1735
2026-03-11,TSLA,RSI,72.1406
2026-03-12,TSLA,RSI,69.3426
2026-03-13,TSLA,RSI,69.1774
2026-03-16,TSLA,RSI,60.7557
2026-03-17,TSLA,RSI,54.8941
2026-03-18,TSLA,RSI,55.3325
2026-03-19,TSLA,RSI,55.8198
2026-03-20,TSLA,RSI,48.2832
2026-03-23,TSLA,RSI,48.87
2026-03-24,TSLA,RSI,51.7027
2026-03-25,TSLA,RSI,37.5152
2026-03-26,TSLA,RSI,39.5366
2026-03-27,TSLA,RSI,39.3745
2026-03-30,TSLA,RSI,34.2238
2026-03-31,TSLA,RSI,34.9484
2026-04-01,TSLA,RSI,39.1868
2026-04-02,TSLA,RSI,46.1827
2026-04-03,TSLA,RSI,51.1688
2026-04-06,TSLA,RSI,52.5927
2026-04-07,TSLA,RSI,58.5981
2026-04-08,TSLA,RSI,52.4196
2026-04-09,TSLA,RSI,49.4374
2026-04-10,TSLA,RSI,46.6938
2026-04-13,TSLA,RSI,40.3804
2026-04-14,TSLA,RSI,48.0172
2026-04-15,TSLA,RSI,39.1907
2026-04-16,TSLA,RSI,43.4669
2026-04-17,TSLA,RSI,44.8011
2026-04-20,TSLA,RSI,41.0494
2026-04-21,TSLA,RSI,39.0066
2026-04-22,TSLA,RSI,27.0748
2026-04-23,TSLA,RSI,34.0753
2026-04-24,TSLA,RSI,39.7048
2026-04-27,TSLA,RSI,43.1273
2026-04-28,TSLA,RSI,46.7468
2026-04-29,TSLA,RSI,49.7129
2026-04-30,TSLA,RSI,42.804
2026-05-01,TSLA,RSI,38.1497
2026-05-04,TSLA,RSI,33.3404
2026-05-05,TSLA,RSI,37.182
2026-05-06,TSLA,RSI,31.1662
2026-05-07,TSLA,RSI,32.7326
2026-05-08,TSLA,RSI,41.6997
2026-05-11,TSLA,RSI,47.9391
2026-05-12,TSLA,RSI,44.9855
2026-05-13,TSLA,RSI,32.2333
2026-05-14,TSLA,RSI,27.3124
2026-05-15,TSLA,RSI,14.4946
2026-05-18,TSLA,RSI,15.5865
2026-05-19,TSLA,RSI,14.324
2026-05-20,TSLA,RSI,16.813
2026-05-21,TSLA,RSI,30.3765
2026-05-22,TSLA,RSI,37.9686
2026-05-25,TSLA,RSI,46.5283
2026-05-26,TSLA,RSI,46.3875
2026-05-27,TSLA,RSI,43.4985
2026-05-28,TSLA,RSI,40.1971
2026-05-29,TSLA,RSI,47.602
2026-06-01,TSLA,RSI,48.0737
2026-06-02,TSLA,RSI,64.7714
2026-06-03,TSLA,RSI,59.5712
2026-06-04,TSLA,RSI,65.47
2026-06-05,TSLA,RSI,72.5253
2026-06-08,TSLA,RSI,65.1802
2026-06-09,TSLA,RSI,66.6224
2026-06-10,TSLA,RSI,62.5445
2026-06-11,TSLA,RSI,61.0588
2026-06-12,TSLA,RSI,57.2945
2026-06-15,TSLA,RSI,51.2328
2026-06-16,TSLA,RSI,50.5829
2026-06-17,TSLA,RSI,49.3169
2026-06-18,TSLA,RSI,49.4497
2026-06-19,TSLA,RSI,55.1089
2026-06-22,TSLA,RSI,55.0826
2026-06-23,TSLA,RSI,56.1244
2026-06-24,TSLA,RSI,51.8142
2026-06-25,TSLA,RSI,41.8367
2026-06-26,TSLA,RSI,46.9762
2026-06-29,TSLA,RSI,49.9045
2026-06-30,TSLA,RSI,45.3287
2026-07-01,TSLA,RSI,47.0788
2026-07-02,TSLA,RSI,54.2526
2026-07-03,TSLA,RSI,68.0933
2026-07-06,TSLA,RSI,75.0802
2026-07-07,TSLA,RSI,70.0221
2026-07-08,TSLA,RSI,61.2001
2026-07-09,TSLA,RSI,61.0826
2026-07-10,TSLA,RSI,51.2965
2026-07-13,TSLA,RSI,55.2615
2026-07-14,TSLA,RSI,59.8228
2026-07-15,TSLA,RSI,58.0184
2026-07-16,TSLA,RSI,61.5188
2026-07-17,TSLA,RSI,59.6092
2026-07-20,TSLA,RSI,69.6462
2026-07-21,TSLA,RSI,61.6201
2026-07-22,TSLA,RSI,59.6875
2026-07-23,TSLA,RSI,59.1911
2026-07-24,TSLA,RSI,56.2871
2026-07-27,TSLA,RSI,66.3422
2026-07-28,TSLA,RSI,76.9815
2026-07-29,TSLA,RSI,70.7943
2026-07-30,TSLA,RSI,71.7756
2026-07-31,TSLA,RSI,69.1266
2026-08-03,TSLA,RSI,70.2369
2026-08-04,TSLA,RSI,73.6175
2026-08-05,TSLA,RSI,73.0436
2026-08-06,TSLA,RSI,71.7895
2026-08-07,TSLA,RSI,60.3357
2026-08-10,TSLA,RSI,60.3377
2026-08-11,TSLA,RSI,59.5358
2026-08-12,TSLA,RSI,50.7484
2026-08-13,TSLA,RSI,48.4577
2026-08-14,TSLA,RSI,43.9398
2026-08-17,TSLA,RSI,41.6629
2026-08-18,TSLA,RSI,50.2048
2026-08-19,TSLA,RSI,57.3219
2026-08-20,TSLA,RSI,48.255
2026-08-21,TSLA,RSI,48.4836
2022-01-03,XOM,RSI,50.0
2022-01-04,XOM,RSI,50.0
2022-01-05,XOM,RSI,50.0
2022-01-06,XOM,RSI,50.0
2022-01-07,XOM,RSI,50.0
2022-01-10,XOM,RSI,50.0
2022-01-11,XOM,RSI,50.0
2022-01-12,XOM,RSI,50.0
2022-01-13,XOM,RSI,50.0
2022-01-14,XOM,RSI,50.0
2022-01-17,XOM,RSI,50.0
2022-01-18,XOM,RSI,50.0
2022-01-19,XOM,RSI,50.0
2022-01-20,XOM,RSI,50.0
2022-01-21,XOM,RSI,51.5633
2022-01-24,XOM,RSI,56.5824
2022-01-25,XOM,RSI,66.7246
2022-01-26,XOM,RSI,70.342
2022-01-27,XOM,RSI,72.3425
2022-01-28,XOM,RSI,73.0491
2022-01-31,XOM,RSI,72.0641
2022-02-01,XOM,RSI,74.3894
2022-02-02,XOM,RSI,63.3641
2022-02-03,XOM,RSI,62.2083
2022-02-04,XOM,RSI,53.5104
2022-02-07,XOM,RSI,46.9854
2022-02-08,XOM,RSI,44.2836
2022-02-09,XOM,RSI,40.768
2022-02-10,XOM,RSI,43.6803
2022-02-11,XOM,RSI,38.2428
2022-02-14,XOM,RSI,26.5621
2022-02-15,XOM,RSI,25.9631
2022-02-16,XOM,RSI,20.1423
2022-02-17,XOM,RSI,16.1011
2022-02-18,XOM,RSI,14.0578
2022-02-21,XOM,RSI,3.7016
2022-02-22,XOM,RSI,10.5365
2022-02-23,XOM,RSI,10.0739
2022-02-24,XOM,RSI,11.2088
2022-02-25,XOM,RSI,17.3229
2022-02-28,XOM,RSI,17.7649
2022-03-01,XOM,RSI,29.3843
2022-03-02,XOM,RSI,28.2711
2022-03-03,XOM,RSI,26.2793
2022-03-04,XOM,RSI,25.8096
2022-03-07,XOM,RSI,27.2561
2022-03-08,XOM,RSI,28.0044
2022-03-09,XOM,RSI,24.9429
2022-03-10,XOM,RSI,23.3711
2022-03-11,XOM,RSI,24.5069
2022-03-14,XOM,RSI,20.9291
2022-03-15,XOM,RSI,26.7211
2022-03-16,XOM,RSI,28.4094
2022-03-17,XOM,RSI,21.7283
2022-03-18,XOM,RSI,25.4963
2022-03-21,XOM,RSI,14.1493
2022-03-22,XOM,RSI,16.2961
2022-03-23,XOM,RSI,14.4811
2022-03-24,XOM,RSI,15.9814
2022-03-25,XOM,RSI,15.2043
2022-03-28,XOM,RSI,12.413
2022-03-29,XOM,RSI,13.4176
2022-03-30,XOM,RSI,24.1217
2022-03-31,XOM,RSI,36.9783
2022-04-01,XOM,RSI,41.3318
2022-04-04,XOM,RSI,37.2217
2022-04-05,XOM,RSI,35.4946
2022-04-06,XOM,RSI,36.348
2022-04-07,XOM,RSI,34.2537
2022-04-08,XOM,RSI,30.0686
2022-04-11,XOM,RSI,27.8922
2022-04-12,XOM,RSI,27.4304
2022-04-13,XOM,RSI,25.6412
2022-04-14,XOM,RSI,30.542
2022-04-15,XOM,RSI,40.1408
2022-04-18,XOM,RSI,41.3497
2022-04-19,XOM,RSI,39.2201
2022-04-20,XOM,RSI,32.671
2022-04-21,XOM,RSI,21.8982
2022-04-22,XOM,RSI,32.6709
2022-04-25,XOM,RSI,34.2938
2022-04-26,XOM,RSI,31.355
2022-04-27,XOM,RSI,34.4584
2022-04-28,XOM,RSI,42.4855
2022-04-29,XOM,RSI,45.2641
2022-05-02,XOM,RSI,54.5051
2022-05-03,XOM,RSI,63.1475
2022-05-04,XOM,RSI,54.2471
2022-05-05,XOM,RSI,48.0657
2022-05-06,XOM,RSI,49.0907
2022-05-09,XOM,RSI,47.472
2022-05-10,XOM,RSI,52.0289
2022-05-11,XOM,RSI,59.6582
2022-05-12,XOM,RSI,43.1419
2022-05-13,XOM,RSI,45.9627
2022-05-16,XOM,RSI,48.2631
2022-05-17,XOM,RSI,54.4493
2022-05-18,XOM,RSI,47.2462
2022-05-19,XOM,RSI,49.5294
2022-05-20,XOM,RSI,40.1563
2022-05-23,XOM,RSI,32.8126
2022-05-24,XOM,RSI,32.0002
2022-05-25,XOM,RSI,33.0107
2022-05-26,XOM,RSI,34.9274
2022-05-27,XOM,RSI,36.9451
2022-05-30,XOM,RSI,27.3952
2022-05-31,XOM,RSI,23.8598
2022-06-01,XOM,RSI,33.0254
2022-06-02,XOM,RSI,36.2028
2022-06-03,XOM,RSI,39.3184
2022-06-06,XOM,RSI,30.3508
2022-06-07,XOM,RSI,35.0419
2022-06-08,XOM,RSI,42.3796
2022-06-09,XOM,RSI,54.0672
2022-06-10,XOM,RSI,68.5478
2022-06-13,XOM,RSI,78.47
2022-06-14,XOM,RSI,80.3517
2022-06-15,XOM,RSI,79.2354
2022-06-16,XOM,RSI,78.4733
2022-06-17,XOM,RSI,86.6214
2022-06-20,XOM,RSI,89.388
2022-06-21,XOM,RSI,79.256
2022-06-22,XOM,RSI,81.2592
2022-06-23,XOM,RSI,66.4741
2022-06-24,XOM,RSI,64.7375
2022-06-27,XOM,RSI,62.43
2022-06-28,XOM,RSI,58.69
2022-06-29,XOM,RSI,49.2033
2022-06-30,XOM,RSI,52.914
2022-07-01,XOM,RSI,51.374
2022-07-04,XOM,RSI,46.7015
2022-07-05,XOM,RSI,42.6706
2022-07-06,XOM,RSI,40.1131
2022-07-07,XOM,RSI,45.1193
2022-07-08,XOM,RSI,39.822
2022-07-11,XOM,RSI,38.6076
2022-07-12,XOM,RSI,28.5403
2022-07-13,XOM,RSI,32.4926
2022-07-14,XOM,RSI,32.5475
2022-07-15,XOM,RSI,39.3273
2022-07-18,XOM,RSI,38.9275
2022-07-19,XOM,RSI,43.3118
2022-07-20,XOM,RSI,39.4727
2022-07-21,XOM,RSI,38.2175
2022-07-22,XOM,RSI,37.574
2022-07-25,XOM,RSI,39.1645
2022-07-26,XOM,RSI,45.4016
2022-07-27,XOM,RSI,44.6846
2022-07-28,XOM,RSI,39.8411
2022-07-29,XOM,RSI,51.2607
2022-08-01,XOM,RSI,56.857
2022-08-02,XOM,RSI,61.9462
2022-08-03,XOM,RSI,53.1901
2022-08-04,XOM,RSI,54.7264
2022-08-05,XOM,RSI,53.3826
2022-08-08,XOM,RSI,48.1607
2022-08-09,XOM,RSI,43.2037
2022-08-10,XOM,RSI,54.5525
2022-08-11,XOM,RSI,66.9028
2022-08-12,XOM,RSI,68.2689
2022-08-15,XOM,RSI,67.2392
2022-08-16,XOM,RSI,69.6579
2022-08-17,XOM,RSI,70.58
2022-08-18,XOM,RSI,67.9846
2022-08-19,XOM,RSI,53.6443
2022-08-22,XOM,RSI,60.0376
2022-08-23,XOM,RSI,62.4664
2022-08-24,XOM,RSI,48.9865
2022-08-25,XOM,RSI,43.1296
2022-08-26,XOM,RSI,42.0713
2022-08-29,XOM,RSI,44.1019
2022-08-30,XOM,RSI,42.6031
2022-08-31,XOM,RSI,39.7503
2022-09-01,XOM,RSI,47.4715
2022-09-02,XOM,RSI,44.4651
2022-09-05,XOM,RSI,38.5732
2022-09-06,XOM,RSI,32.3903
2022-09-07,XOM,RSI,30.693
2022-09-08,XOM,RSI,31.4856
2022-09-09,XOM,RSI,23.2483
2022-09-12,XOM,RSI,27.7855
2022-09-13,XOM,RSI,28.7554
2022-09-14,XOM,RSI,29.7575
2022-09-15,XOM,RSI,28.5574
2022-09-16,XOM,RSI,29.2166
2022-09-19,XOM,RSI,30.0436
2022-09-20,XOM,RSI,28.3057
2022-09-21,XOM,RSI,23.3277
2022-09-22,XOM,RSI,22.4206
2022-09-23,XOM,RSI,27.92
2022-09-26,XOM,RSI,30.5746
2022-09-27,XOM,RSI,34.5927
2022-09-28,XOM,RSI,40.2224
2022-09-29,XOM,RSI,38.9192
2022-09-30,XOM,RSI,34.0091
2022-10-03,XOM,RSI,39.4008
2022-10-04,XOM,RSI,39.0453
2022-10-05,XOM,RSI,45.9459
2022-10-06,XOM,RSI,38.1991
2022-10-07,XOM,RSI,32.3686
2022-10-10,XOM,RSI,29.4942
2022-10-11,XOM,RSI,26.2323
2022-10-12,XOM,RSI,33.3645
2022-10-13,XOM,RSI,25.2354
2022-10-14,XOM,RSI,26.9139
2022-10-17,XOM,RSI,31.2741
2022-10-18,XOM,RSI,29.3661
2022-10-19,XOM,RSI,33.8139
2022-10-20,XOM,RSI,40.8008
2022-10-21,XOM,RSI,42.1194
2022-10-24,XOM,RSI,50.0161
2022-10-25,XOM,RSI,42.4573
2022-10-26,XOM,RSI,54.516
2022-10-27,XOM,RSI,45.6324
2022-10-28,XOM,RSI,61.872
2022-10-31,XOM,RSI,54.1791
2022-11-01,XOM,RSI,46.3812
2022-11-02,XOM,RSI,48.4228
2022-11-03,XOM,RSI,50.8555
2022-11-04,XOM,RSI,41.1265
2022-11-07,XOM,RSI,50.8599
2022-11-08,XOM,RSI,54.1948
2022-11-09,XOM,RSI,50.833
2022-11-10,XOM,RSI,50.7
2022-11-11,XOM,RSI,56.0897
2022-11-14,XOM,RSI,66.248
2022-11-15,XOM,RSI,64.389
2022-11-16,XOM,RSI,63.5742
2022-11-17,XOM,RSI,50.4988
2022-11-18,XOM,RSI,49.5961
2022-11-21,XOM,RSI,51.4386
2022-11-22,XOM,RSI,50.2684
2022-11-23,XOM,RSI,48.8972
2022-11-24,XOM,RSI,57.5489
2022-11-25,XOM,RSI,42.2848
2022-11-28,XOM,RSI,40.6582
2022-11-29,XOM,RSI,43.6179
2022-11-30,XOM,RSI,34.0115
2022-12-01,XOM,RSI,30.027
2022-12-02,XOM,RSI,33.7076
2022-12-05,XOM,RSI,36.0703
2022-12-06,XOM,RSI,41.1153
2022-12-07,XOM,RSI,44.5268
2022-12-08,XOM,RSI,51.1864
2022-12-09,XOM,RSI,59.723
2022-12-12,XOM,RSI,57.9462
2022-12-13,XOM,RSI,61.0338
2022-12-14,XOM,RSI,59.2507
2022-12-15,XOM,RSI,74.3152
2022-12-16,XOM,RSI,76.5745
2022-12-19,XOM,RSI,76.21
2022-12-20,XOM,RSI,94.5415
2022-12-21,XOM,RSI,91.345
2022-12-22,XOM,RSI,90.2078
2022-12-23,XOM,RSI,83.1744
2022-12-26,XOM,RSI,82.8832
2022-12-27,XOM,RSI,83.2742
2022-12-28,XOM,RSI,71.1983
2022-12-29,XOM,RSI,67.4403
2022-12-30,XOM,RSI,59.1954
2023-01-02,XOM,RSI,51.6492
2023-01-03,XOM,RSI,52.6566
2023-01-04,XOM,RSI,44.5038
2023-01-05,XOM,RSI,37.2023
2023-01-06,XOM,RSI,31.563
2023-01-09,XOM,RSI,38.4627
2023-01-10,XOM,RSI,36.1786
2023-01-11,XOM,RSI,33.813
2023-01-12,XOM,RSI,44.872
2023-01-13,XOM,RSI,37.913
2023-01-16,XOM,RSI,37.2563
2023-01-17,XOM,RSI,40.5866
2023-01-18,XOM,RSI,40.8046
2023-01-19,XOM,RSI,43.4941
2023-01-20,XOM,RSI,40.74
2023-01-23,XOM,RSI,36.6413
2023-01-24,XOM,RSI,33.7483
2023-01-25,XOM,RSI,32.3071
2023-01-26,XOM,RSI,40.4284
2023-01-27,XOM,RSI,28.9879
2023-01-30,XOM,RSI,31.3179
2023-01-31,XOM,RSI,24.6793
2023-02-01,XOM,RSI,13.164
2023-02-02,XOM,RSI,15.1093
2023-02-03,XOM,RSI,13.9566
2023-02-06,XOM,RSI,18.4755
2023-02-07,XOM,RSI,35.5095
2023-02-08,XOM,RSI,38.8016
2023-02-09,XOM,RSI,40.8918
2023-02-10,XOM,RSI,38.2347
2023-02-13,XOM,RSI,45.6327
2023-02-14,XOM,RSI,42.7129
2023-02-15,XOM,RSI,44.4519
2023-02-16,XOM,RSI,44.5985
2023-02-17,XOM,RSI,45.9077
2023-02-20,XOM,RSI,51.1418
2023-02-21,XOM,RSI,53.9837
2023-02-22,XOM,RSI,58.9667
2023-02-23,XOM,RSI,65.5903
2023-02-24,XOM,RSI,67.8434
2023-02-27,XOM,RSI,53.7897
2023-02-28,XOM,RSI,51.1704
2023-03-01,XOM,RSI,52.6364
2023-03-02,XOM,RSI,61.6431
2023-03-03,XOM,RSI,60.2676
2023-03-06,XOM,RSI,67.3292
2023-03-07,XOM,RSI,62.1445
2023-03-08,XOM,RSI,76.1556
2023-03-09,XOM,RSI,64.1559
2023-03-10,XOM,RSI,59.5556
2023-03-13,XOM,RSI,55.3656
2023-03-14,XOM,RSI,49.6724
2023-03-15,XOM,RSI,46.7475
2023-03-16,XOM,RSI,43.2293
2023-03-17,XOM,RSI,49.9791
2023-03-20,XOM,RSI,60.0958
2023-03-21,XOM,RSI,50.3453
2023-03-22,XOM,RSI,50.3805
2023-03-23,XOM,RSI,45.25
2023-03-24,XOM,RSI,48.1258
2023-03-27,XOM,RSI,47.1376
2023-03-28,XOM,RSI,44.9518
2023-03-29,XOM,RSI,47.1816
2023-03-30,XOM,RSI,43.9456
2023-03-31,XOM,RSI,47.3672
2023-04-03,XOM,RSI,40.2031
2023-04-04,XOM,RSI,38.0822
2023-04-05,XOM,RSI,38.6515
2023-04-06,XOM,RSI,36.7442
2023-04-07,XOM,RSI,29.6897
2023-04-10,XOM,RSI,40.9159
2023-04-11,XOM,RSI,41.9281
2023-04-12,XOM,RSI,43.9693
2023-04-13,XOM,RSI,43.553
2023-04-14,XOM,RSI,50.6413
2023-04-17,XOM,RSI,49.2689
2023-04-18,XOM,RSI,51.3901
2023-04-19,XOM,RSI,56.7518
2023-04-20,XOM,RSI,48.6856
2023-04-21,XOM,RSI,62.4494
2023-04-24,XOM,RSI,67.0758
2023-04-25,XOM,RSI,65.0229
2023-04-26,XOM,RSI,67.6831
2023-04-27,XOM,RSI,67.3427
2023-04-28,XOM,RSI,61.9268
2023-05-01,XOM,RSI,43.6923
2023-05-02,XOM,RSI,41.3647
2023-05-03,XOM,RSI,27.5571
2023-05-04,XOM,RSI,10.1601
2023-05-05,XOM,RSI,8.0726
2023-05-08,XOM,RSI,8.2284
2023-05-09,XOM,RSI,11.0933
2023-05-10,XOM,RSI,14.6902
2023-05-11,XOM,RSI,17.9749
2023-05-12,XOM,RSI,17.0287
2023-05-15,XOM,RSI,15.7872
2023-05-16,XOM,RSI,21.6449
2023-05-17,XOM,RSI,23.4256
2023-05-18,XOM,RSI,24.7768
2023-05-19,XOM,RSI,41.4783
2023-05-22,XOM,RSI,42.4375
2023-05-23,XOM,RSI,45.2263
2023-05-24,XOM,RSI,44.8328
2023-05-25,XOM,RSI,55.1644
2023-05-26,XOM,RSI,62.3888
2023-05-29,XOM,RSI,62.8666
2023-05-30,XOM,RSI,67.3451
2023-05-31,XOM,RSI,65.2197
2023-06-01,XOM,RSI,56.9505
2023-06-02,XOM,RSI,61.5098
2023-06-05,XOM,RSI,58.827
2023-06-06,XOM,RSI,59.2829
2023-06-07,XOM,RSI,62.9348
2023-06-08,XOM,RSI,53.6226
2023-06-09,XOM,RSI,57.6499
2023-06-12,XOM,RSI,54.2673
2023-06-13,XOM,RSI,51.6263
2023-06-14,XOM,RSI,50.2946
2023-06-15,XOM,RSI,44.5685
2023-06-16,XOM,RSI,44.3501
2023-06-19,XOM,RSI,32.5064
2023-06-20,XOM,RSI,38.4568
2023-06-21,XOM,RSI,43.7141
2023-06-22,XOM,RSI,39.7666
2023-06-23,XOM,RSI,39.1835
2023-06-26,XOM,RSI,40.9012
2023-06-27,XOM,RSI,35.781
2023-06-28,XOM,RSI,49.3903
2023-06-29,XOM,RSI,43.9035
2023-06-30,XOM,RSI,50.4478
2023-07-03,XOM,RSI,58.7832
2023-07-04,XOM,RSI,66.9338
2023-07-05,XOM,RSI,70.6962
2023-07-06,XOM,RSI,69.7748
2023-07-07,XOM,RSI,65.9415
2023-07-10,XOM,RSI,56.9581
2023-07-11,XOM,RSI,56.6761
2023-07-12,XOM,RSI,54.4701
2023-07-13,XOM,RSI,50.0206
2023-07-14,XOM,RSI,46.1876
2023-07-17,XOM,RSI,42.1126
2023-07-18,XOM,RSI,24.8167
2023-07-19,XOM,RSI,25.9222
2023-07-20,XOM,RSI,20.4957
2023-07-21,XOM,RSI,21.0452
2023-07-24,XOM,RSI,9.2198
2023-07-25,XOM,RSI,3.3649
2023-07-26,XOM,RSI,0.4633
2023-07-27,XOM,RSI,0.4311
2023-07-28,XOM,RSI,19.8728
2023-07-31,XOM,RSI,25.6617
2023-08-01,XOM,RSI,29.0479
2023-08-02,XOM,RSI,30.1787
2023-08-03,XOM,RSI,32.5613
2023-08-04,XOM,RSI,30.291
2023-08-07,XOM,RSI,34.5068
2023-08-08,XOM,RSI,30.7567
2023-08-09,XOM,RSI,30.2699
2023-08-10,XOM,RSI,28.5659
2023-08-11,XOM,RSI,37.6399
2023-08-14,XOM,RSI,36.5326
2023-08-15,XOM,RSI,38.0061
2023-08-16,XOM,RSI,40.0152
2023-08-17,XOM,RSI,27.7348
2023-08-18,XOM,RSI,33.4468
2023-08-21,XOM,RSI,34.126
2023-08-22,XOM,RSI,30.7403
2023-08-23,XOM,RSI,30.4467
2023-08-24,XOM,RSI,32.3953
2023-08-25,XOM,RSI,35.2437
2023-08-28,XOM,RSI,39.9482
2023-08-29,XOM,RSI,39.723
2023-08-30,XOM,RSI,41.5812
2023-08-31,XOM,RSI,31.8365
2023-09-01,XOM,RSI,29.7173
2023-09-04,XOM,RSI,27.4464
2023-09-05,XOM,RSI,33.0325
2023-09-06,XOM,RSI,34.9377
2023-09-07,XOM,RSI,29.8168
2023-09-08,XOM,RSI,25.3584
2023-09-11,XOM,RSI,27.5904
2023-09-12,XOM,RSI,25.1874
2023-09-13,XOM,RSI,26.3794
2023-09-14,XOM,RSI,25.0953
2023-09-15,XOM,RSI,25.4243
2023-09-18,XOM,RSI,29.7887
2023-09-19,XOM,RSI,29.4977
2023-09-20,XOM,RSI,32.2228
2023-09-21,XOM,RSI,58.5018
2023-09-22,XOM,RSI,59.1729
2023-09-25,XOM,RSI,57.1061
2023-09-26,XOM,RSI,55.1609
2023-09-27,XOM,RSI,43.4085
2023-09-28,XOM,RSI,36.8097
2023-09-29,XOM,RSI,36.2185
2023-10-02,XOM,RSI,36.8867
2023-10-03,XOM,RSI,44.0427
2023-10-04,XOM,RSI,43.5489
2023-10-05,XOM,RSI,39.0607
2023-10-06,XOM,RSI,39.0008
2023-10-09,XOM,RSI,40.6059
2023-10-10,XOM,RSI,38.1548
2023-10-11,XOM,RSI,34.0486
2023-10-12,XOM,RSI,38.6492
2023-10-13,XOM,RSI,41.5358
2023-10-16,XOM,RSI,41.6792
2023-10-17,XOM,RSI,38.7765
2023-10-18,XOM,RSI,50.6977
2023-10-19,XOM,RSI,61.4141
2023-10-20,XOM,RSI,66.909
2023-10-23,XOM,RSI,58.4367
2023-10-24,XOM,RSI,49.7708
2023-10-25,XOM,RSI,58.4444
2023-10-26,XOM,RSI,63.8437
2023-10-27,XOM,RSI,68.9242
2023-10-30,XOM,RSI,68.3423
2023-10-31,XOM,RSI,63.6979
2023-11-01,XOM,RSI,50.0415
2023-11-02,XOM,RSI,40.2591
2023-11-03,XOM,RSI,41.9451
2023-11-06,XOM,RSI,44.2527
2023-11-07,XOM,RSI,33.6923
2023-11-08,XOM,RSI,28.8216
2023-11-09,XOM,RSI,28.2039
2023-11-10,XOM,RSI,31.3304
2023-11-13,XOM,RSI,29.7769
2023-11-14,XOM,RSI,32.1245
2023-11-15,XOM,RSI,25.8998
2023-11-16,XOM,RSI,17.4092
2023-11-17,XOM,RSI,18.713
2023-11-20,XOM,RSI,18.9463
2023-11-21,XOM,RSI,21.3519
2023-11-22,XOM,RSI,27.2438
2023-11-23,XOM,RSI,24.968
2023-11-24,XOM,RSI,26.987
2023-11-27,XOM,RSI,35.917
2023-11-28,XOM,RSI,51.4439
2023-11-29,XOM,RSI,45.861
2023-11-30,XOM,RSI,47.7181
2023-12-01,XOM,RSI,59.0327
2023-12-04,XOM,RSI,60.4931
2023-12-05,XOM,RSI,53.9917
2023-12-06,XOM,RSI,59.8272
2023-12-07,XOM,RSI,55.8558
2023-12-08,XOM,RSI,64.7206
2023-12-11,XOM,RSI,72.1257
2023-12-12,XOM,RSI,74.5604
2023-12-13,XOM,RSI,72.7911
2023-12-14,XOM,RSI,75.7337
2023-12-15,XOM,RSI,77.0535
2023-12-18,XOM,RSI,73.8449
2023-12-19,XOM,RSI,78.6787
2023-12-20,XOM,RSI,57.3551
2023-12-21,XOM,RSI,55.6171
2023-12-22,XOM,RSI,51.2674
2023-12-25,XOM,RSI,58.7866
2023-12-26,XOM,RSI,57.9446
2023-12-27,XOM,RSI,59.1838
2023-12-28,XOM,RSI,49.0059
2023-12-29,XOM,RSI,51.0607
2024-01-01,XOM,RSI,52.448
2024-01-02,XOM,RSI,56.376
2024-01-03,XOM,RSI,52.7847
2024-01-04,XOM,RSI,60.0237
2024-01-05,XOM,RSI,60.9972
2024-01-08,XOM,RSI,59.2246
2024-01-09,XOM,RSI,86.649
2024-01-10,XOM,RSI,93.3112
2024-01-11,XOM,RSI,93.766
2024-01-12,XOM,RSI,85.5225
2024-01-15,XOM,RSI,84.5881
2024-01-16,XOM,RSI,86.9897
2024-01-17,XOM,RSI,91.3556
2024-01-18,XOM,RSI,92.8215
2024-01-19,XOM,RSI,87.8823
2024-01-22,XOM,RSI,88.1735
2024-01-23,XOM,RSI,83.5116
2024-01-24,XOM,RSI,79.9878
2024-01-25,XOM,RSI,74.4106
2024-01-26,XOM,RSI,77.058
2024-01-29,XOM,RSI,75.1524
2024-01-30,XOM,RSI,73.099
2024-01-31,XOM,RSI,71.7503
2024-02-01,XOM,RSI,78.0255
2024-02-02,XOM,RSI,78.6695
2024-02-05,XOM,RSI,72.931
2024-02-06,XOM,RSI,57.8498
2024-02-07,XOM,RSI,38.7945
2024-02-08,XOM,RSI,35.5362
2024-02-09,XOM,RSI,31.3375
2024-02-12,XOM,RSI,31.5983
2024-02-13,XOM,RSI,37.4052
2024-02-14,XOM,RSI,41.8546
2024-02-15,XOM,RSI,26.0355
2024-02-16,XOM,RSI,23.4316
2024-02-19,XOM,RSI,17.9403
2024-02-20,XOM,RSI,16.3007
2024-02-21,XOM,RSI,13.2753
2024-02-22,XOM,RSI,9.7054
2024-02-23,XOM,RSI,19.4796
2024-02-26,XOM,RSI,25.9059
2024-02-27,XOM,RSI,28.1966
2024-02-28,XOM,RSI,39.2488
2024-02-29,XOM,RSI,35.6791
2024-03-01,XOM,RSI,37.1395
2024-03-04,XOM,RSI,36.1265
2024-03-05,XOM,RSI,32.1819
2024-03-06,XOM,RSI,40.5859
2024-03-07,XOM,RSI,43.2544
2024-03-08,XOM,RSI,54.5486
2024-03-11,XOM,RSI,66.4087
2024-03-12,XOM,RSI,70.2815
2024-03-13,XOM,RSI,76.0821
2024-03-14,XOM,RSI,61.5813
2024-03-15,XOM,RSI,59.7937
2024-03-18,XOM,RSI,58.828
2024-03-19,XOM,RSI,52.1789
2024-03-20,XOM,RSI,55.0226
2024-03-21,XOM,RSI,59.3176
2024-03-22,XOM,RSI,49.4797
2024-03-25,XOM,RSI,57.081
2024-03-26,XOM,RSI,47.3387
2024-03-27,XOM,RSI,37.9782
2024-03-28,XOM,RSI,33.2338
2024-03-29,XOM,RSI,22.68
2024-04-01,XOM,RSI,16.7018
2024-04-02,XOM,RSI,16.5888
2024-04-03,XOM,RSI,19.3396
2024-04-04,XOM,RSI,15.0873
2024-04-05,XOM,RSI,20.9237
2024-04-08,XOM,RSI,19.8561
2024-04-09,XOM,RSI,23.9812
2024-04-10,XOM,RSI,16.7534
2024-04-11,XOM,RSI,19.8639
2024-04-12,XOM,RSI,22.7165
2024-04-15,XOM,RSI,28.4774
2024-04-16,XOM,RSI,43.0213
2024-04-17,XOM,RSI,49.1968
2024-04-18,XOM,RSI,48.1538
2024-04-19,XOM,RSI,58.216
2024-04-22,XOM,RSI,54.8839
2024-04-23,XOM,RSI,59.988
2024-04-24,XOM,RSI,68.1714
2024-04-25,XOM,RSI,73.0732
2024-04-26,XOM,RSI,79.3373
2024-04-29,XOM,RSI,67.0596
2024-04-30,XOM,RSI,79.1345
2024-05-01,XOM,RSI,70.3828
2024-05-02,XOM,RSI,70.9241
2024-05-03,XOM,RSI,72.246
2024-05-06,XOM,RSI,65.0446
2024-05-07,XOM,RSI,55.9667
2024-05-08,XOM,RSI,55.267
2024-05-09,XOM,RSI,46.4931
2024-05-10,XOM,RSI,44.4845
2024-05-13,XOM,RSI,39.6242
2024-05-14,XOM,RSI,42.7654
2024-05-15,XOM,RSI,26.7618
2024-05-16,XOM,RSI,23.0777
2024-05-17,XOM,RSI,40.0733
2024-05-20,XOM,RSI,47.3814
2024-05-21,XOM,RSI,55.5948
2024-05-22,XOM,RSI,53.2202
2024-05-23,XOM,RSI,53.3038
2024-05-24,XOM,RSI,54.2575
2024-05-27,XOM,RSI,47.5005
2024-05-28,XOM,RSI,45.2407
2024-05-29,XOM,RSI,46.6551
2024-05-30,XOM,RSI,49.5759
2024-05-31,XOM,RSI,53.0481
2024-06-03,XOM,RSI,56.2834
2024-06-04,XOM,RSI,62.448
2024-06-05,XOM,RSI,60.9708
2024-06-06,XOM,RSI,52.6696
2024-06-07,XOM,RSI,46.945
2024-06-10,XOM,RSI,39.295
2024-06-11,XOM,RSI,35.8473
2024-06-12,XOM,RSI,33.9881
2024-06-13,XOM,RSI,31.6469
2024-06-14,XOM,RSI,39.3377
2024-06-17,XOM,RSI,44.9093
2024-06-18,XOM,RSI,43.4111
2024-06-19,XOM,RSI,41.6181
2024-06-20,XOM,RSI,38.4823
2024-06-21,XOM,RSI,23.6864
2024-06-24,XOM,RSI,20.5703
2024-06-25,XOM,RSI,27.0232
2024-06-26,XOM,RSI,24.7526
2024-06-27,XOM,RSI,32.0983
2024-06-28,XOM,RSI,31.1414
2024-07-01,XOM,RSI,38.6878
2024-07-02,XOM,RSI,39.8725
2024-07-03,XOM,RSI,43.9817
2024-07-04,XOM,RSI,43.6429
2024-07-05,XOM,RSI,45.5519
2024-07-08,XOM,RSI,42.5201
2024-07-09,XOM,RSI,38.9001
2024-07-10,XOM,RSI,42.0102
2024-07-11,XOM,RSI,41.4391
2024-07-12,XOM,RSI,42.5903
2024-07-15,XOM,RSI,39.0677
2024-07-16,XOM,RSI,39.697
2024-07-17,XOM,RSI,41.7427
2024-07-18,XOM,RSI,48.0467
2024-07-19,XOM,RSI,42.1199
2024-07-22,XOM,RSI,37.2448
2024-07-23,XOM,RSI,41.4923
2024-07-24,XOM,RSI,41.6512
2024-07-25,XOM,RSI,35.9923
2024-07-26,XOM,RSI,40.11
2024-07-29,XOM,RSI,41.8653
2024-07-30,XOM,RSI,44.2161
2024-07-31,XOM,RSI,42.2731
2024-08-01,XOM,RSI,44.6491
2024-08-02,XOM,RSI,47.3859
2024-08-05,XOM,RSI,57.9439
2024-08-06,XOM,RSI,47.7547
2024-08-07,XOM,RSI,53.439
2024-08-08,XOM,RSI,56.0452
2024-08-09,XOM,RSI,56.5485
2024-08-12,XOM,RSI,58.1822
2024-08-13,XOM,RSI,71.207
2024-08-14,XOM,RSI,72.9189
2024-08-15,XOM,RSI,77.8446
2024-08-16,XOM,RSI,85.1845
2024-08-19,XOM,RSI,77.457
2024-08-20,XOM,RSI,82.1545
2024-08-21,XOM,RSI,82.638
2024-08-22,XOM,RSI,74.4219
2024-08-23,XOM,RSI,71.2755
2024-08-26,XOM,RSI,72.0637
2024-08-27,XOM,RSI,66.8501
2024-08-28,XOM,RSI,70.0243
2024-08-29,XOM,RSI,66.0542
2024-08-30,XOM,RSI,71.4501
2024-09-02,XOM,RSI,66.0047
2024-09-03,XOM,RSI,72.8372
2024-09-04,XOM,RSI,70.5404
2024-09-05,XOM,RSI,73.0889
2024-09-06,XOM,RSI,72.2544
2024-09-09,XOM,RSI,71.6406
2024-09-10,XOM,RSI,68.3432
2024-09-11,XOM,RSI,71.2191
2024-09-12,XOM,RSI,71.6083
2024-09-13,XOM,RSI,69.4565
2024-09-16,XOM,RSI,58.7208
2024-09-17,XOM,RSI,56.8339
2024-09-18,XOM,RSI,58.1877
2024-09-19,XOM,RSI,51.7064
2024-09-20,XOM,RSI,43.4558
2024-09-23,XOM,RSI,33.4903
2024-09-24,XOM,RSI,27.9493
2024-09-25,XOM,RSI,20.7484
2024-09-26,XOM,RSI,21.5478
2024-09-27,XOM,RSI,29.8981
2024-09-30,XOM,RSI,31.3304
2024-10-01,XOM,RSI,37.0984
2024-10-02,XOM,RSI,42.2778
2024-10-03,XOM,RSI,38.5091
2024-10-04,XOM,RSI,43.5904
2024-10-07,XOM,RSI,47.3822
2024-10-08,XOM,RSI,50.4075
2024-10-09,XOM,RSI,39.4408
2024-10-10,XOM,RSI,50.2865
2024-10-11,XOM,RSI,53.4676
2024-10-14,XOM,RSI,58.9826
2024-10-15,XOM,RSI,53.4896
2024-10-16,XOM,RSI,39.8707
2024-10-17,XOM,RSI,36.7157
2024-10-18,XOM,RSI,40.2128
2024-10-21,XOM,RSI,35.8079
2024-10-22,XOM,RSI,24.2807
2024-10-23,XOM,RSI,26.2088
2024-10-24,XOM,RSI,33.0669
2024-10-25,XOM,RSI,29.1383
2024-10-28,XOM,RSI,27.8752
2024-10-29,XOM,RSI,30.9979
2024-10-30,XOM,RSI,27.7926
2024-10-31,XOM,RSI,24.0949
2024-11-01,XOM,RSI,22.6553
2024-11-04,XOM,RSI,30.0011
2024-11-05,XOM,RSI,38.6503
2024-11-06,XOM,RSI,33.6541
2024-11-07,XOM,RSI,36.4807
2024-11-08,XOM,RSI,43.0362
2024-11-11,XOM,RSI,53.8842
2024-11-12,XOM,RSI,59.485
2024-11-13,XOM,RSI,56.3925
2024-11-14,XOM,RSI,57.6727
2024-11-15,XOM,RSI,63.0738
2024-11-18,XOM,RSI,61.9092
2024-11-19,XOM,RSI,53.9699
2024-11-20,XOM,RSI,53.4353
2024-11-21,XOM,RSI,51.2695
2024-11-22,XOM,RSI,42.7629
2024-11-25,XOM,RSI,43.8064
2024-11-26,XOM,RSI,40.2724
2024-11-27,XOM,RSI,36.1098
2024-11-28,XOM,RSI,28.0753
2024-11-29,XOM,RSI,28.3041
2024-12-02,XOM,RSI,30.1127
2024-12-03,XOM,RSI,41.6375
2024-12-04,XOM,RSI,40.928
2024-12-05,XOM,RSI,34.3546
2024-12-06,XOM,RSI,33.6827
2024-12-09,XOM,RSI,33.4907
2024-12-10,XOM,RSI,36.7806
2024-12-11,XOM,RSI,36.4414
2024-12-12,XOM,RSI,34.9778
2024-12-13,XOM,RSI,38.4797
2024-12-16,XOM,RSI,39.1039
2024-12-17,XOM,RSI,39.8974
2024-12-18,XOM,RSI,47.4257
2024-12-19,XOM,RSI,41.6674
2024-12-20,XOM,RSI,44.4858
2024-12-23,XOM,RSI,32.3479
2024-12-24,XOM,RSI,33.7505
2024-12-25,XOM,RSI,29.0275
2024-12-26,XOM,RSI,27.09
2024-12-27,XOM,RSI,38.1261
2024-12-30,XOM,RSI,45.1717
2024-12-31,XOM,RSI,53.7991
2025-01-01,XOM,RSI,63.9908
2025-01-02,XOM,RSI,66.7962
2025-01-03,XOM,RSI,71.8893
2025-01-06,XOM,RSI,72.0702
2025-01-07,XOM,RSI,66.938
2025-01-08,XOM,RSI,71.345
2025-01-09,XOM,RSI,70.362
2025-01-10,XOM,RSI,71.3325
2025-01-13,XOM,RSI,70.9786
2025-01-14,XOM,RSI,68.2207
2025-01-15,XOM,RSI,68.0196
2025-01-16,XOM,RSI,66.0076
2025-01-17,XOM,RSI,60.3859
2025-01-20,XOM,RSI,57.7641
2025-01-21,XOM,RSI,45.2036
2025-01-22,XOM,RSI,44.941
2025-01-23,XOM,RSI,40.3363
2025-01-24,XOM,RSI,44.2784
2025-01-27,XOM,RSI,41.5489
2025-01-28,XOM,RSI,42.9462
2025-01-29,XOM,RSI,37.0719
2025-01-30,XOM,RSI,33.2351
2025-01-31,XOM,RSI,38.3657
2025-02-03,XOM,RSI,49.0276
2025-02-04,XOM,RSI,51.8467
2025-02-05,XOM,RSI,47.532
2025-02-06,XOM,RSI,43.9055
2025-02-07,XOM,RSI,36.3435
2025-02-10,XOM,RSI,37.5664
2025-02-11,XOM,RSI,29.4249
2025-02-12,XOM,RSI,28.7069
2025-02-13,XOM,RSI,20.1384
2025-02-14,XOM,RSI,22.9682
2025-02-17,XOM,RSI,18.5901
2025-02-18,XOM,RSI,19.0938
2025-02-19,XOM,RSI,18.2856
2025-02-20,XOM,RSI,9.1638
2025-02-21,XOM,RSI,6.6266
2025-02-24,XOM,RSI,6.8439
2025-02-25,XOM,RSI,6.3689
2025-02-26,XOM,RSI,7.3272
2025-02-27,XOM,RSI,8.6915
2025-02-28,XOM,RSI,8.2115
2025-03-03,XOM,RSI,8.7398
2025-03-04,XOM,RSI,9.6347
2025-03-05,XOM,RSI,9.8053
2025-03-06,XOM,RSI,13.6258
2025-03-07,XOM,RSI,12.9498
2025-03-10,XOM,RSI,18.5713
2025-03-11,XOM,RSI,19.2869
2025-03-12,XOM,RSI,19.4947
2025-03-13,XOM,RSI,10.3687
2025-03-14,XOM,RSI,11.1182
2025-03-17,XOM,RSI,11.9709
2025-03-18,XOM,RSI,10.1884
2025-03-19,XOM,RSI,19.9624
2025-03-20,XOM,RSI,26.1793
2025-03-21,XOM,RSI,25.8929
2025-03-24,XOM,RSI,37.367
2025-03-25,XOM,RSI,53.0371
2025-03-26,XOM,RSI,44.7088
2025-03-27,XOM,RSI,46.6559
2025-03-28,XOM,RSI,47.2979
2025-03-31,XOM,RSI,42.5454
2025-04-01,XOM,RSI,39.0054
2025-04-02,XOM,RSI,43.393
2025-04-03,XOM,RSI,43.8095
2025-04-04,XOM,RSI,46.0246
2025-04-07,XOM,RSI,46.7903
2025-04-08,XOM,RSI,43.8511
2025-04-09,XOM,RSI,39.2067
2025-04-10,XOM,RSI,38.2312
2025-04-11,XOM,RSI,31.8635
2025-04-14,XOM,RSI,15.4406
2025-04-15,XOM,RSI,16.3495
2025-04-16,XOM,RSI,15.3877
2025-04-17,XOM,RSI,15.7883
2025-04-18,XOM,RSI,19.3268
2025-04-21,XOM,RSI,22.59
2025-04-22,XOM,RSI,17.7158
2025-04-23,XOM,RSI,16.2139
2025-04-24,XOM,RSI,20.049
2025-04-25,XOM,RSI,27.4184
2025-04-28,XOM,RSI,22.1926
2025-04-29,XOM,RSI,30.6679
2025-04-30,XOM,RSI,36.4945
2025-05-01,XOM,RSI,43.2807
2025-05-02,XOM,RSI,55.1813
2025-05-05,XOM,RSI,63.4026
2025-05-06,XOM,RSI,63.1723
2025-05-07,XOM,RSI,59.3517
2025-05-08,XOM,RSI,58.5084
2025-05-09,XOM,RSI,50.5512
2025-05-12,XOM,RSI,38.2402
2025-05-13,XOM,RSI,42.4965
2025-05-14,XOM,RSI,45.6913
2025-05-15,XOM,RSI,48.3773
2025-05-16,XOM,RSI,55.2373
2025-05-19,XOM,RSI,59.5265
2025-05-20,XOM,RSI,59.3267
2025-05-21,XOM,RSI,57.0952
2025-05-22,XOM,RSI,49.9489
2025-05-23,XOM,RSI,45.1708
2025-05-26,XOM,RSI,43.6346
2025-05-27,XOM,RSI,38.8947
2025-05-28,XOM,RSI,37.169
2025-05-29,XOM,RSI,46.0142
2025-05-30,XOM,RSI,48.8052
2025-06-02,XOM,RSI,45.0007
2025-06-03,XOM,RSI,44.2121
2025-06-04,XOM,RSI,37.7071
2025-06-05,XOM,RSI,35.2691
2025-06-06,XOM,RSI,22.3589
2025-06-09,XOM,RSI,34.1049
2025-06-10,XOM,RSI,38.0659
2025-06-11,XOM,RSI,38.2484
2025-06-12,XOM,RSI,42.312
2025-06-13,XOM,RSI,50.7375
2025-06-16,XOM,RSI,64.4702
2025-06-17,XOM,RSI,64.9263
2025-06-18,XOM,RSI,62.519
2025-06-19,XOM,RSI,73.5477
2025-06-20,XOM,RSI,84.8332
2025-06-23,XOM,RSI,86.6231
2025-06-24,XOM,RSI,83.6753
2025-06-25,XOM,RSI,86.0306
2025-06-26,XOM,RSI,89.3214
2025-06-27,XOM,RSI,72.7724
2025-06-30,XOM,RSI,74.1544
2025-07-01,XOM,RSI,77.4861
2025-07-02,XOM,RSI,78.8686
2025-07-03,XOM,RSI,73.5521
2025-07-04,XOM,RSI,60.2415
2025-07-07,XOM,RSI,64.3427
2025-07-08,XOM,RSI,58.1421
2025-07-09,XOM,RSI,53.8032
2025-07-10,XOM,RSI,51.4444
2025-07-11,XOM,RSI,47.6114
2025-07-14,XOM,RSI,48.6886
2025-07-15,XOM,RSI,45.7462
2025-07-16,XOM,RSI,44.4293
2025-07-17,XOM,RSI,46.5742
2025-07-18,XOM,RSI,39.8748
2025-07-21,XOM,RSI,24.3966
2025-07-22,XOM,RSI,22.9095
2025-07-23,XOM,RSI,41.1203
2025-07-24,XOM,RSI,47.1109
2025-07-25,XOM,RSI,49.7084
2025-07-28,XOM,RSI,53.8631
2025-07-29,XOM,RSI,51.8308
2025-07-30,XOM,RSI,59.5812
2025-07-31,XOM,RSI,53.126
2025-08-01,XOM,RSI,57.8757
2025-08-04,XOM,RSI,59.4752
2025-08-05,XOM,RSI,63.4265
2025-08-06,XOM,RSI,67.2668
2025-08-07,XOM,RSI,63.1008
2025-08-08,XOM,RSI,66.9285
2025-08-11,XOM,RSI,70.6994
2025-08-12,XOM,RSI,65.7942
2025-08-13,XOM,RSI,70.9588
2025-08-14,XOM,RSI,66.5902
2025-08-15,XOM,RSI,69.5446
2025-08-18,XOM,RSI,68.875
2025-08-19,XOM,RSI,63.8128
2025-08-20,XOM,RSI,73.6692
2025-08-21,XOM,RSI,67.3244
2025-08-22,XOM,RSI,63.3226
2025-08-25,XOM,RSI,62.6471
2025-08-26,XOM,RSI,63.2683
2025-08-27,XOM,RSI,73.2067
2025-08-28,XOM,RSI,75.011
2025-08-29,XOM,RSI,70.7446
2025-09-01,XOM,RSI,70.8458
2025-09-02,XOM,RSI,57.7027
2025-09-03,XOM,RSI,52.8496
2025-09-04,XOM,RSI,44.236
2025-09-05,XOM,RSI,38.3531
2025-09-08,XOM,RSI,38.0211
2025-09-09,XOM,RSI,24.7253
2025-09-10,XOM,RSI,25.3963
2025-09-11,XOM,RSI,31.5732
2025-09-12,XOM,RSI,25.34
2025-09-15,XOM,RSI,27.8571
2025-09-16,XOM,RSI,14.2589
2025-09-17,XOM,RSI,13.9371
2025-09-18,XOM,RSI,21.677
2025-09-19,XOM,RSI,19.3171
2025-09-22,XOM,RSI,26.7736
2025-09-23,XOM,RSI,38.8748
2025-09-24,XOM,RSI,41.6555
2025-09-25,XOM,RSI,50.9905
2025-09-26,XOM,RSI,44.0176
2025-09-29,XOM,RSI,49.1054
2025-09-30,XOM,RSI,52.212
2025-10-01,XOM,RSI,51.4463
2025-10-02,XOM,RSI,59.382
2025-10-03,XOM,RSI,53.3583
2025-10-06,XOM,RSI,64.5128
2025-10-07,XOM,RSI,65.9968
2025-10-08,XOM,RSI,62.9809
2025-10-09,XOM,RSI,64.5863
2025-10-10,XOM,RSI,57.1735
2025-10-13,XOM,RSI,42.8104
2025-10-14,XOM,RSI,45.4678
2025-10-15,XOM,RSI,44.394
2025-10-16,XOM,RSI,53.2552
2025-10-17,XOM,RSI,49.8288
2025-10-20,XOM,RSI,46.2596
2025-10-21,XOM,RSI,35.3385
2025-10-22,XOM,RSI,19.9792
2025-10-23,XOM,RSI,26.3436
2025-10-24,XOM,RSI,20.2157
2025-10-27,XOM,RSI,17.2234
2025-10-28,XOM,RSI,16.9476
2025-10-29,XOM,RSI,18.1815
2025-10-30,XOM,RSI,17.8055
2025-10-31,XOM,RSI,24.071
2025-11-03,XOM,RSI,28.0571
2025-11-04,XOM,RSI,34.7967
2025-11-05,XOM,RSI,41.9295
2025-11-06,XOM,RSI,46.4519
2025-11-07,XOM,RSI,45.1982
2025-11-10,XOM,RSI,50.7521
2025-11-11,XOM,RSI,64.7809
2025-11-12,XOM,RSI,66.8019
2025-11-13,XOM,RSI,62.7034
2025-11-14,XOM,RSI,72.9671
2025-11-17,XOM,RSI,62.0403
2025-11-18,XOM,RSI,63.985
2025-11-19,XOM,RSI,71.0333
2025-11-20,XOM,RSI,63.9886
2025-11-21,XOM,RSI,63.2042
2025-11-24,XOM,RSI,58.0368
2025-11-25,XOM,RSI,44.4744
2025-11-26,XOM,RSI,45.9048
2025-11-27,XOM,RSI,41.3858
2025-11-28,XOM,RSI,41.9423
2025-12-01,XOM,RSI,39.7227
2025-12-02,XOM,RSI,26.9956
2025-12-03,XOM,RSI,29.359
2025-12-04,XOM,RSI,29.4358
2025-12-05,XOM,RSI,42.5291
2025-12-08,XOM,RSI,42.9063
2025-12-09,XOM,RSI,42.9129
2025-12-10,XOM,RSI,38.0689
2025-12-11,XOM,RSI,33.0712
2025-12-12,XOM,RSI,32.5385
2025-12-15,XOM,RSI,41.1801
2025-12-16,XOM,RSI,35.7216
2025-12-17,XOM,RSI,44.6411
2025-12-18,XOM,RSI,48.5815
2025-12-19,XOM,RSI,55.2477
2025-12-22,XOM,RSI,67.2442
2025-12-23,XOM,RSI,67.9255
2025-12-24,XOM,RSI,69.8453
2025-12-25,XOM,RSI,67.037
2025-12-26,XOM,RSI,63.8633
2025-12-29,XOM,RSI,65.8504
2025-12-30,XOM,RSI,78.7533
2025-12-31,XOM,RSI,84.8818
2026-01-01,XOM,RSI,90.1264
2026-01-02,XOM,RSI,89.3876
2026-01-05,XOM,RSI,77.2265
2026-01-06,XOM,RSI,74.2792
2026-01-07,XOM,RSI,72.9846
2026-01-08,XOM,RSI,65.9497
2026-01-09,XOM,RSI,42.1274
2026-01-12,XOM,RSI,33.3541
2026-01-13,XOM,RSI,36.6121
2026-01-14,XOM,RSI,42.5771
2026-01-15,XOM,RSI,41.7931
2026-01-16,XOM,RSI,35.2638
2026-01-19,XOM,RSI,43.3842
2026-01-20,XOM,RSI,38.0423
2026-01-21,XOM,RSI,42.1216
2026-01-22,XOM,RSI,38.6018
2026-01-23,XOM,RSI,42.1592
2026-01-26,XOM,RSI,48.0824
2026-01-27,XOM,RSI,49.2241
2026-01-28,XOM,RSI,48.5468
2026-01-29,XOM,RSI,55.3496
2026-01-30,XOM,RSI,52.6522
2026-02-02,XOM,RSI,44.0566
2026-02-03,XOM,RSI,33.403
2026-02-04,XOM,RSI,36.0879
2026-02-05,XOM,RSI,32.7094
2026-02-06,XOM,RSI,22.6537
2026-02-09,XOM,RSI,24.6476
2026-02-10,XOM,RSI,28.1453
2026-02-11,XOM,RSI,34.1141
2026-02-12,XOM,RSI,31.109
2026-02-13,XOM,RSI,28.6374
2026-02-16,XOM,RSI,29.3363
2026-02-17,XOM,RSI,29.1153
2026-02-18,XOM,RSI,31.2664
2026-02-19,XOM,RSI,37.5276
2026-02-20,XOM,RSI,45.3174
2026-02-23,XOM,RSI,49.656
2026-02-24,XOM,RSI,51.3828
2026-02-25,XOM,RSI,60.7214
2026-02-26,XOM,RSI,66.4784
2026-02-27,XOM,RSI,62.1645
2026-03-02,XOM,RSI,50.553
2026-03-03,XOM,RSI,41.4975
2026-03-04,XOM,RSI,56.9756
2026-03-05,XOM,RSI,48.968
2026-03-06,XOM,RSI,49.6863
2026-03-09,XOM,RSI,46.6569
2026-03-10,XOM,RSI,49.3266
2026-03-11,XOM,RSI,52.2367
2026-03-12,XOM,RSI,52.0467
2026-03-13,XOM,RSI,40.4746
2026-03-16,XOM,RSI,36.6241
2026-03-17,XOM,RSI,32.5296
2026-03-18,XOM,RSI,30.6658
2026-03-19,XOM,RSI,33.4299
2026-03-20,XOM,RSI,32.2978
2026-03-23,XOM,RSI,35.1534
2026-03-24,XOM,RSI,39.5319
2026-03-25,XOM,RSI,43.991
2026-03-26,XOM,RSI,37.0599
2026-03-27,XOM,RSI,40.5326
2026-03-30,XOM,RSI,44.5491
2026-03-31,XOM,RSI,38.1119
2026-04-01,XOM,RSI,33.1752
2026-04-02,XOM,RSI,37.3334
2026-04-03,XOM,RSI,32.9244
2026-04-06,XOM,RSI,41.6269
2026-04-07,XOM,RSI,45.8558
2026-04-08,XOM,RSI,47.7711
2026-04-09,XOM,RSI,58.7744
2026-04-10,XOM,RSI,51.5198
2026-04-13,XOM,RSI,38.696
2026-04-14,XOM,RSI,40.433
2026-04-15,XOM,RSI,42.4977
2026-04-16,XOM,RSI,42.4381
2026-04-17,XOM,RSI,39.1046
2026-04-20,XOM,RSI,47.3644
2026-04-21,XOM,RSI,49.8267
2026-04-22,XOM,RSI,52.0999
2026-04-23,XOM,RSI,59.1604
2026-04-24,XOM,RSI,47.7442
2026-04-27,XOM,RSI,52.1173
2026-04-28,XOM,RSI,48.0674
2026-04-29,XOM,RSI,37.1692
2026-04-30,XOM,RSI,40.7456
2026-05-01,XOM,RSI,44.2437
2026-05-04,XOM,RSI,45.597
2026-05-05,XOM,RSI,38.349
2026-05-06,XOM,RSI,35.1058
2026-05-07,XOM,RSI,29.0174
2026-05-08,XOM,RSI,23.5303
2026-05-11,XOM,RSI,31.0779
2026-05-12,XOM,RSI,36.3691
2026-05-13,XOM,RSI,41.3298
2026-05-14,XOM,RSI,54.544
2026-05-15,XOM,RSI,54.6499
2026-05-18,XOM,RSI,49.3694
2026-05-19,XOM,RSI,54.0887
2026-05-20,XOM,RSI,48.116
2026-05-21,XOM,RSI,52.078
2026-05-22,XOM,RSI,45.2232
2026-05-25,XOM,RSI,50.9516
2026-05-26,XOM,RSI,55.9141
2026-05-27,XOM,RSI,55.7759
2026-05-28,XOM,RSI,53.7783
2026-05-29,XOM,RSI,47.6997
2026-06-01,XOM,RSI,41.3584
2026-06-02,XOM,RSI,29.347
2026-06-03,XOM,RSI,19.7965
2026-06-04,XOM,RSI,14.8117
2026-06-05,XOM,RSI,33.7443
2026-06-08,XOM,RSI,42.9238
2026-06-09,XOM,RSI,42.1127
2026-06-10,XOM,RSI,43.3468
2026-06-11,XOM,RSI,51.5413
2026-06-12,XOM,RSI,48.2207
2026-06-15,XOM,RSI,50.2212
2026-06-16,XOM,RSI,51.4181
2026-06-17,XOM,RSI,53.3903
2026-06-18,XOM,RSI,51.8734
2026-06-19,XOM,RSI,58.6614
2026-06-22,XOM,RSI,63.5484
2026-06-23,XOM,RSI,60.5772
2026-06-24,XOM,RSI,69.6341
2026-06-25,XOM,RSI,67.4117
2026-06-26,XOM,RSI,48.6362
2026-06-29,XOM,RSI,43.5476
2026-06-30,XOM,RSI,42.1948
2026-07-01,XOM,RSI,34.4083
2026-07-02,XOM,RSI,32.6899
2026-07-03,XOM,RSI,29.869
2026-07-06,XOM,RSI,42.2696
2026-07-07,XOM,RSI,36.1867
2026-07-08,XOM,RSI,40.5465
2026-07-09,XOM,RSI,34.6597
2026-07-10,XOM,RSI,32.1838
2026-07-13,XOM,RSI,31.7833
2026-07-14,XOM,RSI,26.8676
2026-07-15,XOM,RSI,20.9375
2026-07-16,XOM,RSI,23.5301
2026-07-17,XOM,RSI,27.1263
2026-07-20,XOM,RSI,25.1615
2026-07-21,XOM,RSI,27.1174
2026-07-22,XOM,RSI,28.4802
2026-07-23,XOM,RSI,31.9275
2026-07-24,XOM,RSI,13.6173
2026-07-27,XOM,RSI,15.3093
2026-07-28,XOM,RSI,5.9911
2026-07-29,XOM,RSI,7.0478
2026-07-30,XOM,RSI,23.1745
2026-07-31,XOM,RSI,29.1453
2026-08-03,XOM,RSI,32.8878
2026-08-04,XOM,RSI,34.6463
2026-08-05,XOM,RSI,45.8007
2026-08-06,XOM,RSI,49.9576
2026-08-07,XOM,RSI,47.591
2026-08-10,XOM,RSI,44.2165
2026-08-11,XOM,RSI,55.6492
2026-08-12,XOM,RSI,52.8869
2026-08-13,XOM,RSI,57.5573
2026-08-14,XOM,RSI,57.2803
2026-08-17,XOM,RSI,68.8659
2026-08-18,XOM,RSI,65.8059
2026-08-19,XOM,RSI,63.6138
2026-08-20,XOM,RSI,60.7027
2026-08-21,XOM,RSI,53.084
