date,market_return,CPIAUCSL,FEDFUNDS,GS10,UNRATE,VIXCLS,cpi_yoy,fedfunds_change_20d,gs10_change_20d,unrate_change_20d,vix_change_5d,market_cum_return
2022-01-03,,278.7754,0.6019,1.7951000000000001,3.9456,22.1184,,,,,,0.0
2022-01-04,0.0011563118434455566,278.7754,0.6019,1.7951000000000001,3.9456,21.5304,,,,,,0.0011563118434456676
2022-01-05,0.000796957208161464,278.7754,0.6019,1.7951000000000001,3.9456,24.3935,,,,,,0.0019541905826656603
2022-01-06,0.0026657005374905564,278.7754,0.6019,1.7951000000000001,3.9456,23.6726,,,,,,0.0046251004070427815
2022-01-07,-0.0034857028570100977,278.7754,0.6019,1.7951000000000001,3.9456,22.3844,,,,,,0.0011232758243298058
2022-01-10,0.004246867945430532,278.7754,0.6019,1.7951000000000001,3.9456,24.3311,,,,,2.212699999999998,0.005374914173852607
2022-01-11,0.012342985320200384,278.7754,0.6019,1.7951000000000001,3.9456,22.8447,,,,,1.3142999999999994,0.01778424198079831
2022-01-12,-0.002410054579845733,278.7754,0.6019,1.7951000000000001,3.9456,23.2554,,,,,-1.138099999999998,0.01533132640711754
2022-01-13,0.007190522356618045,278.7754,0.6019,1.7951000000000001,3.9456,26.3168,,,,,2.6442000000000014,0.022632089009022582
2022-01-14,0.0012727890727286194,278.7754,0.6019,1.7951000000000001,3.9456,25.946000000000005,,,,,3.561600000000002,0.023933683957334972
2022-01-17,-0.010448380284425107,278.7754,0.6019,1.7951000000000001,3.9456,29.641200000000005,,,,,5.310100000000002,0.013235235441316329
2022-01-18,-0.000776025457035423,278.7754,0.6019,1.7951000000000001,3.9456,27.2548,,,,,4.4101,0.012448939104648504
2022-01-19,0.00871435273533756,278.7754,0.6019,1.7951000000000001,3.9456,29.8213,,,,,6.565899999999999,0.021271776286524657
2022-01-20,0.003696549874511046,278.7754,0.6019,1.7951000000000001,3.9456,28.7451,,,,,2.4283,0.025046958342998193
2022-01-21,-0.01148392964829521,278.7754,0.6019,1.7951000000000001,3.9456,29.4536,,,,,3.5076,0.013275391187188124
2022-01-24,-0.004602225976397434,278.7754,0.6019,1.7951000000000001,3.9456,30.7772,,,,,1.1359999999999992,0.008612068860622157
2022-01-25,0.0035237096900685104,278.7754,0.6019,1.7951000000000001,3.9456,31.353699999999996,,,,,4.0989,0.01216612498118641
2022-01-26,0.012805430061815259,278.7754,0.6019,1.7951000000000001,3.9456,31.967899999999997,,,,,2.1465999999999994,0.02512734750557155
2022-01-27,-0.002675294403047657,278.7754,0.6019,1.7951000000000001,3.9456,30.7917,,,,,2.046599999999998,0.022384830050378834
2022-01-28,-0.005853534832320917,278.7754,0.6019,1.7951000000000001,3.9456,33.9141,,,,,4.460499999999996,0.016400264835642497
2022-01-31,0.007899347397836643,278.7754,0.6019,1.7951000000000001,3.9456,33.0694,,0.0,0.0,0.0,2.292200000000001,0.024429163622832428
2022-02-01,-0.005258454261444068,278.7754,0.6019,1.7951000000000001,3.9456,32.2234,,0.0,0.0,0.0,0.8696999999999981,0.019042249721832327
2022-02-02,-0.011772073134934936,278.7754,0.6019,1.7951000000000001,3.9456,33.0775,,0.0,0.0,0.0,1.1096000000000004,0.007046009830518285
2022-02-03,-0.0007922337555665404,278.7754,0.6019,1.7951000000000001,3.9456,33.0323,,0.0,0.0,0.0,2.2406000000000006,0.00624819398812182
2022-02-04,-0.005397980379831568,278.7754,0.6019,1.7951000000000001,3.9456,35.2901,,0.0,0.0,0.0,1.3760000000000048,0.0008164859797330504
2022-02-07,-0.009789796280160445,278.7754,0.6019,1.7951000000000001,3.9456,35.4898,,0.0,0.0,0.0,2.4204000000000008,-0.008981303531834572
2022-02-08,-0.002808907590353138,278.7754,0.6019,1.7951000000000001,3.9456,36.488,,0.0,0.0,0.0,4.2646000000000015,-0.011764983470525903
2022-02-09,-0.0049261129773738865,278.7754,0.6019,1.7951000000000001,3.9456,37.6598,,0.0,0.0,0.0,4.5822999999999965,-0.016633140810146996
2022-02-10,-0.008320248551086328,278.7754,0.6019,1.7951000000000001,3.9456,40.1205,,0.0,0.0,0.0,7.0882000000000005,-0.02481499749550775
2022-02-11,-0.0016239304276008837,278.7754,0.6019,1.7951000000000001,3.9456,40.3289,,0.0,0.0,0.0,5.038799999999995,-0.026398630093614872
2022-02-14,0.0004879164530109725,278.7754,0.6019,1.7951000000000001,3.9456,38.8212,,0.0,0.0,0.0,3.331399999999995,-0.02592359396656352
2022-02-15,0.009243442497470522,278.7754,0.6019,1.7951000000000001,3.9456,38.6068,,0.0,0.0,0.0,2.1188000000000002,-0.016919774719250658
2022-02-16,-0.007874593253785778,278.7754,0.6019,1.7951000000000001,3.9456,41.3128,,0.0,0.0,0.0,3.653000000000006,-0.024661131629176714
2022-02-17,-0.000991244031576688,278.7754,0.6019,1.7951000000000001,3.9456,42.8348,,0.0,0.0,0.0,2.7143000000000015,-0.025627930461214032
2022-02-18,-0.00917541921807774,278.7754,0.6019,1.7951000000000001,3.9456,43.2792,,0.0,0.0,0.0,2.9503000000000057,-0.034568202673618376
2022-02-21,-0.00436354864885311,278.7754,0.6019,1.7951000000000001,3.9456,44.3709,,0.0,0.0,0.0,5.549700000000001,-0.038780911288401776
2022-02-22,0.003898188043381745,278.7754,0.6019,1.7951000000000001,3.9456,44.9725,,0.0,0.0,0.0,6.365699999999997,-0.035033898529715946
2022-02-23,-0.001355882395715402,278.7754,0.6019,1.7951000000000001,3.9456,47.154,,0.0,0.0,0.0,5.841200000000001,-0.036342279079161655
2022-02-24,0.0020279546728541598,278.7754,0.6019,1.7951000000000001,3.9456,48.6602,,0.0,0.0,0.0,5.825400000000002,-0.034388024900988357
2022-02-25,-0.0003549509964476005,278.7754,0.6019,1.7951000000000001,3.9456,49.2419,,0.0,0.0,0.0,5.962699999999998,-0.03473076983373147
2022-02-28,-0.0067686726304719055,278.7754,0.6019,1.7951000000000001,3.9456,51.618399999999994,,0.0,0.0,0.0,7.247500000000002,-0.0412643612529946
2022-03-01,-0.002100838649526049,278.9872,0.8598000000000001,1.7978,4.2642,54.3836,,0.2579,0.0027000000000001467,0.31859999999999955,9.411100000000005,-0.04327851013755235
2022-03-02,-0.005237515403369997,278.9872,0.8598000000000001,1.7978,4.2642,54.0046,,0.2579,0.0027000000000001467,0.31859999999999955,6.8506,-0.048289353677442026
2022-03-03,-0.0005882444370237105,278.9872,0.8598000000000001,1.7978,4.2642,53.653,,0.2579,0.0027000000000001467,0.31859999999999955,4.9927999999999955,-0.04884919217079753
2022-03-04,-0.013422612121984557,278.9872,0.8598000000000001,1.7978,4.2642,58.25449999999999,,0.2579,0.0027000000000001467,0.31859999999999955,9.012599999999999,-0.061616120533801166
2022-03-07,0.01434659400329048,278.9872,0.8598000000000001,1.7978,4.2642,60.0,,0.2579,0.0027000000000001467,0.31859999999999955,8.381599999999999,-0.04815350799586693
2022-03-08,-0.008096956785196396,278.9872,0.8598000000000001,1.7978,4.2642,60.0,,0.2579,0.0027000000000001467,0.31859999999999955,5.616399999999999,-0.05586056790776517
2022-03-09,-0.001642893440979476,278.9872,0.8598000000000001,1.7978,4.2642,60.0,,0.2579,0.0027000000000001467,0.31859999999999955,5.9953999999999965,-0.05741168838811961
2022-03-10,0.0009568303473063922,278.9872,0.8598000000000001,1.7978,4.2642,60.0,,0.2579,0.0027000000000001467,0.31859999999999955,6.347000000000001,-0.05650979128655309
2022-03-11,-0.008859171427929292,278.9872,0.8598000000000001,1.7978,4.2642,60.0,,0.2579,0.0027000000000001467,0.31859999999999955,1.7454999999999998,-0.06486833278611825
2022-03-14,-0.00596185369029475,278.9872,0.8598000000000001,1.7978,4.2642,60.0,,0.2579,0.0027000000000001467,0.31859999999999955,0.0,-0.07044345096720883
2022-03-15,0.009843414079614232,278.9872,0.8598000000000001,1.7978,4.2642,60.0,,0.2579,0.0027000000000001467,0.31859999999999955,0.0,-0.061293440944661826
2022-03-16,-0.0035612974396652675,278.9872,0.8598000000000001,1.7978,4.2642,60.0,,0.2579,0.0027000000000001467,0.31859999999999955,0.0,-0.06463645421002262
2022-03-17,0.0025986210770072237,278.9872,0.8598000000000001,1.7978,4.2642,60.0,,0.2579,0.0027000000000001467,0.31859999999999955,0.0,-0.06220579878526855
2022-03-18,0.0024868166571605397,278.9872,0.8598000000000001,1.7978,4.2642,60.0,,0.2579,0.0027000000000001467,0.31859999999999955,0.0,-0.05987367654469922
2022-03-21,0.010122134539691751,278.9872,0.8598000000000001,1.7978,4.2642,60.0,,0.2579,0.0027000000000001467,0.31859999999999955,0.0,-0.0503575914143789
2022-03-22,-0.001454233341137079,278.9872,0.8598000000000001,1.7978,4.2642,60.0,,0.2579,0.0027000000000001467,0.31859999999999955,0.0,-0.051738593067101823
2022-03-23,-0.0008250697929280126,278.9872,0.8598000000000001,1.7978,4.2642,60.0,,0.2579,0.0027000000000001467,0.31859999999999955,0.0,-0.052520974909761486
2022-03-24,-0.0037929566829749796,278.9872,0.8598000000000001,1.7978,4.2642,60.0,,0.2579,0.0027000000000001467,0.31859999999999955,0.0,-0.056114721809956136
2022-03-25,-0.0025549463352693034,278.9872,0.8598000000000001,1.7978,4.2642,60.0,,0.2579,0.0027000000000001467,0.31859999999999955,0.0,-0.05852629804238241
2022-03-28,-0.006148043507119061,278.9872,0.8598000000000001,1.7978,4.2642,60.0,,0.2579,0.0027000000000001467,0.31859999999999955,0.0,-0.06431451932282628
2022-03-29,0.0035082010320866552,278.9872,0.8598000000000001,1.7978,4.2642,60.0,,0.0,0.0,0.0,0.0,-0.06103194655380617
2022-03-30,0.009677605198194172,278.9872,0.8598000000000001,1.7978,4.2642,60.0,,0.0,0.0,0.0,0.0,-0.051944984438836994
2022-03-31,-0.0008934080859297033,278.9872,0.8598000000000001,1.7978,4.2642,60.0,,0.0,0.0,0.0,0.0,-0.05279198445564559
2022-04-01,0.0068470576601200595,280.4186,1.0633,1.8596,4.4863,60.0,,0.20349999999999993,0.061799999999999855,0.2221000000000002,0.0,-0.04630639655708546
2022-04-04,-0.0008788449146583499,280.4186,1.0633,1.8596,4.4863,60.0,,0.20349999999999993,0.061799999999999855,0.2221000000000002,0.0,-0.04714454533061352
2022-04-05,0.0041345880696476486,280.4186,1.0633,1.8596,4.4863,60.0,,0.20349999999999993,0.061799999999999855,0.2221000000000002,0.0,-0.04320488053563876
2022-04-06,-0.011742987792835669,280.4186,1.0633,1.8596,4.4863,60.0,,0.20349999999999993,0.061799999999999855,0.2221000000000002,0.0,-0.05444051394375349
2022-04-07,0.004598890212602636,280.4186,1.0633,1.8596,4.4863,60.0,,0.20349999999999993,0.061799999999999855,0.2221000000000002,0.0,-0.050091989677895854
2022-04-08,-0.0015692443943866375,280.4186,1.0633,1.8596,4.4863,60.0,,0.20349999999999993,0.061799999999999855,0.2221000000000002,0.0,-0.0515826274982768
2022-04-11,0.0015974904364021824,280.4186,1.0633,1.8596,4.4863,60.0,,0.20349999999999993,0.061799999999999855,0.2221000000000002,0.0,-0.05006753981598755
2022-04-12,-0.0005543366312180442,280.4186,1.0633,1.8596,4.4863,60.0,,0.20349999999999993,0.061799999999999855,0.2221000000000002,0.0,-0.050594122175850686
2022-04-13,-0.0038100619889612887,280.4186,1.0633,1.8596,4.4863,60.0,,0.20349999999999993,0.061799999999999855,0.2221000000000002,0.0,-0.054211417423044916
2022-04-14,-0.001099004981048346,280.4186,1.0633,1.8596,4.4863,60.0,,0.20349999999999993,0.061799999999999855,0.2221000000000002,0.0,-0.05525084378631562
2022-04-15,0.006500644234141295,280.4186,1.0633,1.8596,4.4863,60.0,,0.20349999999999993,0.061799999999999855,0.2221000000000002,0.0,-0.04910936563126522
2022-04-18,-0.003085277605666381,280.4186,1.0633,1.8596,4.4863,60.0,,0.20349999999999993,0.061799999999999855,0.2221000000000002,0.0,-0.05204312721092097
2022-04-19,-0.0009535651556937475,280.4186,1.0633,1.8596,4.4863,60.0,,0.20349999999999993,0.061799999999999855,0.2221000000000002,0.0,-0.05294706585391307
2022-04-20,0.003816844410013931,280.4186,1.0633,1.8596,4.4863,60.0,,0.20349999999999993,0.061799999999999855,0.2221000000000002,0.0,-0.04933231215623024
2022-04-21,9.562770967217472e-05,280.4186,1.0633,1.8596,4.4863,60.0,,0.20349999999999993,0.061799999999999855,0.2221000000000002,0.0,-0.04924140198258242
2022-04-22,0.00135768709662768,280.4186,1.0633,1.8596,4.4863,60.0,,0.20349999999999993,0.061799999999999855,0.2221000000000002,0.0,-0.04795056930204633
2022-04-25,-0.014260569100203424,280.4186,1.0633,1.8596,4.4863,60.0,,0.20349999999999993,0.061799999999999855,0.2221000000000002,0.0,-0.061527335995323895
2022-04-26,-0.007701478771976866,280.4186,1.0633,1.8596,4.4863,60.0,,0.20349999999999993,0.061799999999999855,0.2221000000000002,0.0,-0.06875496329523656
2022-04-27,0.005663349393111539,280.4186,1.0633,1.8596,4.4863,60.0,,0.20349999999999993,0.061799999999999855,0.2221000000000002,0.0,-0.06348099728177647
2022-04-28,-0.01392743868635814,280.4186,1.0633,1.8596,4.4863,60.0,,0.20349999999999993,0.061799999999999855,0.2221000000000002,0.0,-0.07652430827074386
2022-04-29,-0.007642042621605527,280.4186,1.0633,1.8596,4.4863,60.0,,0.0,0.0,0.0,0.0,-0.08358154886695546
2022-05-02,0.00681291872894928,280.8456,1.1063,1.8302,4.6585,60.0,,0.04300000000000015,-0.02939999999999987,0.17220000000000013,0.0,-0.07733806443767655
2022-05-03,-0.000564059359906266,280.8456,1.1063,1.8302,4.6585,60.0,,0.04300000000000015,-0.02939999999999987,0.17220000000000013,0.0,-0.07785850053845966
2022-05-04,-0.0014091466463345248,280.8456,1.1063,1.8302,4.6585,60.0,,0.04300000000000015,-0.02939999999999987,0.17220000000000013,0.0,-0.07915793313987174
2022-05-05,0.0012232985912322026,280.8456,1.1063,1.8302,4.6585,60.0,,0.04300000000000015,-0.02939999999999987,0.17220000000000013,0.0,-0.07803146833673447
2022-05-06,-0.003930425233765422,280.8456,1.1063,1.8302,4.6585,60.0,,0.04300000000000015,-0.02939999999999987,0.17220000000000013,0.0,-0.08165519671832144
2022-05-09,-0.0011383430856690912,280.8456,1.1063,1.8302,4.6585,60.0,,0.04300000000000015,-0.02939999999999987,0.17220000000000013,0.0,-0.08270058817539727
2022-05-10,0.008120499211201327,280.8456,1.1063,1.8302,4.6585,60.0,,0.04300000000000015,-0.02939999999999987,0.17220000000000013,0.0,-0.07525165902524011
2022-05-11,-0.007487230136137469,280.8456,1.1063,1.8302,4.6585,60.0,,0.04300000000000015,-0.02939999999999987,0.17220000000000013,0.0,-0.0821754626721295
2022-05-12,-0.011713700694625717,280.8456,1.1063,1.8302,4.6585,60.0,,0.04300000000000015,-0.02939999999999987,0.17220000000000013,0.0,-0.09292658459257153
2022-05-13,-0.0021747838598110024,280.8456,1.1063,1.8302,4.6585,60.0,,0.04300000000000015,-0.02939999999999987,0.17220000000000013,0.0,-0.09489927321606317
2022-05-16,-0.011274222175107896,280.8456,1.1063,1.8302,4.6585,60.0,,0.04300000000000015,-0.02939999999999987,0.17220000000000013,0.0,-0.10510357990067687
2022-05-17,-0.00633071820960901,280.8456,1.1063,1.8302,4.6585,60.0,,0.04300000000000015,-0.02939999999999987,0.17220000000000013,0.0,-0.11076891696311364
2022-05-18,0.001073997507924318,280.8456,1.1063,1.8302,4.6585,60.0,,0.04300000000000015,-0.02939999999999987,0.17220000000000013,0.0,-0.10981388499596312
2022-05-19,0.005484899015386313,280.8456,1.1063,1.8302,4.6585,60.0,,0.04300000000000015,-0.02939999999999987,0.17220000000000013,0.0,-0.10493130405026685
2022-05-20,-0.005396702658630381,280.8456,1.1063,1.8302,4.6585,60.0,,0.04300000000000015,-0.02939999999999987,0.17220000000000013,0.0,-0.10976172366135561
2022-05-23,-0.017008305227703514,280.8456,1.1063,1.8302,4.6585,60.0,,0.04300000000000015,-0.02939999999999987,0.17220000000000013,0.0,-0.12490316799070789
2022-05-24,-0.007435390886939652,280.8456,1.1063,1.8302,4.6585,60.0,,0.04300000000000015,-0.02939999999999987,0.17220000000000013,0.0,-0.13140985500061952
2022-05-25,-0.001570166237415027,280.8456,1.1063,1.8302,4.6585,60.0,,0.04300000000000015,-0.02939999999999987,0.17220000000000013,0.0,-0.13277368592044891
2022-05-26,0.006445703825924587,280.8456,1.1063,1.8302,4.6585,60.0,,0.04300000000000015,-0.02939999999999987,0.17220000000000013,0.0,-0.1271838019498438
2022-05-27,0.005240973625407097,280.8456,1.1063,1.8302,4.6585,60.0,,0.04300000000000015,-0.02939999999999987,0.17220000000000013,0.0,-0.12260939527603487
2022-05-30,0.005802584728780735,280.8456,1.1063,1.8302,4.6585,60.0,,0.0,0.0,0.0,0.0,-0.11751826195188786
2022-05-31,0.003883970888506372,280.8456,1.1063,1.8302,4.6585,60.0,,0.0,0.0,0.0,0.0,-0.11409072857167046
2022-06-01,0.0033546402787607123,279.734,1.1388,1.8768999999999998,4.7862,60.0,,0.03249999999999997,0.046699999999999964,0.12769999999999992,0.0,-0.1111188216464094
2022-06-02,-0.004996901659720299,279.734,1.1388,1.8768999999999998,4.7862,60.0,,0.03249999999999997,0.046699999999999964,0.12769999999999992,0.0,-0.11556047348181864
2022-06-03,0.0008835897655809055,279.734,1.1388,1.8768999999999998,4.7862,60.0,,0.03249999999999997,0.046699999999999964,0.12769999999999992,0.0,-0.11477899176791184
2022-06-06,-0.0056891489657162845,279.734,1.1388,1.8768999999999998,4.7862,60.0,,0.03249999999999997,0.046699999999999964,0.12769999999999992,0.0,-0.1198151459513257
2022-06-07,0.005660421095227431,279.734,1.1388,1.8768999999999998,4.7862,60.0,,0.03249999999999997,0.046699999999999964,0.12769999999999992,0.0,-0.11483292903576903
2022-06-08,-0.003921072448506502,279.734,1.1388,1.8768999999999998,4.7862,60.0,,0.03249999999999997,0.046699999999999964,0.12769999999999992,0.0,-0.11830373325005206
2022-06-09,0.00712403811837089,279.734,1.1388,1.8768999999999998,4.7862,60.0,,0.03249999999999997,0.046699999999999964,0.12769999999999992,0.0,-0.11202249543690024
2022-06-10,-0.0019354795128960546,279.734,1.1388,1.8768999999999998,4.7862,60.0,,0.03249999999999997,0.046699999999999964,0.12769999999999992,0.0,-0.11374115770489468
2022-06-13,-0.0017243201826262933,279.734,1.1388,1.8768999999999998,4.7862,60.0,,0.03249999999999997,0.046699999999999964,0.12769999999999992,0.0,-0.11526935171369512
2022-06-14,0.00188840501456915,279.734,1.1388,1.8768999999999998,4.7862,60.0,,0.03249999999999997,0.046699999999999964,0.12769999999999992,0.0,-0.11359862192092829
2022-06-15,-0.004145367359111041,279.734,1.1388,1.8768999999999998,4.7862,60.0,,0.03249999999999997,0.046699999999999964,0.12769999999999992,0.0,-0.11727308126068836
2022-06-16,0.000536144790489379,279.734,1.1388,1.8768999999999998,4.7862,60.0,,0.03249999999999997,0.046699999999999964,0.12769999999999992,0.0,-0.11679981182178145
2022-06-17,0.01154246835615964,279.734,1.1388,1.8768999999999998,4.7862,60.0,,0.03249999999999997,0.046699999999999964,0.12769999999999992,0.0,-0.1066055015975802
2022-06-20,0.010828924911628568,279.734,1.1388,1.8768999999999998,4.7862,60.0,,0.03249999999999997,0.046699999999999964,0.12769999999999992,0.0,-0.09693099965791818
2022-06-21,0.0033402321300095906,279.734,1.1388,1.8768999999999998,4.7862,60.0,,0.03249999999999997,0.046699999999999964,0.12769999999999992,0.0,-0.09391453956735996
2022-06-22,0.004975312445776181,279.734,1.1388,1.8768999999999998,4.7862,60.0,,0.03249999999999997,0.046699999999999964,0.12769999999999992,0.0,-0.08940648129913265
2022-06-23,0.006674641438434647,279.734,1.1388,1.8768999999999998,4.7862,60.0,,0.03249999999999997,0.046699999999999964,0.12769999999999992,0.0,-0.0833285960656418
2022-06-24,0.010683741632355226,279.734,1.1388,1.8768999999999998,4.7862,60.0,,0.03249999999999997,0.046699999999999964,0.12769999999999992,0.0,-0.07353511562423876
2022-06-27,-0.010264058590164216,279.734,1.1388,1.8768999999999998,4.7862,60.0,,0.03249999999999997,0.046699999999999964,0.12769999999999992,0.0,-0.08304440547920133
2022-06-28,-0.002743660766784706,279.734,1.1388,1.8768999999999998,4.7862,60.0,,0.03249999999999997,0.046699999999999964,0.12769999999999992,0.0,-0.08556022056877177
2022-06-29,-0.006746958485345544,279.734,1.1388,1.8768999999999998,4.7862,60.0,,0.0,0.0,0.0,0.0,-0.09172990779794288
2022-06-30,0.005821641822502777,279.734,1.1388,1.8768999999999998,4.7862,60.0,,0.0,0.0,0.0,0.0,-0.08644228464305093
2022-07-01,-0.005572183628749105,280.2605,1.249,1.9294,4.8313,60.0,,0.11020000000000008,0.05249999999999999,0.045099999999999696,0.0,-0.09153279598848041
2022-07-04,0.004818620422414932,280.2605,1.249,1.9294,4.8313,60.0,,0.11020000000000008,0.05249999999999999,0.045099999999999696,0.0,-0.08715523736613628
2022-07-05,-0.012265279594920141,280.2605,1.249,1.9294,4.8313,60.0,,0.11020000000000008,0.05249999999999999,0.045099999999999696,0.0,-0.0983515336065992
2022-07-06,-0.003992064963920294,280.2605,1.249,1.9294,4.8313,60.0,,0.11020000000000008,0.05249999999999999,0.045099999999999696,0.0,-0.10195097285906074
2022-07-07,0.0008364900777135698,280.2605,1.249,1.9294,4.8313,60.0,,0.11020000000000008,0.05249999999999999,0.045099999999999696,0.0,-0.101199763758557
2022-07-08,0.009975135821355886,280.2605,1.249,1.9294,4.8313,60.0,,0.11020000000000008,0.05249999999999999,0.045099999999999696,0.0,-0.09223410932578191
2022-07-11,0.004063407653925144,280.2605,1.249,1.9294,4.8313,60.0,,0.11020000000000008,0.05249999999999999,0.045099999999999696,0.0,-0.08854548645764404
2022-07-12,0.017422675487713944,280.2605,1.249,1.9294,4.8313,60.0,,0.11020000000000008,0.05249999999999999,0.045099999999999696,0.0,-0.07266551024638335
2022-07-13,0.00127116973314213,280.2605,1.249,1.9294,4.8313,60.0,,0.11020000000000008,0.05249999999999999,0.045099999999999696,0.0,-0.0714867107105096
2022-07-14,0.0031636242326624764,280.2605,1.249,1.9294,4.8313,60.0,,0.11020000000000008,0.05249999999999999,0.045099999999999696,0.0,-0.06854924356816428
2022-07-15,0.007697988471699213,280.2605,1.249,1.9294,4.8313,60.0,,0.11020000000000008,0.05249999999999999,0.045099999999999696,0.0,-0.06137894638319652
2022-07-18,-0.0036840271778463274,280.2605,1.249,1.9294,4.8313,60.0,,0.11020000000000008,0.05249999999999999,0.045099999999999696,0.0,-0.06483685185441956
2022-07-19,0.005459077897812692,280.2605,1.249,1.9294,4.8313,60.0,,0.11020000000000008,0.05249999999999999,0.045099999999999696,0.0,-0.05973172338152899
2022-07-20,-0.0047143575101155745,280.2605,1.249,1.9294,4.8313,60.0,,0.11020000000000008,0.05249999999999999,0.045099999999999696,0.0,-0.06416448419292875
2022-07-21,0.008692550518928954,280.2605,1.249,1.9294,4.8313,60.0,,0.11020000000000008,0.05249999999999999,0.045099999999999696,0.0,-0.05602968669436781
2022-07-22,-0.00690023242187362,280.2605,1.249,1.9294,4.8313,60.0,,0.11020000000000008,0.05249999999999999,0.045099999999999696,0.0,-0.06254330125552554
2022-07-25,-0.00231444441500962,280.2605,1.249,1.9294,4.8313,60.0,,0.11020000000000008,0.05249999999999999,0.045099999999999696,0.0,-0.06471299267624808
2022-07-26,0.00619134461720241,280.2605,1.249,1.9294,4.8313,60.0,,0.11020000000000008,0.05249999999999999,0.045099999999999696,0.0,-0.0589223084979148
2022-07-27,0.008543506210487162,280.2605,1.249,1.9294,4.8313,60.0,,0.11020000000000008,0.05249999999999999,0.045099999999999696,0.0,-0.050882205396015734
2022-07-28,-0.005379258310701174,280.2605,1.249,1.9294,4.8313,60.0,,0.11020000000000008,0.05249999999999999,0.045099999999999696,0.0,-0.05598775518047361
2022-07-29,0.00517248574627095,280.2605,1.249,1.9294,4.8313,60.0,,0.0,0.0,0.0,0.0,-0.051104865299839375
2022-08-01,0.0021650260642522958,281.2951,1.1873,1.9911,4.8784,60.0,,-0.06170000000000009,0.06170000000000009,0.047100000000000364,0.0,-0.049050482600971335
2022-08-02,-0.0033376555665457384,281.2951,1.1873,1.9911,4.8784,60.0,,-0.06170000000000009,0.06170000000000009,0.047100000000000364,0.0,-0.052224424551222226
2022-08-03,0.004346648930196572,281.2951,1.1873,1.9911,4.8784,60.0,,-0.06170000000000009,0.06170000000000009,0.047100000000000364,0.0,-0.04810477686013126
2022-08-04,0.004193433259727364,281.2951,1.1873,1.9911,4.8784,60.0,,-0.06170000000000009,0.06170000000000009,0.047100000000000364,0.0,-0.044113067771640924
2022-08-05,0.006986265643035084,281.2951,1.1873,1.9911,4.8784,60.0,,-0.06170000000000009,0.06170000000000009,0.047100000000000364,0.0,-0.037434987738387715
2022-08-08,0.005171231217143857,281.2951,1.1873,1.9911,4.8784,60.0,,-0.06170000000000009,0.06170000000000009,0.047100000000000364,0.0,-0.03245734149844992
2022-08-09,-0.001157993143327507,281.2951,1.1873,1.9911,4.8784,60.0,,-0.06170000000000009,0.06170000000000009,0.047100000000000364,0.0,-0.0335777492628716
2022-08-10,0.009611551963375731,281.2951,1.1873,1.9911,4.8784,60.0,,-0.06170000000000009,0.06170000000000009,0.047100000000000364,0.0,-0.02428893158134915
2022-08-11,-0.0016235565304400402,281.2951,1.1873,1.9911,4.8784,60.0,,-0.06170000000000009,0.06170000000000009,0.047100000000000364,0.0,-0.025873053658302836
2022-08-12,0.00187159167774944,281.2951,1.1873,1.9911,4.8784,60.0,,-0.06170000000000009,0.06170000000000009,0.047100000000000364,0.0,-0.024049885772458257
2022-08-15,0.005445509655665625,281.2951,1.1873,1.9911,4.8784,60.0,,-0.06170000000000009,0.06170000000000009,0.047100000000000364,0.0,-0.01873534000198429
2022-08-16,0.005187750126252222,281.2951,1.1873,1.9911,4.8784,60.0,,-0.06170000000000009,0.06170000000000009,0.047100000000000364,0.0,-0.0136447841381927
2022-08-17,0.005744655579669511,281.2951,1.1873,1.9911,4.8784,60.0,,-0.06170000000000009,0.06170000000000009,0.047100000000000364,0.0,-0.007978513143856114
2022-08-18,-0.007857498005545105,281.2951,1.1873,1.9911,4.8784,60.0,,-0.06170000000000009,0.06170000000000009,0.047100000000000364,0.0,-0.01577331999828624
2022-08-19,-0.0026654587379241423,281.2951,1.1873,1.9911,4.8784,60.0,,-0.06170000000000009,0.06170000000000009,0.047100000000000364,0.0,-0.018396735602594805
2022-08-22,0.006413908867998331,281.2951,1.1873,1.9911,4.8784,60.0,,-0.06170000000000009,0.06170000000000009,0.047100000000000364,0.0,-0.01210082172022009
2022-08-23,-0.00591768318159801,281.2951,1.1873,1.9911,4.8784,60.0,,-0.06170000000000009,0.06170000000000009,0.047100000000000364,0.0,-0.017946896072640883
2022-08-24,0.00026925740697381073,281.2951,1.1873,1.9911,4.8784,60.0,,-0.06170000000000009,0.06170000000000009,0.047100000000000364,0.0,-0.017682471000366795
2022-08-25,-0.008463082816647472,281.2951,1.1873,1.9911,4.8784,60.0,,-0.06170000000000009,0.06170000000000009,0.047100000000000364,0.0,-0.025995905600535107
2022-08-26,0.010498169919086342,281.2951,1.1873,1.9911,4.8784,60.0,,-0.06170000000000009,0.06170000000000009,0.047100000000000364,0.0,-0.015770645115643744
2022-08-29,2.0956391333915025e-05,281.2951,1.1873,1.9911,4.8784,60.0,,0.0,0.0,0.0,0.0,-0.015750019220120537
2022-08-30,-0.0012406293214371367,281.2951,1.1873,1.9911,4.8784,60.0,,0.0,0.0,0.0,0.0,-0.0169711086058999
2022-08-31,-0.004011568547376343,281.2951,1.1873,1.9911,4.8784,60.0,,0.0,0.0,0.0,0.0,-0.020914596387778706
2022-09-01,0.006874482217652023,281.6271,1.1459,2.0013,4.9185,60.0,,-0.0414000000000001,0.010199999999999987,0.0400999999999998,0.0,-0.014183891191083764
2022-09-02,0.005128561496369255,281.6271,1.1459,2.0013,4.9185,60.0,,-0.0414000000000001,0.010199999999999987,0.0400999999999998,0.0,-0.009128072652945796
2022-09-05,-0.00038651908769128386,281.6271,1.1459,2.0013,4.9185,60.0,,-0.0414000000000001,0.010199999999999987,0.0400999999999998,0.0,-0.00951106356632292
2022-09-06,-0.005533932350955495,281.6271,1.1459,2.0013,4.9185,60.0,,-0.0414000000000001,0.010199999999999987,0.0400999999999998,0.0,-0.014992362334916742
2022-09-07,0.006834388210715725,281.6271,1.1459,2.0013,4.9185,60.0,,-0.0414000000000001,0.010199999999999987,0.0400999999999998,0.0,-0.008260437748593419
2022-09-08,-0.01121423172048871,281.6271,1.1459,2.0013,4.9185,60.0,,-0.0414000000000001,0.010199999999999987,0.0400999999999998,0.0,-0.01938203500605673
2022-09-09,-0.005508164297422602,281.6271,1.1459,2.0013,4.9185,60.0,,-0.0414000000000001,0.010199999999999987,0.0400999999999998,0.0,-0.02478343987024756
2022-09-12,-0.0037308684028240723,281.6271,1.1459,2.0013,4.9185,60.0,,-0.0414000000000001,0.010199999999999987,0.0400999999999998,0.0,-0.028421844520346462
2022-09-13,-0.002751124220825052,281.6271,1.1459,2.0013,4.9185,60.0,,-0.0414000000000001,0.010199999999999987,0.0400999999999998,0.0,-0.031094776716311
2022-09-14,0.004933722387221751,281.6271,1.1459,2.0013,4.9185,60.0,,-0.0414000000000001,0.010199999999999987,0.0400999999999998,0.0,-0.026314467325100233
2022-09-15,-0.0069031878149677485,281.6271,1.1459,2.0013,4.9185,60.0,,-0.0414000000000001,0.010199999999999987,0.0400999999999998,0.0,-0.033036001429872064
2022-09-16,0.001635926207532812,281.6271,1.1459,2.0013,4.9185,60.0,,-0.0414000000000001,0.010199999999999987,0.0400999999999998,0.0,-0.031454119682870596
2022-09-19,-0.003595971286373445,281.6271,1.1459,2.0013,4.9185,60.0,,-0.0414000000000001,0.010199999999999987,0.0400999999999998,0.0,-0.034936982858026266
2022-09-20,0.003653103363594845,281.6271,1.1459,2.0013,4.9185,60.0,,-0.0414000000000001,0.010199999999999987,0.0400999999999998,0.0,-0.031411507904023805
2022-09-21,0.004212213884781224,281.6271,1.1459,2.0013,4.9185,60.0,,-0.0414000000000001,0.010199999999999987,0.0400999999999998,0.0,-0.02733160600897777
2022-09-22,0.001121432316235993,281.6271,1.1459,2.0013,4.9185,60.0,,-0.0414000000000001,0.010199999999999987,0.0400999999999998,0.0,-0.02624082423897478
2022-09-23,-0.0014443275761806262,281.6271,1.1459,2.0013,4.9185,60.0,,-0.0414000000000001,0.010199999999999987,0.0400999999999998,0.0,-0.02764725146908531
2022-09-26,-0.003671592827766379,281.6271,1.1459,2.0013,4.9185,60.0,,-0.0414000000000001,0.010199999999999987,0.0400999999999998,0.0,-0.031217334846650346
2022-09-27,-0.005240287690548162,281.6271,1.1459,2.0013,4.9185,60.0,,-0.0414000000000001,0.010199999999999987,0.0400999999999998,0.0,-0.03629403472166992
2022-09-28,-0.001254199396035194,281.6271,1.1459,2.0013,4.9185,60.0,,-0.0414000000000001,0.010199999999999987,0.0400999999999998,0.0,-0.037502714161277484
2022-09-29,-0.009490363504230936,281.6271,1.1459,2.0013,4.9185,60.0,,0.0,0.0,0.0,0.0,-0.04663716327572265
2022-09-30,-0.006360659248105538,281.6271,1.1459,2.0013,4.9185,60.0,,0.0,0.0,0.0,0.0,-0.05270117941993313
2022-10-03,0.0007467036172655317,281.9882,1.1727,2.0967,5.1925,60.0,,0.026800000000000157,0.09539999999999971,0.274,0.0,-0.05199382796397467
2022-10-04,-0.006871664848626946,281.9882,1.1727,2.0967,5.1925,60.0,,0.026800000000000157,0.09539999999999971,0.274,0.0,-0.05850820865263595
2022-10-05,0.0013975196230867292,281.9882,1.1727,2.0967,5.1925,60.0,,0.026800000000000157,0.09539999999999971,0.274,0.0,-0.057192455399252995
2022-10-06,-0.0021557610539560956,281.9882,1.1727,2.0967,5.1925,60.0,,0.026800000000000157,0.09539999999999971,0.274,0.0,-0.05922492318527928
2022-10-07,0.0023793650586268478,281.9882,1.1727,2.0967,5.1925,60.0,,0.026800000000000157,0.09539999999999971,0.274,0.0,-0.056986475839479356
2022-10-10,-0.004286968712070105,281.9882,1.1727,2.0967,5.1925,60.0,,0.026800000000000157,0.09539999999999971,0.274,0.0,-0.0610291453126145
2022-10-11,0.0019892154151807673,281.9882,1.1727,2.0967,5.1925,60.0,,0.026800000000000157,0.09539999999999971,0.274,0.0,-0.05916133001406487
2022-10-12,0.0031583386947269475,281.9882,1.1727,2.0967,5.1925,60.0,,0.026800000000000157,0.09539999999999971,0.274,0.0,-0.05618984283715289
2022-10-13,-0.0015475970715297604,281.9882,1.1727,2.0967,5.1925,60.0,,0.026800000000000157,0.09539999999999971,0.274,0.0,-0.05765048067245815
2022-10-14,-0.0017680075428352481,281.9882,1.1727,2.0967,5.1925,60.0,,0.026800000000000157,0.09539999999999971,0.274,0.0,-0.05931656173061639
2022-10-17,0.003812918252879238,281.9882,1.1727,2.0967,5.1925,60.0,,0.026800000000000157,0.09539999999999971,0.274,0.0,-0.05572981267865784
2022-10-18,-0.012912605277373234,281.9882,1.1727,2.0967,5.1925,60.0,,0.026800000000000157,0.09539999999999971,0.274,0.0,-0.06792280088272962
2022-10-19,-0.0034715335161849326,281.9882,1.1727,2.0967,5.1925,60.0,,0.026800000000000157,0.09539999999999971,0.274,0.0,-0.07115853811913697
2022-10-20,0.01401527136942653,281.9882,1.1727,2.0967,5.1925,60.0,,0.026800000000000157,0.09539999999999971,0.274,0.0,-0.05814057297170172
2022-10-21,-0.017114258510364744,281.9882,1.1727,2.0967,5.1925,60.0,,0.026800000000000157,0.09539999999999971,0.274,0.0,-0.07425979868628807
2022-10-24,-0.00814096153335907,281.9882,1.1727,2.0967,5.1925,60.0,,0.026800000000000157,0.09539999999999971,0.274,0.0,-0.0817962140550671
2022-10-25,-0.0008646444819348509,281.9882,1.1727,2.0967,5.1925,60.0,,0.026800000000000157,0.09539999999999971,0.274,0.0,-0.08259013389187608
2022-10-26,-0.002649866144534385,281.9882,1.1727,2.0967,5.1925,60.0,,0.026800000000000157,0.09539999999999971,0.274,0.0,-0.08502114723673793
2022-10-27,0.005096340402670885,281.9882,1.1727,2.0967,5.1925,60.0,,0.026800000000000157,0.09539999999999971,0.274,0.0,-0.08035810354181105
2022-10-28,0.0076621539964214945,281.9882,1.1727,2.0967,5.1925,60.0,,0.026800000000000157,0.09539999999999971,0.274,0.0,-0.07331166570958736
2022-10-31,-0.0017465721508235887,281.9882,1.1727,2.0967,5.1925,60.0,,0.0,0.0,0.0,0.0,-0.07493019374675214
2022-11-01,-0.0030301859961070045,282.1865,0.9412,2.2188,5.2352,60.0,,-0.23150000000000004,0.1221000000000001,0.04269999999999996,0.0,-0.07773332731908222
2022-11-02,0.004085100024190181,282.1865,0.9412,2.2188,5.2352,60.0,,-0.23150000000000004,0.1221000000000001,0.04269999999999996,0.0,-0.07396577571220364
2022-11-03,-0.01379955479930195,282.1865,0.9412,2.2188,5.2352,60.0,,-0.23150000000000004,0.1221000000000001,0.04269999999999996,0.0,-0.08674463573629221
2022-11-04,-0.006769008416945355,282.1865,0.9412,2.2188,5.2352,60.0,,-0.23150000000000004,0.1221000000000001,0.04269999999999996,0.0,-0.09292646898381374
2022-11-07,0.004034566245758142,282.1865,0.9412,2.2188,5.2352,60.0,,-0.23150000000000004,0.1221000000000001,0.04269999999999996,0.0,-0.08926682073315517
2022-11-08,0.004801737700169739,282.1865,0.9412,2.2188,5.2352,60.0,,-0.23150000000000004,0.1221000000000001,0.04269999999999996,0.0,-0.08489371889147412
2022-11-09,0.0013812677801034567,282.1865,0.9412,2.2188,5.2352,60.0,,-0.23150000000000004,0.1221000000000001,0.04269999999999996,0.0,-0.08362971207000858
2022-11-10,0.009325070645790967,282.1865,0.9412,2.2188,5.2352,60.0,,-0.23150000000000004,0.1221000000000001,0.04269999999999996,0.0,-0.07508449439735754
2022-11-11,0.011439822006037792,282.1865,0.9412,2.2188,5.2352,60.0,,-0.23150000000000004,0.1221000000000001,0.04269999999999996,0.0,-0.06450362564263878
2022-11-14,0.0036238445373377504,282.1865,0.9412,2.2188,5.2352,60.0,,-0.23150000000000004,0.1221000000000001,0.04269999999999996,0.0,-0.06111353221672455
2022-11-15,0.006437466376402345,282.1865,0.9412,2.2188,5.2352,60.0,,-0.23150000000000004,0.1221000000000001,0.04269999999999996,0.0,-0.05506948214911045
2022-11-16,-0.01017506016072901,282.1865,0.9412,2.2188,5.2352,60.0,,-0.23150000000000004,0.1221000000000001,0.04269999999999996,0.0,-0.06468420701595201
2022-11-17,-0.007056542423268519,282.1865,0.9412,2.2188,5.2352,60.0,,-0.23150000000000004,0.1221000000000001,0.04269999999999996,0.0,-0.07128430258829699
2022-11-18,-0.0021753644747761203,282.1865,0.9412,2.2188,5.2352,60.0,,-0.23150000000000004,0.1221000000000001,0.04269999999999996,0.0,-0.07330459772361342
2022-11-21,0.003555874184681307,282.1865,0.9412,2.2188,5.2352,60.0,,-0.23150000000000004,0.1221000000000001,0.04269999999999996,0.0,-0.07000938546559599
2022-11-22,0.0032621354433984505,282.1865,0.9412,2.2188,5.2352,60.0,,-0.23150000000000004,0.1221000000000001,0.04269999999999996,0.0,-0.06697563011989549
2022-11-23,-0.004742753166544045,282.1865,0.9412,2.2188,5.2352,60.0,,-0.23150000000000004,0.1221000000000001,0.04269999999999996,0.0,-0.07140073440460715
2022-11-24,-0.002730646592381647,282.1865,0.9412,2.2188,5.2352,60.0,,-0.23150000000000004,0.1221000000000001,0.04269999999999996,0.0,-0.07393641082489333
2022-11-25,-0.014258556664543776,282.1865,0.9412,2.2188,5.2352,60.0,,-0.23150000000000004,0.1221000000000001,0.04269999999999996,0.0,-0.08714074098611735
2022-11-28,0.0014882214569858498,282.1865,0.9412,2.2188,5.2352,60.0,,-0.23150000000000004,0.1221000000000001,0.04269999999999996,0.0,-0.08578220424964478
2022-11-29,-0.002922937111209378,282.1865,0.9412,2.2188,5.2352,60.0,,0.0,0.0,0.0,0.0,-0.08845440537257154
2022-11-30,-0.013726269168794724,282.1865,0.9412,2.2188,5.2352,60.0,,0.0,0.0,0.0,0.0,-0.10096652556405661
2022-12-01,-0.006823555639929835,283.345,0.8976,2.3174,5.2444,60.0,,-0.04360000000000008,0.09860000000000024,0.009199999999999875,0.0,-0.1071011304990297
2022-12-02,0.005914719812587843,283.345,0.8976,2.3174,5.2444,60.0,,-0.04360000000000008,0.09860000000000024,0.009199999999999875,0.0,-0.10181988386495489
2022-12-05,0.0015660312592332471,283.345,0.8976,2.3174,5.2444,60.0,,-0.04360000000000008,0.09860000000000024,0.009199999999999875,0.0,-0.10041330572666574
2022-12-06,-0.004817528016540451,283.345,0.8976,2.3174,5.2444,60.0,,-0.04360000000000008,0.09860000000000024,0.009199999999999875,0.0,-0.10474708982963454
2022-12-07,0.003963641856001421,283.345,0.8976,2.3174,5.2444,60.0,,-0.04360000000000008,0.09860000000000024,0.009199999999999875,0.0,-0.10119862792317624
2022-12-08,-0.009395020216026007,283.345,0.8976,2.3174,5.2444,60.0,,-0.04360000000000008,0.09860000000000024,0.009199999999999875,0.0,-0.10964288498402996
2022-12-09,1.0937340470418278e-05,283.345,0.8976,2.3174,5.2444,60.0,,-0.04360000000000008,0.09860000000000024,0.009199999999999875,0.0,-0.10963314684512282
2022-12-12,0.004498102702492212,283.345,0.8976,2.3174,5.2444,60.0,,-0.04360000000000008,0.09860000000000024,0.009199999999999875,0.0,-0.10562818529673745
2022-12-13,0.005784040589895345,283.345,0.8976,2.3174,5.2444,60.0,,-0.04360000000000008,0.09860000000000024,0.009199999999999875,0.0,-0.10045510241803557
2022-12-14,0.0010379545236300469,283.345,0.8976,2.3174,5.2444,60.0,,-0.04360000000000008,0.09860000000000024,0.009199999999999875,0.0,-0.09952141572238205
2022-12-15,0.008852518004182186,283.345,0.8976,2.3174,5.2444,60.0,,-0.04360000000000008,0.09860000000000024,0.009199999999999875,0.0,-0.09154991284268388
2022-12-16,0.005039646484921912,283.345,0.8976,2.3174,5.2444,60.0,,-0.04360000000000008,0.09860000000000024,0.009199999999999875,0.0,-0.08697164555421455
2022-12-19,0.011403791284401266,283.345,0.8976,2.3174,5.2444,60.0,,-0.04360000000000008,0.09860000000000024,0.009199999999999875,0.0,-0.07655966076337462
2022-12-20,-0.006799716355731011,283.345,0.8976,2.3174,5.2444,60.0,,-0.04360000000000008,0.09860000000000024,0.009199999999999875,0.0,-0.08283879314162368
2022-12-21,-0.0056813766636400805,283.345,0.8976,2.3174,5.2444,60.0,0.01639169022804743,-0.04360000000000008,0.09860000000000024,0.009199999999999875,0.0,-0.0880495314190648
2022-12-22,-0.01700921931320761,283.345,0.8976,2.3174,5.2444,60.0,0.01639169022804743,-0.04360000000000008,0.09860000000000024,0.009199999999999875,0.0,-0.10356109694194038
2022-12-23,-0.004982501418661178,283.345,0.8976,2.3174,5.2444,60.0,0.01639169022804743,-0.04360000000000008,0.09860000000000024,0.009199999999999875,0.0,-0.10802760504817022
2022-12-26,0.001874302023286456,283.345,0.8976,2.3174,5.2444,60.0,0.01639169022804743,-0.04360000000000008,0.09860000000000024,0.009199999999999875,0.0,-0.1063557793835963
2022-12-27,0.00383879782829315,283.345,0.8976,2.3174,5.2444,60.0,0.01639169022804743,-0.04360000000000008,0.09860000000000024,0.009199999999999875,0.0,-0.10292525989022727
2022-12-28,-0.009810190914876416,283.345,0.8976,2.3174,5.2444,60.0,0.01639169022804743,-0.04360000000000008,0.09860000000000024,0.009199999999999875,0.0,-0.11172573435561728
2022-12-29,0.00647959901010523,283.345,0.8976,2.3174,5.2444,60.0,0.01639169022804743,0.0,0.0,0.0,0.0,-0.10597007330324604
2022-12-30,0.003419802075440026,283.345,0.8976,2.3174,5.2444,60.0,0.01639169022804743,0.0,0.0,0.0,0.0,-0.10291266790442288
2023-01-02,0.011360525384522558,283.2052,0.9427999999999999,2.3831,5.295,60.0,0.015890211259673492,0.04520000000000002,0.06570000000000009,0.0506000000000002,0.0,-0.09272128449601746
2023-01-03,-0.0033388767003308395,283.2052,0.9427999999999999,2.3831,5.295,60.0,0.015890211259673492,0.04520000000000002,0.06570000000000009,0.0506000000000002,0.0,-0.09575057625991978
2023-01-04,-0.009067807440949016,283.2052,0.9427999999999999,2.3831,5.295,60.0,0.015890211259673492,0.04520000000000002,0.06570000000000009,0.0506000000000002,0.0,-0.10395013591298397
2023-01-05,0.005049327743814535,283.2052,0.9427999999999999,2.3831,5.295,60.0,0.015890211259673492,0.04520000000000002,0.06570000000000009,0.0506000000000002,0.0,-0.09942568647440808
2023-01-06,-0.012203702820729911,283.2052,0.9427999999999999,2.3831,5.295,60.0,0.015890211259673492,0.04520000000000002,0.06570000000000009,0.0506000000000002,0.0,-0.1104160277646572
2023-01-09,-0.0010523611785350552,283.2052,0.9427999999999999,2.3831,5.295,60.0,0.015890211259673492,0.04520000000000002,0.06570000000000009,0.0506000000000002,0.0,-0.11135219140208463
2023-01-10,0.0011652868116531212,283.2052,0.9427999999999999,2.3831,5.295,60.0,0.015890211259673492,0.04520000000000002,0.06570000000000009,0.0506000000000002,0.0,-0.11031666183052102
2023-01-11,0.007828024083452966,283.2052,0.9427999999999999,2.3831,5.295,60.0,0.015890211259673492,0.04520000000000002,0.06570000000000009,0.0506000000000002,0.0,-0.10335219923268357
2023-01-12,-0.006385269753857226,283.2052,0.9427999999999999,2.3831,5.295,60.0,0.015890211259673492,0.04520000000000002,0.06570000000000009,0.0506000000000002,0.0,-0.10907753731478576
2023-01-13,-0.00031562507970612775,283.2052,0.9427999999999999,2.3831,5.295,60.0,0.015890211259673492,0.04520000000000002,0.06570000000000009,0.0506000000000002,0.0,-0.10935873478808278
2023-01-16,0.003513780973991176,283.2052,0.9427999999999999,2.3831,5.295,60.0,0.015890211259673492,0.04520000000000002,0.06570000000000009,0.0506000000000002,0.0,-0.1062292164557298
2023-01-17,-0.008415446992046128,283.2052,0.9427999999999999,2.3831,5.295,60.0,0.015890211259673492,0.04520000000000002,0.06570000000000009,0.0506000000000002,0.0,-0.11375069710768615
2023-01-18,-0.00689192023525671,283.2052,0.9427999999999999,2.3831,5.295,60.0,0.015890211259673492,0.04520000000000002,0.06570000000000009,0.0506000000000002,0.0,-0.11985865661177186
2023-01-19,-0.005534248640641648,283.2052,0.9427999999999999,2.3831,5.295,60.0,0.015890211259673492,0.04520000000000002,0.06570000000000009,0.0506000000000002,0.0,-0.12472957764499071
2023-01-20,-0.0041633004723454214,283.2052,0.9427999999999999,2.3831,5.295,60.0,0.015890211259673492,0.04520000000000002,0.06570000000000009,0.0506000000000002,0.0,-0.12837359140781124
2023-01-23,-0.002113680253967909,283.2052,0.9427999999999999,2.3831,5.295,60.0,0.015890211259673492,0.04520000000000002,0.06570000000000009,0.0506000000000002,0.0,-0.13021593093648942
2023-01-24,0.007104173121580704,283.2052,0.9427999999999999,2.3831,5.295,60.0,0.015890211259673492,0.04520000000000002,0.06570000000000009,0.0506000000000002,0.0,-0.12403683433146939
2023-01-25,0.008342321784700023,283.2052,0.9427999999999999,2.3831,5.295,60.0,0.015890211259673492,0.04520000000000002,0.06570000000000009,0.0506000000000002,0.0,-0.11672926773191794
2023-01-26,0.003906146514566877,283.2052,0.9427999999999999,2.3831,5.295,60.0,0.015890211259673492,0.04520000000000002,0.06570000000000009,0.0506000000000002,0.0,-0.11327908283965005
2023-01-27,-0.0026186965422360766,283.2052,0.9427999999999999,2.3831,5.295,60.0,0.015890211259673492,0.04520000000000002,0.06570000000000009,0.0506000000000002,0.0,-0.11560113583934628
2023-01-30,0.001515532573756717,283.2052,0.9427999999999999,2.3831,5.295,60.0,0.015890211259673492,0.0,0.0,0.0,0.0,-0.1142608005525173
2023-01-31,0.004543110042284648,283.2052,0.9427999999999999,2.3831,5.295,60.0,0.015890211259673492,0.0,0.0,0.0,0.0,-0.11023678990066232
2023-02-01,-0.00668525820966448,284.2968,1.4048,2.3262,5.4015,60.0,0.019805908268807126,0.4620000000000001,-0.05690000000000017,0.10650000000000048,0.0,-0.11618508670563632
2023-02-02,-0.007550239156640781,284.2968,1.4048,2.3262,5.4015,60.0,0.019805908268807126,0.4620000000000001,-0.05690000000000017,0.10650000000000048,0.0,-0.1228581006712145
2023-02-03,-0.0015572591986595997,284.2968,1.4048,2.3262,5.4015,60.0,0.019805908268807126,0.4620000000000001,-0.05690000000000017,0.10650000000000048,0.0,-0.12422403796247394
2023-02-06,-0.0004733885264274318,284.2968,1.4048,2.3262,5.4015,60.0,0.019805908268807126,0.4620000000000001,-0.05690000000000017,0.10650000000000048,0.0,-0.12463862025462347
2023-02-07,0.006920300383702871,284.2968,1.4048,2.3262,5.4015,60.0,0.019805908268807126,0.4620000000000001,-0.05690000000000017,0.10650000000000048,0.0,-0.11858085656249284
2023-02-08,0.002638728977937821,284.2968,1.4048,2.3262,5.4015,60.0,0.019805908268807126,0.4620000000000001,-0.05690000000000017,0.10650000000000048,0.0,-0.11625503032699525
2023-02-09,0.010844479274862817,284.2968,1.4048,2.3262,5.4015,60.0,0.019805908268807126,0.4620000000000001,-0.05690000000000017,0.10650000000000048,0.0,-0.10667127631911211
2023-02-10,0.0033153359990611975,284.2968,1.4048,2.3262,5.4015,60.0,0.019805908268807126,0.4620000000000001,-0.05690000000000017,0.10650000000000048,0.0,-0.10370959144249747
2023-02-13,-0.0019256328700471893,284.2968,1.4048,2.3262,5.4015,60.0,0.019805908268807126,0.4620000000000001,-0.05690000000000017,0.10650000000000048,0.0,-0.1054355177143238
2023-02-14,0.0023536952386731037,284.2968,1.4048,2.3262,5.4015,60.0,0.019805908268807126,0.4620000000000001,-0.05690000000000017,0.10650000000000048,0.0,-0.10332998555168194
2023-02-15,0.008069925880503027,284.2968,1.4048,2.3262,5.4015,60.0,0.019805908268807126,0.4620000000000001,-0.05690000000000017,0.10650000000000048,0.0,-0.09609392499581437
2023-02-16,-0.007306624808093154,284.2968,1.4048,2.3262,5.4015,60.0,0.019031697511570522,0.4620000000000001,-0.05690000000000017,0.10650000000000048,0.0,-0.10269842754762615
2023-02-17,0.0038412878829601205,284.2968,1.4048,2.3262,5.4015,60.0,0.019031697511570522,0.4620000000000001,-0.05690000000000017,0.10650000000000048,0.0,-0.0992516338900038
2023-02-20,0.00598486098260953,284.2968,1.4048,2.3262,5.4015,60.0,0.019031697511570522,0.4620000000000001,-0.05690000000000017,0.10650000000000048,0.0,-0.09386078013852295
2023-02-21,-0.0012694941225876778,284.2968,1.4048,2.3262,5.4015,60.0,0.019031697511570522,0.4620000000000001,-0.05690000000000017,0.10650000000000048,0.0,-0.09501111855238331
2023-02-22,0.0006810254146141004,284.2968,1.4048,2.3262,5.4015,60.0,0.019031697511570522,0.4620000000000001,-0.05690000000000017,0.10650000000000048,0.0,-0.09439479812417428
2023-02-23,-0.003731884413829556,284.2968,1.4048,2.3262,5.4015,60.0,0.019031697511570522,0.4620000000000001,-0.05690000000000017,0.10650000000000048,0.0,-0.09777441206213766
2023-02-24,0.0035428566307230346,284.2968,1.4048,2.3262,5.4015,60.0,0.019031697511570522,0.4620000000000001,-0.05690000000000017,0.10650000000000048,0.0,-0.09457795615550413
2023-02-27,0.004561472659208888,284.2968,1.4048,2.3262,5.4015,60.0,0.019031697511570522,0.4620000000000001,-0.05690000000000017,0.10650000000000048,0.0,-0.09044789825746236
2023-02-28,-0.0047985004979529955,284.2968,1.4048,2.3262,5.4015,60.0,0.019031697511570522,0.4620000000000001,-0.05690000000000017,0.10650000000000048,0.0,-0.09481238447058804
2023-03-01,-0.0013750103275369518,284.6557,1.4079,2.5018,5.1481,60.0,0.020318136459307246,0.0030999999999998806,0.17559999999999976,-0.25340000000000007,0.0,-0.09605702679029948
2023-03-02,0.00366315116795205,284.6557,1.4079,2.5018,5.1481,60.0,0.020318136459307246,0.0030999999999998806,0.17559999999999976,-0.25340000000000007,0.0,-0.09274574703222427
2023-03-03,0.007790763271210177,284.6557,1.4079,2.5018,5.1481,60.0,0.020318136459307246,0.0030999999999998806,0.17559999999999976,-0.25340000000000007,0.0,-0.08567754392055371
2023-03-06,0.0007799521671361332,284.6557,1.4079,2.5018,5.1481,60.0,0.020318136459307246,0.0030999999999998806,0.17559999999999976,-0.25340000000000007,0.0,-0.08496441613947336
2023-03-07,-0.0027517600804432994,284.6557,1.4079,2.5018,5.1481,60.0,0.020318136459307246,0.0030999999999998806,0.17559999999999976,-0.25340000000000007,0.0,-0.0874823745313259
2023-03-08,0.010951854924448511,284.6557,1.4079,2.5018,5.1481,60.0,0.020318136459307246,0.0030999999999998806,0.17559999999999976,-0.25340000000000007,0.0,-0.07748861388119077
2023-03-09,-9.107210669467847e-05,284.6557,1.4079,2.5018,5.1481,60.0,0.020318136459307246,0.0030999999999998806,0.17559999999999976,-0.25340000000000007,0.0,-0.07757262893657446
2023-03-10,-0.006788198174391047,284.6557,1.4079,2.5018,5.1481,60.0,0.020318136459307246,0.0030999999999998806,0.17559999999999976,-0.25340000000000007,0.0,-0.08383424873283551
2023-03-13,-0.0017252762107540565,284.6557,1.4079,2.5018,5.1481,60.0,0.020318136459307246,0.0030999999999998806,0.17559999999999976,-0.25340000000000007,0.0,-0.08541488770860439
2023-03-14,-0.002593120068747601,284.6557,1.4079,2.5018,5.1481,60.0,0.020318136459307246,0.0030999999999998806,0.17559999999999976,-0.25340000000000007,0.0,-0.08778651671786497
2023-03-15,0.0030167611067527635,284.6557,1.4079,2.5018,5.1481,60.0,0.020318136459307246,0.0030999999999998806,0.17559999999999976,-0.25340000000000007,0.0,-0.08503458656044383
2023-03-16,-1.0433247218444297e-05,284.6557,1.4079,2.5018,5.1481,60.0,0.020318136459307246,0.0030999999999998806,0.17559999999999976,-0.25340000000000007,0.0,-0.08504413262079846
2023-03-17,0.01122866649260853,284.6557,1.4079,2.5018,5.1481,60.0,0.020318136459307246,0.0030999999999998806,0.17559999999999976,-0.25340000000000007,0.0,-0.07477039833054211
2023-03-20,0.011577610954177387,284.6557,1.4079,2.5018,5.1481,60.0,0.020318136459307246,0.0030999999999998806,0.17559999999999976,-0.25340000000000007,0.0,-0.06405844995912457
2023-03-21,-0.006602679766412234,284.6557,1.4079,2.5018,5.1481,60.0,0.015109910683528183,0.0030999999999998806,0.17559999999999976,-0.25340000000000007,0.0,-0.07023817229412399
2023-03-22,0.00436934460352254,284.6557,1.4079,2.5018,5.1481,60.0,0.015109910683528183,0.0030999999999998806,0.17559999999999976,-0.25340000000000007,0.0,-0.06617572246967618
2023-03-23,0.0031932562486043704,284.6557,1.4079,2.5018,5.1481,60.0,0.015109910683528183,0.0030999999999998806,0.17559999999999976,-0.25340000000000007,0.0,-0.06319378226035399
2023-03-24,0.007262041331409286,284.6557,1.4079,2.5018,5.1481,60.0,0.015109910683528183,0.0030999999999998806,0.17559999999999976,-0.25340000000000007,0.0,-0.05639065678760746
2023-03-27,0.010867436956622423,284.6557,1.4079,2.5018,5.1481,60.0,0.015109910683528183,0.0030999999999998806,0.17559999999999976,-0.25340000000000007,0.0,-0.04613604173856689
2023-03-28,0.0036996450008882965,284.6557,1.4079,2.5018,5.1481,60.0,0.015109910683528183,0.0030999999999998806,0.17559999999999976,-0.25340000000000007,0.0,-0.04260708371385735
2023-03-29,-0.005584538755836188,284.6557,1.4079,2.5018,5.1481,60.0,0.015109910683528183,0.0,0.0,0.0,0.0,-0.04795368155942037
2023-03-30,0.003115421712962052,284.6557,1.4079,2.5018,5.1481,60.0,0.015109910683528183,0.0,0.0,0.0,0.0,-0.04498765578720498
2023-03-31,-0.005884881843637379,284.6557,1.4079,2.5018,5.1481,60.0,0.015109910683528183,0.0,0.0,0.0,0.0,-0.0506077905921124
2023-04-03,-0.007887081314448896,286.3835,1.587,2.5562,5.2435,60.0,0.02127141352249806,0.17910000000000004,0.054400000000000226,0.09539999999999971,0.0,-0.05809572414701669
2023-04-04,-0.005124121327348574,286.3835,1.587,2.5562,5.2435,60.0,0.02127141352249806,0.17910000000000004,0.054400000000000226,0.09539999999999971,0.0,-0.06292215593523576
2023-04-05,0.0013823458726114346,286.3835,1.587,2.5562,5.2435,60.0,0.02127141352249806,0.17910000000000004,0.054400000000000226,0.09539999999999971,0.0,-0.061626790245177254
2023-04-06,0.007095556961471672,286.3835,1.587,2.5562,5.2435,60.0,0.02127141352249806,0.17910000000000004,0.054400000000000226,0.09539999999999971,0.0,-0.05496850968424294
2023-04-07,-0.003595733672778101,286.3835,1.587,2.5562,5.2435,60.0,0.02127141352249806,0.17910000000000004,0.054400000000000226,0.09539999999999971,0.0,-0.05836659123580701
2023-04-10,0.013469511466694251,286.3835,1.587,2.5562,5.2435,60.0,0.02127141352249806,0.17910000000000004,0.054400000000000226,0.09539999999999971,0.0,-0.04568324923903533
2023-04-11,0.0038419609591833657,286.3835,1.587,2.5562,5.2435,60.0,0.02127141352249806,0.17910000000000004,0.054400000000000226,0.09539999999999971,0.0,-0.04201680153991705
2023-04-12,0.006258641618403482,286.3835,1.587,2.5562,5.2435,60.0,0.02127141352249806,0.17910000000000004,0.054400000000000226,0.09539999999999971,0.0,-0.03602112802430357
2023-04-13,-0.0007007595184119753,286.3835,1.587,2.5562,5.2435,60.0,0.02127141352249806,0.17910000000000004,0.054400000000000226,0.09539999999999971,0.0,-0.03669664539438855
2023-04-14,0.004340806786654083,286.3835,1.587,2.5562,5.2435,60.0,0.02127141352249806,0.17910000000000004,0.054400000000000226,0.09539999999999971,0.0,-0.032515131655109775
2023-04-17,-0.006965063502864866,286.3835,1.587,2.5562,5.2435,60.0,0.02127141352249806,0.17910000000000004,0.054400000000000226,0.09539999999999971,0.0,-0.039253725201192746
2023-04-18,0.006117611195013972,286.3835,1.587,2.5562,5.2435,60.0,0.02127141352249806,0.17910000000000004,0.054400000000000226,0.09539999999999971,0.0,-0.03337625303491565
2023-04-19,0.00557127885307025,286.3835,1.587,2.5562,5.2435,60.0,0.019718663920673896,0.17910000000000004,0.054400000000000226,0.09539999999999971,0.0,-0.027990922594573586
2023-04-20,-0.011253529596910995,286.3835,1.587,2.5562,5.2435,60.0,0.019718663920673896,0.17910000000000004,0.054400000000000226,0.09539999999999971,0.0,-0.03892945551562166
2023-04-21,0.008837330443347979,286.3835,1.587,2.5562,5.2435,60.0,0.019718663920673896,0.17910000000000004,0.054400000000000226,0.09539999999999971,0.0,-0.030436157534644792
2023-04-24,0.008092146450449932,286.3835,1.587,2.5562,5.2435,60.0,0.019718663920673896,0.17910000000000004,0.054400000000000226,0.09539999999999971,0.0,-0.02259030492835412
2023-04-25,0.009670278276001764,286.3835,1.587,2.5562,5.2435,60.0,0.019718663920673896,0.17910000000000004,0.054400000000000226,0.09539999999999971,0.0,-0.013138481187349171
2023-04-26,0.005527412206572458,286.3835,1.587,2.5562,5.2435,60.0,0.019718663920673896,0.17910000000000004,0.054400000000000226,0.09539999999999971,0.0,-0.007683690782067432
2023-04-27,-0.006419609290703831,286.3835,1.587,2.5562,5.2435,60.0,0.019718663920673896,0.17910000000000004,0.054400000000000226,0.09539999999999971,0.0,-0.014053973780039808
2023-04-28,-0.00018508183852016246,286.3835,1.587,2.5562,5.2435,60.0,0.019718663920673896,0.17910000000000004,0.054400000000000226,0.09539999999999971,0.0,-0.01423645448325428
2023-05-01,-0.004272152954589015,286.5467,1.6502,2.6296,5.0747,60.0,0.020299766134844077,0.06319999999999992,0.07339999999999991,-0.16880000000000006,0.0,-0.018447787126759874
2023-05-02,-0.0014302078623338432,286.5467,1.6502,2.6296,5.0747,60.0,0.020299766134844077,0.06319999999999992,0.07339999999999991,-0.16880000000000006,0.0,-0.0198516108189023
2023-05-03,-0.0024732207320708245,286.5467,1.6502,2.6296,5.0747,60.0,0.020299766134844077,0.06319999999999992,0.07339999999999991,-0.16880000000000006,0.0,-0.022275734135530745
2023-05-04,0.005149919853074369,286.5467,1.6502,2.6296,5.0747,60.0,0.020299766134844077,0.06319999999999992,0.07339999999999991,-0.16880000000000006,0.0,-0.01724053252792268
2023-05-05,-0.013371561637713313,286.5467,1.6502,2.6296,5.0747,60.0,0.020299766134844077,0.06319999999999992,0.07339999999999991,-0.16880000000000006,0.0,-0.030381561322271877
2023-05-08,-0.0006122901761879019,286.5467,1.6502,2.6296,5.0747,60.0,0.020299766134844077,0.06319999999999992,0.07339999999999991,-0.16880000000000006,0.0,-0.030975249166924956
2023-05-09,0.004922050706317483,286.5467,1.6502,2.6296,5.0747,60.0,0.020299766134844077,0.06319999999999992,0.07339999999999991,-0.16880000000000006,0.0,-0.02620566020764792
2023-05-10,-0.0061584733544275405,286.5467,1.6502,2.6296,5.0747,60.0,0.020299766134844077,0.06319999999999992,0.07339999999999991,-0.16880000000000006,0.0,-0.032202746701951446
2023-05-11,0.014729820248322955,286.5467,1.6502,2.6296,5.0747,60.0,0.020299766134844077,0.06319999999999992,0.07339999999999991,-0.16880000000000006,0.0,-0.01794726712405048
2023-05-12,-0.007216328262363547,286.5467,1.6502,2.6296,5.0747,60.0,0.020299766134844077,0.06319999999999992,0.07339999999999991,-0.16880000000000006,0.0,-0.025034082015434556
2023-05-15,0.0012911611065821505,286.5467,1.6502,2.6296,5.0747,60.0,0.020299766134844077,0.06319999999999992,0.07339999999999991,-0.16880000000000006,0.0,-0.02377524394188968
2023-05-16,0.0072936499929190934,286.5467,1.6502,2.6296,5.0747,60.0,0.020299766134844077,0.06319999999999992,0.07339999999999991,-0.16880000000000006,0.0,-0.016655002256779072
2023-05-17,-0.002190244510176076,286.5467,1.6502,2.6296,5.0747,60.0,0.020299766134844077,0.06319999999999992,0.07339999999999991,-0.16880000000000006,0.0,-0.01880876823969524
2023-05-18,0.0002261005545487915,286.5467,1.6502,2.6296,5.0747,60.0,0.020299766134844077,0.06319999999999992,0.07339999999999991,-0.16880000000000006,0.0,-0.018586920358075854
2023-05-19,0.008742793305057995,286.5467,1.6502,2.6296,5.0747,60.0,0.024354207926101212,0.06319999999999992,0.07339999999999991,-0.16880000000000006,0.0,-0.010006628655886196
2023-05-22,0.005085536540522595,286.5467,1.6502,2.6296,5.0747,60.0,0.024354207926101212,0.06319999999999992,0.07339999999999991,-0.16880000000000006,0.0,-0.004971981191040475
2023-05-23,0.002258485451241643,286.5467,1.6502,2.6296,5.0747,60.0,0.024354207926101212,0.06319999999999992,0.07339999999999991,-0.16880000000000006,0.0,-0.002724724886982499
2023-05-24,0.0009807191909012136,286.5467,1.6502,2.6296,5.0747,60.0,0.024354207926101212,0.06319999999999992,0.07339999999999991,-0.16880000000000006,0.0,-0.00174667788606786
2023-05-25,0.004091675155397534,286.5467,1.6502,2.6296,5.0747,60.0,0.024354207926101212,0.06319999999999992,0.07339999999999991,-0.16880000000000006,0.0,0.0023378504308186887
2023-05-26,0.002747740150924538,286.5467,1.6502,2.6296,5.0747,60.0,0.024354207926101212,0.06319999999999992,0.07339999999999991,-0.16880000000000006,0.0,0.00509201438723883
2023-05-29,0.0009372297111854277,286.5467,1.6502,2.6296,5.0747,60.0,0.024354207926101212,0.0,0.0,0.0,0.0,0.006034016485597649
2023-05-30,0.011174624114426735,286.5467,1.6502,2.6296,5.0747,60.0,0.024354207926101212,0.0,0.0,0.0,0.0,0.017276068466151262
2023-05-31,0.013961848487637174,286.5467,1.6502,2.6296,5.0747,60.0,0.024354207926101212,0.0,0.0,0.0,0.0,0.031479122804174864
2023-06-01,-0.002703896987645782,286.1471,1.7996000000000003,2.6267,5.2672,60.0,0.022925707994023048,0.1494000000000002,-0.0028999999999999027,0.1924999999999999,0.0,0.028690109511205097
2023-06-02,0.004240257170796657,286.1471,1.7996000000000003,2.6267,5.2672,60.0,0.022925707994023048,0.1494000000000002,-0.0028999999999999027,0.1924999999999999,0.0,0.03305202012458763
2023-06-05,-0.000930094714621621,286.1471,1.7996000000000003,2.6267,5.2672,60.0,0.022925707994023048,0.1494000000000002,-0.0028999999999999027,0.1924999999999999,0.0,0.032091183900740505
2023-06-06,0.01601278696733126,286.1471,1.7996000000000003,2.6267,5.2672,60.0,0.022925707994023048,0.1494000000000002,-0.0028999999999999027,0.1924999999999999,0.0,0.048617840159403736
2023-06-07,0.001582776638711969,286.1471,1.7996000000000003,2.6267,5.2672,60.0,0.022925707994023048,0.1494000000000002,-0.0028999999999999027,0.1924999999999999,0.0,0.0502775679797447
2023-06-08,0.0024799618458930086,286.1471,1.7996000000000003,2.6267,5.2672,60.0,0.022925707994023048,0.1494000000000002,-0.0028999999999999027,0.1924999999999999,0.0,0.052882216275931704
2023-06-09,0.0011347994598163047,286.1471,1.7996000000000003,2.6267,5.2672,60.0,0.022925707994023048,0.1494000000000002,-0.0028999999999999027,0.1924999999999999,0.0,0.05407702644621182
2023-06-12,-0.01263772541770819,286.1471,1.7996000000000003,2.6267,5.2672,60.0,0.022925707994023048,0.1494000000000002,-0.0028999999999999027,0.1924999999999999,0.0,0.04075589041687033
2023-06-13,0.010515189242693512,286.1471,1.7996000000000003,2.6267,5.2672,60.0,0.022925707994023048,0.1494000000000002,-0.0028999999999999027,0.1924999999999999,0.0,0.05169963556005186
2023-06-14,0.005979197056883623,286.1471,1.7996000000000003,2.6267,5.2672,60.0,0.022925707994023048,0.1494000000000002,-0.0028999999999999027,0.1924999999999999,0.0,0.057987954925718066
2023-06-15,0.005332758712965657,286.1471,1.7996000000000003,2.6267,5.2672,60.0,0.022925707994023048,0.1494000000000002,-0.0028999999999999027,0.1924999999999999,0.0,0.063629949410561
2023-06-16,-0.001751437749801088,286.1471,1.7996000000000003,2.6267,5.2672,60.0,0.022925707994023048,0.1494000000000002,-0.0028999999999999027,0.1924999999999999,0.0,0.06176706776534435
2023-06-19,-0.01126624298810187,286.1471,1.7996000000000003,2.6267,5.2672,60.0,0.022925707994023048,0.1494000000000002,-0.0028999999999999027,0.1924999999999999,0.0,0.049804941983135675
2023-06-20,-0.00556408744166782,286.1471,1.7996000000000003,2.6267,5.2672,60.0,0.021004030179065714,0.1494000000000002,-0.0028999999999999027,0.1924999999999999,0.0,0.04396373548924659
2023-06-21,0.0004855774273869962,286.1471,1.7996000000000003,2.6267,5.2672,60.0,0.021004030179065714,0.1494000000000002,-0.0028999999999999027,0.1924999999999999,0.0,0.04447066071421091
2023-06-22,-0.01157199133496748,286.1471,1.7996000000000003,2.6267,5.2672,60.0,0.021004030179065714,0.1494000000000002,-0.0028999999999999027,0.1924999999999999,0.0,0.032384055278798396
2023-06-23,0.0072365567670742426,286.1471,1.7996000000000003,2.6267,5.2672,60.0,0.021004030179065714,0.1494000000000002,-0.0028999999999999027,0.1924999999999999,0.0,0.03985496110024567
2023-06-26,0.01068559864925358,286.1471,1.7996000000000003,2.6267,5.2672,60.0,0.021004030179065714,0.1494000000000002,-0.0028999999999999027,0.1924999999999999,0.0,0.05096643386799804
2023-06-27,0.0018832895888032052,286.1471,1.7996000000000003,2.6267,5.2672,60.0,0.021004030179065714,0.1494000000000002,-0.0028999999999999027,0.1924999999999999,0.0,0.05294570801108334
2023-06-28,0.007313286271119812,286.1471,1.7996000000000003,2.6267,5.2672,60.0,0.021004030179065714,0.1494000000000002,-0.0028999999999999027,0.1924999999999999,0.0,0.06064620140171528
2023-06-29,-0.006022036352081072,286.1471,1.7996000000000003,2.6267,5.2672,60.0,0.021004030179065714,0.0,0.0,0.0,0.0,0.05425895142017745
2023-06-30,0.002989076330374418,286.1471,1.7996000000000003,2.6267,5.2672,60.0,0.021004030179065714,0.0,0.0,0.0,0.0,0.0574102118979527
2023-07-03,-0.00586840853787497,287.304,1.7435000000000003,2.6606,5.172,60.0,0.025131975430001674,-0.05610000000000004,0.03390000000000004,-0.09520000000000017,0.0,0.05120489678241458
2023-07-04,-0.0035859636357324586,287.304,1.7435000000000003,2.6606,5.172,60.0,0.025131975430001674,-0.05610000000000004,0.03390000000000004,-0.09520000000000017,0.0,0.04743531424884884
2023-07-05,0.007198579869883326,287.304,1.7435000000000003,2.6606,5.172,60.0,0.025131975430001674,-0.05610000000000004,0.03390000000000004,-0.09520000000000017,0.0,0.0549753610170054
2023-07-06,-0.005507077066689703,287.304,1.7435000000000003,2.6606,5.172,60.0,0.025131975430001674,-0.05610000000000004,0.03390000000000004,-0.09520000000000017,0.0,0.04916553040042593
2023-07-07,-0.0008278073616177162,287.304,1.7435000000000003,2.6606,5.172,60.0,0.025131975430001674,-0.05610000000000004,0.03390000000000004,-0.09520000000000017,0.0,0.04829702345080489
2023-07-10,0.0005025977131317583,287.304,1.7435000000000003,2.6606,5.172,60.0,0.025131975430001674,-0.05610000000000004,0.03390000000000004,-0.09520000000000017,0.0,0.04882389513747398
2023-07-11,0.0006521308207939058,287.304,1.7435000000000003,2.6606,5.172,60.0,0.025131975430001674,-0.05610000000000004,0.03390000000000004,-0.09520000000000017,0.0,0.04950786552507824
2023-07-12,-0.009435159424931805,287.304,1.7435000000000003,2.6606,5.172,60.0,0.025131975430001674,-0.05610000000000004,0.03390000000000004,-0.09520000000000017,0.0,0.0396055914961293
2023-07-13,0.0007177764237853324,287.304,1.7435000000000003,2.6606,5.172,60.0,0.025131975430001674,-0.05610000000000004,0.03390000000000004,-0.09520000000000017,0.0,0.04035179587974058
2023-07-14,-0.0024338044930093394,287.304,1.7435000000000003,2.6606,5.172,60.0,0.025131975430001674,-0.05610000000000004,0.03390000000000004,-0.09520000000000017,0.0,0.03781978300461808
2023-07-17,0.0047888653603347705,287.304,1.7435000000000003,2.6606,5.172,60.0,0.025131975430001674,-0.05610000000000004,0.03390000000000004,-0.09520000000000017,0.0,0.042789762213718996
2023-07-18,0.0039464064456923185,287.304,1.7435000000000003,2.6606,5.172,60.0,0.025131975430001674,-0.05610000000000004,0.03390000000000004,-0.09520000000000017,0.0,0.046905034452821015
2023-07-19,-0.0034785738916025986,287.304,1.7435000000000003,2.6606,5.172,60.0,0.021361552334185685,-0.05610000000000004,0.03390000000000004,-0.09520000000000017,0.0,0.04326329793298611
2023-07-20,-0.007625499375926814,287.304,1.7435000000000003,2.6606,5.172,60.0,0.021361552334185685,-0.05610000000000004,0.03390000000000004,-0.09520000000000017,0.0,0.03530789430567083
2023-07-21,-0.00038971839280291796,287.304,1.7435000000000003,2.6606,5.172,60.0,0.021361552334185685,-0.05610000000000004,0.03390000000000004,-0.09520000000000017,0.0,0.03490441577704595
2023-07-24,0.004328324344595768,287.304,1.7435000000000003,2.6606,5.172,60.0,0.021361552334185685,-0.05610000000000004,0.03390000000000004,-0.09520000000000017,0.0,0.039383817754183426
2023-07-25,-0.011165978044627267,287.304,1.7435000000000003,2.6606,5.172,60.0,0.021361552334185685,-0.05610000000000004,0.03390000000000004,-0.09520000000000017,0.0,0.027778080865199284
2023-07-26,0.009338043761099046,287.304,1.7435000000000003,2.6606,5.172,60.0,0.021361552334185685,-0.05610000000000004,0.03390000000000004,-0.09520000000000017,0.0,0.03737551756101687
2023-07-27,-0.0034827156701000674,287.304,1.7435000000000003,2.6606,5.172,60.0,0.021361552334185685,-0.05610000000000004,0.03390000000000004,-0.09520000000000017,0.0,0.03376263359022902
2023-07-28,0.0028782599331042768,287.304,1.7435000000000003,2.6606,5.172,60.0,0.021361552334185685,-0.05610000000000004,0.03390000000000004,-0.09520000000000017,0.0,0.0367380711588321
2023-07-31,-0.011682716700148154,287.304,1.7435000000000003,2.6606,5.172,60.0,0.021361552334185685,0.0,0.0,0.0,0.0,0.024626153981225363
2023-08-01,0.004218229535188145,288.3475,1.6248,2.7991,5.1597,60.0,0.025071179697051305,-0.11870000000000003,0.13850000000000007,-0.012299999999999756,0.0,0.0289482622864754
2023-08-02,-0.011143998033712955,288.3475,1.6248,2.7991,5.1597,60.0,0.025071179697051305,-0.11870000000000003,0.13850000000000007,-0.012299999999999756,0.0,0.01748166487476266
2023-08-03,0.0010339381471597743,288.3475,1.6248,2.7991,5.1597,60.0,0.025071179697051305,-0.11870000000000003,0.13850000000000007,-0.012299999999999756,0.0,0.018533677982112362
2023-08-04,-0.0009302243845506041,288.3475,1.6248,2.7991,5.1597,60.0,0.025071179697051305,-0.11870000000000003,0.13850000000000007,-0.012299999999999756,0.0,0.0175862131183675
2023-08-07,0.0215385342046047,288.3475,1.6248,2.7991,5.1597,60.0,0.025071179697051305,-0.11870000000000003,0.13850000000000007,-0.012299999999999756,0.0,0.039503528575751456
2023-08-08,-0.009716970663641878,288.3475,1.6248,2.7991,5.1597,60.0,0.025071179697051305,-0.11870000000000003,0.13850000000000007,-0.012299999999999756,0.0,0.029402703283828657
2023-08-09,0.012286168411581866,288.3475,1.6248,2.7991,5.1597,60.0,0.025071179697051305,-0.11870000000000003,0.13850000000000007,-0.012299999999999756,0.0,0.04205011825971128
2023-08-10,-0.004245330563405414,288.3475,1.6248,2.7991,5.1597,60.0,0.025071179697051305,-0.11870000000000003,0.13850000000000007,-0.012299999999999756,0.0,0.03762627104406313
2023-08-11,-0.002423572565290777,288.3475,1.6248,2.7991,5.1597,60.0,0.025071179697051305,-0.11870000000000003,0.13850000000000007,-0.012299999999999756,0.0,0.03511150848053579
2023-08-14,0.00805781754727477,288.3475,1.6248,2.7991,5.1597,60.0,0.025071179697051305,-0.11870000000000003,0.13850000000000007,-0.012299999999999756,0.0,0.04345224815695636
2023-08-15,0.0035979873470992187,288.3475,1.6248,2.7991,5.1597,60.0,0.025071179697051305,-0.11870000000000003,0.13850000000000007,-0.012299999999999756,0.0,0.04720657614312729
2023-08-16,-0.0029660019793595893,288.3475,1.6248,2.7991,5.1597,60.0,0.025071179697051305,-0.11870000000000003,0.13850000000000007,-0.012299999999999756,0.0,0.0441005593654884
2023-08-17,-0.006474769853309336,288.3475,1.6248,2.7991,5.1597,60.0,0.025071179697051305,-0.11870000000000003,0.13850000000000007,-0.012299999999999756,0.0,0.03734024853988527
2023-08-18,0.00440522921880615,288.3475,1.6248,2.7991,5.1597,60.0,0.025071179697051305,-0.11870000000000003,0.13850000000000007,-0.012299999999999756,0.0,0.041909970112596895
2023-08-21,-0.00014213237758279318,288.3475,1.6248,2.7991,5.1597,60.0,0.023862760366456293,-0.11870000000000003,0.13850000000000007,-0.012299999999999756,0.0,0.04176188097131761
2023-08-22,-0.008931677635035717,288.3475,1.6248,2.7991,5.1597,60.0,0.023862760366456293,-0.11870000000000003,0.13850000000000007,-0.012299999999999756,0.0,0.032457199678013415
2023-08-23,-0.004476162732334199,288.3475,1.6248,2.7991,5.1597,60.0,0.023862760366456293,-0.11870000000000003,0.13850000000000007,-0.012299999999999756,0.0,0.027835753238084626
2023-08-24,0.0018935935593995645,288.3475,1.6248,2.7991,5.1597,60.0,0.023862760366456293,-0.11870000000000003,0.13850000000000007,-0.012299999999999756,0.0,0.029782056400536883
2023-08-25,0.003135644103750812,288.3475,1.6248,2.7991,5.1597,60.0,0.023862760366456293,-0.11870000000000003,0.13850000000000007,-0.012299999999999756,0.0,0.033011086433837766
2023-08-28,-0.005887075143453213,288.3475,1.6248,2.7991,5.1597,60.0,0.023862760366456293,-0.11870000000000003,0.13850000000000007,-0.012299999999999756,0.0,0.026929672543981598
2023-08-29,-0.011026630461105935,288.3475,1.6248,2.7991,5.1597,60.0,0.023862760366456293,0.0,0.0,0.0,0.0,0.015606098535294599
2023-08-30,0.0029509346137237768,288.3475,1.6248,2.7991,5.1597,60.0,0.023862760366456293,0.0,0.0,0.0,0.0,0.018603085725371393
2023-08-31,-0.0028495453813719984,288.3475,1.6248,2.7991,5.1597,60.0,0.023862760366456293,0.0,0.0,0.0,0.0,0.015700530006991453
2023-09-01,-0.0019631470722965673,289.3182,1.9007999999999998,2.9078,5.0472,60.0,0.02730951673329729,0.276,0.1086999999999998,-0.11249999999999982,0.0,0.013706560485178043
2023-09-04,0.005880698041706744,289.3182,1.9007999999999998,2.9078,5.0472,60.0,0.02730951673329729,0.276,0.1086999999999998,-0.11249999999999982,0.0,0.01966786267028864
2023-09-05,0.00024311448125561297,289.3182,1.9007999999999998,2.9078,5.0472,60.0,0.02730951673329729,0.276,0.1086999999999998,-0.11249999999999982,0.0,0.01991575869377482
2023-09-06,0.0016053894471569018,289.3182,1.9007999999999998,2.9078,5.0472,60.0,0.02730951673329729,0.276,0.1086999999999998,-0.11249999999999982,0.0,0.021553120689770777
2023-09-07,-0.0009260783259868232,289.3182,1.9007999999999998,2.9078,5.0472,60.0,0.02730951673329729,0.276,0.1086999999999998,-0.11249999999999982,0.0,0.020607082485855743
2023-09-08,0.003587871483931182,289.3182,1.9007999999999998,2.9078,5.0472,60.0,0.02730951673329729,0.276,0.1086999999999998,-0.11249999999999982,0.0,0.024268889533405114
2023-09-11,-0.00034112033114638287,289.3182,1.9007999999999998,2.9078,5.0472,60.0,0.02730951673329729,0.276,0.1086999999999998,-0.11249999999999982,0.0,0.023919490590624592
2023-09-12,-0.0011893011064256997,289.3182,1.9007999999999998,2.9078,5.0472,60.0,0.02730951673329729,0.276,0.1086999999999998,-0.11249999999999982,0.0,0.022701742007574355
2023-09-13,-0.0004172476342643283,289.3182,1.9007999999999998,2.9078,5.0472,60.0,0.02730951673329729,0.276,0.1086999999999998,-0.11249999999999982,0.0,0.022275022125163746
2023-09-14,-0.007275978107368264,289.3182,1.9007999999999998,2.9078,5.0472,60.0,0.02730951673329729,0.276,0.1086999999999998,-0.11249999999999982,0.0,0.014836971444471603
2023-09-15,-0.000999606840431555,289.3182,1.9007999999999998,2.9078,5.0472,60.0,0.02730951673329729,0.276,0.1086999999999998,-0.11249999999999982,0.0,0.013822533465892795
2023-09-18,-0.011358147469935676,289.3182,1.9007999999999998,2.9078,5.0472,60.0,0.02730951673329729,0.276,0.1086999999999998,-0.11249999999999982,0.0,0.002307387622443313
2023-09-19,0.007381069950543329,289.3182,1.9007999999999998,2.9078,5.0472,60.0,0.02730951673329729,0.276,0.1086999999999998,-0.11249999999999982,0.0,0.009705488562430808
2023-09-20,-0.004242515274751358,289.3182,1.9007999999999998,2.9078,5.0472,60.0,0.02599399549342829,0.276,0.1086999999999998,-0.11249999999999982,0.0,0.005421797604204359
2023-09-21,0.006255573920443025,289.3182,1.9007999999999998,2.9078,5.0472,60.0,0.02599399549342829,0.276,0.1086999999999998,-0.11249999999999982,0.0,0.011711287980342266
2023-09-22,-0.0027037158973993282,289.3182,1.9007999999999998,2.9078,5.0472,60.0,0.02599399549342829,0.276,0.1086999999999998,-0.11249999999999982,0.0,0.008975908087451412
2023-09-25,-0.0076366357767774,289.3182,1.9007999999999998,2.9078,5.0472,60.0,0.02599399549342829,0.276,0.1086999999999998,-0.11249999999999982,0.0,0.0012707265698443937
2023-09-26,0.003772188168507351,289.3182,1.9007999999999998,2.9078,5.0472,60.0,0.02599399549342829,0.276,0.1086999999999998,-0.11249999999999982,0.0,0.0050477081580839744
2023-09-27,-0.014940577217258933,289.3182,1.9007999999999998,2.9078,5.0472,60.0,0.02599399549342829,0.276,0.1086999999999998,-0.11249999999999982,0.0,-0.009968284732680965
2023-09-28,-0.007212385951080735,289.3182,1.9007999999999998,2.9078,5.0472,60.0,0.02599399549342829,0.276,0.1086999999999998,-0.11249999999999982,0.0,-0.017108775566999412
2023-09-29,-0.0005522219728645971,289.3182,1.9007999999999998,2.9078,5.0472,60.0,0.02599399549342829,0.0,0.0,0.0,0.0,-0.017651549698067148
2023-10-02,-0.006017503538339042,290.68,1.8112,2.9344,5.2692,60.0,0.03082327558387199,-0.08960000000000012,0.02660000000000018,0.22199999999999953,0.0,-0.023562834973640978
2023-10-03,0.00838692081773007,290.68,1.8112,2.9344,5.2692,60.0,0.03082327558387199,-0.08960000000000012,0.02660000000000018,0.22199999999999953,0.0,-0.015373533787076066
2023-10-04,0.014877772199241301,290.68,1.8112,2.9344,5.2692,60.0,0.03082327558387199,-0.08960000000000012,0.02660000000000018,0.22199999999999953,0.0,-0.0007244855214162405
2023-10-05,0.0010450231097366314,290.68,1.8112,2.9344,5.2692,60.0,0.03082327558387199,-0.08960000000000012,0.02660000000000018,0.22199999999999953,0.0,0.0003197804842076657
2023-10-06,-1.9028935118448053e-05,290.68,1.8112,2.9344,5.2692,60.0,0.03082327558387199,-0.08960000000000012,0.02660000000000018,0.22199999999999953,0.0,0.0003007454640071572
2023-10-09,0.00021355149604733724,290.68,1.8112,2.9344,5.2692,60.0,0.03082327558387199,-0.08960000000000012,0.02660000000000018,0.22199999999999953,0.0,0.0005143611846982754
2023-10-10,-0.005520040448069285,290.68,1.8112,2.9344,5.2692,60.0,0.03082327558387199,-0.08960000000000012,0.02660000000000018,0.22199999999999953,0.0,-0.005008518557915509
2023-10-11,-0.0011467796178091239,290.68,1.8112,2.9344,5.2692,60.0,0.03082327558387199,-0.08960000000000012,0.02660000000000018,0.22199999999999953,0.0,-0.0061495545087268955
2023-10-12,0.004221202078638009,290.68,1.8112,2.9344,5.2692,60.0,0.03082327558387199,-0.08960000000000012,0.02660000000000018,0.22199999999999953,0.0,-0.0019543109423637572
2023-10-13,0.0020800038448748224,290.68,1.8112,2.9344,5.2692,60.0,0.03082327558387199,-0.08960000000000012,0.02660000000000018,0.22199999999999953,0.0,0.00012162792823677826
2023-10-16,0.012255184332628465,290.68,1.8112,2.9344,5.2692,60.0,0.03082327558387199,-0.08960000000000012,0.02660000000000018,0.22199999999999953,0.0,0.012378302833545796
2023-10-17,0.002227954907502472,290.68,1.8112,2.9344,5.2692,60.0,0.03082327558387199,-0.08960000000000012,0.02660000000000018,0.22199999999999953,0.0,0.01463383604159274
2023-10-18,0.004014550524570781,290.68,1.8112,2.9344,5.2692,60.0,0.03082327558387199,-0.08960000000000012,0.02660000000000018,0.22199999999999953,0.0,0.018707134840320716
2023-10-19,0.0006146978215177734,290.68,1.8112,2.9344,5.2692,60.0,0.030098888501044474,-0.08960000000000012,0.02660000000000018,0.22199999999999953,0.0,0.019333331896871586
2023-10-20,-0.005107773074988042,290.68,1.8112,2.9344,5.2692,60.0,0.030098888501044474,-0.08960000000000012,0.02660000000000018,0.22199999999999953,0.0,0.014126808549770997
2023-10-23,-0.0007577209579347933,290.68,1.8112,2.9344,5.2692,60.0,0.030098888501044474,-0.08960000000000012,0.02660000000000018,0.22199999999999953,0.0,0.013358383412929387
2023-10-24,0.01353281613302788,290.68,1.8112,2.9344,5.2692,60.0,0.030098888501044474,-0.08960000000000012,0.02660000000000018,0.22199999999999953,0.0,0.02707197609251888
2023-10-25,0.002020127747062073,290.68,1.8112,2.9344,5.2692,60.0,0.030098888501044474,-0.08960000000000012,0.02660000000000018,0.22199999999999953,0.0,0.029146792689653367
2023-10-26,-0.001565605543130133,290.68,1.8112,2.9344,5.2692,60.0,0.030098888501044474,-0.08960000000000012,0.02660000000000018,0.22199999999999953,0.0,0.027535554766323855
2023-10-27,0.015075201672389228,290.68,1.8112,2.9344,5.2692,60.0,0.030098888501044474,-0.08960000000000012,0.02660000000000018,0.22199999999999953,0.0,0.043025860479976474
2023-10-30,-0.006360442289036661,290.68,1.8112,2.9344,5.2692,60.0,0.030098888501044474,0.0,0.0,0.0,0.0,0.03639175468842071
2023-10-31,-0.004041750958229684,290.68,1.8112,2.9344,5.2692,60.0,0.030098888501044474,0.0,0.0,0.0,0.0,0.03220291732080738
2023-11-01,0.0026455006546119543,290.3784,2.1015,3.099,5.3281,60.0,0.029030091800989588,0.2903000000000002,0.16460000000000008,0.058900000000000396,0.0,0.03493361081427193
2023-11-02,-0.004444833759816557,290.3784,2.1015,3.099,5.3281,60.0,0.029030091800989588,0.2903000000000002,0.16460000000000008,0.058900000000000396,0.0,0.030333502961755743
2023-11-03,0.004866409601225597,290.3784,2.1015,3.099,5.3281,60.0,0.029030091800989588,0.2903000000000002,0.16460000000000008,0.058900000000000396,0.0,0.0353475278130333
2023-11-06,-0.008239456788681787,290.3784,2.1015,3.099,5.3281,60.0,0.029030091800989588,0.2903000000000002,0.16460000000000008,0.058900000000000396,0.0,0.02681682659634932
2023-11-07,-0.0049254181784411655,290.3784,2.1015,3.099,5.3281,60.0,0.029030091800989588,0.2903000000000002,0.16460000000000008,0.058900000000000396,0.0,0.021759324332702334
2023-11-08,0.0004258369176133203,290.3784,2.1015,3.099,5.3281,60.0,0.029030091800989588,0.2903000000000002,0.16460000000000008,0.058900000000000396,0.0,0.02219442717391895
2023-11-09,0.0057467121624083075,290.3784,2.1015,3.099,5.3281,60.0,0.029030091800989588,0.2903000000000002,0.16460000000000008,0.058900000000000396,0.0,0.02806868432090548
2023-11-10,-0.0005357333348964377,290.3784,2.1015,3.099,5.3281,60.0,0.029030091800989588,0.2903000000000002,0.16460000000000008,0.058900000000000396,0.0,0.027517913656151638
2023-11-13,0.0019846003356569384,290.3784,2.1015,3.099,5.3281,60.0,0.029030091800989588,0.2903000000000002,0.16460000000000008,0.058900000000000396,0.0,0.02955712605248717
2023-11-14,-0.0038900536724671532,290.3784,2.1015,3.099,5.3281,60.0,0.029030091800989588,0.2903000000000002,0.16460000000000008,0.058900000000000396,0.0,0.025552093573271817
2023-11-15,0.005728254571163905,290.3784,2.1015,3.099,5.3281,60.0,0.029030091800989588,0.2903000000000002,0.16460000000000008,0.058900000000000396,0.0,0.03142671704124966
2023-11-16,-0.0035669808256943657,290.3784,2.1015,3.099,5.3281,60.0,0.029030091800989588,0.2903000000000002,0.16460000000000008,0.058900000000000396,0.0,0.027747637718454676
2023-11-17,0.0002571245618857576,290.3784,2.1015,3.099,5.3281,60.0,0.029030091800989588,0.2903000000000002,0.16460000000000008,0.058900000000000396,0.0,0.028011896879531983
2023-11-20,-0.0008037732525843944,290.3784,2.1015,3.099,5.3281,60.0,0.02482274259295192,0.2903000000000002,0.16460000000000008,0.058900000000000396,0.0,0.02718560841348161
2023-11-21,0.0022640407151721885,290.3784,2.1015,3.099,5.3281,60.0,0.02482274259295192,0.2903000000000002,0.16460000000000008,0.058900000000000396,0.0,0.029511198452968568
2023-11-22,-0.0033671513241944175,290.3784,2.1015,3.099,5.3281,60.0,0.02482274259295192,0.2903000000000002,0.16460000000000008,0.058900000000000396,0.0,0.026044678457824766
2023-11-23,-0.0015253005339003534,290.3784,2.1015,3.099,5.3281,60.0,0.02482274259295192,0.2903000000000002,0.16460000000000008,0.058900000000000396,0.0,0.02447965196196744
2023-11-24,-0.0020685615302015402,290.3784,2.1015,3.099,5.3281,60.0,0.02482274259295192,0.2903000000000002,0.16460000000000008,0.058900000000000396,0.0,0.022360452765444627
2023-11-27,-0.0030552700656145794,290.3784,2.1015,3.099,5.3281,60.0,0.02482274259295192,0.2903000000000002,0.16460000000000008,0.058900000000000396,0.0,0.019236865477842313
2023-11-28,-0.0035381970036331813,290.3784,2.1015,3.099,5.3281,60.0,0.02482274259295192,0.2903000000000002,0.16460000000000008,0.058900000000000396,0.0,0.015630604654416125
2023-11-29,0.002011325215196302,290.3784,2.1015,3.099,5.3281,60.0,0.02482274259295192,0.0,0.0,0.0,0.0,0.017673368098882536
2023-11-30,0.005450975074977183,290.3784,2.1015,3.099,5.3281,60.0,0.02482274259295192,0.0,0.0,0.0,0.0,0.023220680262857618
2023-12-01,-0.0027191906934796563,290.2688,2.1414,3.0733,5.5885,60.0,0.02443593499091201,0.039899999999999824,-0.025700000000000056,0.26039999999999974,0.0,0.02043834811171097
2023-12-04,0.016953327618286183,290.2688,2.1414,3.0733,5.5885,60.0,0.02443593499091201,0.039899999999999824,-0.025700000000000056,0.26039999999999974,0.0,0.03773817374151167
2023-12-05,-0.015595634249930568,290.2688,2.1414,3.0733,5.5885,60.0,0.02443593499091201,0.039899999999999824,-0.025700000000000056,0.26039999999999974,0.0,0.021553988736648044
2023-12-06,-0.005705594028331184,290.2688,2.1414,3.0733,5.5885,60.0,0.02443593499091201,0.039899999999999824,-0.025700000000000056,0.26039999999999974,0.0,0.015725416398894465
2023-12-07,0.0007338595576566797,290.2688,2.1414,3.0733,5.5885,60.0,0.02443593499091201,0.039899999999999824,-0.025700000000000056,0.26039999999999974,0.0,0.01647081620367352
2023-12-08,0.005520333742974148,290.2688,2.1414,3.0733,5.5885,60.0,0.02443593499091201,0.039899999999999824,-0.025700000000000056,0.26039999999999974,0.0,0.022082074349111025
2023-12-11,0.00846893404614849,290.2688,2.1414,3.0733,5.5885,60.0,0.02443593499091201,0.039899999999999824,-0.025700000000000056,0.26039999999999974,0.0,0.03073802002652437
2023-12-12,-0.0014377141882533806,290.2688,2.1414,3.0733,5.5885,60.0,0.02443593499091201,0.039899999999999824,-0.025700000000000056,0.26039999999999974,0.0,0.02925611335076006
2023-12-13,0.006972872319737744,290.2688,2.1414,3.0733,5.5885,60.0,0.02443593499091201,0.039899999999999824,-0.025700000000000056,0.26039999999999974,0.0,0.03643298481346435
2023-12-14,-0.003227477066070683,290.2688,2.1414,3.0733,5.5885,60.0,0.02443593499091201,0.039899999999999824,-0.025700000000000056,0.26039999999999974,0.0,0.033087921124459685
2023-12-15,-0.000820780067541016,290.2688,2.1414,3.0733,5.5885,60.0,0.02443593499091201,0.039899999999999824,-0.025700000000000056,0.26039999999999974,0.0,0.03223998315078336
2023-12-18,-0.0042873145639880424,290.2688,2.1414,3.0733,5.5885,60.0,0.02443593499091201,0.039899999999999824,-0.025700000000000056,0.26039999999999974,0.0,0.027814445637490248
2023-12-19,-0.00450321270188192,290.2688,2.1414,3.0733,5.5885,60.0,0.02443593499091201,0.039899999999999824,-0.025700000000000056,0.26039999999999974,0.0,0.023185978570717802
2023-12-20,-0.0004338115868008807,290.2688,2.1414,3.0733,5.5885,60.0,0.024941632427653238,0.039899999999999824,-0.025700000000000056,0.26039999999999974,0.0,0.022742108637761715
2023-12-21,0.012981305229735497,290.2688,2.1414,3.0733,5.5885,60.0,0.024941632427653238,0.039899999999999824,-0.025700000000000056,0.26039999999999974,0.0,0.03601863612129175
2023-12-22,-0.0061964634261897685,290.2688,2.1414,3.0733,5.5885,60.0,0.024941632427653238,0.039899999999999824,-0.025700000000000056,0.26039999999999974,0.0,0.029598984533715234
2023-12-25,0.00549086409326931,290.2688,2.1414,3.0733,5.5885,60.0,0.024941632427653238,0.039899999999999824,-0.025700000000000056,0.26039999999999974,0.0,0.03525237262835801
2023-12-26,0.004963275683523727,290.2688,2.1414,3.0733,5.5885,60.0,0.024941632427653238,0.039899999999999824,-0.025700000000000056,0.26039999999999974,0.0,0.04039061555573453
2023-12-27,0.006175581962485943,290.2688,2.1414,3.0733,5.5885,60.0,0.024941632427653238,0.039899999999999824,-0.025700000000000056,0.26039999999999974,0.0,0.04681563307510017
2023-12-28,-0.004530155200830277,290.2688,2.1414,3.0733,5.5885,60.0,0.024941632427653238,0.039899999999999824,-0.025700000000000056,0.26039999999999974,0.0,0.04207339579061453
2023-12-29,0.0023789249019931956,290.2688,2.1414,3.0733,5.5885,60.0,0.024941632427653238,0.0,0.0,0.0,0.0,0.044552410141565524
2024-01-01,0.006095941641027269,292.0565,2.1198,2.9972,5.8274,60.0,0.03125401652229565,-0.02159999999999984,-0.07610000000000028,0.2389000000000001,0.0,0.05091994067478289
2024-01-02,-2.3117544684070344e-05,292.0565,2.1198,2.9972,5.8274,60.0,0.03125401652229565,-0.02159999999999984,-0.07610000000000028,0.2389000000000001,0.0,0.05089564598609497
2024-01-03,0.00108524176444873,292.0565,2.1198,2.9972,5.8274,60.0,0.03125401652229565,-0.02159999999999984,-0.07610000000000028,0.2389000000000001,0.0,0.052036121831196436
2024-01-04,0.010827143922890914,292.0565,2.1198,2.9972,5.8274,60.0,0.03125401652229565,-0.02159999999999984,-0.07610000000000028,0.2389000000000001,0.0,0.06342666833434274
2024-01-05,0.004789311297226251,292.0565,2.1198,2.9972,5.8274,60.0,0.03125401652229565,-0.02159999999999984,-0.07610000000000028,0.2389000000000001,0.0,0.0685197496907679
2024-01-08,-0.0025565130727415396,292.0565,2.1198,2.9972,5.8274,60.0,0.03125401652229565,-0.02159999999999984,-0.07610000000000028,0.2389000000000001,0.0,0.06578806498220091
2024-01-09,0.0031841466103337936,292.0565,2.1198,2.9972,5.8274,60.0,0.03125401652229565,-0.02159999999999984,-0.07610000000000028,0.2389000000000001,0.0,0.06918169043664824
2024-01-10,0.0020427331020960392,292.0565,2.1198,2.9972,5.8274,60.0,0.03125401652229565,-0.02159999999999984,-0.07610000000000028,0.2389000000000001,0.0,0.07136574326785805
2024-01-11,0.00668959638325326,292.0565,2.1198,2.9972,5.8274,60.0,0.03125401652229565,-0.02159999999999984,-0.07610000000000028,0.2389000000000001,0.0,0.07853274766916396
2024-01-12,-0.019345366791768216,292.0565,2.1198,2.9972,5.8274,60.0,0.03125401652229565,-0.02159999999999984,-0.07610000000000028,0.2389000000000001,0.0,0.057668136068570464
2024-01-15,-0.004593655669578245,292.0565,2.1198,2.9972,5.8274,60.0,0.03125401652229565,-0.02159999999999984,-0.07610000000000028,0.2389000000000001,0.0,0.052809572838786734
2024-01-16,0.0013820062712675552,292.0565,2.1198,2.9972,5.8274,60.0,0.03125401652229565,-0.02159999999999984,-0.07610000000000028,0.2389000000000001,0.0,0.054264562270900374
2024-01-17,0.0032886687970151486,292.0565,2.1198,2.9972,5.8274,60.0,0.03125401652229565,-0.02159999999999984,-0.07610000000000028,0.2389000000000001,0.0,0.05773168924063943
2024-01-18,0.011899588543757621,292.0565,2.1198,2.9972,5.8274,60.0,0.03125401652229565,-0.02159999999999984,-0.07610000000000028,0.2389000000000001,0.0,0.07031826113229678
2024-01-19,-0.0004042443128266515,292.0565,2.1198,2.9972,5.8274,60.0,0.027294362792687155,-0.02159999999999984,-0.07610000000000028,0.2389000000000001,0.0,0.06988559106231951
2024-01-22,0.01121814074159575,292.0565,2.1198,2.9972,5.8274,60.0,0.027294362792687155,-0.02159999999999984,-0.07610000000000028,0.2389000000000001,0.0,0.08188771820026197
2024-01-23,-0.009275138003156536,292.0565,2.1198,2.9972,5.8274,60.0,0.027294362792687155,-0.02159999999999984,-0.07610000000000028,0.2389000000000001,0.0,0.07185306031003447
2024-01-24,-0.008723299215990198,292.0565,2.1198,2.9972,5.8274,60.0,0.027294362792687155,-0.02159999999999984,-0.07610000000000028,0.2389000000000001,0.0,0.06250296534937516
2024-01-25,0.007775553925181455,292.0565,2.1198,2.9972,5.8274,60.0,0.027294362792687155,-0.02159999999999984,-0.07610000000000028,0.2389000000000001,0.0,0.07076451445211429
2024-01-26,0.002722329035568116,292.0565,2.1198,2.9972,5.8274,60.0,0.027294362792687155,-0.02159999999999984,-0.07610000000000028,0.2389000000000001,0.0,0.07367948778006328
2024-01-29,0.0010155830999198923,292.0565,2.1198,2.9972,5.8274,60.0,0.027294362792687155,0.0,0.0,0.0,0.0,0.07476989852258331
2024-01-30,-0.00721643274536049,292.0565,2.1198,2.9972,5.8274,60.0,0.027294362792687155,0.0,0.0,0.0,0.0,0.06701389383315703
2024-01-31,-0.005975478036767545,292.0565,2.1198,2.9972,5.8274,60.0,0.027294362792687155,0.0,0.0,0.0,0.0,0.060637975745631234
2024-02-01,0.010940688601726156,293.0485,2.1401,2.9026,5.9999,60.0,0.030783673963266533,0.020299999999999763,-0.0945999999999998,0.17250000000000032,0.0,0.0722420855574295
2024-02-02,-0.002816197383360186,293.0485,2.1401,2.9026,5.9999,60.0,0.030783673963266533,0.020299999999999763,-0.0945999999999998,0.17250000000000032,0.0,0.06922244020175405
2024-02-05,-0.006538560586474962,293.0485,2.1401,2.9026,5.9999,60.0,0.030783673963266533,0.020299999999999763,-0.0945999999999998,0.17250000000000032,0.0,0.0622312644960763
2024-02-06,0.0021153521421092723,293.0485,2.1401,2.9026,5.9999,60.0,0.030783673963266533,0.020299999999999763,-0.0945999999999998,0.17250000000000032,0.0,0.06447825767684368
2024-02-07,-0.00027029857153808566,293.0485,2.1401,2.9026,5.9999,60.0,0.030783673963266533,0.020299999999999763,-0.0945999999999998,0.17250000000000032,0.0,0.06419053072436043
2024-02-08,-0.0028854000060398845,293.0485,2.1401,2.9026,5.9999,60.0,0.030783673963266533,0.020299999999999763,-0.0945999999999998,0.17250000000000032,0.0,0.06111991536058081
2024-02-09,-0.005432201429756889,293.0485,2.1401,2.9026,5.9999,60.0,0.030783673963266533,0.020299999999999763,-0.0945999999999998,0.17250000000000032,0.0,0.0553556982392156
2024-02-12,0.0004533941397525276,293.0485,2.1401,2.9026,5.9999,60.0,0.030783673963266533,0.020299999999999763,-0.0945999999999998,0.17250000000000032,0.0,0.05583419032815162
2024-02-13,-0.003689700328795309,293.0485,2.1401,2.9026,5.9999,60.0,0.030783673963266533,0.020299999999999763,-0.0945999999999998,0.17250000000000032,0.0,0.05193847856894451
2024-02-14,0.0018868159670375028,293.0485,2.1401,2.9026,5.9999,60.0,0.030783673963266533,0.020299999999999763,-0.0945999999999998,0.17250000000000032,0.0,0.05392329288664954
2024-02-15,-0.009831142230260891,293.0485,2.1401,2.9026,5.9999,60.0,0.030783673963266533,0.020299999999999763,-0.0945999999999998,0.17250000000000032,0.0,0.04356202309449597
2024-02-16,-0.0028347687388864395,293.0485,2.1401,2.9026,5.9999,60.0,0.02948403984181569,0.020299999999999763,-0.0945999999999998,0.17250000000000032,0.0,0.04060376609433858
2024-02-19,-0.01959671875275979,293.0485,2.1401,2.9026,5.9999,60.0,0.02948403984181569,0.020299999999999763,-0.0945999999999998,0.17250000000000032,0.0,0.020211346757125215
2024-02-20,0.0043810108797024076,293.0485,2.1401,2.9026,5.9999,60.0,0.02948403984181569,0.020299999999999763,-0.0945999999999998,0.17250000000000032,0.0,0.02468090376686405
2024-02-21,0.003002023126121478,293.0485,2.1401,2.9026,5.9999,60.0,0.02948403984181569,0.020299999999999763,-0.0945999999999998,0.17250000000000032,0.0,0.027757019536867267
2024-02-22,0.007021632581719617,293.0485,2.1401,2.9026,5.9999,60.0,0.02948403984181569,0.020299999999999763,-0.0945999999999998,0.17250000000000032,0.0,0.03497355171133831
2024-02-23,0.013756853536987523,293.0485,2.1401,2.9026,5.9999,60.0,0.02948403984181569,0.020299999999999763,-0.0945999999999998,0.17250000000000032,0.0,0.049211531276887044
2024-02-26,0.009459613498052744,293.0485,2.1401,2.9026,5.9999,60.0,0.02948403984181569,0.020299999999999763,-0.0945999999999998,0.17250000000000032,0.0,0.05913666684046648
2024-02-27,0.002503518954291917,293.0485,2.1401,2.9026,5.9999,60.0,0.02948403984181569,0.020299999999999763,-0.0945999999999998,0.17250000000000032,0.0,0.061788235561087035
2024-02-28,0.023616247618659946,293.0485,2.1401,2.9026,5.9999,60.0,0.02948403984181569,0.020299999999999763,-0.0945999999999998,0.17250000000000032,0.0,0.08686368945067757
2024-02-29,-0.002430049653310784,293.0485,2.1401,2.9026,5.9999,60.0,0.02948403984181569,0.0,0.0,0.0,0.0,0.08422255671893186
2024-03-01,-0.0024311991789906064,293.2384,2.4464,3.0122,5.9337,60.0,0.03015116156114206,0.30630000000000024,0.10959999999999992,-0.06620000000000026,0.0,0.08158659572919369
2024-03-04,-0.0037191225670901605,293.2384,2.4464,3.0122,5.9337,60.0,0.03015116156114206,0.30630000000000024,0.10959999999999992,-0.06620000000000026,0.0,0.07756404261275507
2024-03-05,-0.0037573173557937877,293.2384,2.4464,3.0122,5.9337,60.0,0.03015116156114206,0.30630000000000024,0.10959999999999992,-0.06620000000000026,0.0,0.07351529253346678
2024-03-06,0.002336309888753407,293.2384,2.4464,3.0122,5.9337,60.0,0.03015116156114206,0.30630000000000024,0.10959999999999992,-0.06620000000000026,0.0,0.07602335692714068
2024-03-07,-0.0025251576078940243,293.2384,2.4464,3.0122,5.9337,60.0,0.03015116156114206,0.30630000000000024,0.10959999999999992,-0.06620000000000026,0.0,0.07330622836112433
2024-03-08,0.003280960332917848,293.2384,2.4464,3.0122,5.9337,60.0,0.03015116156114206,0.30630000000000024,0.10959999999999992,-0.06620000000000026,0.0,0.07682770352145085
2024-03-11,0.007298505504269437,293.2384,2.4464,3.0122,5.9337,60.0,0.03015116156114206,0.30630000000000024,0.10959999999999992,-0.06620000000000026,0.0,0.08468693644275183
2024-03-12,-0.003793501075059913,293.2384,2.4464,3.0122,5.9337,60.0,0.03015116156114206,0.30630000000000024,0.10959999999999992,-0.06620000000000026,0.0,0.08057217538325268
2024-03-13,-0.010101538468285376,293.2384,2.4464,3.0122,5.9337,60.0,0.03015116156114206,0.30630000000000024,0.10959999999999992,-0.06620000000000026,0.0,0.06965673398585981
2024-03-14,-0.008902077727719736,293.2384,2.4464,3.0122,5.9337,60.0,0.03015116156114206,0.30630000000000024,0.10959999999999992,-0.06620000000000026,0.0,0.0601345665979387
2024-03-15,0.0014734899498322408,293.2384,2.4464,3.0122,5.9337,60.0,0.03015116156114206,0.30630000000000024,0.10959999999999992,-0.06620000000000026,0.0,0.0616966642272907
2024-03-18,-0.0019417372421153712,293.2384,2.4464,3.0122,5.9337,60.0,0.03015116156114206,0.30630000000000024,0.10959999999999992,-0.06620000000000026,0.0,0.05963512827453088
2024-03-19,-0.0052337291706125,293.2384,2.4464,3.0122,5.9337,60.0,0.03015116156114206,0.30630000000000024,0.10959999999999992,-0.06620000000000026,0.0,0.05408928499347465
2024-03-20,0.008281885038783455,293.2384,2.4464,3.0122,5.9337,60.0,0.023936085703261556,0.30630000000000024,0.10959999999999992,-0.06620000000000026,0.0,0.06281913127240402
2024-03-21,-0.0071066617772540756,293.2384,2.4464,3.0122,5.9337,60.0,0.023936085703261556,0.30630000000000024,0.10959999999999992,-0.06620000000000026,0.0,0.055266035176056105
2024-03-22,-0.006300336280710894,293.2384,2.4464,3.0122,5.9337,60.0,0.023936085703261556,0.30630000000000024,0.10959999999999992,-0.06620000000000026,0.0,0.04861750428883438
2024-03-25,-0.0006472392866045728,293.2384,2.4464,3.0122,5.9337,60.0,0.023936085703261556,0.30630000000000024,0.10959999999999992,-0.06620000000000026,0.0,0.04793879784343735
2024-03-26,0.0032750392790244277,293.2384,2.4464,3.0122,5.9337,60.0,0.023936085703261556,0.30630000000000024,0.10959999999999992,-0.06620000000000026,0.0,0.0513708385683882
2024-03-27,0.003712028732461603,293.2384,2.4464,3.0122,5.9337,60.0,0.023936085703261556,0.30630000000000024,0.10959999999999992,-0.06620000000000026,0.0,0.055273557329626355
2024-03-28,0.014678787850792019,293.2384,2.4464,3.0122,5.9337,60.0,0.023936085703261556,0.30630000000000024,0.10959999999999992,-0.06620000000000026,0.0,0.07076369400221871
2024-03-29,-0.003648035829238605,293.2384,2.4464,3.0122,5.9337,60.0,0.023936085703261556,0.0,0.0,0.0,0.0,0.06685750968185089
2024-04-01,-0.0033121639809710834,292.2512,2.4421,3.01,6.0086,60.0,0.02048895973406273,-0.0043000000000001926,-0.002200000000000202,0.07490000000000041,0.0,0.06332390266545418
2024-04-02,0.009950826881297403,292.2512,2.4421,3.01,6.0086,60.0,0.02048895973406273,-0.0043000000000001926,-0.002200000000000202,0.07490000000000041,0.0,0.0739048547396235
2024-04-03,0.008722886220499848,292.2512,2.4421,3.01,6.0086,60.0,0.02048895973406273,-0.0043000000000001926,-0.002200000000000202,0.07490000000000041,0.0,0.08327240459915952
2024-04-04,-0.007090676218486603,292.2512,2.4421,3.01,6.0086,60.0,0.02048895973406273,-0.0043000000000001926,-0.002200000000000202,0.07490000000000041,0.0,0.07559127072172545
2024-04-05,-0.009283603859276212,292.2512,2.4421,3.01,6.0086,60.0,0.02048895973406273,-0.0043000000000001926,-0.002200000000000202,0.07490000000000041,0.0,0.0656059074498494
2024-04-08,0.014137446402552212,292.2512,2.4421,3.01,6.0086,60.0,0.02048895973406273,-0.0043000000000001926,-0.002200000000000202,0.07490000000000041,0.0,0.08067085385266459
2024-04-09,0.009297359124130822,292.2512,2.4421,3.01,6.0086,60.0,0.02048895973406273,-0.0043000000000001926,-0.002200000000000202,0.07490000000000041,0.0,0.09071823887591379
2024-04-10,-0.006928580428264797,292.2512,2.4421,3.01,6.0086,60.0,0.02048895973406273,-0.0043000000000001926,-0.002200000000000202,0.07490000000000041,0.0,0.08316110983328673
2024-04-11,-0.011911137121526704,292.2512,2.4421,3.01,6.0086,60.0,0.02048895973406273,-0.0043000000000001926,-0.002200000000000202,0.07490000000000041,0.0,0.07025942932935747
2024-04-12,0.0024701054646720567,292.2512,2.4421,3.01,6.0086,60.0,0.02048895973406273,-0.0043000000000001926,-0.002200000000000202,0.07490000000000041,0.0,0.07290308299436066
2024-04-15,-0.0064789489165116175,292.2512,2.4421,3.01,6.0086,60.0,0.02048895973406273,-0.0043000000000001926,-0.002200000000000202,0.07490000000000041,0.0,0.06595179872727241
2024-04-16,0.007006621572405935,292.2512,2.4421,3.01,6.0086,60.0,0.02048895973406273,-0.0043000000000001926,-0.002200000000000202,0.07490000000000041,0.0,0.07342051959537965
2024-04-17,0.002317096981803679,292.2512,2.4421,3.01,6.0086,60.0,0.01990774976644305,-0.0043000000000001926,-0.002200000000000202,0.07490000000000041,0.0,0.07590773904154013
2024-04-18,-0.008036128754982764,292.2512,2.4421,3.01,6.0086,60.0,0.01990774976644305,-0.0043000000000001926,-0.002200000000000202,0.07490000000000041,0.0,0.06726160592212005
2024-04-19,-0.0029145663795882683,292.2512,2.4421,3.01,6.0086,60.0,0.01990774976644305,-0.0043000000000001926,-0.002200000000000202,0.07490000000000041,0.0,0.0641510011272739
2024-04-22,0.0018378954534323255,292.2512,2.4421,3.01,6.0086,60.0,0.01990774976644305,-0.0043000000000001926,-0.002200000000000202,0.07490000000000041,0.0,0.06610679941401121
2024-04-23,0.008682734979689865,292.2512,2.4421,3.01,6.0086,60.0,0.01990774976644305,-0.0043000000000001926,-0.002200000000000202,0.07490000000000041,0.0,0.0753635222133684
2024-04-24,0.002564078940272718,292.2512,2.4421,3.01,6.0086,60.0,0.01990774976644305,-0.0043000000000001926,-0.002200000000000202,0.07490000000000041,0.0,0.0781208391738133
2024-04-25,0.007949770071222727,292.2512,2.4421,3.01,6.0086,60.0,0.01990774976644305,-0.0043000000000001926,-0.002200000000000202,0.07490000000000041,0.0,0.08669165195423889
2024-04-26,0.009242934942631554,292.2512,2.4421,3.01,6.0086,60.0,0.01990774976644305,-0.0043000000000001926,-0.002200000000000202,0.07490000000000041,0.0,0.09673587219595259
2024-04-29,-0.003977479526597416,292.2512,2.4421,3.01,6.0086,60.0,0.01990774976644305,0.0,0.0,0.0,0.0,0.09237362771820812
2024-04-30,-0.007811540684679996,292.2512,2.4421,3.01,6.0086,60.0,0.01990774976644305,0.0,0.0,0.0,0.0,0.08384050668241572
2024-05-01,-0.0030306316305720228,291.7313,2.4805,3.0494,6.1916,60.0,0.01809338582506781,0.03840000000000021,0.0394000000000001,0.18299999999999983,0.0,0.08055578536036867
2024-05-02,0.004151443122567111,291.7313,2.4805,3.0494,6.1916,60.0,0.01809338582506781,0.03840000000000021,0.0394000000000001,0.18299999999999983,0.0,0.08504165124405305
2024-05-03,0.004856213770904427,291.7313,2.4805,3.0494,6.1916,60.0,0.01809338582506781,0.03840000000000021,0.0394000000000001,0.18299999999999983,0.0,0.09031084545282941
2024-05-06,-0.007457112642376351,291.7313,2.4805,3.0494,6.1916,60.0,0.01809338582506781,0.03840000000000021,0.0394000000000001,0.18299999999999983,0.0,0.08218027466308309
2024-05-07,0.010831466224847253,291.7313,2.4805,3.0494,6.1916,60.0,0.01809338582506781,0.03840000000000021,0.0394000000000001,0.18299999999999983,0.0,0.09390187375729209
2024-05-08,0.005817151506807039,291.7313,2.4805,3.0494,6.1916,60.0,0.01809338582506781,0.03840000000000021,0.0394000000000001,0.18299999999999983,0.0,0.10026526669051838
2024-05-09,-0.013087135326160149,291.7313,2.4805,3.0494,6.1916,60.0,0.01809338582506781,0.03840000000000021,0.0394000000000001,0.18299999999999983,0.0,0.0858659462506659
2024-05-10,0.009209076921177816,291.7313,2.4805,3.0494,6.1916,60.0,0.01809338582506781,0.03840000000000021,0.0394000000000001,0.18299999999999983,0.0,0.09586576927577584
2024-05-13,-0.008865186465405706,291.7313,2.4805,3.0494,6.1916,60.0,0.01809338582506781,0.03840000000000021,0.0394000000000001,0.18299999999999983,0.0,0.08615071489009085
2024-05-14,-0.0020254288329633495,291.7313,2.4805,3.0494,6.1916,60.0,0.01809338582506781,0.03840000000000021,0.0394000000000001,0.18299999999999983,0.0,0.08395079391520865
2024-05-15,0.0017955859324771395,291.7313,2.4805,3.0494,6.1916,60.0,0.01809338582506781,0.03840000000000021,0.0394000000000001,0.18299999999999983,0.0,0.0858971207122603
2024-05-16,0.006752891269970207,291.7313,2.4805,3.0494,6.1916,60.0,0.01809338582506781,0.03840000000000021,0.0394000000000001,0.18299999999999983,0.0,0.0932300658988039
2024-05-17,0.00959868115991408,291.7313,2.4805,3.0494,6.1916,60.0,0.01809338582506781,0.03840000000000021,0.0394000000000001,0.18299999999999983,0.0,0.10372363273579821
2024-05-20,0.00878943516944809,291.7313,2.4805,3.0494,6.1916,60.0,0.01951513749396705,0.03840000000000021,0.0394000000000001,0.18299999999999983,0.0,0.11342474005071734
2024-05-21,0.006342508845481876,291.7313,2.4805,3.0494,6.1916,60.0,0.01951513749396705,0.03840000000000021,0.0394000000000001,0.18299999999999983,0.0,0.12048664631326722
2024-05-22,0.00038327975573059224,291.7313,2.4805,3.0494,6.1916,60.0,0.01951513749396705,0.03840000000000021,0.0394000000000001,0.18299999999999983,0.0,0.1209161061613655
2024-05-23,0.0035443277532218763,291.7313,2.4805,3.0494,6.1916,60.0,0.01951513749396705,0.03840000000000021,0.0394000000000001,0.18299999999999983,0.0,0.12488900022546656
2024-05-24,-0.01644800560825811,291.7313,2.4805,3.0494,6.1916,60.0,0.01951513749396705,0.03840000000000021,0.0394000000000001,0.18299999999999983,0.0,0.1063868196410902
2024-05-27,-0.008163152929161411,291.7313,2.4805,3.0494,6.1916,60.0,0.01951513749396705,0.03840000000000021,0.0394000000000001,0.18299999999999983,0.0,0.09735521483355147
2024-05-28,-0.01402237169406848,291.7313,2.4805,3.0494,6.1916,60.0,0.01951513749396705,0.03840000000000021,0.0394000000000001,0.18299999999999983,0.0,0.08196769213073107
2024-05-29,0.0028361290098862903,291.7313,2.4805,3.0494,6.1916,60.0,0.01951513749396705,0.0,0.0,0.0,0.0,0.08503629209014285
2024-05-30,0.0020441528527681664,291.7313,2.4805,3.0494,6.1916,60.0,0.01951513749396705,0.0,0.0,0.0,0.0,0.087254272121976
2024-05-31,0.017680280025348282,291.7313,2.4805,3.0494,6.1916,60.0,0.01951513749396705,0.0,0.0,0.0,0.0,0.10647723211184879
2024-06-03,-0.000154184496168408,291.4696,2.7021,3.1815,6.2866,60.0,0.018600572922108816,0.22160000000000002,0.13210000000000033,0.09499999999999975,0.0,0.10630663047729372
2024-06-04,-0.004435736381003985,291.4696,2.7021,3.1815,6.2866,60.0,0.018600572922108816,0.22160000000000002,0.13210000000000033,0.09499999999999975,0.0,0.10139934590793964
2024-06-05,-0.006664227262181133,291.4696,2.7021,3.1815,6.2866,60.0,0.018600572922108816,0.22160000000000002,0.13210000000000033,0.09499999999999975,0.0,0.09405937036039158
2024-06-06,-0.012121441658028675,291.4696,2.7021,3.1815,6.2866,60.0,0.018600572922108816,0.22160000000000002,0.13210000000000033,0.09499999999999975,0.0,0.08079779353214844
2024-06-07,0.0016556588879338085,291.4696,2.7021,3.1815,6.2866,60.0,0.018600572922108816,0.22160000000000002,0.13210000000000033,0.09499999999999975,0.0,0.08258722600506907
2024-06-10,0.007191699491586745,291.4696,2.7021,3.1815,6.2866,60.0,0.018600572922108816,0.22160000000000002,0.13210000000000033,0.09499999999999975,0.0,0.0903728680079281
2024-06-11,-0.014726586929603946,291.4696,2.7021,3.1815,6.2866,60.0,0.018600572922108816,0.22160000000000002,0.13210000000000033,0.09499999999999975,0.0,0.0743153971815278
2024-06-12,0.007017077726671128,291.4696,2.7021,3.1815,6.2866,60.0,0.018600572922108816,0.22160000000000002,0.13210000000000033,0.09499999999999975,0.0,0.08185395182651023
2024-06-13,-0.002520371110467101,291.4696,2.7021,3.1815,6.2866,60.0,0.018600572922108816,0.22160000000000002,0.13210000000000033,0.09499999999999975,0.0,0.07912727838058209
2024-06-14,-0.0068469170341246225,291.4696,2.7021,3.1815,6.2866,60.0,0.018600572922108816,0.22160000000000002,0.13210000000000033,0.09499999999999975,0.0,0.07173858343624939
2024-06-17,0.004888733759061625,291.4696,2.7021,3.1815,6.2866,60.0,0.018600572922108816,0.22160000000000002,0.13210000000000033,0.09499999999999975,0.0,0.07697802802998321
2024-06-18,-0.0014722520554225405,291.4696,2.7021,3.1815,6.2866,60.0,0.018600572922108816,0.22160000000000002,0.13210000000000033,0.09499999999999975,0.0,0.07539244491457109
2024-06-19,0.005187554685100926,291.4696,2.7021,3.1815,6.2866,60.0,0.01449892796480401,0.22160000000000002,0.13210000000000033,0.09499999999999975,0.0,0.08097110203050994
2024-06-20,-0.007939147633978605,291.4696,2.7021,3.1815,6.2866,60.0,0.01449892796480401,0.22160000000000002,0.13210000000000033,0.09499999999999975,0.0,0.07238911286342509
2024-06-21,0.006114948751464034,291.4696,2.7021,3.1815,6.2866,60.0,0.01449892796480401,0.22160000000000002,0.13210000000000033,0.09499999999999975,0.0,0.07894671733021297
2024-06-24,-0.008439990318711964,291.4696,2.7021,3.1815,6.2866,60.0,0.01449892796480401,0.22160000000000002,0.13210000000000033,0.09499999999999975,0.0,0.06984041748153991
2024-06-25,0.004266536066721583,291.4696,2.7021,3.1815,6.2866,60.0,0.01449892796480401,0.22160000000000002,0.13210000000000033,0.09499999999999975,0.0,0.07440493020836136
2024-06-26,-0.003279077679137077,291.4696,2.7021,3.1815,6.2866,60.0,0.01449892796480401,0.22160000000000002,0.13210000000000033,0.09499999999999975,0.0,0.07088187298336024
2024-06-27,0.008233426973759695,291.4696,2.7021,3.1815,6.2866,60.0,0.01449892796480401,0.22160000000000002,0.13210000000000033,0.09499999999999975,0.0,0.07969890068209162
2024-06-28,0.002748485305557269,291.4696,2.7021,3.1815,6.2866,60.0,0.01449892796480401,0.22160000000000002,0.13210000000000033,0.09499999999999975,0.0,0.08266643724504275
2024-07-01,0.0038054199256005727,291.5645,2.8561,3.2562000000000006,6.3133,60.0,0.014829240108038988,0.15399999999999991,0.07469999999999999,0.026699999999999946,0.0,0.086786437678114
2024-07-02,0.00046129035789260753,291.5645,2.8561,3.2562000000000006,6.3133,60.0,0.014829240108038988,0.15399999999999991,0.07469999999999999,0.026699999999999946,0.0,0.08728776178290354
2024-07-03,-0.0004842421215834003,291.5645,2.8561,3.2562000000000006,6.3133,60.0,0.014829240108038988,0.15399999999999991,0.07469999999999999,0.026699999999999946,0.0,0.08676125125036616
2024-07-04,0.004958370245161825,291.5645,2.8561,3.2562000000000006,6.3133,60.0,0.014829240108038988,0.15399999999999991,0.07469999999999999,0.026699999999999946,0.0,0.09214981590216076
2024-07-05,-0.001125895743023364,291.5645,2.8561,3.2562000000000006,6.3133,60.0,0.014829240108038988,0.15399999999999991,0.07469999999999999,0.026699999999999946,0.0,0.09092016907369271
2024-07-08,-0.0003625901378136231,291.5645,2.8561,3.2562000000000006,6.3133,60.0,0.014829240108038988,0.15399999999999991,0.07469999999999999,0.026699999999999946,0.0,0.09052461217924468
2024-07-09,-0.0012080851230279021,291.5645,2.8561,3.2562000000000006,6.3133,60.0,0.014829240108038988,0.15399999999999991,0.07469999999999999,0.026699999999999946,0.0,0.08920716561897502
2024-07-10,0.006370496442497297,291.5645,2.8561,3.2562000000000006,6.3133,60.0,0.014829240108038988,0.15399999999999991,0.07469999999999999,0.026699999999999946,0.0,0.09614595599269338
2024-07-11,-0.009950298509909649,291.5645,2.8561,3.2562000000000006,6.3133,60.0,0.014829240108038988,0.15399999999999991,0.07469999999999999,0.026699999999999946,0.0,0.08523897652013579
2024-07-12,-0.002562786446381515,291.5645,2.8561,3.2562000000000006,6.3133,60.0,0.014829240108038988,0.15399999999999991,0.07469999999999999,0.026699999999999946,0.0,0.0824577407800251
2024-07-15,0.0030574354708354456,291.5645,2.8561,3.2562000000000006,6.3133,60.0,0.014829240108038988,0.15399999999999991,0.07469999999999999,0.026699999999999946,0.0,0.08576728547236634
2024-07-16,-0.010577712730965038,291.5645,2.8561,3.2562000000000006,6.3133,60.0,0.014829240108038988,0.15399999999999991,0.07469999999999999,0.026699999999999946,0.0,0.07428235103395986
2024-07-17,0.01899722884750673,291.5645,2.8561,3.2562000000000006,6.3133,60.0,0.014829240108038988,0.15399999999999991,0.07469999999999999,0.026699999999999946,0.0,0.09469073870338951
2024-07-18,-0.005617598377523614,291.5645,2.8561,3.2562000000000006,6.3133,60.0,0.011156677273082005,0.15399999999999991,0.07469999999999999,0.026699999999999946,0.0,0.0885412057857593
2024-07-19,-0.0027445990248437745,291.5645,2.8561,3.2562000000000006,6.3133,60.0,0.011156677273082005,0.15399999999999991,0.07469999999999999,0.026699999999999946,0.0,0.08555359665385742
2024-07-22,0.0031834713145157288,291.5645,2.8561,3.2562000000000006,6.3133,60.0,0.011156677273082005,0.15399999999999991,0.07469999999999999,0.026699999999999946,0.0,0.08900942538917445
2024-07-23,-0.002657892868774425,291.5645,2.8561,3.2562000000000006,6.3133,60.0,0.011156677273082005,0.15399999999999991,0.07469999999999999,0.026699999999999946,0.0,0.08611495500340438
2024-07-24,-0.015641649826821934,291.5645,2.8561,3.2562000000000006,6.3133,60.0,0.011156677273082005,0.15399999999999991,0.07469999999999999,0.026699999999999946,0.0,0.06912632520556672
2024-07-25,0.0044758077154331225,291.5645,2.8561,3.2562000000000006,6.3133,60.0,0.011156677273082005,0.15399999999999991,0.07469999999999999,0.026699999999999946,0.0,0.07391152906069465
2024-07-26,-0.0021876700384956815,291.5645,2.8561,3.2562000000000006,6.3133,60.0,0.011156677273082005,0.15399999999999991,0.07469999999999999,0.026699999999999946,0.0,0.07156216498457346
2024-07-29,-0.00565028331892028,291.5645,2.8561,3.2562000000000006,6.3133,60.0,0.011156677273082005,0.0,0.0,0.0,0.0,0.06550753515857499
2024-07-30,0.0010987025332550916,291.5645,2.8561,3.2562000000000006,6.3133,60.0,0.011156677273082005,0.0,0.0,0.0,0.0,0.06667821098665616
2024-07-31,0.0004481679349324308,291.5645,2.8561,3.2562000000000006,6.3133,60.0,0.011156677273082005,0.0,0.0,0.0,0.0,0.06715626195771152
2024-08-01,0.001726075739505717,292.4395,3.2265,3.2171999999999996,6.4049,60.0,0.014191210258455378,0.37040000000000006,-0.039000000000000146,0.09159999999999968,0.0,0.06899825449173824
2024-08-02,-0.0007683137554431507,292.4395,3.2265,3.2171999999999996,6.4049,60.0,0.014191210258455378,0.37040000000000006,-0.039000000000000146,0.09159999999999968,0.0,0.06817692842826739
2024-08-05,0.011709600125451126,292.4395,3.2265,3.2171999999999996,6.4049,60.0,0.014191210258455378,0.37040000000000006,-0.039000000000000146,0.09159999999999968,0.0,0.08068485312339502
2024-08-06,0.004161864443304375,292.4395,3.2265,3.2171999999999996,6.4049,60.0,0.014191210258455378,0.37040000000000006,-0.039000000000000146,0.09159999999999968,0.0,0.08518251698802692
2024-08-07,-0.005515508203567621,292.4395,3.2265,3.2171999999999996,6.4049,60.0,0.014191210258455378,0.37040000000000006,-0.039000000000000146,0.09159999999999968,0.0,0.07919718391321129
2024-08-08,-0.0024866577912708077,292.4395,3.2265,3.2171999999999996,6.4049,60.0,0.014191210258455378,0.37040000000000006,-0.039000000000000146,0.09159999999999968,0.0,0.076513589827516
2024-08-09,-0.0011695550795052024,292.4395,3.2265,3.2171999999999996,6.4049,60.0,0.014191210258455378,0.37040000000000006,-0.039000000000000146,0.09159999999999968,0.0,0.07525454789037678
2024-08-12,-0.0003524673206093287,292.4395,3.2265,3.2171999999999996,6.4049,60.0,0.014191210258455378,0.37040000000000006,-0.039000000000000146,0.09159999999999968,0.0,0.07487555580090888
2024-08-13,0.008496917063427933,292.4395,3.2265,3.2171999999999996,6.4049,60.0,0.014191210258455378,0.37040000000000006,-0.039000000000000146,0.09159999999999968,0.0,0.0840086842520551
2024-08-14,-0.0022377461329328163,292.4395,3.2265,3.2171999999999996,6.4049,60.0,0.014191210258455378,0.37040000000000006,-0.039000000000000146,0.09159999999999968,0.0,0.08158294801080457
2024-08-15,0.0022796443459681126,292.4395,3.2265,3.2171999999999996,6.4049,60.0,0.014191210258455378,0.37040000000000006,-0.039000000000000146,0.09159999999999968,0.0,0.08404857246293296
2024-08-16,0.010358549700267939,292.4395,3.2265,3.2171999999999996,6.4049,60.0,0.014191210258455378,0.37040000000000006,-0.039000000000000146,0.09159999999999968,0.0,0.09527774347829454
2024-08-19,0.006510588084668112,292.4395,3.2265,3.2171999999999996,6.4049,60.0,0.014191210258455378,0.37040000000000006,-0.039000000000000146,0.09159999999999968,0.0,0.10240864570438646
2024-08-20,0.0015739793145243207,292.4395,3.2265,3.2171999999999996,6.4049,60.0,0.010788467507401922,0.37040000000000006,-0.039000000000000146,0.09159999999999968,0.0,0.10414381410887796
2024-08-21,-0.006642916195212201,292.4395,3.2265,3.2171999999999996,6.4049,60.0,0.010788467507401922,0.37040000000000006,-0.039000000000000146,0.09159999999999968,0.0,0.09680907928429083
2024-08-22,-0.006949572234112744,292.4395,3.2265,3.2171999999999996,6.4049,60.0,0.010788467507401922,0.37040000000000006,-0.039000000000000146,0.09159999999999968,0.0,0.08918672536077388
2024-08-23,0.008248044414855582,292.4395,3.2265,3.2171999999999996,6.4049,60.0,0.010788467507401922,0.37040000000000006,-0.039000000000000146,0.09159999999999968,0.0,0.09817038584762061
2024-08-26,0.0023137689814135888,292.4395,3.2265,3.2171999999999996,6.4049,60.0,0.010788467507401922,0.37040000000000006,-0.039000000000000146,0.09159999999999968,0.0,0.10071129842270188
2024-08-27,0.001320521560377641,292.4395,3.2265,3.2171999999999996,6.4049,60.0,0.010788467507401922,0.37040000000000006,-0.039000000000000146,0.09159999999999968,0.0,0.10216481142402012
2024-08-28,-0.0069186230641599565,292.4395,3.2265,3.2171999999999996,6.4049,60.0,0.010788467507401922,0.37040000000000006,-0.039000000000000146,0.09159999999999968,0.0,0.09453934853919654
2024-08-29,0.006088414527210739,292.4395,3.2265,3.2171999999999996,6.4049,60.0,0.010788467507401922,0.0,0.0,0.0,0.0,0.10120335780944623
2024-08-30,0.005974976669888177,292.4395,3.2265,3.2171999999999996,6.4049,60.0,0.010788467507401922,0.0,0.0,0.0,0.0,0.1077830221811602
2024-09-02,-0.0002783350264257578,292.4395,3.2265,3.2171999999999996,6.4049,60.0,0.010788467507401922,0.0,0.0,0.0,0.0,0.10747468736440746
2024-09-03,-0.00250951740093458,292.4395,3.2265,3.2171999999999996,6.4049,60.0,0.010788467507401922,0.0,0.0,0.0,0.0,0.1046954603653718
2024-09-04,0.005297760736923629,292.4395,3.2265,3.2171999999999996,6.4049,60.0,0.010788467507401922,0.0,0.0,0.0,0.0,0.11054787260155319
2024-09-05,0.005226429398627064,292.4395,3.2265,3.2171999999999996,6.4049,60.0,0.010788467507401922,0.0,0.0,0.0,0.0,0.1163520726515006
2024-09-06,-0.003933645793673402,292.4395,3.2265,3.2171999999999996,6.4049,60.0,0.010788467507401922,0.0,0.0,0.0,0.0,0.11196073901665637
2024-09-09,0.0011399550123819325,292.4395,3.2265,3.2171999999999996,6.4049,60.0,0.010788467507401922,0.0,0.0,0.0,0.0,0.11322832423467033
2024-09-10,0.00966748502963396,292.4395,3.2265,3.2171999999999996,6.4049,60.0,0.010788467507401922,0.0,0.0,0.0,0.0,0.12399044239377344
2024-09-11,0.0026528964665045174,292.4395,3.2265,3.2171999999999996,6.4049,60.0,0.010788467507401922,0.0,0.0,0.0,0.0,0.12697227266678457
2024-09-12,-0.004320884386594148,292.4395,3.2265,3.2171999999999996,6.4049,60.0,0.010788467507401922,0.0,0.0,0.0,0.0,0.1221027557696941
2024-09-13,-0.0038308145690070126,292.4395,3.2265,3.2171999999999996,6.4049,60.0,0.010788467507401922,0.0,0.0,0.0,0.0,0.11780418818496852
2024-09-16,-0.007315732685637533,292.4395,3.2265,3.2171999999999996,6.4049,60.0,0.010788467507401922,0.0,0.0,0.0,0.0,0.10962663154932129
2024-09-17,-0.001052613404046221,292.4395,3.2265,3.2171999999999996,6.4049,60.0,0.010788467507401922,0.0,0.0,0.0,0.0,0.1084586236834657
2024-09-18,-0.010528562176558055,292.4395,3.2265,3.2171999999999996,6.4049,60.0,0.006053048025320029,0.0,0.0,0.0,0.0,0.09678814814387238
2024-09-19,0.002237607996812885,292.4395,3.2265,3.2171999999999996,6.4049,60.0,0.006053048025320029,0.0,0.0,0.0,0.0,0.09924233007496874
2024-09-20,-0.0008361194003187577,292.4395,3.2265,3.2171999999999996,6.4049,60.0,0.006053048025320029,0.0,0.0,0.0,0.0,0.09832323223714146
2024-09-23,-0.012743054186357383,292.4395,3.2265,3.2171999999999996,6.4049,60.0,0.006053048025320029,0.0,0.0,0.0,0.0,0.08432723977460843
2024-09-24,0.001401494161738326,292.4395,3.2265,3.2171999999999996,6.4049,60.0,0.006053048025320029,0.0,0.0,0.0,0.0,0.08584691807056655
2024-09-25,0.010194229385966192,292.4395,3.2265,3.2171999999999996,6.4049,60.0,0.006053048025320029,0.0,0.0,0.0,0.0,0.09691629063142249
2024-09-26,-0.006688511096109828,292.4395,3.2265,3.2171999999999996,6.4049,60.0,0.006053048025320029,0.0,0.0,0.0,0.0,0.08957955385003058
2024-09-27,-0.004010477999040041,292.4395,3.2265,3.2171999999999996,6.4049,60.0,0.006053048025320029,0.0,0.0,0.0,0.0,0.08520981902111102
2024-09-30,0.002701002279982767,292.4395,3.2265,3.2171999999999996,6.4049,60.0,0.006053048025320029,0.0,0.0,0.0,0.0,0.08814097321654657
2024-10-01,0.006138581544110866,291.9352,3.4699,3.4172,6.4323,60.0,0.004318150543553001,0.24339999999999984,0.19999999999999973,0.02740000000000009,0.0,0.09482061531212449
2024-10-02,-0.007237166542365869,291.9352,3.4699,3.4172,6.4323,60.0,0.004318150543553001,0.24339999999999984,0.19999999999999973,0.02740000000000009,0.0,0.08689721618509516
2024-10-03,0.005251951138717492,291.9352,3.4699,3.4172,6.4323,60.0,0.004318150543553001,0.24339999999999984,0.19999999999999973,0.02740000000000009,0.0,0.0926055472573073
2024-10-04,0.0013673417807870346,291.9352,3.4699,3.4172,6.4323,60.0,0.004318150543553001,0.24339999999999984,0.19999999999999973,0.02740000000000009,0.0,0.09409951247199189
2024-10-07,-0.00401538254458611,291.9352,3.4699,3.4172,6.4323,60.0,0.004318150543553001,0.24339999999999984,0.19999999999999973,0.02740000000000009,0.0,0.08970628438757178
2024-10-08,-0.0038743106629370973,291.9352,3.4699,3.4172,6.4323,60.0,0.004318150543553001,0.24339999999999984,0.19999999999999973,0.02740000000000009,0.0,0.08548442371049947
2024-10-09,-0.008830311896272525,291.9352,3.4699,3.4172,6.4323,60.0,0.004318150543553001,0.24339999999999984,0.19999999999999973,0.02740000000000009,0.0,0.07589925769059014
2024-10-10,0.006386533252942361,291.9352,3.4699,3.4172,6.4323,60.0,0.004318150543553001,0.24339999999999984,0.19999999999999973,0.02740000000000009,0.0,0.08277052407664698
2024-10-11,0.002627622334399593,291.9352,3.4699,3.4172,6.4323,60.0,0.004318150543553001,0.24339999999999984,0.19999999999999973,0.02740000000000009,0.0,0.08561563608874012
2024-10-14,0.008361445635188059,291.9352,3.4699,3.4172,6.4323,60.0,0.004318150543553001,0.24339999999999984,0.19999999999999973,0.02740000000000009,0.0,0.09469295221060636
2024-10-15,0.0031670204939926337,291.9352,3.4699,3.4172,6.4323,60.0,0.004318150543553001,0.24339999999999984,0.19999999999999973,0.02740000000000009,0.0,0.09815986722488668
2024-10-16,-0.014315886943978395,291.9352,3.4699,3.4172,6.4323,60.0,0.004318150543553001,0.24339999999999984,0.19999999999999973,0.02740000000000009,0.0,0.08243873471928098
2024-10-17,-0.0067189946348757855,291.9352,3.4699,3.4172,6.4323,60.0,0.004318150543553001,0.24339999999999984,0.19999999999999973,0.02740000000000009,0.0,0.07516583466812032
2024-10-18,0.0017238915008807477,291.9352,3.4699,3.4172,6.4323,60.0,0.0053612803156157796,0.24339999999999984,0.19999999999999973,0.02740000000000009,0.0,0.07701930391254219
2024-10-21,-0.0036907030780864657,291.9352,3.4699,3.4172,6.4323,60.0,0.0053612803156157796,0.24339999999999984,0.19999999999999973,0.02740000000000009,0.0,0.07304434545243366
2024-10-22,-0.007684539668868473,291.9352,3.4699,3.4172,6.4323,60.0,0.0053612803156157796,0.24339999999999984,0.19999999999999973,0.02740000000000009,0.0,0.06479849361334944
2024-10-23,-0.0044748089484603955,291.9352,3.4699,3.4172,6.4323,60.0,0.0053612803156157796,0.24339999999999984,0.19999999999999973,0.02740000000000009,0.0,0.06003372378582128
2024-10-24,0.005314381930901913,291.9352,3.4699,3.4172,6.4323,60.0,0.0053612803156157796,0.24339999999999984,0.19999999999999973,0.02740000000000009,0.0,0.06566714785365524
2024-10-25,0.00473075228476012,291.9352,3.4699,3.4172,6.4323,60.0,0.0053612803156157796,0.24339999999999984,0.19999999999999973,0.02740000000000009,0.0,0.07070855514815766
2024-10-28,0.0054683624173571975,291.9352,3.4699,3.4172,6.4323,60.0,0.0053612803156157796,0.24339999999999984,0.19999999999999973,0.02740000000000009,0.0,0.07656357757107268
2024-10-29,-0.007498722413848802,291.9352,3.4699,3.4172,6.4323,60.0,0.0053612803156157796,0.0,0.0,0.0,0.0,0.06849072614200735
2024-10-30,-0.0013129031142882774,291.9352,3.4699,3.4172,6.4323,60.0,0.0053612803156157796,0.0,0.0,0.0,0.0,0.06708790134006737
2024-10-31,-0.002504343350091176,291.9352,3.4699,3.4172,6.4323,60.0,0.0053612803156157796,0.0,0.0,0.0,0.0,0.06441554685038353
2024-11-01,-0.005428339021349637,291.3981,3.7357,3.4625,6.4412,60.0,0.0035116248315989473,0.26580000000000004,0.04530000000000012,0.008900000000000574,0.0,0.058637538402484424
2024-11-04,-0.007269264219647864,291.3981,3.7357,3.4625,6.4412,60.0,0.0035116248315989473,0.26580000000000004,0.04530000000000012,0.008900000000000574,0.0,0.050942022422999056
2024-11-05,-0.006393060132574402,291.3981,3.7357,3.4625,6.4412,60.0,0.0035116248315989473,0.26580000000000004,0.04530000000000012,0.008900000000000574,0.0,0.04422328687779942
2024-11-06,-0.002105216639756069,291.3981,3.7357,3.4625,6.4412,60.0,0.0035116248315989473,0.26580000000000004,0.04530000000000012,0.008900000000000574,0.0,0.04202497063864352
2024-11-07,0.0046244588339151346,291.3981,3.7357,3.4625,6.4412,60.0,0.0035116248315989473,0.26580000000000004,0.04530000000000012,0.008900000000000574,0.0,0.04684377221927338
2024-11-08,-0.007150864544348578,291.3981,3.7357,3.4625,6.4412,60.0,0.0035116248315989473,0.26580000000000004,0.04530000000000012,0.008900000000000574,0.0,0.039357934205038525
2024-11-11,-0.0035213846011259765,291.3981,3.7357,3.4625,6.4412,60.0,0.0035116248315989473,0.26580000000000004,0.04530000000000012,0.008900000000000574,0.0,0.03569795518047081
2024-11-12,0.0009134474185992891,291.3981,3.7357,3.4625,6.4412,60.0,0.0035116248315989473,0.26580000000000004,0.04530000000000012,0.008900000000000574,0.0,0.036644010804078864
2024-11-13,0.0045516629938680666,291.3981,3.7357,3.4625,6.4412,60.0,0.0035116248315989473,0.26580000000000004,0.04530000000000012,0.008900000000000574,0.0,0.041362464985870595
2024-11-14,-0.001664952506045314,291.3981,3.7357,3.4625,6.4412,60.0,0.0035116248315989473,0.26580000000000004,0.04530000000000012,0.008900000000000574,0.0,0.03962864594009097
2024-11-15,0.00023129124810352674,291.3981,3.7357,3.4625,6.4412,60.0,0.0035116248315989473,0.26580000000000004,0.04530000000000012,0.008900000000000574,0.0,0.03986910294717472
2024-11-18,-0.0074201734674893775,291.3981,3.7357,3.4625,6.4412,60.0,0.0035116248315989473,0.26580000000000004,0.04530000000000012,0.008900000000000574,0.0,0.03215309381982423
2024-11-19,0.010575071604010467,291.3981,3.7357,3.4625,6.4412,60.0,0.003890531810514908,0.26580000000000004,0.04530000000000012,0.008900000000000574,0.0,0.04306818669326984
2024-11-20,0.007451612683876163,291.3981,3.7357,3.4625,6.4412,60.0,0.003890531810514908,0.26580000000000004,0.04530000000000012,0.008900000000000574,0.0,0.05084072682338103
2024-11-21,0.0010675665709444005,291.3981,3.7357,3.4625,6.4412,60.0,0.003890531810514908,0.26580000000000004,0.04530000000000012,0.008900000000000574,0.0,0.05196256925472453
2024-11-22,-0.008912459139238915,291.3981,3.7357,3.4625,6.4412,60.0,0.003890531810514908,0.26580000000000004,0.04530000000000012,0.008900000000000574,0.0,0.042586995840232955
2024-11-25,-0.00045347069228639513,291.3981,3.7357,3.4625,6.4412,60.0,0.003890531810514908,0.26580000000000004,0.04530000000000012,0.008900000000000574,0.0,0.042114213193460426
2024-11-26,0.0036070873459787657,291.3981,3.7357,3.4625,6.4412,60.0,0.003890531810514908,0.26580000000000004,0.04530000000000012,0.008900000000000574,0.0,0.04587321018493529
2024-11-27,-0.009926786661275533,291.3981,3.7357,3.4625,6.4412,60.0,0.003890531810514908,0.26580000000000004,0.04530000000000012,0.008900000000000574,0.0,0.03549104995268593
2024-11-28,0.012793392970854878,291.3981,3.7357,3.4625,6.4412,60.0,0.003890531810514908,0.26580000000000004,0.04530000000000012,0.008900000000000574,0.0,0.048738493872533706
2024-11-29,0.0038278058399393577,291.3981,3.7357,3.4625,6.4412,60.0,0.003890531810514908,0.0,0.0,0.0,0.0,0.05275286120394829
2024-12-02,0.0027456183885957498,291.6188,3.5662,3.4590000000000005,6.56,60.0,0.004650861546263485,-0.1695000000000002,-0.0034999999999998366,0.11879999999999935,0.0,0.05564331881831652
2024-12-03,0.005384922151673299,291.6188,3.5662,3.4590000000000005,6.56,60.0,0.004650861546263485,-0.1695000000000002,-0.0034999999999998366,0.11879999999999935,0.0,0.06132787591008726
2024-12-04,-4.360737147035554e-05,291.6188,3.5662,3.4590000000000005,6.56,60.0,0.004650861546263485,-0.1695000000000002,-0.0034999999999998366,0.11879999999999935,0.0,0.061281594191150646
2024-12-05,-0.001405913094340705,291.6188,3.5662,3.4590000000000005,6.56,60.0,0.004650861546263485,-0.1695000000000002,-0.0034999999999998366,0.11879999999999935,0.0,0.05978952450109465
2024-12-06,-0.002023307856422918,291.6188,3.5662,3.4590000000000005,6.56,60.0,0.004650861546263485,-0.1695000000000002,-0.0034999999999998366,0.11879999999999935,0.0,0.05764524403001681
2024-12-09,-0.002974648983377981,291.6188,3.5662,3.4590000000000005,6.56,60.0,0.004650861546263485,-0.1695000000000002,-0.0034999999999998366,0.11879999999999935,0.0,0.05449912068008844
2024-12-10,0.0007020556794306465,291.6188,3.5662,3.4590000000000005,6.56,60.0,0.004650861546263485,-0.1695000000000002,-0.0034999999999998366,0.11879999999999935,0.0,0.05523943777671647
2024-12-11,0.00920067310195195,291.6188,3.5662,3.4590000000000005,6.56,60.0,0.004650861546263485,-0.1695000000000002,-0.0034999999999998366,0.11879999999999935,0.0,0.06494835088798778
2024-12-12,0.0007890038150091261,291.6188,3.5662,3.4590000000000005,6.56,60.0,0.004650861546263485,-0.1695000000000002,-0.0034999999999998366,0.11879999999999935,0.0,0.0657885991996261
2024-12-13,0.00169567203392752,291.6188,3.5662,3.4590000000000005,6.56,60.0,0.004650861546263485,-0.1695000000000002,-0.0034999999999998366,0.11879999999999935,0.0,0.06759582712136769
2024-12-16,0.0016971197771189716,291.6188,3.5662,3.4590000000000005,6.56,60.0,0.004650861546263485,-0.1695000000000002,-0.0034999999999998366,0.11879999999999935,0.0,0.06940766511354513
2024-12-17,0.0016411300177588072,291.6188,3.5662,3.4590000000000005,6.56,60.0,0.004650861546263485,-0.1695000000000002,-0.0034999999999998366,0.11879999999999935,0.0,0.07116270213398423
2024-12-18,-0.012023620401833513,291.6188,3.5662,3.4590000000000005,6.56,60.0,-0.001498682617918079,-0.1695000000000002,-0.0034999999999998366,0.11879999999999935,0.0,0.058283448414923056
2024-12-19,-0.004311687681242804,291.6188,3.5662,3.4590000000000005,6.56,60.0,-0.001498682617918079,-0.1695000000000002,-0.0034999999999998366,0.11879999999999935,0.0,0.053720460707129325
2024-12-20,0.004772524545212531,291.6188,3.5662,3.4590000000000005,6.56,60.0,-0.001498682617918079,-0.1695000000000002,-0.0034999999999998366,0.11879999999999935,0.0,0.058749367469646874
2024-12-23,0.005648578990140851,291.6188,3.5662,3.4590000000000005,6.56,60.0,-0.001498682617918079,-0.1695000000000002,-0.0034999999999998366,0.11879999999999935,0.0,0.06472979690256087
2024-12-24,-0.007048034800467329,291.6188,3.5662,3.4590000000000005,6.56,60.0,-0.001498682617918079,-0.1695000000000002,-0.0034999999999998366,0.11879999999999935,0.0,0.0572255442408971
2024-12-25,-0.00842287021652135,291.6188,3.5662,3.4590000000000005,6.56,60.0,-0.001498682617918079,-0.1695000000000002,-0.0034999999999998366,0.11879999999999935,0.0,0.048320670692164835
2024-12-26,-0.004595573244033024,291.6188,3.5662,3.4590000000000005,6.56,60.0,-0.001498682617918079,-0.1695000000000002,-0.0034999999999998366,0.11879999999999935,0.0,0.043503036266765216
2024-12-27,0.0014079151917989585,291.6188,3.5662,3.4590000000000005,6.56,60.0,-0.001498682617918079,-0.1695000000000002,-0.0034999999999998366,0.11879999999999935,0.0,0.04497220004421343
2024-12-30,0.011524757688995102,291.6188,3.5662,3.4590000000000005,6.56,60.0,-0.001498682617918079,0.0,0.0,0.0,0.0,0.05701525144145925
2024-12-31,0.014514648431216248,291.6188,3.5662,3.4590000000000005,6.56,60.0,-0.001498682617918079,0.0,0.0,0.0,0.0,0.0723574562025655
2025-01-01,0.0050711096242937685,294.365,3.7602,3.4254,6.6987,60.0,0.007904292491350162,0.1940000000000004,-0.033600000000000296,0.13870000000000005,0.0,0.07779549841939737
2025-01-02,0.003719968196867862,294.365,3.7602,3.4254,6.6987,60.0,0.007904292491350162,0.1940000000000004,-0.033600000000000296,0.13870000000000005,0.0,0.08180486339624493
2025-01-03,0.00025294662715158456,294.365,3.7602,3.4254,6.6987,60.0,0.007904292491350162,0.1940000000000004,-0.033600000000000296,0.13870000000000005,0.0,0.0820785022876771
2025-01-06,-0.0014776155612205133,294.365,3.7602,3.4254,6.6987,60.0,0.007904292491350162,0.1940000000000004,-0.033600000000000296,0.13870000000000005,0.0,0.08047960625423456
2025-01-07,-0.0012431429601716948,294.365,3.7602,3.4254,6.6987,60.0,0.007904292491350162,0.1940000000000004,-0.033600000000000296,0.13870000000000005,0.0,0.07913641563811047
2025-01-08,0.012834428233284668,294.365,3.7602,3.4254,6.6987,60.0,0.007904292491350162,0.1940000000000004,-0.033600000000000296,0.13870000000000005,0.0,0.09298651451854179
2025-01-09,0.0030169139104623045,294.365,3.7602,3.4254,6.6987,60.0,0.007904292491350162,0.1940000000000004,-0.033600000000000296,0.13870000000000005,0.0,0.0962839607381405
2025-01-10,-0.002225925343159718,294.365,3.7602,3.4254,6.6987,60.0,0.007904292491350162,0.1940000000000004,-0.033600000000000296,0.13870000000000005,0.0,0.09384371448663398
2025-01-13,-0.001366293908510574,294.365,3.7602,3.4254,6.6987,60.0,0.007904292491350162,0.1940000000000004,-0.033600000000000296,0.13870000000000005,0.0,0.0923492024826682
2025-01-14,-0.002370319120932307,294.365,3.7602,3.4254,6.6987,60.0,0.007904292491350162,0.1940000000000004,-0.033600000000000296,0.13870000000000005,0.0,0.08975998628128834
2025-01-15,-0.008690991331724584,294.365,3.7602,3.4254,6.6987,60.0,0.007904292491350162,0.1940000000000004,-0.033600000000000296,0.13870000000000005,0.0,0.08028889168685738
2025-01-16,-0.006629602946991264,294.365,3.7602,3.4254,6.6987,60.0,0.007904292491350162,0.1940000000000004,-0.033600000000000296,0.13870000000000005,0.0,0.07312700526692839
2025-01-17,0.007598517167625563,294.365,3.7602,3.4254,6.6987,60.0,0.007904292491350162,0.1940000000000004,-0.033600000000000296,0.13870000000000005,0.0,0.08128117923949185
2025-01-20,0.011245923207874532,294.365,3.7602,3.4254,6.6987,60.0,0.004492430433870265,0.1940000000000004,-0.033600000000000296,0.13870000000000005,0.0,0.09344118434733928
2025-01-21,0.0040452419607436615,294.365,3.7602,3.4254,6.6987,60.0,0.004492430433870265,0.1940000000000004,-0.033600000000000296,0.13870000000000005,0.0,0.09786441850786654
2025-01-22,0.007492744978933574,294.365,3.7602,3.4254,6.6987,60.0,0.004492430433870265,0.1940000000000004,-0.033600000000000296,0.13870000000000005,0.0,0.10609043661719109
2025-01-23,-0.00661484100447306,294.365,3.7602,3.4254,6.6987,60.0,0.004492430433870265,0.1940000000000004,-0.033600000000000296,0.13870000000000005,0.0,0.09877382424240011
2025-01-24,0.007744799359060706,294.365,3.7602,3.4254,6.6987,60.0,0.004492430433870265,0.1940000000000004,-0.033600000000000296,0.13870000000000005,0.0,0.10728360705214524
2025-01-27,-0.008170785369324519,294.365,3.7602,3.4254,6.6987,60.0,0.004492430433870265,0.1940000000000004,-0.033600000000000296,0.13870000000000005,0.0,0.09823623035595075
2025-01-28,0.0010831477411901934,294.365,3.7602,3.4254,6.6987,60.0,0.004492430433870265,0.1940000000000004,-0.033600000000000296,0.13870000000000005,0.0,0.09942578244815392
2025-01-29,0.0010994213970135225,294.365,3.7602,3.4254,6.6987,60.0,0.004492430433870265,0.0,0.0,0.0,0.0,0.1006345146778056
2025-01-30,-0.006555326125203087,294.365,3.7602,3.4254,6.6987,60.0,0.004492430433870265,0.0,0.0,0.0,0.0,0.09341949648943793
2025-01-31,0.0021137020092661606,294.365,3.7602,3.4254,6.6987,60.0,0.004492430433870265,0.0,0.0,0.0,0.0,0.09573065947613846
2025-02-03,-0.00032481066038029247,296.0354,3.7618,3.4926000000000004,6.7806,60.0,0.010192510795994592,0.0015999999999998238,0.06720000000000015,0.08190000000000008,0.0,0.09537475447703514
2025-02-04,-0.007855521093121709,296.0354,3.7618,3.4926000000000004,6.7806,60.0,0.010192510795994592,0.0015999999999998238,0.06720000000000015,0.08190000000000008,0.0,0.08677001498836767
2025-02-05,-0.005582022117156205,296.0354,3.7618,3.4926000000000004,6.7806,60.0,0.010192510795994592,0.0015999999999998238,0.06720000000000015,0.08190000000000008,0.0,0.0807036407284405
2025-02-06,0.0014685593622234983,296.0354,3.7618,3.4926000000000004,6.7806,60.0,0.010192510795994592,0.0015999999999998238,0.06720000000000015,0.08190000000000008,0.0,0.08229071817782119
2025-02-07,-0.0007777013356307427,296.0354,3.7618,3.4926000000000004,6.7806,60.0,0.010192510795994592,0.0015999999999998238,0.06720000000000015,0.08190000000000008,0.0,0.08144901924075354
2025-02-10,0.0026426431183264156,296.0354,3.7618,3.4926000000000004,6.7806,60.0,0.010192510795994592,0.0015999999999998238,0.06720000000000015,0.08190000000000008,0.0,0.08430690304927091
2025-02-11,-0.0004408070622958449,296.0354,3.7618,3.4926000000000004,6.7806,60.0,0.010192510795994592,0.0015999999999998238,0.06720000000000015,0.08190000000000008,0.0,0.08382893290871052
2025-02-12,-0.012592676987366436,296.0354,3.7618,3.4926000000000004,6.7806,60.0,0.010192510795994592,0.0015999999999998238,0.06720000000000015,0.08190000000000008,0.0,0.07018062524702917
2025-02-13,-0.007011730415614414,296.0354,3.7618,3.4926000000000004,6.7806,60.0,0.010192510795994592,0.0015999999999998238,0.06720000000000015,0.08190000000000008,0.0,0.06267680720678337
2025-02-14,0.002116968590479129,296.0354,3.7618,3.4926000000000004,6.7806,60.0,0.010192510795994592,0.0015999999999998238,0.06720000000000015,0.08190000000000008,0.0,0.06492646062947083
2025-02-17,0.007709515657965871,296.0354,3.7618,3.4926000000000004,6.7806,60.0,0.010192510795994592,0.0015999999999998238,0.06720000000000015,0.08190000000000008,0.0,0.07313652785227598
2025-02-18,0.0009358754576202944,296.0354,3.7618,3.4926000000000004,6.7806,60.0,0.009538314218055843,0.0015999999999998238,0.06720000000000015,0.08190000000000008,0.0,0.07414084999136872
2025-02-19,-0.001270970614528888,296.0354,3.7618,3.4926000000000004,6.7806,60.0,0.009538314218055843,0.0015999999999998238,0.06720000000000015,0.08190000000000008,0.0,0.07277564853516472
2025-02-20,-0.006157172205465878,296.0354,3.7618,3.4926000000000004,6.7806,60.0,0.009538314218055843,0.0015999999999998238,0.06720000000000015,0.08190000000000008,0.0,0.06617038412930332
2025-02-21,0.005222738589572518,296.0354,3.7618,3.4926000000000004,6.7806,60.0,0.009538314218055843,0.0015999999999998238,0.06720000000000015,0.08190000000000008,0.0,0.07173871333755466
2025-02-24,-0.005984213169402075,296.0354,3.7618,3.4926000000000004,6.7806,60.0,0.009538314218055843,0.0015999999999998238,0.06720000000000015,0.08190000000000008,0.0,0.06532520041504197
2025-02-25,-0.011223149732975102,296.0354,3.7618,3.4926000000000004,6.7806,60.0,0.009538314218055843,0.0015999999999998238,0.06720000000000015,0.08190000000000008,0.0,0.053368896176472225
2025-02-26,-0.0033357805203254043,296.0354,3.7618,3.4926000000000004,6.7806,60.0,0.009538314218055843,0.0015999999999998238,0.06720000000000015,0.08190000000000008,0.0,0.04985508873189004
2025-02-27,-0.000870707788089986,296.0354,3.7618,3.4926000000000004,6.7806,60.0,0.009538314218055843,0.0015999999999998238,0.06720000000000015,0.08190000000000008,0.0,0.048940971729765304
2025-02-28,-0.007174873841113627,296.0354,3.7618,3.4926000000000004,6.7806,60.0,0.009538314218055843,0.0015999999999998238,0.06720000000000015,0.08190000000000008,0.0,0.04141495259082917
2025-03-03,-0.004924308405804334,297.1516,3.9322000000000004,3.4345,6.8039000000000005,60.0,0.013344773399390997,0.17039999999999988,-0.05810000000000004,0.023299999999999876,0.0,0.03628670418585589
2025-03-04,0.0004643937864892811,297.1516,3.9322000000000004,3.4345,6.8039000000000005,60.0,0.013344773399390997,0.17039999999999988,-0.05810000000000004,0.023299999999999876,0.0,0.036767949292301205
2025-03-05,-0.006742954214002217,297.1516,3.9322000000000004,3.4345,6.8039000000000005,60.0,0.013344773399390997,0.17039999999999988,-0.05810000000000004,0.023299999999999876,0.0,0.029777070479678258
2025-03-06,0.0005851811003288132,297.1516,3.9322000000000004,3.4345,6.8039000000000005,60.0,0.013344773399390997,0.17039999999999988,-0.05810000000000004,0.023299999999999876,0.0,0.030379676558874857
2025-03-07,0.006792270293728165,297.1516,3.9322000000000004,3.4345,6.8039000000000005,60.0,0.013344773399390997,0.17039999999999988,-0.05810000000000004,0.023299999999999876,0.0,0.037378293827226905
2025-03-10,0.0022705844710359524,297.1516,3.9322000000000004,3.4345,6.8039000000000005,60.0,0.013344773399390997,0.17039999999999988,-0.05810000000000004,0.023299999999999876,0.0,0.03973374887178083
2025-03-11,0.003989132077847957,297.1516,3.9322000000000004,3.4345,6.8039000000000005,60.0,0.013344773399390997,0.17039999999999988,-0.05810000000000004,0.023299999999999876,0.0,0.043881384121826406
2025-03-12,-0.00596484639422874,297.1516,3.9322000000000004,3.4345,6.8039000000000005,60.0,0.013344773399390997,0.17039999999999988,-0.05810000000000004,0.023299999999999876,0.0,0.03765479201174471
2025-03-13,-0.010117722183190759,297.1516,3.9322000000000004,3.4345,6.8039000000000005,60.0,0.013344773399390997,0.17039999999999988,-0.05810000000000004,0.023299999999999876,0.0,0.02715608910411338
2025-03-14,-0.007587086207513416,297.1516,3.9322000000000004,3.4345,6.8039000000000005,60.0,0.013344773399390997,0.17039999999999988,-0.05810000000000004,0.023299999999999876,0.0,0.019362967307508194
2025-03-17,0.004481096726004219,297.1516,3.9322000000000004,3.4345,6.8039000000000005,60.0,0.013344773399390997,0.17039999999999988,-0.05810000000000004,0.023299999999999876,0.0,0.023930831362919847
2025-03-18,0.003085602018167588,297.1516,3.9322000000000004,3.4345,6.8039000000000005,60.0,0.013344773399390997,0.17039999999999988,-0.05810000000000004,0.023299999999999876,0.0,0.027090274402637338
2025-03-19,0.01190497693886584,297.1516,3.9322000000000004,3.4345,6.8039000000000005,60.0,0.016767766907372694,0.17039999999999988,-0.05810000000000004,0.023299999999999876,0.0,0.03931776043353419
2025-03-20,0.00046810405269505085,297.1516,3.9322000000000004,3.4345,6.8039000000000005,60.0,0.016767766907372694,0.17039999999999988,-0.05810000000000004,0.023299999999999876,0.0,0.03980426928923109
2025-03-21,-0.0016316953086213727,297.1516,3.9322000000000004,3.4345,6.8039000000000005,60.0,0.016767766907372694,0.17039999999999988,-0.05810000000000004,0.023299999999999876,0.0,0.03810762554114744
2025-03-24,0.010786472957872028,297.1516,3.9322000000000004,3.4345,6.8039000000000005,60.0,0.016767766907372694,0.17039999999999988,-0.05810000000000004,0.023299999999999876,0.0,0.04930514537140773
2025-03-25,0.003670470559919636,297.1516,3.9322000000000004,3.4345,6.8039000000000005,60.0,0.016767766907372694,0.17039999999999988,-0.05810000000000004,0.023299999999999876,0.0,0.05315658901586562
2025-03-26,-0.005460754694981118,297.1516,3.9322000000000004,3.4345,6.8039000000000005,60.0,0.016767766907372694,0.17039999999999988,-0.05810000000000004,0.023299999999999876,0.0,0.04740555922784706
2025-03-27,0.0064581799988001065,297.1516,3.9322000000000004,3.4345,6.8039000000000005,60.0,0.016767766907372694,0.17039999999999988,-0.05810000000000004,0.023299999999999876,0.0,0.054169892861084534
2025-03-28,0.0023609552391000268,297.1516,3.9322000000000004,3.4345,6.8039000000000005,60.0,0.016767766907372694,0.17039999999999988,-0.05810000000000004,0.023299999999999876,0.0,0.0566587407925363
2025-03-31,-0.0010020974458867294,297.1516,3.9322000000000004,3.4345,6.8039000000000005,60.0,0.016767766907372694,0.0,0.0,0.0,0.0,0.055599865767214096
2025-04-01,-0.0065682332087411924,297.2815,4.2873,3.4783,6.8466,60.0,0.017212247545946857,0.3551000000000002,0.04380000000000006,0.04269999999999996,0.0,0.04866643967373907
2025-04-02,0.01159001187623615,297.2815,4.2873,3.4783,6.8466,60.0,0.017212247545946857,0.3551000000000002,0.04380000000000006,0.04269999999999996,0.0,0.060820496163767945
2025-04-03,-0.007093071674110707,297.2815,4.2873,3.4783,6.8466,60.0,0.017212247545946857,0.3551000000000002,0.04380000000000006,0.04269999999999996,0.0,0.053296020351112805
2025-04-04,-0.007962985203769413,297.2815,4.2873,3.4783,6.8466,60.0,0.017212247545946857,0.3551000000000002,0.04380000000000006,0.04269999999999996,0.0,0.04490863972586778
2025-04-07,0.004019234913608649,297.2815,4.2873,3.4783,6.8466,60.0,0.017212247545946857,0.3551000000000002,0.04380000000000006,0.04269999999999996,0.0,0.04910837301218529
2025-04-08,0.006181478508560578,297.2815,4.2873,3.4783,6.8466,60.0,0.017212247545946857,0.3551000000000002,0.04380000000000006,0.04269999999999996,0.0,0.05559341387311112
2025-04-09,-0.002765929991025551,297.2815,4.2873,3.4783,6.8466,60.0,0.017212247545946857,0.3551000000000002,0.04380000000000006,0.04269999999999996,0.0,0.052673716391350434
2025-04-10,0.0004792327722128897,297.2815,4.2873,3.4783,6.8466,60.0,0.017212247545946857,0.3551000000000002,0.04380000000000006,0.04269999999999996,0.0,0.053178192134692326
2025-04-11,4.22731182038949e-05,297.2815,4.2873,3.4783,6.8466,60.0,0.017212247545946857,0.3551000000000002,0.04380000000000006,0.04269999999999996,0.0,0.053222713260898225
2025-04-14,-0.0030894423299156815,297.2815,4.2873,3.4783,6.8466,60.0,0.017212247545946857,0.3551000000000002,0.04380000000000006,0.04269999999999996,0.0,0.04996884242772137
2025-04-15,-0.010039486401780495,297.2815,4.2873,3.4783,6.8466,60.0,0.017212247545946857,0.3551000000000002,0.04380000000000006,0.04269999999999996,0.0,0.039427694511875
2025-04-16,0.008923893217194001,297.2815,4.2873,3.4783,6.8466,60.0,0.017212247545946857,0.3551000000000002,0.04380000000000006,0.04269999999999996,0.0,0.0487034362646932
2025-04-17,-0.0006834284172841487,297.2815,4.2873,3.4783,6.8466,60.0,0.017212247545946857,0.3551000000000002,0.04380000000000006,0.04269999999999996,0.0,0.04798672253504632
2025-04-18,-0.006395577988990509,297.2815,4.2873,3.4783,6.8466,60.0,0.01902504119372872,0.3551000000000002,0.04380000000000006,0.04269999999999996,0.0,0.04128424171964684
2025-04-21,-0.01082868831299475,297.2815,4.2873,3.4783,6.8466,60.0,0.01902504119372872,0.3551000000000002,0.04380000000000006,0.04269999999999996,0.0,0.030008499220831597
2025-04-22,0.0026377212498088663,297.2815,4.2873,3.4783,6.8466,60.0,0.01902504119372872,0.3551000000000002,0.04380000000000006,0.04269999999999996,0.0,0.03272537452670998
2025-04-23,-0.004001489397978031,297.2815,4.2873,3.4783,6.8466,60.0,0.01902504119372872,0.3551000000000002,0.04380000000000006,0.04269999999999996,0.0,0.028592934889518418
2025-04-24,-0.008136059845288113,297.2815,4.2873,3.4783,6.8466,60.0,0.01902504119372872,0.3551000000000002,0.04380000000000006,0.04269999999999996,0.0,0.020224241214816807
2025-04-25,0.004612436856712754,297.2815,4.2873,3.4783,6.8466,60.0,0.01902504119372872,0.3551000000000002,0.04380000000000006,0.04269999999999996,0.0,0.02492996110710788
2025-04-28,0.008847240762830388,297.2815,4.2873,3.4783,6.8466,60.0,0.01902504119372872,0.3551000000000002,0.04380000000000006,0.04269999999999996,0.0,0.03399776323806081
2025-04-29,0.0016590067393593478,297.2815,4.2873,3.4783,6.8466,60.0,0.01902504119372872,0.0,0.0,0.0,0.0,0.03571317249575534
2025-04-30,-0.0012052382225819947,297.2815,4.2873,3.4783,6.8466,60.0,0.01902504119372872,0.0,0.0,0.0,0.0,0.03446489139263176
2025-05-01,0.0025410969761516466,296.9123,4.1518,3.6472,6.838800000000001,60.0,0.01775949306776492,-0.1355000000000004,0.16890000000000027,-0.007799999999999585,0.0,0.037093567000084704
2025-05-02,0.0023531695162536392,296.9123,4.1518,3.6472,6.838800000000001,60.0,0.01775949306776492,-0.1355000000000004,0.16890000000000027,-0.007799999999999585,0.0,0.0395340239674522
2025-05-05,0.007354824293160966,296.9123,4.1518,3.6472,6.838800000000001,60.0,0.01775949306776492,-0.1355000000000004,0.16890000000000027,-0.007799999999999585,0.0,0.04717961406049542
2025-05-06,-0.005265278456515176,296.9123,4.1518,3.6472,6.838800000000001,60.0,0.01775949306776492,-0.1355000000000004,0.16890000000000027,-0.007799999999999585,0.0,0.04166592179848094
2025-05-07,0.00037911904640821616,296.9123,4.1518,3.6472,6.838800000000001,60.0,0.01775949306776492,-0.1355000000000004,0.16890000000000027,-0.007799999999999585,0.0,0.0420608371894291
2025-05-08,0.0005599161655502005,296.9123,4.1518,3.6472,6.838800000000001,60.0,0.01775949306776492,-0.1355000000000004,0.16890000000000027,-0.007799999999999585,0.0,0.042644303897658276
2025-05-09,0.002550256614698454,296.9123,4.1518,3.6472,6.838800000000001,60.0,0.01775949306776492,-0.1355000000000004,0.16890000000000027,-0.007799999999999585,0.0,0.04530331443045088
2025-05-12,-0.007527529070022965,296.9123,4.1518,3.6472,6.838800000000001,60.0,0.01775949306776492,-0.1355000000000004,0.16890000000000027,-0.007799999999999585,0.0,0.037434763344084354
2025-05-13,-0.005582747086269069,296.9123,4.1518,3.6472,6.838800000000001,60.0,0.01775949306776492,-0.1355000000000004,0.16890000000000027,-0.007799999999999585,0.0,0.031643027441830895
2025-05-14,0.011248274501836098,296.9123,4.1518,3.6472,6.838800000000001,60.0,0.01775949306776492,-0.1355000000000004,0.16890000000000027,-0.007799999999999585,0.0,0.04324723140240172
2025-05-15,0.003159468843859192,296.9123,4.1518,3.6472,6.838800000000001,60.0,0.01775949306776492,-0.1355000000000004,0.16890000000000027,-0.007799999999999585,0.0,0.046543338526459976
2025-05-16,-0.003599314959931943,296.9123,4.1518,3.6472,6.838800000000001,60.0,0.01775949306776492,-0.1355000000000004,0.16890000000000027,-0.007799999999999585,0.0,0.04277649943188466
2025-05-19,0.008762784216193763,296.9123,4.1518,3.6472,6.838800000000001,60.0,0.01775949306776492,-0.1355000000000004,0.16890000000000027,-0.007799999999999585,0.0,0.05191412488212399
2025-05-20,-0.0034154692482340045,296.9123,4.1518,3.6472,6.838800000000001,60.0,0.01775949306776492,-0.1355000000000004,0.16890000000000027,-0.007799999999999585,0.0,0.04832134453680603
2025-05-21,-0.0057305005432359835,296.9123,4.1518,3.6472,6.838800000000001,60.0,0.018673302464476516,-0.1355000000000004,0.16890000000000027,-0.007799999999999585,0.0,0.04231393850245202
2025-05-22,0.0038544280187176815,296.9123,4.1518,3.6472,6.838800000000001,60.0,0.018673302464476516,-0.1355000000000004,0.16890000000000027,-0.007799999999999585,0.0,0.046331462551315816
2025-05-23,0.006212249162203631,296.9123,4.1518,3.6472,6.838800000000001,60.0,0.018673302464476516,-0.1355000000000004,0.16890000000000027,-0.007799999999999585,0.0,0.05283153430293752
2025-05-26,-0.0033859183422384697,296.9123,4.1518,3.6472,6.838800000000001,60.0,0.018673302464476516,-0.1355000000000004,0.16890000000000027,-0.007799999999999585,0.0,0.04926673269965409
2025-05-27,-0.012735862349166427,296.9123,4.1518,3.6472,6.838800000000001,60.0,0.018673302464476516,-0.1355000000000004,0.16890000000000027,-0.007799999999999585,0.0,0.03590341602443159
2025-05-28,-0.0038463222997426995,296.9123,4.1518,3.6472,6.838800000000001,60.0,0.018673302464476516,-0.1355000000000004,0.16890000000000027,-0.007799999999999585,0.0,0.03191899761499717
2025-05-29,0.005021812670941372,296.9123,4.1518,3.6472,6.838800000000001,60.0,0.018673302464476516,0.0,0.0,0.0,0.0,0.03710110151260526
2025-05-30,-0.004056853767968549,296.9123,4.1518,3.6472,6.838800000000001,60.0,0.018673302464476516,0.0,0.0,0.0,0.0,0.03289373400116946
2025-06-02,-0.009528742782596767,297.4343,4.3664,3.7535,6.8894,60.0,0.02046422680101112,0.2145999999999999,0.10629999999999962,0.0506000000000002,0.0,0.02305155528811631
2025-06-03,-0.002012220953838406,297.4343,4.3664,3.7535,6.8894,60.0,0.02046422680101112,0.2145999999999999,0.10629999999999962,0.0506000000000002,0.0,0.020992949511708492
2025-06-04,0.0004993794960896691,297.4343,4.3664,3.7535,6.8894,60.0,0.02046422680101112,0.2145999999999999,0.10629999999999962,0.0506000000000002,0.0,0.021502812456346776
2025-06-05,0.006289058040201601,297.4343,4.3664,3.7535,6.8894,60.0,0.02046422680101112,0.2145999999999999,0.10629999999999962,0.0506000000000002,0.0,0.027927102932113756
2025-06-06,-0.0013915251982380638,297.4343,4.3664,3.7535,6.8894,60.0,0.02046422680101112,0.2145999999999999,0.10629999999999962,0.0506000000000002,0.0,0.026496716466431813
2025-06-09,0.016481139178320215,297.4343,4.3664,3.7535,6.8894,60.0,0.02046422680101112,0.2145999999999999,0.10629999999999962,0.0506000000000002,0.0,0.0434145517166038
2025-06-10,0.0024112515389574374,297.4343,4.3664,3.7535,6.8894,60.0,0.02046422680101112,0.2145999999999999,0.10629999999999962,0.0506000000000002,0.0,0.04593048666020105
2025-06-11,-0.0085847370767267,297.4343,4.3664,3.7535,6.8894,60.0,0.02046422680101112,0.2145999999999999,0.10629999999999962,0.0506000000000002,0.0,0.036951448431690403
2025-06-12,-0.003938847632340992,297.4343,4.3664,3.7535,6.8894,60.0,0.02046422680101112,0.2145999999999999,0.10629999999999962,0.0506000000000002,0.0,0.032867054674182716
2025-06-13,-0.007824011252480756,297.4343,4.3664,3.7535,6.8894,60.0,0.02046422680101112,0.2145999999999999,0.10629999999999962,0.0506000000000002,0.0,0.0247858912160952
2025-06-16,0.010493793690661524,297.4343,4.3664,3.7535,6.8894,60.0,0.02046422680101112,0.2145999999999999,0.10629999999999962,0.0506000000000002,0.0,0.03553978293561766
2025-06-17,0.00311496829298914,297.4343,4.3664,3.7535,6.8894,60.0,0.02046422680101112,0.2145999999999999,0.10629999999999962,0.0506000000000002,0.0,0.03876545652559105
2025-06-18,-0.005620165235722974,297.4343,4.3664,3.7535,6.8894,60.0,0.020132080551644727,0.2145999999999999,0.10629999999999962,0.0506000000000002,0.0,0.03292742301875595
2025-06-19,0.004567446955316324,297.4343,4.3664,3.7535,6.8894,60.0,0.020132080551644727,0.2145999999999999,0.10629999999999962,0.0506000000000002,0.0,0.037645264232085696
2025-06-20,0.0014345490665324313,297.4343,4.3664,3.7535,6.8894,60.0,0.020132080551644727,0.2145999999999999,0.10629999999999962,0.0506000000000002,0.0,0.03913381727728149
2025-06-23,0.006904124901229302,297.4343,4.3664,3.7535,6.8894,60.0,0.020132080551644727,0.2145999999999999,0.10629999999999962,0.0506000000000002,0.0,0.04630812694085518
2025-06-24,0.002297634871363119,297.4343,4.3664,3.7535,6.8894,60.0,0.020132080551644727,0.2145999999999999,0.10629999999999962,0.0506000000000002,0.0,0.048712160979504926
2025-06-25,-0.0053209771002228345,297.4343,4.3664,3.7535,6.8894,60.0,0.020132080551644727,0.2145999999999999,0.10629999999999962,0.0506000000000002,0.0,0.04313198758620773
2025-06-26,0.0043845337608339864,297.4343,4.3664,3.7535,6.8894,60.0,0.020132080551644727,0.2145999999999999,0.10629999999999962,0.0506000000000002,0.0,0.04770563500278535
2025-06-27,-0.0026740595882271843,297.4343,4.3664,3.7535,6.8894,60.0,0.020132080551644727,0.2145999999999999,0.10629999999999962,0.0506000000000002,0.0,0.04490400770386649
2025-06-30,0.006865197639217735,297.4343,4.3664,3.7535,6.8894,60.0,0.020132080551644727,0.0,0.0,0.0,0.0,0.052077480230764195
2025-07-01,0.0076191951702346715,296.6362,4.5698,3.8188000000000004,7.0259,60.0,0.01739477885682228,0.20340000000000025,0.06530000000000014,0.13649999999999984,0.0,0.060093463886851106
2025-07-02,0.011510310785428524,296.6362,4.5698,3.8188000000000004,7.0259,60.0,0.01739477885682228,0.20340000000000025,0.06530000000000014,0.13649999999999984,0.0,0.07229546911779017
2025-07-03,-0.002582758499997606,296.6362,4.5698,3.8188000000000004,7.0259,60.0,0.01739477885682228,0.20340000000000025,0.06530000000000014,0.13649999999999984,0.0,0.06952598888041739
2025-07-04,-0.005566435109103607,296.6362,4.5698,3.8188000000000004,7.0259,60.0,0.01739477885682228,0.20340000000000025,0.06530000000000014,0.13649999999999984,0.0,0.06357254186581462
2025-07-07,-0.004463449712960687,296.6362,4.5698,3.8188000000000004,7.0259,60.0,0.01739477885682228,0.20340000000000025,0.06530000000000014,0.13649999999999984,0.0,0.058825339309110936
2025-07-08,0.004805815813114378,296.6362,4.5698,3.8188000000000004,7.0259,60.0,0.01739477885682228,0.20340000000000025,0.06530000000000014,0.13649999999999984,0.0,0.06391385886808876
2025-07-09,0.0040677972351999105,296.6362,4.5698,3.8188000000000004,7.0259,60.0,0.01739477885682228,0.20340000000000025,0.06530000000000014,0.13649999999999984,0.0,0.06824164472168315
2025-07-10,0.006271854233026575,296.6362,4.5698,3.8188000000000004,7.0259,60.0,0.01739477885682228,0.20340000000000025,0.06530000000000014,0.13649999999999984,0.0,0.07494150060302629
2025-07-11,0.004328529532341752,296.6362,4.5698,3.8188000000000004,7.0259,60.0,0.01739477885682228,0.20340000000000025,0.06530000000000014,0.13649999999999984,0.0,0.07959441663392619
2025-07-14,0.0005289139792170716,296.6362,4.5698,3.8188000000000004,7.0259,60.0,0.01739477885682228,0.20340000000000025,0.06530000000000014,0.13649999999999984,0.0,0.08016542921276848
2025-07-15,-0.010943932121866983,296.6362,4.5698,3.8188000000000004,7.0259,60.0,0.01739477885682228,0.20340000000000025,0.06530000000000014,0.13649999999999984,0.0,0.06834417207507659
2025-07-16,-0.006254399876442074,296.6362,4.5698,3.8188000000000004,7.0259,60.0,0.01739477885682228,0.20340000000000025,0.06530000000000014,0.13649999999999984,0.0,0.061662320417252614
2025-07-17,0.004828971671449867,296.6362,4.5698,3.8188000000000004,7.0259,60.0,0.01739477885682228,0.20340000000000025,0.06530000000000014,0.13649999999999984,0.0,0.06678905768719323
2025-07-18,0.005464625980845861,296.6362,4.5698,3.8188000000000004,7.0259,60.0,0.01739477885682228,0.20340000000000025,0.06530000000000014,0.13649999999999984,0.0,0.07261866088791291
2025-07-21,0.0027883213168012457,296.6362,4.5698,3.8188000000000004,7.0259,60.0,0.014350660563979822,0.20340000000000025,0.06530000000000014,0.13649999999999984,0.0,0.07560946636486543
2025-07-22,0.003284096620120791,296.6362,4.5698,3.8188000000000004,7.0259,60.0,0.014350660563979822,0.20340000000000025,0.06530000000000014,0.13649999999999984,0.0,0.0791418717779242
2025-07-23,-0.002840034289844562,296.6362,4.5698,3.8188000000000004,7.0259,60.0,0.014350660563979822,0.20340000000000025,0.06530000000000014,0.13649999999999984,0.0,0.07607707185846779
2025-07-24,0.01959258509786408,296.6362,4.5698,3.8188000000000004,7.0259,60.0,0.014350660563979822,0.20340000000000025,0.06530000000000014,0.13649999999999984,0.0,0.09716020346071508
2025-07-25,0.006881518246620311,296.6362,4.5698,3.8188000000000004,7.0259,60.0,0.014350660563979822,0.20340000000000025,0.06530000000000014,0.13649999999999984,0.0,0.10471033142029551
2025-07-28,-0.001493414515004976,296.6362,4.5698,3.8188000000000004,7.0259,60.0,0.014350660563979822,0.20340000000000025,0.06530000000000014,0.13649999999999984,0.0,0.10306054097647643
2025-07-29,0.0008986362351220079,296.6362,4.5698,3.8188000000000004,7.0259,60.0,0.014350660563979822,0.0,0.0,0.0,0.0,0.10405179114813112
2025-07-30,0.004836965502070756,296.6362,4.5698,3.8188000000000004,7.0259,60.0,0.014350660563979822,0.0,0.0,0.0,0.0,0.109392051574414
2025-07-31,0.0022766775311801046,296.6362,4.5698,3.8188000000000004,7.0259,60.0,0.014350660563979822,0.0,0.0,0.0,0.0,0.11191777953150339
2025-08-01,-0.005026217072947458,297.8195,4.7489,3.7863999999999995,7.304399999999999,60.0,0.018396967577909207,0.17910000000000004,-0.032399999999999984,0.2785000000000002,0.0,0.10632903940430838
2025-08-04,-0.007938793107564224,297.8195,4.7489,3.7863999999999995,7.304399999999999,60.0,0.018396967577909207,0.17910000000000004,-0.032399999999999984,0.2785000000000002,0.0,0.09754612205158741
2025-08-05,0.0050433328063385074,297.8195,4.7489,3.7863999999999995,7.304399999999999,60.0,0.018396967577909207,0.17910000000000004,-0.032399999999999984,0.2785000000000002,0.0,0.10308141241539981
2025-08-06,-0.004394177393518439,297.8195,4.7489,3.7863999999999995,7.304399999999999,60.0,0.018396967577909207,0.17910000000000004,-0.032399999999999984,0.2785000000000002,0.0,0.09823427700975373
2025-08-07,0.007036277227864096,297.8195,4.7489,3.7863999999999995,7.304399999999999,60.0,0.018396967577909207,0.17910000000000004,-0.032399999999999984,0.2785000000000002,0.0,0.10596175784393713
2025-08-08,0.004351074342656835,297.8195,4.7489,3.7863999999999995,7.304399999999999,60.0,0.018396967577909207,0.17910000000000004,-0.032399999999999984,0.2785000000000002,0.0,0.11077387967245156
2025-08-11,0.007084227609984473,297.8195,4.7489,3.7863999999999995,7.304399999999999,60.0,0.018396967577909207,0.17910000000000004,-0.032399999999999984,0.2785000000000002,0.0,0.11864285465927682
2025-08-12,-0.0008880635546230975,297.8195,4.7489,3.7863999999999995,7.304399999999999,60.0,0.018396967577909207,0.17910000000000004,-0.032399999999999984,0.2785000000000002,0.0,0.1176494287094143
2025-08-13,0.00566224702680429,297.8195,4.7489,3.7863999999999995,7.304399999999999,60.0,0.018396967577909207,0.17910000000000004,-0.032399999999999984,0.2785000000000002,0.0,0.12397783586413391
2025-08-14,-0.004435202681821881,297.8195,4.7489,3.7863999999999995,7.304399999999999,60.0,0.018396967577909207,0.17910000000000004,-0.032399999999999984,0.2785000000000002,0.0,0.11899276635220102
2025-08-15,0.0058814103752548585,297.8195,4.7489,3.7863999999999995,7.304399999999999,60.0,0.018396967577909207,0.17910000000000004,-0.032399999999999984,0.2785000000000002,0.0,0.12557402201806012
2025-08-18,-0.008260509058036302,297.8195,4.7489,3.7863999999999995,7.304399999999999,60.0,0.018396967577909207,0.17910000000000004,-0.032399999999999984,0.2785000000000002,0.0,0.11627620761368962
2025-08-19,0.015498285769857078,297.8195,4.7489,3.7863999999999995,7.304399999999999,60.0,0.018396967577909207,0.17910000000000004,-0.032399999999999984,0.2785000000000002,0.0,0.13357657527737898
2025-08-20,0.0022027128651662896,297.8195,4.7489,3.7863999999999995,7.304399999999999,60.0,0.018396967577909207,0.17910000000000004,-0.032399999999999984,0.2785000000000002,0.0,0.13607351898339348
2025-08-21,0.0044088076746084505,297.8195,4.7489,3.7863999999999995,7.304399999999999,60.0,0.018396967577909207,0.17910000000000004,-0.032399999999999984,0.2785000000000002,0.0,0.14108224863280694
2025-08-22,0.004179792026709328,297.8195,4.7489,3.7863999999999995,7.304399999999999,60.0,0.018396967577909207,0.17910000000000004,-0.032399999999999984,0.2785000000000002,0.0,0.14585173511746174
2025-08-25,-0.0082249043312414,297.8195,4.7489,3.7863999999999995,7.304399999999999,60.0,0.018396967577909207,0.17910000000000004,-0.032399999999999984,0.2785000000000002,0.0,0.1364272142183336
2025-08-26,-0.00655352464037714,297.8195,4.7489,3.7863999999999995,7.304399999999999,60.0,0.018396967577909207,0.17910000000000004,-0.032399999999999984,0.2785000000000002,0.0,0.12897961046795858
2025-08-27,0.005709459171468911,297.8195,4.7489,3.7863999999999995,7.304399999999999,60.0,0.018396967577909207,0.17910000000000004,-0.032399999999999984,0.2785000000000002,0.0,0.13542547345934608
2025-08-28,0.002462759120482738,297.8195,4.7489,3.7863999999999995,7.304399999999999,60.0,0.018396967577909207,0.17910000000000004,-0.032399999999999984,0.2785000000000002,0.0,0.13822175289973648
2025-08-29,-0.007505852318501682,297.8195,4.7489,3.7863999999999995,7.304399999999999,60.0,0.018396967577909207,0.0,0.0,0.0,0.0,0.12967842851676492
2025-09-01,0.0016304160839692328,298.2411,4.7066,3.8318,7.256,60.0,0.019838633289962493,-0.042300000000000004,0.045399999999999885,-0.0484,0.0,0.13152027439633174
2025-09-02,-0.005360695671230753,298.2411,4.7066,3.8318,7.256,60.0,0.019838633289962493,-0.042300000000000004,0.045399999999999885,-0.0484,0.0,0.12545453855946542
2025-09-03,-0.004032355111347441,298.2411,4.7066,3.8318,7.256,60.0,0.019838633289962493,-0.042300000000000004,0.045399999999999885,-0.0484,0.0,0.12091630619831606
2025-09-04,0.0012613451377524898,298.2411,4.7066,3.8318,7.256,60.0,0.019838633289962493,-0.042300000000000004,0.045399999999999885,-0.0484,0.0,0.12233016853096679
2025-09-05,-0.019724906944607344,298.2411,4.7066,3.8318,7.256,60.0,0.019838633289962493,-0.042300000000000004,0.045399999999999885,-0.0484,0.0,0.10019231039556797
2025-09-08,-0.0038798925036468202,298.2411,4.7066,3.8318,7.256,60.0,0.019838633289962493,-0.042300000000000004,0.045399999999999885,-0.0484,0.0,0.0959236824978944
2025-09-09,-0.0020913096082127323,298.2411,4.7066,3.8318,7.256,60.0,0.019838633289962493,-0.042300000000000004,0.045399999999999885,-0.0484,0.0,0.09363176677081864
2025-09-10,0.0009318221971821306,298.2411,4.7066,3.8318,7.256,60.0,0.019838633289962493,-0.042300000000000004,0.045399999999999885,-0.0484,0.0,0.09465083712663924
2025-09-11,-0.0006196972958241286,298.2411,4.7066,3.8318,7.256,60.0,0.019838633289962493,-0.042300000000000004,0.045399999999999885,-0.0484,0.0,0.09397248496300015
2025-09-12,-0.004114985911200353,298.2411,4.7066,3.8318,7.256,60.0,0.019838633289962493,-0.042300000000000004,0.045399999999999885,-0.0484,0.0,0.0894708036001366
2025-09-15,0.002936313438327021,298.2411,4.7066,3.8318,7.256,60.0,0.019838633289962493,-0.042300000000000004,0.045399999999999885,-0.0484,0.0,0.09266983136141271
2025-09-16,0.012321036043099743,298.2411,4.7066,3.8318,7.256,60.0,0.019838633289962493,-0.042300000000000004,0.045399999999999885,-0.0484,0.0,0.10613265573682429
2025-09-17,0.002953617223214655,298.2411,4.7066,3.8318,7.256,60.0,0.019838633289962493,-0.042300000000000004,0.045399999999999885,-0.0484,0.0,0.1093997481999689
2025-09-18,0.009795661835525826,298.2411,4.7066,3.8318,7.256,60.0,0.02160034144563583,-0.042300000000000004,0.045399999999999885,-0.0484,0.0,0.12026705297375351
2025-09-19,0.002232767047257278,298.2411,4.7066,3.8318,7.256,60.0,0.02160034144563583,-0.042300000000000004,0.045399999999999885,-0.0484,0.0,0.12276834833376138
2025-09-22,0.0020171489460860783,298.2411,4.7066,3.8318,7.256,60.0,0.02160034144563583,-0.042300000000000004,0.045399999999999885,-0.0484,0.0,0.1250331393243016
2025-09-23,0.008733320353549956,298.2411,4.7066,3.8318,7.256,60.0,0.02160034144563583,-0.042300000000000004,0.045399999999999885,-0.0484,0.0,0.13485841413838084
2025-09-24,-0.0016461804979304828,298.2411,4.7066,3.8318,7.256,60.0,0.02160034144563583,-0.042300000000000004,0.045399999999999885,-0.0484,0.0,0.1329902323491139
2025-09-25,-0.005258322390142067,298.2411,4.7066,3.8318,7.256,60.0,0.02160034144563583,-0.042300000000000004,0.045399999999999885,-0.0484,0.0,0.12703260444254028
2025-09-26,-0.007114129009605596,298.2411,4.7066,3.8318,7.256,60.0,0.02160034144563583,-0.042300000000000004,0.045399999999999885,-0.0484,0.0,0.11901474909650434
2025-09-29,-0.009218232956206529,298.2411,4.7066,3.8318,7.256,60.0,0.02160034144563583,0.0,0.0,0.0,0.0,0.10869941045790177
2025-09-30,0.011998769110284436,298.2411,4.7066,3.8318,7.256,60.0,0.02160034144563583,0.0,0.0,0.0,0.0,0.12200243869669469
2025-10-01,0.0007740770167998567,298.8163,4.7845,3.8221,7.4301,60.0,0.023570641704049322,0.07790000000000052,-0.009700000000000042,0.17410000000000014,0.0,0.12287095499728329
2025-10-02,0.003327583029855885,298.8163,4.7845,3.8221,7.4301,60.0,0.023570641704049322,0.07790000000000052,-0.009700000000000042,0.17410000000000014,0.0,0.12660740133185033
2025-10-03,-0.010431984300014541,298.8163,4.7845,3.8221,7.4301,60.0,0.023570641704049322,0.07790000000000052,-0.009700000000000042,0.17410000000000014,0.0,0.11485465060887634
2025-10-06,0.006813448045060011,298.8163,4.7845,3.8221,7.4301,60.0,0.023570641704049322,0.07790000000000052,-0.009700000000000042,0.17410000000000014,0.0,0.1224506548485933
2025-10-07,0.01184842964178352,298.8163,4.7845,3.8221,7.4301,60.0,0.023570641704049322,0.07790000000000052,-0.009700000000000042,0.17410000000000014,0.0,0.13574993245894085
2025-10-08,-0.004061774168805354,298.8163,4.7845,3.8221,7.4301,60.0,0.023570641704049322,0.07790000000000052,-0.009700000000000042,0.17410000000000014,0.0,0.13113677272105662
2025-10-09,0.004858592979665522,298.8163,4.7845,3.8221,7.4301,60.0,0.023570641704049322,0.07790000000000052,-0.009700000000000042,0.17410000000000014,0.0,0.13663250590404075
2025-10-10,-0.004155974274801755,298.8163,4.7845,3.8221,7.4301,60.0,0.023570641704049322,0.07790000000000052,-0.009700000000000042,0.17410000000000014,0.0,0.13190869044960007
2025-10-13,0.0010791773651513182,298.8163,4.7845,3.8221,7.4301,60.0,0.023570641704049322,0.07790000000000052,-0.009700000000000042,0.17410000000000014,0.0,0.13313022068775138
2025-10-14,0.013409686780947427,298.8163,4.7845,3.8221,7.4301,60.0,0.023570641704049322,0.07790000000000052,-0.009700000000000042,0.17410000000000014,0.0,0.1483251420292
2025-10-15,-0.008665146041381255,298.8163,4.7845,3.8221,7.4301,60.0,0.023570641704049322,0.07790000000000052,-0.009700000000000042,0.17410000000000014,0.0,0.13837473697052705
2025-10-16,0.010939967573724941,298.8163,4.7845,3.8221,7.4301,60.0,0.023570641704049322,0.07790000000000052,-0.009700000000000042,0.17410000000000014,0.0,0.15082851967973232
2025-10-17,0.005351731735808862,298.8163,4.7845,3.8221,7.4301,60.0,0.023570641704049322,0.07790000000000052,-0.009700000000000042,0.17410000000000014,0.0,0.1569874451909763
2025-10-20,-0.005369035171123237,298.8163,4.7845,3.8221,7.4301,60.0,0.023570641704049322,0.07790000000000052,-0.009700000000000042,0.17410000000000014,0.0,0.1507755389051979
2025-10-21,-0.004105436504604099,298.8163,4.7845,3.8221,7.4301,60.0,0.025457269625299483,0.07790000000000052,-0.009700000000000042,0.17410000000000014,0.0,0.14605110299917112
2025-10-22,-0.012118803969739666,298.8163,4.7845,3.8221,7.4301,60.0,0.025457269625299483,0.07790000000000052,-0.009700000000000042,0.17410000000000014,0.0,0.13216233434262037
2025-10-23,-0.0008153848338671055,298.8163,4.7845,3.8221,7.4301,60.0,0.025457269625299483,0.07790000000000052,-0.009700000000000042,0.17410000000000014,0.0,0.13123918634572185
2025-10-24,0.002063145087164886,298.8163,4.7845,3.8221,7.4301,60.0,0.025457269625299483,0.07790000000000052,-0.009700000000000042,0.17410000000000014,0.0,0.1335730969154394
2025-10-27,-0.0030030749987749795,298.8163,4.7845,3.8221,7.4301,60.0,0.025457269625299483,0.07790000000000052,-0.009700000000000042,0.17410000000000014,0.0,0.13016889188880865
2025-10-28,0.008396691084699537,298.8163,4.7845,3.8221,7.4301,60.0,0.025457269625299483,0.07790000000000052,-0.009700000000000042,0.17410000000000014,0.0,0.1396585709475362
2025-10-29,0.005997469932054101,298.8163,4.7845,3.8221,7.4301,60.0,0.025457269625299483,0.0,0.0,0.0,0.0,0.14649363895960188
2025-10-30,-0.0022980874534218932,298.8163,4.7845,3.8221,7.4301,60.0,0.025457269625299483,0.0,0.0,0.0,0.0,0.14385889631248094
2025-10-31,-0.0016417464549346784,298.8163,4.7845,3.8221,7.4301,60.0,0.025457269625299483,0.0,0.0,0.0,0.0,0.14198097002451449
2025-11-03,-0.0030209307241409024,297.9185,4.7445,3.9803000000000006,7.524500000000001,60.0,0.02237626120417402,-0.040000000000000036,0.15820000000000034,0.09439999999999937,0.0,0.1385311246257832
2025-11-04,9.565863215318381e-05,297.9185,4.7445,3.9803000000000006,7.524500000000001,60.0,0.02237626120417402,-0.040000000000000036,0.15820000000000034,0.09439999999999937,0.0,0.13864003495582877
2025-11-05,0.012166992320530668,297.9185,4.7445,3.9803000000000006,7.524500000000001,60.0,0.02237626120417402,-0.040000000000000036,0.15820000000000034,0.09439999999999937,0.0,0.15249385951698513
2025-11-06,-0.005068293834902593,297.9185,4.7445,3.9803000000000006,7.524500000000001,60.0,0.02237626120417402,-0.040000000000000036,0.15820000000000034,0.09439999999999937,0.0,0.14665268199403214
2025-11-07,-0.0007996822215231236,297.9185,4.7445,3.9803000000000006,7.524500000000001,60.0,0.02237626120417402,-0.040000000000000036,0.15820000000000034,0.09439999999999937,0.0,0.1457357242299797
2025-11-10,-0.008382927620765434,297.9185,4.7445,3.9803000000000006,7.524500000000001,60.0,0.02237626120417402,-0.040000000000000036,0.15820000000000034,0.09439999999999937,0.0,0.13613110458123456
2025-11-11,0.0012090339389272287,297.9185,4.7445,3.9803000000000006,7.524500000000001,60.0,0.02237626120417402,-0.040000000000000036,0.15820000000000034,0.09439999999999937,0.0,0.13750472564574423
2025-11-12,0.0014057230057639813,297.9185,4.7445,3.9803000000000006,7.524500000000001,60.0,0.02237626120417402,-0.040000000000000036,0.15820000000000034,0.09439999999999937,0.0,0.13910374220774968
2025-11-13,-0.004325402341350604,297.9185,4.7445,3.9803000000000006,7.524500000000001,60.0,0.02237626120417402,-0.040000000000000036,0.15820000000000034,0.09439999999999937,0.0,0.13417666021416297
2025-11-14,0.005374945663243114,297.9185,4.7445,3.9803000000000006,7.524500000000001,60.0,0.02237626120417402,-0.040000000000000036,0.15820000000000034,0.09439999999999937,0.0,0.14027279813533244
2025-11-17,-0.008045735037749302,297.9185,4.7445,3.9803000000000006,7.524500000000001,60.0,0.02237626120417402,-0.040000000000000036,0.15820000000000034,0.09439999999999937,0.0,0.1310984653307825
2025-11-18,0.0032066074650625607,297.9185,4.7445,3.9803000000000006,7.524500000000001,60.0,0.02237626120417402,-0.040000000000000036,0.15820000000000034,0.09439999999999937,0.0,0.13472545411343306
2025-11-19,0.004014148636980519,297.9185,4.7445,3.9803000000000006,7.524500000000001,60.0,0.02160251671017077,-0.040000000000000036,0.15820000000000034,0.09439999999999937,0.0,0.13928041074840958
2025-11-20,-0.009669675502094244,297.9185,4.7445,3.9803000000000006,7.524500000000001,60.0,0.02160251671017077,-0.040000000000000036,0.15820000000000034,0.09439999999999937,0.0,0.12826393887057996
2025-11-21,0.0072988229161060954,297.9185,4.7445,3.9803000000000006,7.524500000000001,60.0,0.02160251671017077,-0.040000000000000036,0.15820000000000034,0.09439999999999937,0.0,0.13649893756302478
2025-11-24,-0.006872518888621404,297.9185,4.7445,3.9803000000000006,7.524500000000001,60.0,0.02160251671017077,-0.040000000000000036,0.15820000000000034,0.09439999999999937,0.0,0.12868832714772482
2025-11-25,-0.009401780263177362,297.9185,4.7445,3.9803000000000006,7.524500000000001,60.0,0.02160251671017077,-0.040000000000000036,0.15820000000000034,0.09439999999999937,0.0,0.11807664751026858
2025-11-26,0.010498211699072613,297.9185,4.7445,3.9803000000000006,7.524500000000001,60.0,0.02160251671017077,-0.040000000000000036,0.15820000000000034,0.09439999999999937,0.0,0.12981445285162074
2025-11-27,-0.001503919291412359,297.9185,4.7445,3.9803000000000006,7.524500000000001,60.0,0.02160251671017077,-0.040000000000000036,0.15820000000000034,0.09439999999999937,0.0,0.12811530310026065
2025-11-28,0.0017840237810091031,297.9185,4.7445,3.9803000000000006,7.524500000000001,60.0,0.02160251671017077,-0.040000000000000036,0.15820000000000034,0.09439999999999937,0.0,0.13012788762871197
2025-12-01,0.0038617750537006,298.5634,4.8926,3.9948,7.4403999999999995,60.0,0.023813965354771316,0.14809999999999945,0.014499999999999957,-0.0840999999999994,0.0,0.1344921873126479
2025-12-02,-0.010783468525285689,298.5634,4.8926,3.9948,7.4403999999999995,60.0,0.023813965354771316,0.14809999999999945,0.014499999999999957,-0.0840999999999994,0.0,0.12225842651857954
2025-12-03,-0.010446587204204582,298.5634,4.8926,3.9948,7.4403999999999995,60.0,0.023813965354771316,0.14809999999999945,0.014499999999999957,-0.0840999999999994,0.0,0.11053465600029977
2025-12-04,-0.006935388964339295,298.5634,4.8926,3.9948,7.4403999999999995,60.0,0.023813965354771316,0.14809999999999945,0.014499999999999957,-0.0840999999999994,0.0,0.10283266620255893
2025-12-05,-0.0007159263119806524,298.5634,4.8926,3.9948,7.4403999999999995,60.0,0.023813965354771316,0.14809999999999945,0.014499999999999957,-0.0840999999999994,0.0,0.10204311927911269
2025-12-08,0.004021324437517193,298.5634,4.8926,3.9948,7.4403999999999995,60.0,0.023813965354771316,0.14809999999999945,0.014499999999999957,-0.0840999999999994,0.0,0.10647479220586731
2025-12-09,0.0015742618518131857,298.5634,4.8926,3.9948,7.4403999999999995,60.0,0.023813965354771316,0.14809999999999945,0.014499999999999957,-0.0840999999999994,0.0,0.10821667326122975
2025-12-10,-0.011568911374904012,298.5634,4.8926,3.9948,7.4403999999999995,60.0,0.023813965354771316,0.14809999999999945,0.014499999999999957,-0.0840999999999994,0.0,0.09539581278407971
2025-12-11,0.005311590426098123,298.5634,4.8926,3.9948,7.4403999999999995,60.0,0.023813965354771316,0.14809999999999945,0.014499999999999957,-0.0840999999999994,0.0,0.10121410669605146
2025-12-12,0.0011193787689719459,298.5634,4.8926,3.9948,7.4403999999999995,60.0,0.023813965354771316,0.14809999999999945,0.014499999999999957,-0.0840999999999994,0.0,0.1024467823871793
2025-12-15,-0.014549000854960914,298.5634,4.8926,3.9948,7.4403999999999995,60.0,0.023813965354771316,0.14809999999999945,0.014499999999999957,-0.0840999999999994,0.0,0.08640728320767943
2025-12-16,0.0012187949477546534,298.5634,4.8926,3.9948,7.4403999999999995,60.0,0.023813965354771316,0.14809999999999945,0.014499999999999957,-0.0840999999999994,0.0,0.08773139091565674
2025-12-17,0.0013584080324104853,298.5634,4.8926,3.9948,7.4403999999999995,60.0,0.023813965354771316,0.14809999999999945,0.014499999999999957,-0.0840999999999994,0.0,0.0892089739741817
2025-12-18,0.010190757420755403,298.5634,4.8926,3.9948,7.4403999999999995,60.0,0.023813965354771316,0.14809999999999945,0.014499999999999957,-0.0840999999999994,0.0,0.1003088384084625
2025-12-19,0.013700105721821343,298.5634,4.8926,3.9948,7.4403999999999995,60.0,0.01426256518268132,0.14809999999999945,0.014499999999999957,-0.0840999999999994,0.0,0.1153831858213128
2025-12-22,0.004734248729537116,298.5634,4.8926,3.9948,7.4403999999999995,60.0,0.01426256518268132,0.14809999999999945,0.014499999999999957,-0.0840999999999994,0.0,0.1206636872517346
2025-12-23,0.0049911156135872044,298.5634,4.8926,3.9948,7.4403999999999995,60.0,0.01426256518268132,0.14809999999999945,0.014499999999999957,-0.0840999999999994,0.0,0.12625704927875692
2025-12-24,-0.007895772092152942,298.5634,4.8926,3.9948,7.4403999999999995,60.0,0.01426256518268132,0.14809999999999945,0.014499999999999957,-0.0840999999999994,0.0,0.11736438030047114
2025-12-25,-0.007686243379411761,298.5634,4.8926,3.9948,7.4403999999999995,60.0,0.01426256518268132,0.14809999999999945,0.014499999999999957,-0.0840999999999994,0.0,0.108776045729996
2025-12-26,0.00440016121318354,298.5634,4.8926,3.9948,7.4403999999999995,60.0,0.01426256518268132,0.14809999999999945,0.014499999999999957,-0.0840999999999994,0.0,0.11365483908052432
2025-12-29,0.006432043693560474,298.5634,4.8926,3.9948,7.4403999999999995,60.0,0.01426256518268132,0.0,0.0,0.0,0.0,0.1208179156650353
2025-12-30,-0.0043132006134050105,298.5634,4.8926,3.9948,7.4403999999999995,60.0,0.01426256518268132,0.0,0.0,0.0,0.0,0.11598360314367362
2025-12-31,-0.0055935758846649255,298.5634,4.8926,3.9948,7.4403999999999995,60.0,0.01426256518268132,0.0,0.0,0.0,0.0,0.10974126417344765
2026-01-01,-0.010208245807038507,298.9482,4.8065,3.9858,7.4916,60.0,0.015569785810133574,-0.08610000000000007,-0.009000000000000341,0.05119999999999969,0.0,0.09841275256655146
2026-01-02,-0.0029602185974822114,298.9482,4.8065,3.9858,7.4916,60.0,0.015569785810133574,-0.08610000000000007,-0.009000000000000341,0.05119999999999969,0.0,0.09516121070869232
2026-01-05,-9.425708196671989e-05,298.9482,4.8065,3.9858,7.4916,60.0,0.015569785810133574,-0.08610000000000007,-0.009000000000000341,0.05119999999999969,0.0,0.09505798400868781
2026-01-06,-0.005477443224064749,298.9482,4.8065,3.9858,7.4916,60.0,0.015569785810133574,-0.08610000000000007,-0.009000000000000341,0.05119999999999969,0.0,0.08905986607422145
2026-01-07,0.003680356436532373,298.9482,4.8065,3.9858,7.4916,60.0,0.015569785810133574,-0.08610000000000007,-0.009000000000000341,0.05119999999999969,0.0,0.09306799456209691
2026-01-08,0.0008424924550005985,298.9482,4.8065,3.9858,7.4916,60.0,0.015569785810133574,-0.08610000000000007,-0.009000000000000341,0.05119999999999969,0.0,0.09398889610031813
2026-01-09,-0.010237147187563111,298.9482,4.8065,3.9858,7.4916,60.0,0.015569785810133574,-0.08610000000000007,-0.009000000000000341,0.05119999999999969,0.0,0.08278957074937954
2026-01-12,-0.01226356311472494,298.9482,4.8065,3.9858,7.4916,60.0,0.015569785810133574,-0.08610000000000007,-0.009000000000000341,0.05119999999999969,0.0,0.06951071250852858
2026-01-13,-0.002346862048769038,298.9482,4.8065,3.9858,7.4916,60.0,0.015569785810133574,-0.08610000000000007,-0.009000000000000341,0.05119999999999969,0.0,0.06700071840659039
2026-01-14,0.009658088399327724,298.9482,4.8065,3.9858,7.4916,60.0,0.015569785810133574,-0.08610000000000007,-0.009000000000000341,0.05119999999999969,0.0,0.07730590566710749
2026-01-15,0.00484599117756992,298.9482,4.8065,3.9858,7.4916,60.0,0.015569785810133574,-0.08610000000000007,-0.009000000000000341,0.05119999999999969,0.0,0.08252652058151444
2026-01-16,-0.002169592649959096,298.9482,4.8065,3.9858,7.4916,60.0,0.015569785810133574,-0.08610000000000007,-0.009000000000000341,0.05119999999999969,0.0,0.08017787899907503
2026-01-19,-8.521714956505333e-05,298.9482,4.8065,3.9858,7.4916,60.0,0.015569785810133574,-0.08610000000000007,-0.009000000000000341,0.05119999999999969,0.0,0.0800858293192035
2026-01-20,0.010877457013006376,298.9482,4.8065,3.9858,7.4916,60.0,0.015569785810133574,-0.08610000000000007,-0.009000000000000341,0.05119999999999969,0.0,0.09183441649798052
2026-01-21,-0.0018784909693809193,298.9482,4.8065,3.9858,7.4916,60.0,0.009839363805815182,-0.08610000000000007,-0.009000000000000341,0.05119999999999969,0.0,0.08978341540652979
2026-01-22,-0.001664227018913278,298.9482,4.8065,3.9858,7.4916,60.0,0.009839363805815182,-0.08610000000000007,-0.009000000000000341,0.05119999999999969,0.0,0.08796976840184656
2026-01-23,0.0014727393147508593,298.9482,4.8065,3.9858,7.4916,60.0,0.009839363805815182,-0.08610000000000007,-0.009000000000000341,0.05119999999999969,0.0,0.08957206425303244
2026-01-26,0.004201481642508209,298.9482,4.8065,3.9858,7.4916,60.0,0.009839363805815182,-0.08610000000000007,-0.009000000000000341,0.05119999999999969,0.0,0.09414988127918145
2026-01-27,0.0070059048445354375,298.9482,4.8065,3.9858,7.4916,60.0,0.009839363805815182,-0.08610000000000007,-0.009000000000000341,0.05119999999999969,0.0,0.10181539123308325
2026-01-28,0.0007739287464000544,298.9482,4.8065,3.9858,7.4916,60.0,0.009839363805815182,-0.08610000000000007,-0.009000000000000341,0.05119999999999969,0.0,0.10266811783758456
2026-01-29,0.008632375738415044,298.9482,4.8065,3.9858,7.4916,60.0,0.009839363805815182,0.0,0.0,0.0,0.0,0.11218676334552957
2026-01-30,0.0026987989899158516,298.9482,4.8065,3.9858,7.4916,60.0,0.009839363805815182,0.0,0.0,0.0,0.0,0.11518833185904431
2026-02-02,-0.0011961470633406579,298.6872,4.8375,4.0195,7.535200000000001,60.0,0.00895771248979016,0.031000000000000583,0.03370000000000006,0.04359999999999964,0.0,0.11385440261081925
2026-02-03,0.0028064749314894557,298.6872,4.8375,4.0195,7.535200000000001,60.0,0.00895771248979016,0.031000000000000583,0.03370000000000006,0.04359999999999964,0.0,0.11698040706907586
2026-02-04,0.0020752756077284107,298.6872,4.8375,4.0195,7.535200000000001,60.0,0.00895771248979016,0.031000000000000583,0.03370000000000006,0.04359999999999964,0.0,0.11929844926217692
2026-02-05,-0.0011322135654027177,298.6872,4.8375,4.0195,7.535200000000001,60.0,0.00895771248979016,0.031000000000000583,0.03370000000000006,0.04359999999999964,0.0,0.11803116437418804
2026-02-06,-0.005237529700267363,298.6872,4.8375,4.0195,7.535200000000001,60.0,0.00895771248979016,0.031000000000000583,0.03370000000000006,0.04359999999999964,0.0,0.11217544294495374
2026-02-09,0.009620640231199485,298.6872,4.8375,4.0195,7.535200000000001,60.0,0.00895771248979016,0.031000000000000583,0.03370000000000006,0.04359999999999964,0.0,0.12287528275550219
2026-02-10,0.005416328973487416,298.6872,4.8375,4.0195,7.535200000000001,60.0,0.00895771248979016,0.031000000000000583,0.03370000000000006,0.04359999999999964,0.0,0.1289571446831037
2026-02-11,-0.01156653429989971,298.6872,4.8375,4.0195,7.535200000000001,60.0,0.00895771248979016,0.031000000000000583,0.03370000000000006,0.04359999999999964,0.0,0.11589902314600975
2026-02-12,0.0012496152484126055,298.6872,4.8375,4.0195,7.535200000000001,60.0,0.00895771248979016,0.031000000000000583,0.03370000000000006,0.04359999999999964,0.0,0.11729346758102177
2026-02-13,0.006242499450862115,298.6872,4.8375,4.0195,7.535200000000001,60.0,0.00895771248979016,0.031000000000000583,0.03370000000000006,0.04359999999999964,0.0,0.12426817143884805
2026-02-16,0.019843588769118015,298.6872,4.8375,4.0195,7.535200000000001,60.0,0.00895771248979016,0.031000000000000583,0.03370000000000006,0.04359999999999964,0.0,0.14657768669908866
2026-02-17,-0.009868145849121412,298.6872,4.8375,4.0195,7.535200000000001,60.0,0.00895771248979016,0.031000000000000583,0.03370000000000006,0.04359999999999964,0.0,0.1352630908593937
2026-02-18,0.012616980222968765,298.6872,4.8375,4.0195,7.535200000000001,60.0,0.005167732564792082,0.031000000000000583,0.03370000000000006,0.04359999999999964,0.0,0.14958668282463305
2026-02-19,0.006826698366082207,298.6872,4.8375,4.0195,7.535200000000001,60.0,0.005167732564792082,0.031000000000000583,0.03370000000000006,0.04359999999999964,0.0,0.15743456435394187
2026-02-20,-0.004839001024889822,298.6872,4.8375,4.0195,7.535200000000001,60.0,0.005167732564792082,0.031000000000000583,0.03370000000000006,0.04359999999999964,0.0,0.1518337373107903
2026-02-23,0.004065696422943965,298.6872,4.8375,4.0195,7.535200000000001,60.0,0.005167732564792082,0.031000000000000583,0.03370000000000006,0.04359999999999964,0.0,0.156516743616401
2026-02-24,0.006895762696499097,298.6872,4.8375,4.0195,7.535200000000001,60.0,0.005167732564792082,0.031000000000000583,0.03370000000000006,0.04359999999999964,0.0,0.16449180863490764
2026-02-25,-0.009091242311703806,298.6872,4.8375,4.0195,7.535200000000001,60.0,0.005167732564792082,0.031000000000000583,0.03370000000000006,0.04359999999999964,0.0,0.15390513143261342
2026-02-26,-0.0026621234496305934,298.6872,4.8375,4.0195,7.535200000000001,60.0,0.005167732564792082,0.031000000000000583,0.03370000000000006,0.04359999999999964,0.0,0.15083329352357766
2026-02-27,-0.0018027306679324617,298.6872,4.8375,4.0195,7.535200000000001,60.0,0.005167732564792082,0.031000000000000583,0.03370000000000006,0.04359999999999964,0.0,0.14875865105166497
2026-03-02,0.001569379410588345,299.4892,5.0125,4.0109,7.5951,60.0,0.00786669161465059,0.17499999999999982,-0.008599999999999497,0.05990000000000073,0.0,0.1505614892263607
2026-03-03,-0.0034649774163863166,299.4892,5.0125,4.0109,7.5951,60.0,0.00786669161465059,0.17499999999999982,-0.008599999999999497,0.05990000000000073,0.0,0.1465748196500276
2026-03-04,-0.0043080999915155235,299.4892,5.0125,4.0109,7.5951,60.0,0.00786669161465059,0.17499999999999982,-0.008599999999999497,0.05990000000000073,0.0,0.1416352606792215
2026-03-05,0.002667553781488874,299.4892,5.0125,4.0109,7.5951,60.0,0.00786669161465059,0.17499999999999982,-0.008599999999999497,0.05990000000000073,0.0,0.14468063413592747
2026-03-06,0.0021507508542419227,299.4892,5.0125,4.0109,7.5951,60.0,0.00786669161465059,0.17499999999999982,-0.008599999999999497,0.05990000000000073,0.0,0.14714255698762968
2026-03-09,-0.003387632860789802,299.4892,5.0125,4.0109,7.5951,60.0,0.00786669161465059,0.17499999999999982,-0.008599999999999497,0.05990000000000073,0.0,0.14325645916556784
2026-03-10,0.0018225380721932694,299.4892,5.0125,4.0109,7.5951,60.0,0.00786669161465059,0.17499999999999982,-0.008599999999999497,0.05990000000000073,0.0,0.1453400875886779
2026-03-11,0.007541930900476557,299.4892,5.0125,4.0109,7.5951,60.0,0.00786669161465059,0.17499999999999982,-0.008599999999999497,0.05990000000000073,0.0,0.15397816338681736
2026-03-12,-0.0020849538951941858,299.4892,5.0125,4.0109,7.5951,60.0,0.00786669161465059,0.17499999999999982,-0.008599999999999497,0.05990000000000073,0.0,0.1515721721200951
2026-03-13,-0.0012681552683493137,299.4892,5.0125,4.0109,7.5951,60.0,0.00786669161465059,0.17499999999999982,-0.008599999999999497,0.05990000000000073,0.0,0.1501117998031365
2026-03-16,0.001987271057802953,299.4892,5.0125,4.0109,7.5951,60.0,0.00786669161465059,0.17499999999999982,-0.008599999999999497,0.05990000000000073,0.0,0.152397383696123
2026-03-17,0.00028293754953182535,299.4892,5.0125,4.0109,7.5951,60.0,0.00786669161465059,0.17499999999999982,-0.008599999999999497,0.05990000000000073,0.0,0.15272344018795292
2026-03-18,0.003362634057287006,299.4892,5.0125,4.0109,7.5951,60.0,0.00786669161465059,0.17499999999999982,-0.008599999999999497,0.05990000000000073,0.0,0.15659962728656196
2026-03-19,0.0016474641558436366,299.4892,5.0125,4.0109,7.5951,60.0,0.007426294606290629,0.17499999999999982,-0.008599999999999497,0.05990000000000073,0.0,0.15850508371517869
2026-03-20,0.0047736513439744725,299.4892,5.0125,4.0109,7.5951,60.0,0.007426294606290629,0.17499999999999982,-0.008599999999999497,0.05990000000000073,0.0,0.16403538306505694
2026-03-23,0.008260174523141806,299.4892,5.0125,4.0109,7.5951,60.0,0.007426294606290629,0.17499999999999982,-0.008599999999999497,0.05990000000000073,0.0,0.17365051848028656
2026-03-24,0.012703391826068356,299.4892,5.0125,4.0109,7.5951,60.0,0.007426294606290629,0.17499999999999982,-0.008599999999999497,0.05990000000000073,0.0,0.18855986088341004
2026-03-25,-0.0001313084157742117,299.4892,5.0125,4.0109,7.5951,60.0,0.007426294606290629,0.17499999999999982,-0.008599999999999497,0.05990000000000073,0.0,0.1884037929710245
2026-03-26,-0.0018103546484968369,299.4892,5.0125,4.0109,7.5951,60.0,0.007426294606290629,0.17499999999999982,-0.008599999999999497,0.05990000000000073,0.0,0.18625236064012807
2026-03-27,-0.005570447494468578,299.4892,5.0125,4.0109,7.5951,60.0,0.007426294606290629,0.17499999999999982,-0.008599999999999497,0.05990000000000073,0.0,0.17964440414999294
2026-03-30,-0.006114736838011637,299.4892,5.0125,4.0109,7.5951,60.0,0.007426294606290629,0.0,0.0,0.0,0.0,0.1724311890561827
2026-03-31,0.0064484420239094955,299.4892,5.0125,4.0109,7.5951,60.0,0.007426294606290629,0.0,0.0,0.0,0.0,0.1799915436058348
2026-04-01,0.009334296059605951,299.7306,5.0036,4.0785,7.7494,60.0,0.008238319572526409,-0.008900000000000574,0.06759999999999966,0.15429999999999922,0.0,0.19100593402168298
2026-04-02,-0.00018934762953932706,299.7306,5.0036,4.0785,7.7494,60.0,0.008238319572526409,-0.008900000000000574,0.06759999999999966,0.15429999999999922,0.0,0.19078041987130856
2026-04-03,0.009772492194535787,299.7306,5.0036,4.0785,7.7494,60.0,0.008238319572526409,-0.008900000000000574,0.06759999999999966,0.15429999999999922,0.0,0.2024173122299069
2026-04-06,0.0018646079298171969,299.7306,5.0036,4.0785,7.7494,60.0,0.008238319572526409,-0.008900000000000574,0.06759999999999966,0.15429999999999922,0.0,0.20465934908524042
2026-04-07,0.0010817094683342244,299.7306,5.0036,4.0785,7.7494,60.0,0.008238319572526409,-0.008900000000000574,0.06759999999999966,0.15429999999999922,0.0,0.20596244050926327
2026-04-08,0.002964751313846048,299.7306,5.0036,4.0785,7.7494,60.0,0.008238319572526409,-0.008900000000000574,0.06759999999999966,0.15429999999999922,0.0,0.2095378192392121
2026-04-09,-0.004738726411935723,299.7306,5.0036,4.0785,7.7494,60.0,0.008238319572526409,-0.008900000000000574,0.06759999999999966,0.15429999999999922,0.0,0.20380615042894812
2026-04-10,0.0024295503284959773,299.7306,5.0036,4.0785,7.7494,60.0,0.008238319572526409,-0.008900000000000574,0.06759999999999966,0.15429999999999922,0.0,0.20673085805716807
2026-04-13,-0.0026669333144638705,299.7306,5.0036,4.0785,7.7494,60.0,0.008238319572526409,-0.008900000000000574,0.06759999999999966,0.15429999999999922,0.0,0.20351258733022393
2026-04-14,0.0005417118179452118,299.7306,5.0036,4.0785,7.7494,60.0,0.008238319572526409,-0.008900000000000574,0.06759999999999966,0.15429999999999922,0.0,0.2041645443218265
2026-04-15,-0.012772443215014074,299.7306,5.0036,4.0785,7.7494,60.0,0.008238319572526409,-0.008900000000000574,0.06759999999999966,0.15429999999999922,0.0,0.1887844210579428
2026-04-16,0.003914970690799835,299.7306,5.0036,4.0785,7.7494,60.0,0.008238319572526409,-0.008900000000000574,0.06759999999999966,0.15429999999999922,0.0,0.19343847722406426
2026-04-17,0.00616629019616165,299.7306,5.0036,4.0785,7.7494,60.0,0.008238319572526409,-0.008900000000000574,0.06759999999999966,0.15429999999999922,0.0,0.2007975652058931
2026-04-20,-0.0024891125568254125,299.7306,5.0036,4.0785,7.7494,60.0,0.00949202845419328,-0.008900000000000574,0.06759999999999966,0.15429999999999922,0.0,0.19780864490813377
2026-04-21,0.0026175052025099064,299.7306,5.0036,4.0785,7.7494,60.0,0.00949202845419328,-0.008900000000000574,0.06759999999999966,0.15429999999999922,0.0,0.2009439152677921
2026-04-22,-0.004920364625952444,299.7306,5.0036,4.0785,7.7494,60.0,0.00949202845419328,-0.008900000000000574,0.06759999999999966,0.15429999999999922,0.0,0.19503483330935567
2026-04-23,0.008196726529084519,299.7306,5.0036,4.0785,7.7494,60.0,0.00949202845419328,-0.008900000000000574,0.06759999999999966,0.15429999999999922,0.0,0.20483020703072263
2026-04-24,0.0005722390695758861,299.7306,5.0036,4.0785,7.7494,60.0,0.00949202845419328,-0.008900000000000574,0.06759999999999966,0.15429999999999922,0.0,0.2055196579473908
2026-04-27,0.002529920233160765,299.7306,5.0036,4.0785,7.7494,60.0,0.00949202845419328,-0.008900000000000574,0.06759999999999966,0.15429999999999922,0.0,0.20856952652150507
2026-04-28,-0.0019337629284859714,299.7306,5.0036,4.0785,7.7494,60.0,0.00949202845419328,-0.008900000000000574,0.06759999999999966,0.15429999999999922,0.0,0.20623243957461979
2026-04-29,0.002407784548871761,299.7306,5.0036,4.0785,7.7494,60.0,0.00949202845419328,0.0,0.0,0.0,0.0,0.20913678740497543
2026-04-30,-0.00038674470755776234,299.7306,5.0036,4.0785,7.7494,60.0,0.00949202845419328,0.0,0.0,0.0,0.0,0.2086691601517332
2026-05-01,-0.007951209912962044,300.5958,5.0401,4.2651,7.9871,60.0,0.012406020228868941,0.0365000000000002,0.18660000000000032,0.23770000000000024,0.0,0.19905877794404314
2026-05-04,-0.002291880720958561,300.5958,5.0401,4.2651,7.9871,60.0,0.012406020228868941,0.0365000000000002,0.18660000000000032,0.23770000000000024,0.0,0.19631067824757698
2026-05-05,-0.005529797915437884,300.5958,5.0401,4.2651,7.9871,60.0,0.012406020228868941,0.0365000000000002,0.18660000000000032,0.23770000000000024,0.0,0.1896953219527875
2026-05-06,-0.011498251325168107,300.5958,5.0401,4.2651,7.9871,60.0,0.012406020228868941,0.0365000000000002,0.18660000000000032,0.23770000000000024,0.0,0.17601590614059748
2026-05-07,0.000448906044060926,300.5958,5.0401,4.2651,7.9871,60.0,0.012406020228868941,0.0365000000000002,0.18660000000000032,0.23770000000000024,0.0,0.17654382678877578
2026-05-08,0.007242644220961725,300.5958,5.0401,4.2651,7.9871,60.0,0.012406020228868941,0.0365000000000002,0.18660000000000032,0.23770000000000024,0.0,0.18506511513657564
2026-05-11,0.006338525443944432,300.5958,5.0401,4.2651,7.9871,60.0,0.012406020228868941,0.0365000000000002,0.18660000000000032,0.23770000000000024,0.0,0.19257668052159982
2026-05-12,-0.00921204373829323,300.5958,5.0401,4.2651,7.9871,60.0,0.012406020228868941,0.0365000000000002,0.18660000000000032,0.23770000000000024,0.0,0.1815906119793662
2026-05-13,-0.008925105970033376,300.5958,5.0401,4.2651,7.9871,60.0,0.012406020228868941,0.0365000000000002,0.18660000000000032,0.23770000000000024,0.0,0.1710447905542538
2026-05-14,0.005744124185309984,300.5958,5.0401,4.2651,7.9871,60.0,0.012406020228868941,0.0365000000000002,0.18660000000000032,0.23770000000000024,0.0,0.1777714172577578
2026-05-15,-0.006816711167544109,300.5958,5.0401,4.2651,7.9871,60.0,0.012406020228868941,0.0365000000000002,0.18660000000000032,0.23770000000000024,0.0,0.16974288968492268
2026-05-18,-0.009803464718983657,300.5958,5.0401,4.2651,7.9871,60.0,0.012406020228868941,0.0365000000000002,0.18660000000000032,0.23770000000000024,0.0,0.15827535653561453
2026-05-19,-0.002674781627230538,300.5958,5.0401,4.2651,7.9871,60.0,0.012406020228868941,0.0365000000000002,0.18660000000000032,0.23770000000000024,0.0,0.1551772228926791
2026-05-20,-0.008539802806240804,300.5958,5.0401,4.2651,7.9871,60.0,0.010629238120821949,0.0365000000000002,0.18660000000000032,0.23770000000000024,0.0,0.14531223720291475
2026-05-21,-0.0029521237355814357,300.5958,5.0401,4.2651,7.9871,60.0,0.010629238120821949,0.0365000000000002,0.18660000000000032,0.23770000000000024,0.0,0.1419311337628162
2026-05-22,0.006464783215772274,300.5958,5.0401,4.2651,7.9871,60.0,0.010629238120821949,0.0365000000000002,0.18660000000000032,0.23770000000000024,0.0,0.14931347098993375
2026-05-25,0.003200106780496581,300.5958,5.0401,4.2651,7.9871,60.0,0.010629238120821949,0.0365000000000002,0.18660000000000032,0.23770000000000024,0.0,0.15299139682136476
2026-05-26,-0.00873094520267027,300.5958,5.0401,4.2651,7.9871,60.0,0.010629238120821949,0.0365000000000002,0.18660000000000032,0.23770000000000024,0.0,0.14292469211656722
2026-05-27,-0.0015364003983299845,300.5958,5.0401,4.2651,7.9871,60.0,0.010629238120821949,0.0365000000000002,0.18660000000000032,0.23770000000000024,0.0,0.1411687021643382
2026-05-28,-0.0030933249183635715,300.5958,5.0401,4.2651,7.9871,60.0,0.010629238120821949,0.0365000000000002,0.18660000000000032,0.23770000000000024,0.0,0.13763869658187655
2026-05-29,0.007996598962863043,300.5958,5.0401,4.2651,7.9871,60.0,0.010629238120821949,0.0,0.0,0.0,0.0,0.14673593700307608
2026-06-01,0.0028154869150736283,301.7523,5.0077,4.3157,8.1637,60.0,0.014517491762046308,-0.032399999999999984,0.05059999999999931,0.17660000000000053,0.0,0.1499645570287529
2026-06-02,-0.015946568120226257,301.7523,5.0077,4.3157,8.1637,60.0,0.014517491762046308,-0.032399999999999984,0.05059999999999931,0.17660000000000053,0.0,0.13162656888424817
2026-06-03,0.007420948863889732,301.7523,5.0077,4.3157,8.1637,60.0,0.014517491762046308,-0.032399999999999984,0.05059999999999931,0.17660000000000053,0.0,0.1400243117849571
2026-06-04,0.011142299492896423,301.7523,5.0077,4.3157,8.1637,60.0,0.014517491762046308,-0.032399999999999984,0.05059999999999931,0.17660000000000053,0.0,0.15272680409604833
2026-06-05,0.016385853395891836,301.7523,5.0077,4.3157,8.1637,60.0,0.014517491762046308,-0.032399999999999984,0.05059999999999931,0.17660000000000053,0.0,0.171615216513481
2026-06-08,0.004695919247638491,301.7523,5.0077,4.3157,8.1637,60.0,0.014517491762046308,-0.032399999999999984,0.05059999999999931,0.17660000000000053,0.0,0.1771170269595328
2026-06-09,-0.009632990696079003,301.7523,5.0077,4.3157,8.1637,60.0,0.014517491762046308,-0.032399999999999984,0.05059999999999931,0.17660000000000053,0.0,0.16577786959063534
2026-06-10,-0.0035282400402735004,301.7523,5.0077,4.3157,8.1637,60.0,0.014517491762046308,-0.032399999999999984,0.05059999999999931,0.17660000000000053,0.0,0.16166472543308097
2026-06-11,-0.0035353685848767747,301.7523,5.0077,4.3157,8.1637,60.0,0.014517491762046308,-0.032399999999999984,0.05059999999999931,0.17660000000000053,0.0,0.15755781245662526
2026-06-12,0.00500897761118776,301.7523,5.0077,4.3157,8.1637,60.0,0.014517491762046308,-0.032399999999999984,0.05059999999999931,0.17660000000000053,0.0,0.1633559936228759
2026-06-15,-0.010208392157986657,301.7523,5.0077,4.3157,8.1637,60.0,0.014517491762046308,-0.032399999999999984,0.05059999999999931,0.17660000000000053,0.0,0.15147999942062929
2026-06-16,-0.004129949088183982,301.7523,5.0077,4.3157,8.1637,60.0,0.014517491762046308,-0.032399999999999984,0.05059999999999931,0.17660000000000053,0.0,0.14672444564695986
2026-06-17,-0.000823703763108774,301.7523,5.0077,4.3157,8.1637,60.0,0.014517491762046308,-0.032399999999999984,0.05059999999999931,0.17660000000000053,0.0,0.14577988440583156
2026-06-18,-0.0003972157857952019,301.7523,5.0077,4.3157,8.1637,60.0,0.017247052112992378,-0.032399999999999984,0.05059999999999931,0.17660000000000053,0.0,0.14532476254869886
2026-06-19,0.005361499943904146,301.7523,5.0077,4.3157,8.1637,60.0,0.017247052112992378,-0.032399999999999984,0.05059999999999931,0.17660000000000053,0.0,0.15146542119885575
2026-06-22,0.008817139448655009,301.7523,5.0077,4.3157,8.1637,60.0,0.017247052112992378,-0.032399999999999984,0.05059999999999931,0.17660000000000053,0.0,0.1616180523878703
2026-06-23,-0.006137139572538286,301.7523,5.0077,4.3157,8.1637,60.0,0.017247052112992378,-0.032399999999999984,0.05059999999999931,0.17660000000000053,0.0,0.1544890402703858
2026-06-24,-0.004383433973380713,301.7523,5.0077,4.3157,8.1637,60.0,0.017247052112992378,-0.032399999999999984,0.05059999999999931,0.17660000000000053,0.0,0.14942841378936889
2026-06-25,0.00016116111261127442,301.7523,5.0077,4.3157,8.1637,60.0,0.017247052112992378,-0.032399999999999984,0.05059999999999931,0.17660000000000053,0.0,0.14961365695140216
2026-06-26,-0.008689141890511487,301.7523,5.0077,4.3157,8.1637,60.0,0.017247052112992378,-0.032399999999999984,0.05059999999999931,0.17660000000000053,0.0,0.1396245007668817
2026-06-29,-0.004117071512303316,301.7523,5.0077,4.3157,8.1637,60.0,0.017247052112992378,0.0,0.0,0.0,0.0,0.13493258520005136
2026-06-30,-0.0011638034369963913,301.7523,5.0077,4.3157,8.1637,60.0,0.017247052112992378,0.0,0.0,0.0,0.0,0.13361174675663623
2026-07-01,-0.001477332809332943,301.3759,5.1324,4.2965,8.2428,60.0,0.01597815775687539,0.12469999999999981,-0.019199999999999662,0.07910000000000039,0.0,0.1319370249301075
2026-07-02,-0.006357208217826637,301.3759,5.1324,4.2965,8.2428,60.0,0.01597815775687539,0.12469999999999981,-0.019199999999999662,0.07910000000000039,0.0,0.12474106557315956
2026-07-03,-0.0007353795900387316,301.3759,5.1324,4.2965,8.2428,60.0,0.01597815775687539,0.12469999999999981,-0.019199999999999662,0.07910000000000039,0.0,0.1239139539494587
2026-07-06,0.016210869824614605,301.3759,5.1324,4.2965,8.2428,60.0,0.01597815775687539,0.12469999999999981,-0.019199999999999662,0.07910000000000039,0.0,0.14213357675100124
2026-07-07,-0.0025186854264209633,301.3759,5.1324,4.2965,8.2428,60.0,0.01597815775687539,0.12469999999999981,-0.019199999999999662,0.07910000000000039,0.0,0.1392569015562124
2026-07-08,-0.0019261071213601654,301.3759,5.1324,4.2965,8.2428,60.0,0.01597815775687539,0.12469999999999981,-0.019199999999999662,0.07910000000000039,0.0,0.1370625707250661
2026-07-09,-0.004186395188056769,301.3759,5.1324,4.2965,8.2428,60.0,0.01597815775687539,0.12469999999999981,-0.019199999999999662,0.07910000000000039,0.0,0.13230237745046325
2026-07-10,0.0014392548627180646,301.3759,5.1324,4.2965,8.2428,60.0,0.01597815775687539,0.12469999999999981,-0.019199999999999662,0.07910000000000039,0.0,0.13393204915327606
2026-07-13,0.004645268334158559,301.3759,5.1324,4.2965,8.2428,60.0,0.01597815775687539,0.12469999999999981,-0.019199999999999662,0.07910000000000039,0.0,0.13919946779429515
2026-07-14,-0.00024031751364861353,301.3759,5.1324,4.2965,8.2428,60.0,0.01597815775687539,0.12469999999999981,-0.019199999999999662,0.07910000000000039,0.0,0.13892569821064504
2026-07-15,-0.003909088885888934,301.3759,5.1324,4.2965,8.2428,60.0,0.01597815775687539,0.12469999999999981,-0.019199999999999662,0.07910000000000039,0.0,0.1344735364219165
2026-07-16,-0.008904008645832217,301.3759,5.1324,4.2965,8.2428,60.0,0.01597815775687539,0.12469999999999981,-0.019199999999999662,0.07910000000000039,0.0,0.12437217424514802
2026-07-17,-0.0022412628895782105,301.3759,5.1324,4.2965,8.2428,60.0,0.01597815775687539,0.12469999999999981,-0.019199999999999662,0.07910000000000039,0.0,0.12185216061693804
2026-07-20,-9.738199685536131e-05,301.3759,5.1324,4.2965,8.2428,60.0,0.01597815775687539,0.12469999999999981,-0.019199999999999662,0.07910000000000039,0.0,0.12174291241336066
2026-07-21,0.000457048569079066,301.3759,5.1324,4.2965,8.2428,60.0,0.011941461187061186,0.12469999999999981,-0.019199999999999662,0.07910000000000039,0.0,0.12225560340635377
2026-07-22,-0.0013161428495192973,301.3759,5.1324,4.2965,8.2428,60.0,0.011941461187061186,0.12469999999999981,-0.019199999999999662,0.07910000000000039,0.0,0.12077855471859755
2026-07-23,0.006692870517030302,301.3759,5.1324,4.2965,8.2428,60.0,0.011941461187061186,0.12469999999999981,-0.019199999999999662,0.07910000000000039,0.0,0.12827978046359356
2026-07-24,0.00486794577672024,301.3759,5.1324,4.2965,8.2428,60.0,0.011941461187061186,0.12469999999999981,-0.019199999999999662,0.07910000000000039,0.0,0.1337721852558602
2026-07-27,0.005624871321618419,301.3759,5.1324,4.2965,8.2428,60.0,0.011941461187061186,0.12469999999999981,-0.019199999999999662,0.07910000000000039,0.0,0.1401495079059547
2026-07-28,-0.0013827620964031672,301.3759,5.1324,4.2965,8.2428,60.0,0.011941461187061186,0.12469999999999981,-0.019199999999999662,0.07910000000000039,0.0,0.1385729523821897
2026-07-29,0.0009448504138904301,301.3759,5.1324,4.2965,8.2428,60.0,0.011941461187061186,0.0,0.0,0.0,0.0,0.13964873350749252
2026-07-30,0.01882904750248594,301.3759,5.1324,4.2965,8.2428,60.0,0.011941461187061186,0.0,0.0,0.0,0.0,0.1611072336468531
2026-07-31,-0.0037841790466362933,301.3759,5.1324,4.2965,8.2428,60.0,0.011941461187061186,0.0,0.0,0.0,0.0,0.15671339598238876
2026-08-03,-9.381121998350839e-05,302.0723,5.2038,4.3346,8.332,60.0,0.014279790275653514,0.07140000000000057,0.03810000000000002,0.08919999999999995,0.0,0.1566048832875404
2026-08-04,0.0036955214145454216,302.0723,5.2038,4.3346,8.332,60.0,0.014279790275653514,0.07140000000000057,0.03810000000000002,0.08919999999999995,0.0,0.1608791414018973
2026-08-05,-0.005152689026210166,302.0723,5.2038,4.3346,8.332,60.0,0.014279790275653514,0.07140000000000057,0.03810000000000002,0.08919999999999995,0.0,0.15489749218923943
2026-08-06,-0.0001646190615076648,302.0723,5.2038,4.3346,8.332,60.0,0.014279790275653514,0.07140000000000057,0.03810000000000002,0.08919999999999995,0.0,0.15470737404793766
2026-08-07,-0.0007956313553295957,302.0723,5.2038,4.3346,8.332,60.0,0.014279790275653514,0.07140000000000057,0.03810000000000002,0.08919999999999995,0.0,0.15378865265491481
2026-08-10,-0.011466736909610087,302.0723,5.2038,4.3346,8.332,60.0,0.014279790275653514,0.07140000000000057,0.03810000000000002,0.08919999999999995,0.0,0.14055846172562747
2026-08-11,0.009249212939564,302.0723,5.2038,4.3346,8.332,60.0,0.014279790275653514,0.07140000000000057,0.03810000000000002,0.08919999999999995,0.0,0.15110772980814935
2026-08-12,-0.0018804914458728894,302.0723,5.2038,4.3346,8.332,60.0,0.014279790275653514,0.07140000000000057,0.03810000000000002,0.08919999999999995,0.0,0.14894308156896696
2026-08-13,0.005581072854233626,302.0723,5.2038,4.3346,8.332,60.0,0.014279790275653514,0.07140000000000057,0.03810000000000002,0.08919999999999995,0.0,0.15535541661257102
2026-08-14,-0.007109988555070579,302.0723,5.2038,4.3346,8.332,60.0,0.014279790275653514,0.07140000000000057,0.03810000000000002,0.08919999999999995,0.0,0.14714085282341682
2026-08-17,-0.007171321802074959,302.0723,5.2038,4.3346,8.332,60.0,0.014279790275653514,0.07140000000000057,0.03810000000000002,0.08919999999999995,0.0,0.13891433661551345
2026-08-18,0.003386091494960053,302.0723,5.2038,4.3346,8.332,60.0,0.014279790275653514,0.07140000000000057,0.03810000000000002,0.08919999999999995,0.0,0.1427708047642151
2026-08-19,0.009085208830036984,302.0723,5.2038,4.3346,8.332,60.0,0.01284598266301984,0.07140000000000057,0.03810000000000002,0.08919999999999995,0.0,0.15315311617036742
2026-08-20,-0.008793819713946282,302.0723,5.2038,4.3346,8.332,60.0,0.01284598266301984,0.07140000000000057,0.03810000000000002,0.08919999999999995,0.0,0.14301249556418982
2026-08-21,-0.003905702737327077,302.0723,5.2038,4.3346,8.332,60.0,0.01284598266301984,0.07140000000000057,0.03810000000000002,0.08919999999999995,0.0,0.13854822853146564
