date,ticker,predicted_return,model_used,predicted_probability,forward_return
2025-08-27,AAPL,-0.003127543733006063,Ridge Regression,0.43015376371594694,0.056393538895042505
2025-08-27,AMZN,-0.01825363304998314,Ridge Regression,0.40171671177319046,0.1602489252301671
2025-08-27,GOOGL,0.02505071147585445,Ridge Regression,0.5943373973274865,-0.14360383877584093
2025-08-27,JNJ,-0.022413104953658808,Ridge Regression,0.31687098550241805,0.005649042508197422
2025-08-27,JPM,-0.00791002212507157,Ridge Regression,0.46937684809498503,0.004101952980422485
2025-08-27,META,0.02344731009763154,Ridge Regression,0.6493911227349398,0.05610903986389171
2025-08-27,MSFT,0.004330164431468881,Ridge Regression,0.4936331903115117,-0.0810411887166036
2025-08-27,NVDA,-0.03440897229549359,Ridge Regression,0.2902549148017876,-0.021872449978329156
2025-08-27,TSLA,-0.027022831745679314,Ridge Regression,0.36602621387971235,0.10628101625565356
2025-08-27,XOM,-0.057850876080479355,Ridge Regression,0.23292506056646106,-0.15786121677797615
2025-08-28,AAPL,-0.006242309260642875,Ridge Regression,0.4201182699603111,0.0018121420702803537
2025-08-28,AMZN,-0.018007447122818508,Ridge Regression,0.4046403740266657,0.14930458925413959
2025-08-28,GOOGL,0.028677164364085024,Ridge Regression,0.6075240844701746,-0.1448765171151467
2025-08-28,JNJ,-0.026769410972995275,Ridge Regression,0.3056918104719581,-0.013868363071369294
2025-08-28,JPM,-0.011318035077402526,Ridge Regression,0.45372180200478623,-0.008038351824476653
2025-08-28,META,0.019316819631771537,Ridge Regression,0.6372805965026884,0.12747041056245534
2025-08-28,MSFT,-0.0001760233777053752,Ridge Regression,0.47978610683063116,-0.10827939654874552
2025-08-28,NVDA,-0.031198871787859933,Ridge Regression,0.3004217390774418,-0.024612840253358637
2025-08-28,TSLA,-0.02188861641908532,Ridge Regression,0.38139012851224957,0.10425027225480776
2025-08-28,XOM,-0.059955498870823666,Ridge Regression,0.2253887151555944,-0.16784445124462377
2025-08-29,AAPL,-0.0019345808948345701,Ridge Regression,0.470612119151446,0.037314196503283936
2025-08-29,AMZN,-0.012024779431864566,Ridge Regression,0.4621929425385833,0.1472514798854907
2025-08-29,GOOGL,0.02717929777290421,Ridge Regression,0.6394428712592827,-0.18646324243476997
2025-08-29,JNJ,-0.02359377511303947,Ridge Regression,0.3497821497882084,-0.009372012082903614
2025-08-29,JPM,-0.008343899536521008,Ridge Regression,0.49488615226631993,-0.012218370464917472
2025-08-29,META,0.029170144145683648,Ridge Regression,0.6938705731150716,0.16498525518276907
2025-08-29,MSFT,0.004325721329291451,Ridge Regression,0.5305507566473865,-0.11016930656718338
2025-08-29,NVDA,-0.026973851332040152,Ridge Regression,0.34420441543255503,-0.015224671286133917
2025-08-29,TSLA,-0.015813271524888657,Ridge Regression,0.4367796292465988,0.14927122023541495
2025-08-29,XOM,-0.05065147800198674,Ridge Regression,0.28386712806068776,-0.21916567439627943
2025-09-01,AAPL,-0.020930169615200764,Ridge Regression,0.3946390373335216,-0.020601313791367204
2025-09-01,AMZN,-0.014018860546806245,Ridge Regression,0.4506208396609005,0.11563519592745974
2025-09-01,GOOGL,0.02696337936378146,Ridge Regression,0.6448406193649261,-0.13033048698967087
2025-09-01,JNJ,-0.02534098603376006,Ridge Regression,0.3413873942735577,0.00021434131295650083
2025-09-01,JPM,-0.004894363615139358,Ridge Regression,0.4918824908797485,-0.023232214396444073
2025-09-01,META,0.02945989900618398,Ridge Regression,0.6896927638442742,0.12828457217916367
2025-09-01,MSFT,-0.0014584295076440347,Ridge Regression,0.5042078392620196,-0.13562601002770747
2025-09-01,NVDA,-0.02117617566792368,Ridge Regression,0.3537668578793414,-0.023446575694085037
2025-09-01,TSLA,-0.010064133654992537,Ridge Regression,0.44644116362112474,0.12902325823462446
2025-09-01,XOM,-0.05988730724215932,Ridge Regression,0.2604643356591667,-0.21970314549225844
2025-09-02,AAPL,-0.017531854950745725,Ridge Regression,0.4115633311269545,-0.05118355958883436
2025-09-02,AMZN,-0.012653750489263505,Ridge Regression,0.44919911804927404,0.1928510742206564
2025-09-02,GOOGL,0.03422089877549883,Ridge Regression,0.6653368840523862,-0.09711172360411024
2025-09-02,JNJ,-0.020456917123457305,Ridge Regression,0.36256117563953166,0.00943808856694095
2025-09-02,JPM,-0.003343298561440629,Ridge Regression,0.5116324733844057,-0.02785760797077963
2025-09-02,META,0.024953904295479702,Ridge Regression,0.668111936986662,0.1275918519673893
2025-09-02,MSFT,0.0009919679013115825,Ridge Regression,0.5152231500781939,-0.09855916487628902
2025-09-02,NVDA,-0.019236948905188768,Ridge Regression,0.352622882799734,-0.0463145190544515
2025-09-02,TSLA,-0.004959853846558894,Ridge Regression,0.46316995348252943,0.17276923908081554
2025-09-02,XOM,-0.056515378447407005,Ridge Regression,0.2748079418482734,-0.18726326208654476
2025-09-03,AAPL,-0.027010670697201818,Ridge Regression,0.39048408041805027,-0.050441145428216205
2025-09-03,AMZN,-0.012061038062415146,Ridge Regression,0.4506856929864474,0.200156829744909
2025-09-03,GOOGL,0.031140135869983862,Ridge Regression,0.6546038290416419,-0.14169868874489022
2025-09-03,JNJ,-0.01715585243164039,Ridge Regression,0.37781558331158305,0.047474009791523386
2025-09-03,JPM,-0.0008339764494948716,Ridge Regression,0.5182806072802245,-0.04862474095996916
2025-09-03,META,0.022160847179673003,Ridge Regression,0.6525841766082254,0.1422749405460313
2025-09-03,MSFT,-0.001193692789929954,Ridge Regression,0.505837627199441,-0.06359182519178141
2025-09-03,NVDA,-0.013738699581897188,Ridge Regression,0.36527137589734066,-0.05064204931836014
2025-09-03,TSLA,-0.008093001847117023,Ridge Regression,0.45370938070931105,0.1421229996740654
2025-09-03,XOM,-0.04186871604545216,Ridge Regression,0.3240546852348319,-0.138901020747906
2025-09-04,AAPL,-0.036982218699065865,Ridge Regression,0.35773396117490985,-0.07377971073000655
2025-09-04,AMZN,-0.010487791508325323,Ridge Regression,0.4520770610607611,0.20219051459766013
2025-09-04,GOOGL,0.02496761531062238,Ridge Regression,0.631182060172949,-0.14400791731545992
2025-09-04,JNJ,-0.014213620988239284,Ridge Regression,0.3895299673071522,0.062092746811729826
2025-09-04,JPM,0.0007902639383283699,Ridge Regression,0.5268734361073056,-0.06309938481589772
2025-09-04,META,0.027762113521690432,Ridge Regression,0.6797038066929525,0.1483819580222301
2025-09-04,MSFT,0.0002989636016976667,Ridge Regression,0.5032117472896935,-0.12315292776624243
2025-09-04,NVDA,-0.005258938393331499,Ridge Regression,0.39355802931856376,-0.029059360340821128
2025-09-04,TSLA,-0.0049158913265398545,Ridge Regression,0.46896730838693923,0.15254564075028032
2025-09-04,XOM,-0.03997990151178099,Ridge Regression,0.3296184685249073,-0.06985560378456979
2025-09-05,AAPL,-0.032978856115697286,Ridge Regression,0.36983953558882354,-0.10764719420090652
2025-09-05,AMZN,-0.009016400352006636,Ridge Regression,0.4507778084095703,0.23041698983839454
2025-09-05,GOOGL,0.02350011203621665,Ridge Regression,0.6250182940425931,-0.12992360927091895
2025-09-05,JNJ,-0.011320919849477471,Ridge Regression,0.3956416518672729,0.027234041821004196
2025-09-05,JPM,0.0013956354727307693,Ridge Regression,0.5246037674505514,-0.0753759471953035
2025-09-05,META,0.03200792144368531,Ridge Regression,0.7011903110483273,0.10224631226884595
2025-09-05,MSFT,-0.010710326019180011,Ridge Regression,0.4618305552045763,-0.03876465509453564
2025-09-05,NVDA,-0.0012956237048743669,Ridge Regression,0.4096241456796372,-0.04010294331269848
2025-09-05,TSLA,-0.006672902733200451,Ridge Regression,0.47038771417621694,0.1949996805821459
2025-09-05,XOM,-0.04213769034661475,Ridge Regression,0.3177683931615377,-0.005078271476694485
2025-09-08,AAPL,-0.028852607290254323,Ridge Regression,0.3861050283413783,-0.08284106737779151
2025-09-08,AMZN,-0.013915339100015101,Ridge Regression,0.4288116497165504,0.21112321929928957
2025-09-08,GOOGL,0.0181838860108732,Ridge Regression,0.6221549996130701,-0.12640572134652428
2025-09-08,JNJ,-0.01662025749933911,Ridge Regression,0.38035724952806904,0.052171111311438256
2025-09-08,JPM,-0.0030443084485382967,Ridge Regression,0.5061728536581948,-0.09710176344694499
2025-09-08,META,0.03763261416116876,Ridge Regression,0.7124392902839581,0.10113661704190346
2025-09-08,MSFT,-0.010358561214131017,Ridge Regression,0.4662475745470361,-0.04573736409146889
2025-09-08,NVDA,0.0025824588234090824,Ridge Regression,0.4265418239109767,-0.0014200317854031752
2025-09-08,TSLA,-0.0015570522704939234,Ridge Regression,0.49388241346262135,0.20179920309845256
2025-09-08,XOM,-0.028996713274188977,Ridge Regression,0.36163643955067054,0.04899884174526492
2025-09-09,AAPL,-0.02844459589179392,Ridge Regression,0.3856085744968363,-0.06569073009439819
2025-09-09,AMZN,-0.01878420001539765,Ridge Regression,0.40800428649380893,0.20046898073067543
2025-09-09,GOOGL,0.018089513636191358,Ridge Regression,0.6287568335286716,-0.1386052535205019
2025-09-09,JNJ,-0.020452755566177407,Ridge Regression,0.3635939265957631,0.07048835430334344
2025-09-09,JPM,-0.006800428531350435,Ridge Regression,0.4999956217479596,-0.07762591128544183
2025-09-09,META,0.03713581673331128,Ridge Regression,0.7108460646976965,0.08798766235854405
2025-09-09,MSFT,-0.013705826187126681,Ridge Regression,0.4537184806260112,-0.038498167655896975
2025-09-09,NVDA,0.009610210462783306,Ridge Regression,0.46040409023315954,0.06843708152874073
2025-09-09,TSLA,0.0014049563739189906,Ridge Regression,0.49964511616486024,0.2179985708473562
2025-09-09,XOM,-0.02595079805696862,Ridge Regression,0.3787216110822927,0.07973619419192768
2025-09-10,AAPL,-0.030020277211553766,Ridge Regression,0.3775961344187243,-0.05723070122737184
2025-09-10,AMZN,-0.018967027548058818,Ridge Regression,0.4125512957679872,0.15825666286788298
2025-09-10,GOOGL,0.02292686042864394,Ridge Regression,0.645481890796328,-0.10976873021349332
2025-09-10,JNJ,-0.021922148691123383,Ridge Regression,0.34625105659809374,0.01195643185308537
2025-09-10,JPM,-0.0059373061157775246,Ridge Regression,0.5055722493330933,-0.11350778898978264
2025-09-10,META,0.038995318267183145,Ridge Regression,0.7148450251189697,0.10015758673845054
2025-09-10,MSFT,-0.01703533263255104,Ridge Regression,0.4483762870517671,0.010344633337688425
2025-09-10,NVDA,0.010446454006359284,Ridge Regression,0.4564035813541445,0.05458018776154083
2025-09-10,TSLA,-0.0052081279488686,Ridge Regression,0.48134168647575415,0.1803735517370686
2025-09-10,XOM,-0.008574628709676409,Ridge Regression,0.4300056623609251,0.10716393287802273
2025-09-11,AAPL,-0.022780996624005304,Ridge Regression,0.4130361797383796,-0.014399254394076189
2025-09-11,AMZN,-0.02093404967841541,Ridge Regression,0.40555163889404316,0.1786883787640845
2025-09-11,GOOGL,0.025556281800959403,Ridge Regression,0.6547954173551024,-0.08873073672470178
2025-09-11,JNJ,-0.021111076276711487,Ridge Regression,0.3493985727403827,0.02064401146535033
2025-09-11,JPM,-0.0056060791551033155,Ridge Regression,0.5085121360986804,-0.08619924013564984
2025-09-11,META,0.03103673402324672,Ridge Regression,0.6923293574758405,0.03458451709601751
2025-09-11,MSFT,-0.015034438105016102,Ridge Regression,0.45022704504916833,0.03373329568137162
2025-09-11,NVDA,0.007177226503832734,Ridge Regression,0.45923912407463635,0.06061382121546277
2025-09-11,TSLA,-0.006407153157179575,Ridge Regression,0.4652177116141841,0.1730218596479094
2025-09-11,XOM,-0.016533164635509225,Ridge Regression,0.39168534894174667,0.07470576982809174
2025-09-12,AAPL,-0.022227028515548336,Ridge Regression,0.4179882101626878,-0.039519617668237306
2025-09-12,AMZN,-0.018614605876608882,Ridge Regression,0.41782243998737867,0.18532234835543338
2025-09-12,GOOGL,0.026812665923086322,Ridge Regression,0.6514014801255577,-0.10491117732945443
2025-09-12,JNJ,-0.02072297688932309,Ridge Regression,0.3473749264994423,0.02668072835480695
2025-09-12,JPM,-0.002569020225646673,Ridge Regression,0.5162492470782247,-0.059746532220401605
2025-09-12,META,0.026479219695081255,Ridge Regression,0.6781525037641318,0.04708344268134734
2025-09-12,MSFT,-0.013055743367930675,Ridge Regression,0.47060559233222166,0.027841673307256842
2025-09-12,NVDA,0.005144167466299402,Ridge Regression,0.4506398290458182,0.05778773912120805
2025-09-12,TSLA,-0.009012771501856776,Ridge Regression,0.46291452517116494,0.16567041010402606
2025-09-12,XOM,-0.008525136297410578,Ridge Regression,0.43711037157624993,0.0800454390177967
2025-09-15,AAPL,-0.010259398466769631,Ridge Regression,0.44406747890687903,-0.01639294771224864
2025-09-15,AMZN,-0.02113877284451056,Ridge Regression,0.40144305070522684,0.154578323029817
2025-09-15,GOOGL,0.018713521258414703,Ridge Regression,0.6228861653873214,-0.09556312416552604
2025-09-15,JNJ,-0.019814480268467168,Ridge Regression,0.3489060748771311,0.041938848866947875
2025-09-15,JPM,-0.0029150597490630098,Ridge Regression,0.5085203911020766,-0.060446880090543886
2025-09-15,META,0.02884330611092751,Ridge Regression,0.6868544119312897,0.08771316041739707
2025-09-15,MSFT,-0.012464392739409231,Ridge Regression,0.4733560536494015,0.00576751809265974
2025-09-15,NVDA,0.006933986711837402,Ridge Regression,0.4655302104972981,0.06523571587218813
2025-09-15,TSLA,-0.008042481496855424,Ridge Regression,0.47094122692883905,0.152177375354843
2025-09-15,XOM,-0.01117150915882399,Ridge Regression,0.4238809769284552,0.02456164033883379
2025-09-16,AAPL,-0.01315871994616529,Ridge Regression,0.42593948691455247,-0.042493355743918215
2025-09-16,AMZN,-0.028396250343259773,Ridge Regression,0.37847841501251167,0.14610258702490175
2025-09-16,GOOGL,0.015022055739072039,Ridge Regression,0.6139380393605052,-0.10857879988493002
2025-09-16,JNJ,-0.017881859360573835,Ridge Regression,0.36472087487410115,0.04062629199882317
2025-09-16,JPM,-0.00798915852954559,Ridge Regression,0.484809586504136,-0.0778463582313812
2025-09-16,META,0.034264953255091324,Ridge Regression,0.7046955785563781,0.11432746780253811
2025-09-16,MSFT,-0.01746192001937953,Ridge Regression,0.45132507506296055,-0.003442282976643063
2025-09-16,NVDA,0.012866044625543162,Ridge Regression,0.4844916998853414,0.09105499459616784
2025-09-16,TSLA,-0.004932029086052678,Ridge Regression,0.47743231002886566,0.14168020379978774
2025-09-16,XOM,-0.011686713251657833,Ridge Regression,0.4307104759985997,0.0777439374536526
2025-09-17,AAPL,-0.002082335762600181,Ridge Regression,0.44441416919200655,-0.0534177463653176
2025-09-17,AMZN,-0.030221707665755153,Ridge Regression,0.3762219233135405,0.10355425642418026
2025-09-17,GOOGL,0.013935348435411346,Ridge Regression,0.6098418820765039,-0.12551167575097621
2025-09-17,JNJ,-0.01979579973640732,Ridge Regression,0.3729633666557052,0.054084758365390506
2025-09-17,JPM,-0.007641347191714852,Ridge Regression,0.49170119978102694,-0.06920404478731101
2025-09-17,META,0.03440790456055021,Ridge Regression,0.7005016063800008,0.11293419116364722
2025-09-17,MSFT,-0.01959894045611446,Ridge Regression,0.4636484479245007,-0.053099528405654794
2025-09-17,NVDA,0.015858390942150455,Ridge Regression,0.49694510283690146,0.09750540699651467
2025-09-17,TSLA,-0.00383627931104011,Ridge Regression,0.4785314273689283,0.12292666947246844
2025-09-17,XOM,-0.002327742904190362,Ridge Regression,0.45871062513323724,0.06924226889707863
2025-09-18,AAPL,0.007747546724498367,Ridge Regression,0.46818034247029533,-0.029174115740124407
2025-09-18,AMZN,-0.028204042477973583,Ridge Regression,0.3793597258897509,0.0842414878835358
2025-09-18,GOOGL,0.019462699996768036,Ridge Regression,0.6268431010418234,-0.08730807310876598
2025-09-18,JNJ,-0.020312216775086885,Ridge Regression,0.36674314731841173,0.04910097510532174
2025-09-18,JPM,-0.0052767679125199,Ridge Regression,0.5021220132049324,-0.07420654643783886
2025-09-18,META,0.024665863667935953,Ridge Regression,0.6644046358609138,0.08628565258492027
2025-09-18,MSFT,-0.006982763143890739,Ridge Regression,0.5033410569732656,-0.0491270948118836
2025-09-18,NVDA,0.022856283930849354,Ridge Regression,0.5205039232913525,0.16349464709775363
2025-09-18,TSLA,-0.0059816057902802085,Ridge Regression,0.4643232044656635,0.10994679652232664
2025-09-18,XOM,-0.015937130891662342,Ridge Regression,0.40102266716024926,0.013780968929920423
2025-09-19,AAPL,0.009073856107413614,Ridge Regression,0.48079178142705487,0.004872455346906834
2025-09-19,AMZN,-0.023998654333676345,Ridge Regression,0.3926174900933931,0.11621008415191891
2025-09-19,GOOGL,0.01663953091903132,Ridge Regression,0.6152131322480207,-0.09979592213012045
2025-09-19,JNJ,-0.018894084932327464,Ridge Regression,0.3725391917248002,0.036548538303621925
2025-09-19,JPM,-0.0031108527125673175,Ridge Regression,0.5113352252620195,-0.07444789415794395
2025-09-19,META,0.020875810306447036,Ridge Regression,0.6529784451390525,0.1374229266051692
2025-09-19,MSFT,-0.014827676086585596,Ridge Regression,0.48545840549257857,-0.02753282235123944
2025-09-19,NVDA,0.019450162359263244,Ridge Regression,0.5042818796470703,0.13901812996046337
2025-09-19,TSLA,-0.022364639407560394,Ridge Regression,0.39778587057368403,0.05279088237723473
2025-09-19,XOM,-0.02924556077752362,Ridge Regression,0.3649880800410891,0.01422679321160869
2025-09-22,AAPL,0.0073961126002765635,Ridge Regression,0.478635129505025,0.03954465844636368
2025-09-22,AMZN,-0.020177376804045896,Ridge Regression,0.3975327346509424,0.07988888731086119
2025-09-22,GOOGL,0.018852557826945365,Ridge Regression,0.6137210283019245,-0.10320735714755547
2025-09-22,JNJ,-0.01952093249989989,Ridge Regression,0.3669809695799152,0.0654403202948135
2025-09-22,JPM,-0.004300179941405554,Ridge Regression,0.5045712864860504,-0.056140317511126026
2025-09-22,META,0.024219503810887062,Ridge Regression,0.6674744788443955,0.16015352554038031
2025-09-22,MSFT,-0.019843441836348542,Ridge Regression,0.4622438308973145,-0.11390032096440128
2025-09-22,NVDA,0.018537137531055466,Ridge Regression,0.5066521657415446,0.16389730719502205
2025-09-22,TSLA,-0.027030827300677462,Ridge Regression,0.38346756637548796,0.030240635074154643
2025-09-22,XOM,-0.03437929195684039,Ridge Regression,0.3447967644600134,-0.030565569747553756
2025-09-23,AAPL,0.007157325567764646,Ridge Regression,0.4743636004034139,0.055341923108155555
2025-09-23,AMZN,-0.01288453244906951,Ridge Regression,0.4204695944186596,0.09727003971969594
2025-09-23,GOOGL,0.020681491147815978,Ridge Regression,0.6250620667004613,-0.09654332761298001
2025-09-23,JNJ,-0.021158649132293546,Ridge Regression,0.35452355624332016,0.056634159824888286
2025-09-23,JPM,-0.001508003961702554,Ridge Regression,0.5117956412545559,-0.04370495994606938
2025-09-23,META,0.027004004089962126,Ridge Regression,0.6769023220447666,0.165349382968486
2025-09-23,MSFT,-0.019799027491510343,Ridge Regression,0.46229529583380075,-0.12085193054104015
2025-09-23,NVDA,0.019177593016468174,Ridge Regression,0.5117181066760796,0.1494084379024927
2025-09-23,TSLA,-0.027384949993829205,Ridge Regression,0.384771906946312,-0.011710228557506364
2025-09-23,XOM,-0.05483545713035574,Ridge Regression,0.2837064517840283,-0.13537311763313709
2025-09-24,AAPL,0.006685248175093258,Ridge Regression,0.47972882354380947,0.07653625834437427
2025-09-24,AMZN,-0.012159610965312432,Ridge Regression,0.42138090686382484,0.09554836049747162
2025-09-24,GOOGL,0.02133692777281844,Ridge Regression,0.6328921508100422,-0.11931392186000656
2025-09-24,JNJ,-0.006756765358410686,Ridge Regression,0.3938073910515982,0.07846347493171679
2025-09-24,JPM,-0.002884864631865996,Ridge Regression,0.5016538501125716,-0.07370992945315114
2025-09-24,META,0.027715433540895403,Ridge Regression,0.6791350312955092,0.17097894486635834
2025-09-24,MSFT,-0.026305971746065103,Ridge Regression,0.44414572086608667,-0.13365207854249728
2025-09-24,NVDA,0.015394814293593075,Ridge Regression,0.4908026758716147,0.10741677825124207
2025-09-24,TSLA,-0.021604206475203884,Ridge Regression,0.3909602678427535,0.024679273633209986
2025-09-24,XOM,-0.05090738518178558,Ridge Regression,0.2944929539052007,-0.20201674104273748
2025-09-25,AAPL,0.005535745521506006,Ridge Regression,0.4801213573269501,0.11043981107864198
2025-09-25,AMZN,-0.010454210702328891,Ridge Regression,0.4289224139294311,0.14870802769104974
2025-09-25,GOOGL,0.018919445668059212,Ridge Regression,0.6311430484055888,-0.10447085979164972
2025-09-25,JNJ,-0.006092071725517336,Ridge Regression,0.3985597439741968,0.05426980951059712
2025-09-25,JPM,-0.007121995831176566,Ridge Regression,0.4918491658926962,-0.06429477878250556
2025-09-25,META,0.030344796029587347,Ridge Regression,0.6828548462455792,0.1039365886576189
2025-09-25,MSFT,-0.0228628522669862,Ridge Regression,0.4532153901107598,-0.1613422147486716
2025-09-25,NVDA,0.012738190768038284,Ridge Regression,0.4844688683193519,0.15225227355896265
2025-09-25,TSLA,-0.017838361786767988,Ridge Regression,0.39898453848713994,-0.005221347797568332
2025-09-25,XOM,-0.04511350335862915,Ridge Regression,0.3044332909004538,-0.16810454100127858
2025-09-26,AAPL,-0.0003245754861428045,Ridge Regression,0.44907627069974565,0.10235768139943402
2025-09-26,AMZN,-0.010182031293665645,Ridge Regression,0.4313423786610892,0.1201359375503539
2025-09-26,GOOGL,0.014958342879600739,Ridge Regression,0.6088887369908805,-0.0639132495765864
2025-09-26,JNJ,-0.006443750773299296,Ridge Regression,0.3931280704246458,0.059434542055911255
2025-09-26,JPM,-0.007106228291290803,Ridge Regression,0.49363114133100994,-0.07207808233901292
2025-09-26,META,0.026551138470443846,Ridge Regression,0.6771388876119598,0.10058413114478926
2025-09-26,MSFT,-0.021556930437735884,Ridge Regression,0.4570238578554759,-0.15884814895451294
2025-09-26,NVDA,0.013775317321269543,Ridge Regression,0.48945121752247667,0.13447102471466654
2025-09-26,TSLA,-0.01665349688214815,Ridge Regression,0.4022205936775455,0.003725540522876214
2025-09-26,XOM,-0.04510956235112336,Ridge Regression,0.30332280045877374,-0.08750692024950535
2025-09-29,AAPL,0.009122040712727328,Ridge Regression,0.48140588983647875,0.11545546465042
2025-09-29,AMZN,-0.009287650998114396,Ridge Regression,0.43545639509027484,0.20269433250852553
2025-09-29,GOOGL,0.017104880170498826,Ridge Regression,0.6012058434430453,-0.06921143202584923
2025-09-29,JNJ,-0.004806725474410444,Ridge Regression,0.4000107864611989,0.049039200595209165
2025-09-29,JPM,-0.002097298488719441,Ridge Regression,0.5208899605471566,-0.0649552557046087
2025-09-29,META,0.021777523830862705,Ridge Regression,0.6656557934451026,0.10860118861402279
2025-09-29,MSFT,-0.013887100090533821,Ridge Regression,0.4956287664676334,-0.15353498139267574
2025-09-29,NVDA,0.014863987366736742,Ridge Regression,0.49797100094316876,0.17361795410941183
2025-09-29,TSLA,-0.013589344342761397,Ridge Regression,0.4169926436011842,0.023737422718959955
2025-09-29,XOM,-0.03748984545308429,Ridge Regression,0.32716515361206555,-0.15910609778591533
2025-09-30,AAPL,0.010828646097767052,Ridge Regression,0.4916230801699197,0.15478033681162562
2025-09-30,AMZN,-0.006049575263508862,Ridge Regression,0.4268586253513111,0.15525813163777014
2025-09-30,GOOGL,0.01888563861064975,Ridge Regression,0.6004167763031488,-0.06542730142129138
2025-09-30,JNJ,-0.0037282112853856894,Ridge Regression,0.41264987796776925,0.05653926857014313
2025-09-30,JPM,0.0013044357286216659,Ridge Regression,0.5344684003666825,-0.0677911868034008
2025-09-30,META,0.025666370121773883,Ridge Regression,0.6791753098270973,0.09107660758587333
2025-09-30,MSFT,-0.018362854638022043,Ridge Regression,0.4625226894770525,-0.1975090224768251
2025-09-30,NVDA,0.021284691070128224,Ridge Regression,0.5248664963495516,0.21121810180324707
2025-09-30,TSLA,-0.014412789033193115,Ridge Regression,0.4066930409182884,0.02292001874242633
2025-09-30,XOM,-0.043401607682967316,Ridge Regression,0.31931455360280725,-0.15820818672010128
2025-10-01,AAPL,0.006802768354618542,Ridge Regression,0.44570814307581746,0.16436862314005318
2025-10-01,AMZN,-0.010325918716377685,Ridge Regression,0.38097498286304965,0.15057881677402207
2025-10-01,GOOGL,0.020657915580063718,Ridge Regression,0.5766053186118063,-0.030956393546777705
2025-10-01,JNJ,-0.0049422934326267655,Ridge Regression,0.3725478934712665,0.03764152432603618
2025-10-01,JPM,-0.003192283263555234,Ridge Regression,0.48356936262710487,-0.03154015926774756
2025-10-01,META,0.020669387311666947,Ridge Regression,0.6456794605894444,0.04978183827776328
2025-10-01,MSFT,-0.01995595669070139,Ridge Regression,0.4239637510918852,-0.1736129172043216
2025-10-01,NVDA,0.01944417813763339,Ridge Regression,0.49191682838584333,0.1956321303555102
2025-10-01,TSLA,-0.014470777958215322,Ridge Regression,0.3802563110287993,0.053129216441955895
2025-10-01,XOM,-0.05385056953139162,Ridge Regression,0.261250604323753,-0.17085373516629854
2025-10-02,AAPL,0.010773356344384918,Ridge Regression,0.45574239695600716,0.1510749797942259
2025-10-02,AMZN,-0.011189838526685914,Ridge Regression,0.37613083549998994,0.11647909798648648
2025-10-02,GOOGL,0.01547526811018951,Ridge Regression,0.5622884505293937,-0.06867629911409379
2025-10-02,JNJ,0.0006552667443214105,Ridge Regression,0.3913420392750959,0.03771386809178345
2025-10-02,JPM,-0.0033663398645723064,Ridge Regression,0.4813626619792762,0.001974969124737491
2025-10-02,META,0.026340010623394416,Ridge Regression,0.661645527025669,0.05202014594847748
2025-10-02,MSFT,-0.01629175865215457,Ridge Regression,0.4382320718550572,-0.14541189977215674
2025-10-02,NVDA,0.010439339497573483,Ridge Regression,0.456392579298902,0.20388536055456585
2025-10-02,TSLA,-0.010299354769338258,Ridge Regression,0.3917154260281748,0.07831354002702584
2025-10-02,XOM,-0.055548947611343394,Ridge Regression,0.2446897654569379,-0.23094791272997506
2025-10-03,AAPL,0.010998634890044033,Ridge Regression,0.460516644653999,0.1721443201702113
2025-10-03,AMZN,-0.015755691476438835,Ridge Regression,0.358117528947062,0.06714181828311672
2025-10-03,GOOGL,0.019530587064323743,Ridge Regression,0.5858119192784211,-0.06257762612288131
2025-10-03,JNJ,-0.00453592917067032,Ridge Regression,0.3750411384818333,0.07590643363150029
2025-10-03,JPM,-0.0035045415615021997,Ridge Regression,0.4830553852559594,-0.0012551056380987191
2025-10-03,META,0.016233030189895588,Ridge Regression,0.6264697402413255,0.06651506609975066
2025-10-03,MSFT,-0.005828003357865276,Ridge Regression,0.4541767640672732,-0.16354149317526412
2025-10-03,NVDA,0.011876545432646263,Ridge Regression,0.46327475007825186,0.25396715276251336
2025-10-03,TSLA,-0.00179111092680185,Ridge Regression,0.4121661174477515,0.0682014651948355
2025-10-03,XOM,-0.043095901965554885,Ridge Regression,0.27038431283622455,-0.18873551211841955
2025-10-06,AAPL,0.012134273061657515,Ridge Regression,0.4631406136342688,0.15557130378300044
2025-10-06,AMZN,-0.012971865712921546,Ridge Regression,0.3812788085640291,0.06909330897839316
2025-10-06,GOOGL,0.02065886883611806,Ridge Regression,0.5948841517618771,-0.07610549779294307
2025-10-06,JNJ,-0.008575728324674658,Ridge Regression,0.35912550729516624,0.07003390974707058
2025-10-06,JPM,-0.007312427559686559,Ridge Regression,0.4773859888919259,0.004714005192019144
2025-10-06,META,0.01937064097540169,Ridge Regression,0.6411284986080727,0.05896605279454681
2025-10-06,MSFT,6.983223718398397e-05,Ridge Regression,0.47728112135084977,-0.18157971598324385
2025-10-06,NVDA,0.0024878488610576843,Ridge Regression,0.42969927926543794,0.24188011455029135
2025-10-06,TSLA,0.002411206501926368,Ridge Regression,0.4279394503518442,0.05382822771007367
2025-10-06,XOM,-0.04700518184777202,Ridge Regression,0.250134335656124,-0.2044049318946355
2025-10-07,AAPL,0.012001865226833212,Ridge Regression,0.4622470017320039,0.15301997229300102
2025-10-07,AMZN,-0.011965992113745319,Ridge Regression,0.3867340256331611,0.021634106885193738
2025-10-07,GOOGL,0.021759475306767376,Ridge Regression,0.6038087186729685,-0.06315695236145724
2025-10-07,JNJ,-0.011610464290460839,Ridge Regression,0.34441264111082603,0.0438372969972356
2025-10-07,JPM,-0.013401197614061255,Ridge Regression,0.44627409046664035,-0.013438857701887574
2025-10-07,META,0.020002114352056462,Ridge Regression,0.6483100760176426,0.056846875731176194
2025-10-07,MSFT,0.0026920159537062397,Ridge Regression,0.4908568475547332,-0.18792699261037105
2025-10-07,NVDA,-0.007612851138289096,Ridge Regression,0.39277780646635774,0.17616388462396526
2025-10-07,TSLA,0.0026860624472717304,Ridge Regression,0.42996912580744356,0.04048875184966172
2025-10-07,XOM,-0.03770320713123617,Ridge Regression,0.26591329467962255,-0.17459401774925187
2025-10-08,AAPL,0.007529524741554076,Ridge Regression,0.44635451956202843,0.14364745463444417
2025-10-08,AMZN,-0.012332183333114014,Ridge Regression,0.38921475588467974,0.058512811157820366
2025-10-08,GOOGL,0.02221040422662593,Ridge Regression,0.6014023745341943,-0.11310002566696842
2025-10-08,JNJ,-0.005717660849484439,Ridge Regression,0.3654977076369879,0.07145635894595026
2025-10-08,JPM,-0.013689235022322567,Ridge Regression,0.44889457990300363,0.05637692434085895
2025-10-08,META,0.01880820052511631,Ridge Regression,0.6497205294527635,0.05181532913453868
2025-10-08,MSFT,0.004075708463943317,Ridge Regression,0.4817506756881314,-0.14414827664486185
2025-10-08,NVDA,-0.0052624344491345966,Ridge Regression,0.4020098493180952,0.16537799584745327
2025-10-08,TSLA,-0.0014158354095549545,Ridge Regression,0.4253992416065004,0.058270796278296455
2025-10-08,XOM,-0.0401441503018529,Ridge Regression,0.25914184971564214,-0.14330740650446894
2025-10-09,AAPL,0.003289649580699162,Ridge Regression,0.43060942998666235,0.13638507550076162
2025-10-09,AMZN,-0.01691424420946276,Ridge Regression,0.3669317131922877,0.003181927021180808
2025-10-09,GOOGL,0.023442868027168072,Ridge Regression,0.6021902368218235,-0.1256983716391742
2025-10-09,JNJ,-0.0076419156073886715,Ridge Regression,0.35798779178576834,0.03501824670386933
2025-10-09,JPM,-0.011739619834905993,Ridge Regression,0.4520744415153751,0.03108914595508172
2025-10-09,META,0.019274676771144576,Ridge Regression,0.6433125134528282,0.1144356851111219
2025-10-09,MSFT,-0.00023150568662627527,Ridge Regression,0.4682484099341299,-0.18557938732908008
2025-10-09,NVDA,-0.007237507534229554,Ridge Regression,0.39450518550212516,0.18490446899064117
2025-10-09,TSLA,-0.0006126385555026387,Ridge Regression,0.42910505214293576,0.03799161969107012
2025-10-09,XOM,-0.040574524321777855,Ridge Regression,0.26238635919104714,-0.11790914054935875
2025-10-10,AAPL,0.007738080976147063,Ridge Regression,0.45080115236106283,0.19006815737308802
2025-10-10,AMZN,-0.020464310545999488,Ridge Regression,0.3600570451361358,-0.03713302140978969
2025-10-10,GOOGL,0.015943370079816978,Ridge Regression,0.5793701211526477,-0.08716758751445053
2025-10-10,JNJ,-0.005408984477238772,Ridge Regression,0.3649413706028702,0.013365735972723947
2025-10-10,JPM,-0.016976985166044893,Ridge Regression,0.42086303126475655,0.015570707277852591
2025-10-10,META,0.021696640847326913,Ridge Regression,0.6516658244949509,0.10579068370832889
2025-10-10,MSFT,-0.006580871391853576,Ridge Regression,0.4538072705835059,-0.17927844566936435
2025-10-10,NVDA,-0.0056010798204595875,Ridge Regression,0.3994994270672029,0.24696951479794915
2025-10-10,TSLA,0.000186907517971045,Ridge Regression,0.43283464136538846,0.008649923136614834
2025-10-10,XOM,-0.04633801196906547,Ridge Regression,0.25164220946379456,-0.11941092261221531
2025-10-13,AAPL,0.007240888738112325,Ridge Regression,0.44866337946521406,0.1716646134533959
2025-10-13,AMZN,-0.025302686048719228,Ridge Regression,0.3480098064480157,-0.04972474040161978
2025-10-13,GOOGL,0.01626410995374556,Ridge Regression,0.5714459845374302,-0.10003719494863494
2025-10-13,JNJ,-0.0072224596635221405,Ridge Regression,0.35733035329118507,-0.030319974873799116
2025-10-13,JPM,-0.01813724727389792,Ridge Regression,0.419947703374043,0.02700405231584857
2025-10-13,META,0.015336668282709723,Ridge Regression,0.6279092775575202,0.049411417664149804
2025-10-13,MSFT,-0.007073125170173328,Ridge Regression,0.4547890318165765,-0.1772259586079269
2025-10-13,NVDA,-0.006529630484331623,Ridge Regression,0.40063661473845696,0.2504946329730502
2025-10-13,TSLA,-0.002902795930762177,Ridge Regression,0.42679150110833813,0.002967446535048879
2025-10-13,XOM,-0.03889673757303713,Ridge Regression,0.28946356872040746,-0.08870251614495595
2025-10-14,AAPL,0.005346525592470541,Ridge Regression,0.4430439323429121,0.19922682118186996
2025-10-14,AMZN,-0.019416816650090617,Ridge Regression,0.3654114861868614,-0.06768866908352722
2025-10-14,GOOGL,0.018324477271178148,Ridge Regression,0.5790495854121066,-0.10301966748112446
2025-10-14,JNJ,-0.007563643173642455,Ridge Regression,0.3584756797066327,-0.025407823686861897
2025-10-14,JPM,-0.015899548389600046,Ridge Regression,0.43239921250122937,0.05069019276352371
2025-10-14,META,0.01422529625847349,Ridge Regression,0.6251369360338258,-0.0011796114715059147
2025-10-14,MSFT,-0.00043561657415829144,Ridge Regression,0.4700265806921549,-0.17260119318773093
2025-10-14,NVDA,-0.014787106627472015,Ridge Regression,0.37120633190480823,0.19296898545189145
2025-10-14,TSLA,0.000496775830701069,Ridge Regression,0.4364906928231459,-0.06060678928198171
2025-10-14,XOM,-0.03529147548218277,Ridge Regression,0.2902858394600363,-0.08430399611937744
2025-10-15,AAPL,0.0075448898325616515,Ridge Regression,0.44900426734520893,0.22227487550619918
2025-10-15,AMZN,-0.01714343032644556,Ridge Regression,0.37945749408595336,-0.05257500203749499
2025-10-15,GOOGL,0.017695185839424858,Ridge Regression,0.5784268914953484,-0.11594770305331137
2025-10-15,JNJ,-0.002736696008652414,Ridge Regression,0.37851369605981416,-0.024184648025195377
2025-10-15,JPM,-0.015216550468071808,Ridge Regression,0.44865900275874454,0.05385446700707086
2025-10-15,META,0.016653785411247006,Ridge Regression,0.6351944800668375,-0.030882431672187516
2025-10-15,MSFT,-0.004017438911470697,Ridge Regression,0.4564253411484,-0.11335527283479252
2025-10-15,NVDA,-0.01946504315762535,Ridge Regression,0.3638082620183802,0.1622977879605756
2025-10-15,TSLA,0.00016633297287159095,Ridge Regression,0.44359403366114425,-0.06585484902615535
2025-10-15,XOM,-0.03248498357938059,Ridge Regression,0.30689186791831335,-0.019542505938125898
2025-10-16,AAPL,0.005873475027761565,Ridge Regression,0.4418827404059758,0.16655736213071748
2025-10-16,AMZN,-0.01443866666989691,Ridge Regression,0.3970626192365191,-0.04709968085196936
2025-10-16,GOOGL,0.017272623597598846,Ridge Regression,0.5629838697376639,-0.14522039700504918
2025-10-16,JNJ,0.00038321229276718936,Ridge Regression,0.3906035794927353,-0.03176224935258409
2025-10-16,JPM,-0.01775011113906489,Ridge Regression,0.4490551889495835,0.04601741573870166
2025-10-16,META,0.025515964925640455,Ridge Regression,0.6735105386210164,-0.022937923994115206
2025-10-16,MSFT,-0.006855926553095002,Ridge Regression,0.4495495878643058,-0.11904399431946433
2025-10-16,NVDA,-0.02252125740608476,Ridge Regression,0.35600550114649715,0.09732528040622124
2025-10-16,TSLA,0.00015870961316531056,Ridge Regression,0.4540117079799939,-0.07168312009841549
2025-10-16,XOM,-0.021505330122142896,Ridge Regression,0.33403630508569054,-0.020381687665903092
2025-10-17,AAPL,-0.005302835082901883,Ridge Regression,0.4015625812770104,0.16563572412159955
2025-10-17,AMZN,-0.014869260491427705,Ridge Regression,0.38719299748391905,-0.05947635316396416
2025-10-17,GOOGL,0.018215200660463345,Ridge Regression,0.5751732849811423,-0.13103762695467536
2025-10-17,JNJ,-0.003682898765456461,Ridge Regression,0.3814450796724863,-0.003942453234763055
2025-10-17,JPM,-0.015123824122347392,Ridge Regression,0.46422847626522207,0.06849515588907162
2025-10-17,META,0.026434738593606212,Ridge Regression,0.6751594449031406,-0.005760612022381428
2025-10-17,MSFT,-0.010895825780166925,Ridge Regression,0.43366074574377733,-0.14724000467496856
2025-10-17,NVDA,-0.02500469027965213,Ridge Regression,0.34923926052556253,0.07595426169850938
2025-10-17,TSLA,0.00955201418798049,Ridge Regression,0.47820867813226203,-0.08236060835676218
2025-10-17,XOM,-0.02512208876813836,Ridge Regression,0.3264963217780743,-0.026429638738078576
2025-10-20,AAPL,-0.013259094158822921,Ridge Regression,0.36666313801058925,0.10884717133174848
2025-10-20,AMZN,-0.01700116089929151,Ridge Regression,0.38332438201317126,-0.008371560465911476
2025-10-20,GOOGL,0.01961297468087605,Ridge Regression,0.5857093894489122,-0.12897649326382488
2025-10-20,JNJ,-0.0007700214912253899,Ridge Regression,0.3902584198306677,-0.01551401334678637
2025-10-20,JPM,-0.013558698332842097,Ridge Regression,0.4636809856755122,0.08857567921246257
2025-10-20,META,0.025927790167321364,Ridge Regression,0.6785069422919969,-0.0440825266365773
2025-10-20,MSFT,-0.008173979475880189,Ridge Regression,0.4472893167662469,-0.12106130306908891
2025-10-20,NVDA,-0.019205243603883065,Ridge Regression,0.36455958614034023,0.08427754767926587
2025-10-20,TSLA,0.009935792778956301,Ridge Regression,0.4867693839695167,-0.08197960117978931
2025-10-20,XOM,-0.011523523438493345,Ridge Regression,0.37332344769694137,-0.061643113511630876
2025-10-21,AAPL,-0.011675762758749377,Ridge Regression,0.37322391127434895,0.03822335082612138
2025-10-21,AMZN,-0.012974447304308022,Ridge Regression,0.38923926520124924,-0.023594209850174352
2025-10-21,GOOGL,0.01839147673611171,Ridge Regression,0.5742838533535171,-0.10868632528469158
2025-10-21,JNJ,0.001058459196240628,Ridge Regression,0.39305560024674246,0.0041463029547257335
2025-10-21,JPM,-0.011215678313536098,Ridge Regression,0.4643136103965267,0.0902234769954473
2025-10-21,META,0.030289038645073457,Ridge Regression,0.6922389162104278,-0.014173891448940212
2025-10-21,MSFT,-0.002838073272876768,Ridge Regression,0.4622724707139788,-0.12829714152801563
2025-10-21,NVDA,-0.01043429001785363,Ridge Regression,0.3929359344748269,0.05555895275744449
2025-10-21,TSLA,0.009540373745245828,Ridge Regression,0.48250296391076297,-0.045362241556866745
2025-10-21,XOM,0.000747837992707273,Ridge Regression,0.4097794254449891,0.011520167948788185
2025-10-22,AAPL,-0.007864774490600258,Ridge Regression,0.3864417463122812,0.016742177736495556
2025-10-22,AMZN,-0.017197524920693402,Ridge Regression,0.3777681907593751,-0.0507497799380211
2025-10-22,GOOGL,0.018881109424226453,Ridge Regression,0.5799490648172726,-0.08517265790935147
2025-10-22,JNJ,-0.0025279813603295894,Ridge Regression,0.379347325940094,-0.012404059881256702
2025-10-22,JPM,-0.017725739392257377,Ridge Regression,0.4393180227427995,0.14620047864485142
2025-10-22,META,0.0329869998762261,Ridge Regression,0.7012688889356504,0.0014972900653300592
2025-10-22,MSFT,-0.003628094917354656,Ridge Regression,0.46260251598819463,-0.07536874446310715
2025-10-22,NVDA,-0.0061415832679874525,Ridge Regression,0.4100697337577834,0.04500337176995428
2025-10-22,TSLA,0.0012460940821277598,Ridge Regression,0.44386911783062394,-0.051884132668783
2025-10-22,XOM,-0.0011568428308723218,Ridge Regression,0.4089444257520946,0.11530168832648435
2025-10-23,AAPL,-0.004176740431107444,Ridge Regression,0.3883070000567026,-0.013843275505784347
2025-10-23,AMZN,-0.01479803892255502,Ridge Regression,0.3772501337057442,-0.08167056943002238
2025-10-23,GOOGL,0.015791288683263405,Ridge Regression,0.572496802435214,-0.08796562619774351
2025-10-23,JNJ,-0.007071691598077193,Ridge Regression,0.3588253624623489,0.01240826802602113
2025-10-23,JPM,-0.017892645406695495,Ridge Regression,0.4362109039070544,0.13368022722504214
2025-10-23,META,0.026577429433686878,Ridge Regression,0.6773128322335384,-0.006896628144855699
2025-10-23,MSFT,0.0009267478473633317,Ridge Regression,0.47819930702328717,-0.032915866309532915
2025-10-23,NVDA,-0.01030004462978867,Ridge Regression,0.391924301919129,-0.024046111570938833
2025-10-23,TSLA,0.0031365220405933413,Ridge Regression,0.4548636496020035,-0.00897828374695897
2025-10-23,XOM,-0.004098926160299905,Ridge Regression,0.3905692634914564,0.06376948936975335
2025-10-24,AAPL,-0.00880025993750441,Ridge Regression,0.37786796791543986,-0.029136894660503954
2025-10-24,AMZN,-0.015851928926368004,Ridge Regression,0.3759681004680361,-0.04710891604501233
2025-10-24,GOOGL,0.02207285175481275,Ridge Regression,0.5819612932062767,-0.09901965736478835
2025-10-24,JNJ,-0.006571053375272433,Ridge Regression,0.35917500014547143,0.02027267317660919
2025-10-24,JPM,-0.01380090577101615,Ridge Regression,0.44891032559380145,0.13312465383514938
2025-10-24,META,0.024874362648465792,Ridge Regression,0.6756069067343384,-0.041288000063084085
2025-10-24,MSFT,0.00024230984762308935,Ridge Regression,0.47788276054261364,0.02145299993651162
2025-10-24,NVDA,-0.0112342068822476,Ridge Regression,0.39613024133001573,0.02797269064100716
2025-10-24,TSLA,-0.0002505013480491691,Ridge Regression,0.43436549282409154,-0.03405027500448665
2025-10-24,XOM,-0.011118423992487313,Ridge Regression,0.3579598979996446,0.053619095262731786
2025-10-27,AAPL,-0.006869794823931867,Ridge Regression,0.38608324473371247,-0.037577730463711156
2025-10-27,AMZN,-0.01084881214328178,Ridge Regression,0.3847395627228328,-0.09776325325953483
2025-10-27,GOOGL,0.024830243244847144,Ridge Regression,0.5821869859562011,-0.11937878301750249
2025-10-27,JNJ,-0.00438971820308779,Ridge Regression,0.3666894038173814,0.054095683426276464
2025-10-27,JPM,-0.016202645235865863,Ridge Regression,0.45106891955973766,0.12216605359750932
2025-10-27,META,0.02433648642707232,Ridge Regression,0.6656350501683246,-0.04931028705142282
2025-10-27,MSFT,-0.002572028141180868,Ridge Regression,0.47053375659464197,0.008626718908642639
2025-10-27,NVDA,-0.015228819358785407,Ridge Regression,0.3825226851244198,0.006936474680383498
2025-10-27,TSLA,-0.001360542932925935,Ridge Regression,0.4329759927748332,-0.029930244143845375
2025-10-27,XOM,-0.014952516983436004,Ridge Regression,0.34732475419549075,0.1234624649803473
2025-10-28,AAPL,-0.0037491039807150102,Ridge Regression,0.3944774816518449,-0.047480212224780716
2025-10-28,AMZN,-0.007863065304506022,Ridge Regression,0.3950804401324844,-0.10313774610605098
2025-10-28,GOOGL,0.02256570673989934,Ridge Regression,0.575356652149319,-0.12546228308563168
2025-10-28,JNJ,-0.005267939282108836,Ridge Regression,0.35908752984777936,0.030802900017889323
2025-10-28,JPM,-0.016473246743339956,Ridge Regression,0.44571546575683024,0.13867279921668918
2025-10-28,META,0.03082216477200035,Ridge Regression,0.6852436014187194,-0.0644833350541747
2025-10-28,MSFT,0.007130524555590043,Ridge Regression,0.5025986333843008,-0.029756352340435166
2025-10-28,NVDA,-0.0160561071399207,Ridge Regression,0.3714434497325939,-0.020049920104554753
2025-10-28,TSLA,-0.0006133256589101635,Ridge Regression,0.43305820183330873,-0.04620994823230096
2025-10-28,XOM,-0.012816535961893742,Ridge Regression,0.35594020199582355,0.06980466429243548
2025-10-29,AAPL,-0.004934943426683683,Ridge Regression,0.4158692873789795,-0.05169279150830908
2025-10-29,AMZN,-0.006246078375058117,Ridge Regression,0.4305067357252967,-0.10752011250077864
2025-10-29,GOOGL,0.02874884028197515,Ridge Regression,0.6179046915560512,-0.1383613721710738
2025-10-29,JNJ,-0.0016606427994719682,Ridge Regression,0.4022540415342624,0.057873902100865404
2025-10-29,JPM,-0.011476017713420042,Ridge Regression,0.4865395093432066,0.10018686869536064
2025-10-29,META,0.03503978610650171,Ridge Regression,0.7171531447682783,-0.05584752031570317
2025-10-29,MSFT,-0.0002764977964770329,Ridge Regression,0.5003775522154514,0.0032539205050559072
2025-10-29,NVDA,-0.014915181402697616,Ridge Regression,0.4035739074692107,-0.03220930125245847
2025-10-29,TSLA,0.0009509408479115862,Ridge Regression,0.4649935009452026,-0.032097256588476286
2025-10-29,XOM,-0.0076027578420289,Ridge Regression,0.4086566806965268,0.10263048501407668
2025-10-30,AAPL,-0.001969798206074868,Ridge Regression,0.4195096317657156,-0.04332865110842854
2025-10-30,AMZN,-0.008385445800017254,Ridge Regression,0.4310355543236087,-0.09104113985511486
2025-10-30,GOOGL,0.029186981271297423,Ridge Regression,0.6177088447516036,-0.11954887711613493
2025-10-30,JNJ,0.0026599695312312013,Ridge Regression,0.4217217887241164,0.06176228317982013
2025-10-30,JPM,-0.00825838304911089,Ridge Regression,0.5002902894168341,0.09037372713237168
2025-10-30,META,0.03797934582917279,Ridge Regression,0.7272995594681018,-0.0625072629409803
2025-10-30,MSFT,0.0007749060265369642,Ridge Regression,0.5058211358371146,0.006337359194009018
2025-10-30,NVDA,-0.012811897486077185,Ridge Regression,0.4104517781866444,-0.03328624277986736
2025-10-30,TSLA,0.0018851251520312748,Ridge Regression,0.4725096253276381,-0.040819276608551336
2025-10-30,XOM,-0.0007310973893610386,Ridge Regression,0.4321465166178097,0.07918090713283776
2025-10-31,AAPL,0.006628228152124701,Ridge Regression,0.4422238666967167,-0.020898957276472507
2025-10-31,AMZN,-0.003880667552046686,Ridge Regression,0.4482174735986188,-0.08564595084268356
2025-10-31,GOOGL,0.029019502160798745,Ridge Regression,0.622589275996852,-0.11238187329237315
2025-10-31,JNJ,0.0055607453416084635,Ridge Regression,0.42513434538196526,0.06637139652335722
2025-10-31,JPM,-0.008907825009632884,Ridge Regression,0.49904703858409255,0.07979458423352903
2025-10-31,META,0.037363588683933746,Ridge Regression,0.7196085844421635,-0.08308472928264865
2025-10-31,MSFT,0.006375899235543148,Ridge Regression,0.5268888335888827,0.03639094448905977
2025-10-31,NVDA,-0.01486731817316614,Ridge Regression,0.4000422846710107,-0.02276446529223264
2025-10-31,TSLA,0.0014101613460633972,Ridge Regression,0.4728857988496628,-0.0367278557852021
2025-10-31,XOM,-0.005228782023116743,Ridge Regression,0.4131879379695601,0.057170663860830695
2025-11-03,AAPL,-0.009273910020720264,Ridge Regression,0.34797014246032454,-0.002924199172146036
2025-11-03,AMZN,-0.02996354407171386,Ridge Regression,0.3308871740795732,-0.08073857956851427
2025-11-03,GOOGL,0.008000209357940245,Ridge Regression,0.513372024554471,-0.06624108131862938
2025-11-03,JNJ,-0.014009689340885404,Ridge Regression,0.3226164160560803,0.06319508033345556
2025-11-03,JPM,-0.030763983056086783,Ridge Regression,0.38354189301560243,0.09372265878684849
2025-11-03,META,0.01735792131850633,Ridge Regression,0.6293959621093738,-0.10023639829612985
2025-11-03,MSFT,-0.01955339455186149,Ridge Regression,0.3984709488018636,0.049398958889787625
2025-11-03,NVDA,-0.038393036832411465,Ridge Regression,0.29519221390732675,-0.04160715268505155
2025-11-03,TSLA,-0.019164627189438926,Ridge Regression,0.3630172397949608,0.007873322477848665
2025-11-03,XOM,-0.024894389559896375,Ridge Regression,0.3223616385831819,0.021687501078922145
2025-11-04,AAPL,-0.0061969965325923745,Ridge Regression,0.3549654612100438,-0.003309926817030018
2025-11-04,AMZN,-0.030412383138312515,Ridge Regression,0.32845922632117586,-0.088969725219474
2025-11-04,GOOGL,0.009809945938600791,Ridge Regression,0.5203540922359214,-0.06303320336309182
2025-11-04,JNJ,-0.019172872916029836,Ridge Regression,0.3145987140178195,0.07560732402475723
2025-11-04,JPM,-0.027291262793041483,Ridge Regression,0.39808581204192156,0.08382417903521189
2025-11-04,META,0.018065438231118343,Ridge Regression,0.6338655074922339,-0.1021669945753696
2025-11-04,MSFT,-0.016378317831501364,Ridge Regression,0.40879661961998337,0.010815856526960266
2025-11-04,NVDA,-0.036718892213068885,Ridge Regression,0.3037958056753732,-0.037856569085740976
2025-11-04,TSLA,-0.022931329428283027,Ridge Regression,0.35674328204306244,0.012512237589852093
2025-11-04,XOM,-0.038747811167824095,Ridge Regression,0.2797712609548502,-0.052547959524235965
2025-11-05,AAPL,-0.007222539477487666,Ridge Regression,0.35481475941145013,-0.04973660218903031
2025-11-05,AMZN,-0.032333044459387235,Ridge Regression,0.3122622828341395,-0.1261225974572482
2025-11-05,GOOGL,0.00562922645030458,Ridge Regression,0.5147963199675244,0.000962727872555913
2025-11-05,JNJ,-0.016670395568923718,Ridge Regression,0.318290581804976,0.003405696452731588
2025-11-05,JPM,-0.03356986776251673,Ridge Regression,0.36275408332159137,0.026199144873555014
2025-11-05,META,0.01855788846343854,Ridge Regression,0.6360600884923573,-0.10450950520335844
2025-11-05,MSFT,-0.030633707821560323,Ridge Regression,0.3562637836837415,-0.03196653061035759
2025-11-05,NVDA,-0.036184259286547234,Ridge Regression,0.3114655137716766,-0.021947637378771034
2025-11-05,TSLA,-0.0173736423542825,Ridge Regression,0.37297464988445,0.0015674975746471365
2025-11-05,XOM,-0.0648304627225677,Ridge Regression,0.2168102254504814,-0.0881074498772847
2025-11-06,AAPL,-0.006827904270869425,Ridge Regression,0.35642397973166223,-0.06440311561538759
2025-11-06,AMZN,-0.023061939995987504,Ridge Regression,0.34207057484804765,-0.12093977649216503
2025-11-06,GOOGL,0.00790599267079796,Ridge Regression,0.5243238574246165,0.04305378520767156
2025-11-06,JNJ,-0.02558901706039461,Ridge Regression,0.29421403741613184,0.05956619235012184
2025-11-06,JPM,-0.035035729464735446,Ridge Regression,0.3581267181592573,0.02942806707337997
2025-11-06,META,0.014977066733730454,Ridge Regression,0.6159935740838003,-0.159208005214048
2025-11-06,MSFT,-0.032182413357831924,Ridge Regression,0.3561952881516153,-0.06151077281100992
2025-11-06,NVDA,-0.030857799002498,Ridge Regression,0.32476446936620124,-0.0013466989766601767
2025-11-06,TSLA,-0.018807258238729925,Ridge Regression,0.37594789372487086,0.012796941988196364
2025-11-06,XOM,-0.06261252181601039,Ridge Regression,0.2309775210081867,-0.1297625443977356
2025-11-07,AAPL,-0.002387678302134158,Ridge Regression,0.3623060625906206,-0.12239425309348873
2025-11-07,AMZN,-0.025152734474165862,Ridge Regression,0.33479666782115564,-0.10434002033593992
2025-11-07,GOOGL,0.0013265908848257974,Ridge Regression,0.494076322651391,0.04103756956540616
2025-11-07,JNJ,-0.024384515742778383,Ridge Regression,0.29818221263895994,0.0591035066768526
2025-11-07,JPM,-0.032083963392832295,Ridge Regression,0.3624719710281102,0.0043778675246379795
2025-11-07,META,0.01505905292159033,Ridge Regression,0.616405671235817,-0.161469292017835
2025-11-07,MSFT,-0.033255780054876415,Ridge Regression,0.352839817298919,-0.054452048693673594
2025-11-07,NVDA,-0.04415511173269776,Ridge Regression,0.2767989252836042,-0.029800751237239465
2025-11-07,TSLA,-0.015507479046164464,Ridge Regression,0.3855331186924933,0.04172881135195161
2025-11-07,XOM,-0.05943946913580944,Ridge Regression,0.22932425163427148,-0.0676597832450535
2025-11-10,AAPL,-0.004936740195124572,Ridge Regression,0.3725930912493133,-0.11437002353567238
2025-11-10,AMZN,-0.02214052754331961,Ridge Regression,0.346703053598663,-0.11926475850874618
2025-11-10,GOOGL,0.003181081431277965,Ridge Regression,0.49655795058065827,0.02193287127161958
2025-11-10,JNJ,-0.02729442353686927,Ridge Regression,0.28869204378215996,0.08216110873531557
2025-11-10,JPM,-0.03099643282713014,Ridge Regression,0.3681689154910869,-0.011232596502530723
2025-11-10,META,0.009335962834679612,Ridge Regression,0.5969068271393273,-0.11772991352979512
2025-11-10,MSFT,-0.029592028647746266,Ridge Regression,0.3653164364601375,-0.007410723884127113
2025-11-10,NVDA,-0.043387499987925224,Ridge Regression,0.2764560908004788,-0.01374687690969889
2025-11-10,TSLA,-0.0154560660408828,Ridge Regression,0.3855324560842681,0.04314240861300278
2025-11-10,XOM,-0.07039634765248888,Ridge Regression,0.2023387307854185,-0.04217205730451523
2025-11-11,AAPL,-0.0059851021303345565,Ridge Regression,0.36347078921936277,-0.1289965095828539
2025-11-11,AMZN,-0.020579767350540214,Ridge Regression,0.35237475163311155,-0.133975344876755
2025-11-11,GOOGL,0.004573140011929773,Ridge Regression,0.5026434701654339,0.02478604323106448
2025-11-11,JNJ,-0.02802363666622803,Ridge Regression,0.28347806051154023,0.06417243282273222
2025-11-11,JPM,-0.03351740479362521,Ridge Regression,0.3529465820131317,-0.029849552513002475
2025-11-11,META,0.014011793118375556,Ridge Regression,0.610814898997624,-0.12222284980607756
2025-11-11,MSFT,-0.03247816514831626,Ridge Regression,0.35264773752141715,-0.02396439142564777
2025-11-11,NVDA,-0.032470984540478726,Ridge Regression,0.31149756973370935,0.014152747448867187
2025-11-11,TSLA,-0.016869221047323378,Ridge Regression,0.3829481469275859,0.11967815801915571
2025-11-11,XOM,-0.07108806022428185,Ridge Regression,0.19527839964080507,-0.04648789604505921
2025-11-12,AAPL,-0.009975188789236434,Ridge Regression,0.36561555399012174,-0.11628822877800049
2025-11-12,AMZN,-0.021171909569749313,Ridge Regression,0.3555212631737063,-0.135892586525032
2025-11-12,GOOGL,0.008295314401478668,Ridge Regression,0.5224681245598624,0.03868373311300766
2025-11-12,JNJ,-0.032829693956824765,Ridge Regression,0.2666069582518754,0.04406156371245973
2025-11-12,JPM,-0.029701291044196512,Ridge Regression,0.3686085072456605,-0.041211223389751805
2025-11-12,META,0.010294280241575108,Ridge Regression,0.5956693040224526,-0.10332555436355395
2025-11-12,MSFT,-0.02952010786218566,Ridge Regression,0.35445838771931276,-0.03892192050547483
2025-11-12,NVDA,-0.03550152434996763,Ridge Regression,0.3071667690958107,0.025815335135311646
2025-11-12,TSLA,-0.012742243203154723,Ridge Regression,0.39382745060068836,0.08572360916911048
2025-11-12,XOM,-0.07998247805289962,Ridge Regression,0.17834712598314395,-0.14821355945194226
2025-11-13,AAPL,-0.014169327378732931,Ridge Regression,0.3651823869178838,-0.06772333135778585
2025-11-13,AMZN,-0.024519488995627878,Ridge Regression,0.34244461785269503,-0.14246775697531933
2025-11-13,GOOGL,0.008166252705747654,Ridge Regression,0.5257330755078177,0.07132766490106635
2025-11-13,JNJ,-0.03150049200232988,Ridge Regression,0.27393538957992,0.04046838826643162
2025-11-13,JPM,-0.024977310523169767,Ridge Regression,0.3913198933613275,-0.035951442360073305
2025-11-13,META,0.007031344711721935,Ridge Regression,0.5813488510820012,-0.15363236171980155
2025-11-13,MSFT,-0.02835275228866429,Ridge Regression,0.36408807141640964,0.010620714407906462
2025-11-13,NVDA,-0.02709665474153345,Ridge Regression,0.33511422024723486,0.0744071106671198
2025-11-13,TSLA,-0.011707903594040982,Ridge Regression,0.39969573470973213,0.07133636172977975
2025-11-13,XOM,-0.08542243281349392,Ridge Regression,0.1712694722498225,-0.1554556254757926
2025-11-14,AAPL,-0.01785986077540974,Ridge Regression,0.34690041862267973,-0.09243790601411861
2025-11-14,AMZN,-0.024456705916112535,Ridge Regression,0.3500671760339631,-0.15067915622331585
2025-11-14,GOOGL,0.009660782567808977,Ridge Regression,0.5367411455282561,0.08326209856919609
2025-11-14,JNJ,-0.03446036554666968,Ridge Regression,0.2640344866916179,0.01568996612221185
2025-11-14,JPM,-0.025314596230054116,Ridge Regression,0.3893655837099946,-0.04403527113499972
2025-11-14,META,2.9319812438776717e-05,Ridge Regression,0.5536373813005148,-0.1620385668600517
2025-11-14,MSFT,-0.026552737377268626,Ridge Regression,0.3709665076996575,0.03388330379296334
2025-11-14,NVDA,-0.017137067308813148,Ridge Regression,0.3838244993995472,0.08058568181871162
2025-11-14,TSLA,-0.011467430615456235,Ridge Regression,0.4016209576994827,0.06923699177180587
2025-11-14,XOM,-0.07939870184870075,Ridge Regression,0.17943573727205692,-0.1554660386316068
2025-11-17,AAPL,-0.015374242908504943,Ridge Regression,0.3572183005583339,-0.09243013612599937
2025-11-17,AMZN,-0.023798918949702916,Ridge Regression,0.3416686642820814,-0.1765604098132183
2025-11-17,GOOGL,0.005050382491135809,Ridge Regression,0.5338195511278415,0.09291042549724526
2025-11-17,JNJ,-0.02953976565116738,Ridge Regression,0.2897435196683406,0.009120201439591247
2025-11-17,JPM,-0.02551190106257932,Ridge Regression,0.38553567587214227,-0.03676071058083408
2025-11-17,META,0.00018812367243307374,Ridge Regression,0.5578649268241914,-0.1795296543360173
2025-11-17,MSFT,-0.023485523725895553,Ridge Regression,0.37637679898892923,0.01022995318542419
2025-11-17,NVDA,-0.015230396798321276,Ridge Regression,0.38979370125990936,0.0050974189082204635
2025-11-17,TSLA,-0.01519561462512317,Ridge Regression,0.39474420180335834,0.058421860116870894
2025-11-17,XOM,-0.07158779831844425,Ridge Regression,0.195480553318139,-0.08518794972972443
2025-11-18,AAPL,-0.013347538848319828,Ridge Regression,0.3718240998058868,-0.0479399726951506
2025-11-18,AMZN,-0.02559175354738214,Ridge Regression,0.3377613698003849,-0.1501942253471733
2025-11-18,GOOGL,-0.0014809090561985795,Ridge Regression,0.5003094856692019,0.07947881807568113
2025-11-18,JNJ,-0.030139677386226436,Ridge Regression,0.28841626612995735,0.001730784602716362
2025-11-18,JPM,-0.026765018076115574,Ridge Regression,0.3876058427804784,-0.07467975348258205
2025-11-18,META,0.001602084445247727,Ridge Regression,0.5654977880425296,-0.2115715390260413
2025-11-18,MSFT,-0.019137315361510775,Ridge Regression,0.39835132116417277,0.013552489444558447
2025-11-18,NVDA,-0.01821625704045224,Ridge Regression,0.3829849888615737,0.029667115821468526
2025-11-18,TSLA,-0.009263664970752672,Ridge Regression,0.42653029537978226,0.051764876804840654
2025-11-18,XOM,-0.06790617540747364,Ridge Regression,0.1948337188535692,-0.10239907518855906
2025-11-19,AAPL,-0.012601099314831445,Ridge Regression,0.38001459159083095,-0.036818749365449044
2025-11-19,AMZN,-0.022236498934313592,Ridge Regression,0.34812034779207474,-0.12656161632796337
2025-11-19,GOOGL,-0.007958164253212588,Ridge Regression,0.4793504961743714,0.07173629115703406
2025-11-19,JNJ,-0.028601146550830257,Ridge Regression,0.30262089948352766,0.00013819973845197175
2025-11-19,JPM,-0.019755451497174288,Ridge Regression,0.40097894215299495,-0.10929318678859101
2025-11-19,META,0.0064420788906619664,Ridge Regression,0.5939192618598784,-0.21681417991968654
2025-11-19,MSFT,-0.016078549218158315,Ridge Regression,0.40080564553039655,0.03443317257927214
2025-11-19,NVDA,-0.016847015239705353,Ridge Regression,0.3948771663248735,0.03254423366581438
2025-11-19,TSLA,-0.013687240247130939,Ridge Regression,0.41483313565495894,0.01225067506623545
2025-11-19,XOM,-0.052320323262665544,Ridge Regression,0.21840600960701098,-0.09973398049652615
2025-11-20,AAPL,-0.011263055099305587,Ridge Regression,0.3876178766184841,-0.014646148324602204
2025-11-20,AMZN,-0.01615132033100851,Ridge Regression,0.3634888506294299,-0.14028201067700186
2025-11-20,GOOGL,-0.011552884752613238,Ridge Regression,0.47027613854826855,0.08844486734814061
2025-11-20,JNJ,-0.029285265414594648,Ridge Regression,0.2999059117256431,0.016453885829535775
2025-11-20,JPM,-0.02373129796725336,Ridge Regression,0.38981943897376437,-0.1031444864506127
2025-11-20,META,0.007778233187820312,Ridge Regression,0.5897262545908566,-0.18046131935327592
2025-11-20,MSFT,-0.016674281061657525,Ridge Regression,0.39187430917729005,0.025984694201691028
2025-11-20,NVDA,-0.014314880457364456,Ridge Regression,0.40942489685371786,0.08836990003615885
2025-11-20,TSLA,-0.017483586647847146,Ridge Regression,0.3924819577925335,0.02454915548684089
2025-11-20,XOM,-0.04608450640499024,Ridge Regression,0.2372109412385301,-0.05156265844998431
2025-11-21,AAPL,-0.006330983419172117,Ridge Regression,0.40938275569948507,0.005639133067128821
2025-11-21,AMZN,-0.017710561702990416,Ridge Regression,0.35620154805864096,-0.14599334607883785
2025-11-21,GOOGL,-0.007893029829085265,Ridge Regression,0.47814576794792024,0.13918385607373618
2025-11-21,JNJ,-0.031176380955336466,Ridge Regression,0.2948517181233101,-0.025880696129964353
2025-11-21,JPM,-0.02089274649600758,Ridge Regression,0.3977155982318067,-0.09456487196697905
2025-11-21,META,0.005384787438408144,Ridge Regression,0.5812786606434801,-0.17096372643565338
2025-11-21,MSFT,-0.023044290721728047,Ridge Regression,0.36042107520685795,0.03935997572258465
2025-11-21,NVDA,-0.013627566423429814,Ridge Regression,0.39704502549081766,0.07380601675470966
2025-11-21,TSLA,-0.016873446788274613,Ridge Regression,0.3962310644453417,0.02751851361336155
2025-11-21,XOM,-0.049065661553826266,Ridge Regression,0.22972000352871252,-0.02942156352176306
2025-11-24,AAPL,-0.011065100270851573,Ridge Regression,0.40204174946291604,-0.0007000142623670991
2025-11-24,AMZN,-0.014699947474075053,Ridge Regression,0.36466482487122953,-0.12124610515000311
2025-11-24,GOOGL,-0.004262549864499928,Ridge Regression,0.4960474348967886,0.1616665338560579
2025-11-24,JNJ,-0.04087496356942485,Ridge Regression,0.26378292018687804,-0.06960128735376503
2025-11-24,JPM,-0.020582436262113937,Ridge Regression,0.3993055804833078,-0.07241175759746288
2025-11-24,META,0.0013225223053711908,Ridge Regression,0.5617266429319381,-0.15444904230678758
2025-11-24,MSFT,-0.026759470028314657,Ridge Regression,0.35473131535575164,0.08229850028915275
2025-11-24,NVDA,-0.014011660805479756,Ridge Regression,0.3948075421274645,0.07607749973049138
2025-11-24,TSLA,-0.017226981050157866,Ridge Regression,0.39616915165836186,0.011841233040160937
2025-11-24,XOM,-0.03812322708776684,Ridge Regression,0.2503579894740259,0.019440679788705006
2025-11-25,AAPL,-0.007260770881082486,Ridge Regression,0.4175927883510695,0.024683703757679032
2025-11-25,AMZN,-0.013942899955847575,Ridge Regression,0.37406689977484475,-0.08776570026411179
2025-11-25,GOOGL,-0.0035211494959211127,Ridge Regression,0.5014177640076626,0.16073047513255667
2025-11-25,JNJ,-0.03615223601715063,Ridge Regression,0.27944043395236745,-0.05219088888799295
2025-11-25,JPM,-0.017836265214347724,Ridge Regression,0.40638673603658476,-0.09988744914127734
2025-11-25,META,-0.0005876974025074504,Ridge Regression,0.5629135667408224,-0.1569336309928583
2025-11-25,MSFT,-0.024822092819915022,Ridge Regression,0.36101913272453157,0.13303901764904724
2025-11-25,NVDA,-0.010962785712407167,Ridge Regression,0.40733639989579684,0.12059432134179371
2025-11-25,TSLA,-0.021797283984570433,Ridge Regression,0.38452525725836556,-0.0301282757050626
2025-11-25,XOM,-0.03462119380087933,Ridge Regression,0.2687318134483349,0.0743277999233154
2025-11-26,AAPL,-0.006552227990373265,Ridge Regression,0.41691990817811947,0.02597082988114674
2025-11-26,AMZN,-0.014438773265967758,Ridge Regression,0.3715384702685102,-0.08581047276764442
2025-11-26,GOOGL,-0.004693682629048843,Ridge Regression,0.4985902352544557,0.18470111652432508
2025-11-26,JNJ,-0.035024864915051794,Ridge Regression,0.2808341140987468,-0.0743297795125667
2025-11-26,JPM,-0.017390586646076726,Ridge Regression,0.4085487664624373,-0.09439180280468684
2025-11-26,META,-0.005744062090984218,Ridge Regression,0.5507771986670901,-0.1790126010674472
2025-11-26,MSFT,-0.02996763260184497,Ridge Regression,0.33408848938946667,0.0413264358333747
2025-11-26,NVDA,-0.013799192808437716,Ridge Regression,0.39819473771459885,0.13656120553954487
2025-11-26,TSLA,-0.02826677229307048,Ridge Regression,0.3562550696214485,-0.07460947531739326
2025-11-26,XOM,-0.03541202775402905,Ridge Regression,0.2603944211773042,0.02829782222639432
2025-11-27,AAPL,-0.011034482748734678,Ridge Regression,0.4119576143922235,-0.0031233990806094347
2025-11-27,AMZN,-0.014370335564986047,Ridge Regression,0.36587244359636495,-0.06987435840981948
2025-11-27,GOOGL,-0.006665684576603305,Ridge Regression,0.49565228636202463,0.1754822697382945
2025-11-27,JNJ,-0.03335680625200293,Ridge Regression,0.28587761143707763,-0.09241672482102536
2025-11-27,JPM,-0.018442443649728642,Ridge Regression,0.4088408063169509,-0.09366465176441674
2025-11-27,META,-0.002315409179981202,Ridge Regression,0.5587078230860463,-0.18091382200128536
2025-11-27,MSFT,-0.035282677491311046,Ridge Regression,0.3198033110006251,0.0443508774051522
2025-11-27,NVDA,-0.014835149478260852,Ridge Regression,0.40343748828449894,0.05114478032584091
2025-11-27,TSLA,-0.028358013685103198,Ridge Regression,0.35311550773460937,-0.08978984263659773
2025-11-27,XOM,-0.03751678150183031,Ridge Regression,0.25268219421564964,0.10382335431725798
2025-11-28,AAPL,-0.00748378701995858,Ridge Regression,0.4185468013658677,0.011248237659684968
2025-11-28,AMZN,-0.011639770068156176,Ridge Regression,0.3737914834611546,-0.05639147077415063
2025-11-28,GOOGL,-0.004448604751867042,Ridge Regression,0.5086709249900254,0.17264686990800793
2025-11-28,JNJ,-0.027720401275158013,Ridge Regression,0.29786822400134916,-0.10577979578859387
2025-11-28,JPM,-0.019351807954441365,Ridge Regression,0.40763852561607217,-0.07807116142146386
2025-11-28,META,-0.004075489650484453,Ridge Regression,0.5374150954370622,-0.1476418062339312
2025-11-28,MSFT,-0.04298635819109306,Ridge Regression,0.3048237237740404,0.05610578719306769
2025-11-28,NVDA,-0.02329964089314595,Ridge Regression,0.36979433909592796,0.020660948049858963
2025-11-28,TSLA,-0.0311354765988315,Ridge Regression,0.3474615620971796,-0.10595460679565849
2025-11-28,XOM,-0.03985857760128596,Ridge Regression,0.26064536196285765,0.0984353719533273
2025-12-01,AAPL,0.020841232114326903,Ridge Regression,0.5843959751957519,0.01763396439054321
2025-12-01,AMZN,0.019023214490199114,Ridge Regression,0.5388390487012313,-0.043371081351114116
2025-12-01,GOOGL,0.017974373432012358,Ridge Regression,0.6320673178164169,0.1465097003290745
2025-12-01,JNJ,0.003003843070848276,Ridge Regression,0.4651181538056762,-0.1107614296702627
2025-12-01,JPM,0.010379906860966886,Ridge Regression,0.5736145711558495,-0.08453422087614271
2025-12-01,META,0.023104619745067168,Ridge Regression,0.6832059987791663,-0.12988693377320637
2025-12-01,MSFT,-0.012993734060695808,Ridge Regression,0.4646454215438245,0.03628010073348387
2025-12-01,NVDA,0.010342030537552028,Ridge Regression,0.5498239376360853,0.005359173794477812
2025-12-01,TSLA,-0.005692813949505155,Ridge Regression,0.4787734782447092,-0.08031311432577781
2025-12-01,XOM,-0.012911958278286922,Ridge Regression,0.4037090727133262,0.12582698243287038
2025-12-02,AAPL,0.016904652637954272,Ridge Regression,0.5763543311630777,0.0062413141420838425
2025-12-02,AMZN,0.015955433586147413,Ridge Regression,0.5287513412696924,0.007421630915593003
2025-12-02,GOOGL,0.02098206638553829,Ridge Regression,0.6373266873461101,0.11467957259241879
2025-12-02,JNJ,0.005567127013654805,Ridge Regression,0.4735523626443856,-0.10737338947978636
2025-12-02,JPM,0.009240208091453917,Ridge Regression,0.572871112835842,-0.06762924527979408
2025-12-02,META,0.026399265091257743,Ridge Regression,0.6896320190159682,-0.11704196602396999
2025-12-02,MSFT,-0.009938821188725484,Ridge Regression,0.48709138931260193,0.07324941084714909
2025-12-02,NVDA,0.004607850473824053,Ridge Regression,0.5297166237032752,-0.009787514239768758
2025-12-02,TSLA,-0.004538197418182956,Ridge Regression,0.48154750617458414,-0.11148913669623539
2025-12-02,XOM,-0.006064346964900075,Ridge Regression,0.43612903881885157,0.1608411420893432
2025-12-03,AAPL,0.007799563632413858,Ridge Regression,0.5331993479559078,0.037579517707162724
2025-12-03,AMZN,0.014674025679978832,Ridge Regression,0.5242253584434567,0.040221961301098785
2025-12-03,GOOGL,0.02123047652610361,Ridge Regression,0.621513718561694,0.10088550977282118
2025-12-03,JNJ,-0.006127484130293544,Ridge Regression,0.436947478834057,-0.05601854748606094
2025-12-03,JPM,0.015226427233376116,Ridge Regression,0.5926592710996261,-0.050970435256279756
2025-12-03,META,0.02892746767205146,Ridge Regression,0.6976177127958328,-0.14663635142255693
2025-12-03,MSFT,0.0018713004742117742,Ridge Regression,0.5409687372556736,0.01854361273011418
2025-12-03,NVDA,0.0026730808688103687,Ridge Regression,0.5262423480033561,-0.03016582647303978
2025-12-03,TSLA,0.0008699181638981881,Ridge Regression,0.5043778606554096,-0.09519427330540009
2025-12-03,XOM,0.0037210011232794373,Ridge Regression,0.472237563231039,0.17927582652063911
2025-12-04,AAPL,0.007843638072440205,Ridge Regression,0.5452924843720215,0.026158927713404223
2025-12-04,AMZN,0.01577324236009573,Ridge Regression,0.5318733186385429,0.04155648510737309
2025-12-04,GOOGL,0.021842542208177072,Ridge Regression,0.6229194067734231,0.06245981839341219
2025-12-04,JNJ,-0.008570226501166194,Ridge Regression,0.416809294074619,-0.09395627216717606
2025-12-04,JPM,0.013574460797158145,Ridge Regression,0.5896173407783758,-0.015143379652727829
2025-12-04,META,0.0222573968563919,Ridge Regression,0.675847733123778,-0.14101225973299591
2025-12-04,MSFT,0.0011471078630842244,Ridge Regression,0.5350611539484231,0.05964747575433704
2025-12-04,NVDA,-0.008196957497003441,Ridge Regression,0.4901230439650093,-0.06566738266301886
2025-12-04,TSLA,0.002969583352041563,Ridge Regression,0.5071566937508353,-0.10572256092010623
2025-12-04,XOM,0.005610921074774329,Ridge Regression,0.4867709341703979,0.20393988875690594
2025-12-05,AAPL,0.009348076839695671,Ridge Regression,0.5476525492703552,0.06523453961746806
2025-12-05,AMZN,0.016921469886049152,Ridge Regression,0.5372826803159905,0.05425205402957434
2025-12-05,GOOGL,0.01759288644351198,Ridge Regression,0.6068634658199918,0.03273301417627161
2025-12-05,JNJ,-0.009860880549672666,Ridge Regression,0.4078153236585586,-0.07234942532809718
2025-12-05,JPM,0.012492806596561396,Ridge Regression,0.5866109015890867,0.018454280779848897
2025-12-05,META,0.020576115060354408,Ridge Regression,0.6688261322482533,-0.12765328629420658
2025-12-05,MSFT,0.005914518377376079,Ridge Regression,0.5500493637499532,0.025181211374990298
2025-12-05,NVDA,0.00177774190019122,Ridge Regression,0.5216555678188247,-0.10058685654640376
2025-12-05,TSLA,0.004159486895646941,Ridge Regression,0.5048381362581699,-0.11317466615030625
2025-12-05,XOM,-0.002082735667549544,Ridge Regression,0.44321226862742924,0.1625670510963375
2025-12-08,AAPL,0.00880082403380027,Ridge Regression,0.5439847773137302,0.07713236875934326
2025-12-08,AMZN,0.012073331835919155,Ridge Regression,0.5260959400652855,0.07881265605835641
2025-12-08,GOOGL,0.015658381044376894,Ridge Regression,0.605453598669831,0.04554422632472055
2025-12-08,JNJ,-0.007585562530667856,Ridge Regression,0.4070073724571825,-0.048894651235855124
2025-12-08,JPM,0.011118144532112937,Ridge Regression,0.588028409991134,0.008675623897973717
2025-12-08,META,0.015667356221617162,Ridge Regression,0.6554659258909172,-0.14304993492388707
2025-12-08,MSFT,-0.001137377163046962,Ridge Regression,0.5136023992570052,0.014450089015406675
2025-12-08,NVDA,-0.001461375732633859,Ridge Regression,0.5052954291482487,-0.08193516965154801
2025-12-08,TSLA,0.005585358020949225,Ridge Regression,0.5139856629597489,-0.14372654074183988
2025-12-08,XOM,-0.01070471430512909,Ridge Regression,0.4122377500863225,0.09357836853511259
2025-12-09,AAPL,0.007854115472008151,Ridge Regression,0.5407030346716282,0.054525036429360796
2025-12-09,AMZN,0.010573071310246346,Ridge Regression,0.5244121914871817,0.12323493992311119
2025-12-09,GOOGL,0.017681048346754127,Ridge Regression,0.6126560911516941,0.03516362150607022
2025-12-09,JNJ,-0.012942930334859836,Ridge Regression,0.38673837389681687,-0.07481040740700762
2025-12-09,JPM,0.012172045608476692,Ridge Regression,0.5926851895461984,0.005575560144325031
2025-12-09,META,0.013480937992557212,Ridge Regression,0.6471440885490937,-0.12336579327368169
2025-12-09,MSFT,-0.009256814922378499,Ridge Regression,0.49307910893724427,-0.012150597077007164
2025-12-09,NVDA,-0.002760929294497545,Ridge Regression,0.5031932331589002,-0.10041959042030113
2025-12-09,TSLA,0.016431738238722543,Ridge Regression,0.5283930020013774,-0.15362985209587476
2025-12-09,XOM,-0.014927771362726229,Ridge Regression,0.4122222172777408,0.07867095628662701
2025-12-10,AAPL,0.006244117295232684,Ridge Regression,0.5273372251475137,0.040694876105575206
2025-12-10,AMZN,0.008963867149616936,Ridge Regression,0.5215774034108757,0.1328964360665159
2025-12-10,GOOGL,0.017117530036676473,Ridge Regression,0.6114050665868102,0.04076153253463177
2025-12-10,JNJ,-0.008202116160972816,Ridge Regression,0.41378822413066463,-0.08639685774158101
2025-12-10,JPM,0.010786099824635258,Ridge Regression,0.5895727821492073,0.020037477270578252
2025-12-10,META,0.013290837849553283,Ridge Regression,0.6438855589254674,-0.12576480613240892
2025-12-10,MSFT,0.0003385042248789357,Ridge Regression,0.5239086784793864,0.008508343676446595
2025-12-10,NVDA,-0.008362840227029973,Ridge Regression,0.4680070258535331,-0.09082169460512457
2025-12-10,TSLA,0.018045450087140764,Ridge Regression,0.5411356096774721,-0.118746814744905
2025-12-10,XOM,-0.006536132783538533,Ridge Regression,0.4288205266395306,0.17304620445631946
2025-12-11,AAPL,0.0027144103236291664,Ridge Regression,0.5055072253735909,-0.013673195840660624
2025-12-11,AMZN,0.009635726406661691,Ridge Regression,0.527247423897552,0.13264560432984696
2025-12-11,GOOGL,0.015126101284803958,Ridge Regression,0.5955080101226818,0.03143134613026821
2025-12-11,JNJ,-0.008739606780362988,Ridge Regression,0.41868948294264813,-0.07524710918631228
2025-12-11,JPM,0.010568343683721672,Ridge Regression,0.5892433939798513,0.02329849966303965
2025-12-11,META,0.016435473862399727,Ridge Regression,0.6572944156066005,-0.12228701688576504
2025-12-11,MSFT,-0.0020479799370493653,Ridge Regression,0.5196804929725031,-0.043057753173084135
2025-12-11,NVDA,-0.006124197043880621,Ridge Regression,0.4723055930229083,-0.07585398610244254
2025-12-11,TSLA,0.020797585263651122,Ridge Regression,0.5555186232709881,-0.0965437164512567
2025-12-11,XOM,-0.010945428125412375,Ridge Regression,0.42425072957528037,0.18537769383987923
2025-12-12,AAPL,0.01197429726577844,Ridge Regression,0.5479826409277672,-0.02248912717366547
2025-12-12,AMZN,0.009242590383102732,Ridge Regression,0.5231622767173651,0.12034364200080971
2025-12-12,GOOGL,0.014589875097335277,Ridge Regression,0.5910868151654839,0.0004911184741247521
2025-12-12,JNJ,-0.0060062998013126565,Ridge Regression,0.43436304044781865,-0.051250948691616394
2025-12-12,JPM,0.010682869493344233,Ridge Regression,0.587970257923595,0.01025282008567241
2025-12-12,META,0.014128622097499249,Ridge Regression,0.651768669072784,-0.15368393020021698
2025-12-12,MSFT,0.0015946991357107506,Ridge Regression,0.5320786791777756,-0.06530793831768
2025-12-12,NVDA,-0.0010739352447951245,Ridge Regression,0.48639135699160413,-0.0722220722355632
2025-12-12,TSLA,0.01991656627806751,Ridge Regression,0.5611716576683771,-0.07158048539470585
2025-12-12,XOM,-0.006936453964335806,Ridge Regression,0.4423140712066855,0.12805016045191264
2025-12-15,AAPL,0.01407578332147918,Ridge Regression,0.5529482529589947,-0.009183397475213462
2025-12-15,AMZN,0.016841276069538065,Ridge Regression,0.5489248801042537,0.1092091688527066
2025-12-15,GOOGL,0.018650334973499973,Ridge Regression,0.6034110534551277,0.008837917836886477
2025-12-15,JNJ,-0.007438658694518973,Ridge Regression,0.42911016109867944,-0.07303235478449432
2025-12-15,JPM,0.010243029023586975,Ridge Regression,0.5917521901389928,0.002998105388543504
2025-12-15,META,0.008632823732921716,Ridge Regression,0.6285898020260444,-0.1266546303720636
2025-12-15,MSFT,-0.004525996755188663,Ridge Regression,0.5027862022703703,-0.05871772023970179
2025-12-15,NVDA,-0.0015097890055059005,Ridge Regression,0.4867545865118401,-0.041163310434244926
2025-12-15,TSLA,0.02242909958861332,Ridge Regression,0.5720667720300221,-0.03411691478085377
2025-12-15,XOM,-0.01197553014353096,Ridge Regression,0.41545018842519293,0.054094815259613904
2025-12-16,AAPL,0.019022227762716795,Ridge Regression,0.5662182601116296,0.03321762589790778
2025-12-16,AMZN,0.00667029817087664,Ridge Regression,0.505600190107586,0.09147624019248823
2025-12-16,GOOGL,0.020780611691548108,Ridge Regression,0.6061320578676451,-0.02190685608241505
2025-12-16,JNJ,-0.008737122378801416,Ridge Regression,0.42626423197029173,-0.06313634591629447
2025-12-16,JPM,0.006861063291778839,Ridge Regression,0.575725164835241,0.008004968359041964
2025-12-16,META,0.01844797844009447,Ridge Regression,0.6575368052268467,-0.1312831289719889
2025-12-16,MSFT,-0.006442796820717179,Ridge Regression,0.5042557991441992,-0.04683387806395145
2025-12-16,NVDA,0.0021369340422594846,Ridge Regression,0.4953181976438308,-0.06171931871560821
2025-12-16,TSLA,0.02291845898515093,Ridge Regression,0.5821190377790042,-0.07066034147234168
2025-12-16,XOM,-0.020376890905485154,Ridge Regression,0.401596619498366,0.05885880703135382
2025-12-17,AAPL,0.013267250225603025,Ridge Regression,0.5492819578994248,0.013622360165771008
2025-12-17,AMZN,0.0038865608729199246,Ridge Regression,0.4978810246507802,0.06626504763600138
2025-12-17,GOOGL,0.02370761511680878,Ridge Regression,0.614645375781946,0.031313182502723746
2025-12-17,JNJ,-0.016268826294330976,Ridge Regression,0.4065109780109861,-0.03797473910376559
2025-12-17,JPM,0.010362453002546198,Ridge Regression,0.5869128516387542,0.024990459476044835
2025-12-17,META,0.022855245582460354,Ridge Regression,0.6683834385392913,-0.1285860804698754
2025-12-17,MSFT,-0.011655352744633396,Ridge Regression,0.47781222463026646,-0.07728923207089444
2025-12-17,NVDA,0.005256621633629553,Ridge Regression,0.5092159789501354,-0.05065427878023454
2025-12-17,TSLA,0.023381010918666498,Ridge Regression,0.5931640142861678,-0.05792437161204689
2025-12-17,XOM,-0.017428201408066522,Ridge Regression,0.41722018224318574,0.09340748507179697
2025-12-18,AAPL,0.01337742606956028,Ridge Regression,0.553075547208767,0.04658114621441234
2025-12-18,AMZN,0.004831880640055844,Ridge Regression,0.5013799839668753,0.10297361307528852
2025-12-18,GOOGL,0.023734734112800894,Ridge Regression,0.6123992564885283,0.012260392315770252
2025-12-18,JNJ,-0.015343431866149062,Ridge Regression,0.40327005288058376,-0.06523617634136225
2025-12-18,JPM,0.007864772556189899,Ridge Regression,0.5763023985260167,-0.005636942993417993
2025-12-18,META,0.01706059578126153,Ridge Regression,0.6531423072044887,-0.13455966023521304
2025-12-18,MSFT,-0.01789640995207918,Ridge Regression,0.4654066467253742,-0.05024536960264525
2025-12-18,NVDA,0.012729211727702734,Ridge Regression,0.5310813509470832,-0.0942818351437632
2025-12-18,TSLA,0.018143110248417964,Ridge Regression,0.5587447080055731,-0.04288705721545061
2025-12-18,XOM,-0.024707368897323424,Ridge Regression,0.38981829044845007,0.05656069350386872
2025-12-19,AAPL,-0.005593051333037563,Ridge Regression,0.5081210948968978,0.027677697726739225
2025-12-19,AMZN,0.000286718749096488,Ridge Regression,0.5112184537451862,0.07576474494157481
2025-12-19,GOOGL,0.015173150834340145,Ridge Regression,0.6043715301588231,-0.028752329657172893
2025-12-19,JNJ,-0.024694981258620873,Ridge Regression,0.39224429195513466,-0.020421522512404033
2025-12-19,JPM,-0.0018730119501333747,Ridge Regression,0.5655585521901939,-0.0012419418751199451
2025-12-19,META,0.006641378280998722,Ridge Regression,0.6392234258494583,-0.13575846719814644
2025-12-19,MSFT,-0.0328119713113447,Ridge Regression,0.4261747122939581,-0.07587699536364012
2025-12-19,NVDA,0.006339778673917756,Ridge Regression,0.5220467486036307,-0.13807687902289234
2025-12-19,TSLA,0.008088161589845379,Ridge Regression,0.5491099134225008,-0.03138293994065244
2025-12-19,XOM,-0.03628749578014312,Ridge Regression,0.3728313542986906,-0.00283429278156222
2025-12-22,AAPL,-0.004823772035616001,Ridge Regression,0.5143765117662847,0.04992579998166735
2025-12-22,AMZN,-0.001865914754704906,Ridge Regression,0.5077511872500484,0.07582641871955653
2025-12-22,GOOGL,0.011823044739380374,Ridge Regression,0.593028874574742,-0.05884121443282586
2025-12-22,JNJ,-0.01860153547864144,Ridge Regression,0.41146855811781086,-0.010418988415644703
2025-12-22,JPM,-0.005389657351335664,Ridge Regression,0.5486134129886346,-0.03204343708392965
2025-12-22,META,0.015688208003153764,Ridge Regression,0.6733108551675164,-0.10423879003599423
2025-12-22,MSFT,-0.028246854130706385,Ridge Regression,0.44357351879693036,-0.08896229182239679
2025-12-22,NVDA,0.010799990627047097,Ridge Regression,0.5471924039269096,-0.15016512699824147
2025-12-22,TSLA,0.007483863880699588,Ridge Regression,0.5516304505868267,-0.044312554648482716
2025-12-22,XOM,-0.04035659881603012,Ridge Regression,0.35031681737928827,-0.01363572699126503
2025-12-23,AAPL,-0.008831069734225363,Ridge Regression,0.49261396666381224,0.034278855877602155
2025-12-23,AMZN,-0.007286995463520542,Ridge Regression,0.4857345853615669,0.07461679383536657
2025-12-23,GOOGL,0.010845437305149083,Ridge Regression,0.5915445588871778,-0.04087911994270621
2025-12-23,JNJ,-0.020496052278041618,Ridge Regression,0.39453989835623116,-0.01687222029868929
2025-12-23,JPM,-0.0032894968529059805,Ridge Regression,0.5576993901540034,-0.00675584646012839
2025-12-23,META,0.014850173274566314,Ridge Regression,0.6780396692262042,-0.09198477919014181
2025-12-23,MSFT,-0.021236763494406105,Ridge Regression,0.4606419610253411,-0.06744440892886827
2025-12-23,NVDA,0.0033279511750943,Ridge Regression,0.50845815838478,-0.16759384628428886
2025-12-23,TSLA,0.008823271375565768,Ridge Regression,0.5572193569985223,-0.0082266923156602
2025-12-23,XOM,-0.040988682596962374,Ridge Regression,0.3430036044549403,-0.028053912583649532
2025-12-24,AAPL,-0.005845202043825238,Ridge Regression,0.5012006803213582,0.02904645150044649
2025-12-24,AMZN,-0.00682724844184893,Ridge Regression,0.48796126110316784,0.04459506184190931
2025-12-24,GOOGL,0.010516049634021744,Ridge Regression,0.5945833869361351,-0.06093526411930772
2025-12-24,JNJ,-0.021409033368095597,Ridge Regression,0.39918522252865235,-0.01814070419158409
2025-12-24,JPM,-0.0016685179637616352,Ridge Regression,0.5634576535631393,0.005124428223227895
2025-12-24,META,0.01478580715055227,Ridge Regression,0.6765806904331769,-0.09325908978039177
2025-12-24,MSFT,-0.01104801319593217,Ridge Regression,0.4911637419913858,-0.02783952771039422
2025-12-24,NVDA,0.002624939347726972,Ridge Regression,0.5060812855577932,-0.12998686985735686
2025-12-24,TSLA,0.011686638756312222,Ridge Regression,0.5694685002721751,-0.01750682904618528
2025-12-24,XOM,-0.05078283842605448,Ridge Regression,0.31379218870264475,-0.0005015529551553044
2025-12-25,AAPL,-0.0019831175781930025,Ridge Regression,0.5061750597816851,0.04763017187898955
2025-12-25,AMZN,-0.008770670169899821,Ridge Regression,0.48057136053311716,0.06755361039963192
2025-12-25,GOOGL,0.01023683886780984,Ridge Regression,0.5948789270566508,-0.06940697906381743
2025-12-25,JNJ,-0.01892229387679871,Ridge Regression,0.4092471855768484,0.012340878399711874
2025-12-25,JPM,-0.0009011201092780021,Ridge Regression,0.5694844345589566,0.010743159799533109
2025-12-25,META,0.014485631223913163,Ridge Regression,0.678747595570063,-0.1504841789596696
2025-12-25,MSFT,-0.0043739687928834045,Ridge Regression,0.5146447843846813,-0.015083477590991712
2025-12-25,NVDA,0.004641354901340896,Ridge Regression,0.5123586158127994,-0.07055160993331278
2025-12-25,TSLA,0.01426972173657175,Ridge Regression,0.5866696657737718,-0.019514235471831176
2025-12-25,XOM,-0.04966927338115194,Ridge Regression,0.31051070609188003,-0.020504356968827797
2025-12-26,AAPL,-0.004542909990593418,Ridge Regression,0.4991448665919156,0.05849729158979611
2025-12-26,AMZN,-0.007802610863444682,Ridge Regression,0.4814543256874333,0.058678529281186886
2025-12-26,GOOGL,0.01302408068125753,Ridge Regression,0.6021159294439472,-0.05793555567340036
2025-12-26,JNJ,-0.01836880199000985,Ridge Regression,0.41720830465851505,0.03573330778761208
2025-12-26,JPM,-8.786656299466416e-05,Ridge Regression,0.5687240425740001,-0.00129352555732698
2025-12-26,META,0.01729763974142072,Ridge Regression,0.6858028462006259,-0.1716952103207351
2025-12-26,MSFT,-0.0042155442331793915,Ridge Regression,0.518731472144747,-0.07743228616765852
2025-12-26,NVDA,0.00936361251563909,Ridge Regression,0.5330606764877429,-0.07693868549853489
2025-12-26,TSLA,0.01420847542958013,Ridge Regression,0.5910848986481808,0.03263697654615405
2025-12-26,XOM,-0.05252266533281444,Ridge Regression,0.30814247766748,-0.03064691472022618
2025-12-29,AAPL,-0.017787940620374483,Ridge Regression,0.4343057394218092,0.03192672642058825
2025-12-29,AMZN,-0.02149451925595331,Ridge Regression,0.4094957819866772,0.03387447610162253
2025-12-29,GOOGL,0.005654122988686763,Ridge Regression,0.5561972269530648,-0.07060025989446517
2025-12-29,JNJ,-0.029089138499363114,Ridge Regression,0.36342213006206886,0.0661599197386693
2025-12-29,JPM,-0.007945779569280519,Ridge Regression,0.5240167372911388,-0.004968343057764835
2025-12-29,META,0.00165187536657936,Ridge Regression,0.6135185256666209,-0.15473325695516604
2025-12-29,MSFT,-0.023221879117185817,Ridge Regression,0.4342909362364716,-0.052515698216291096
2025-12-29,NVDA,-0.009361791033186219,Ridge Regression,0.4564443923839178,-0.07752550826163662
2025-12-29,TSLA,-0.011971744333175566,Ridge Regression,0.46045206821746076,0.0016052950582630121
2025-12-29,XOM,-0.06115901478916595,Ridge Regression,0.27073213551649833,-0.029701328937983162
2025-12-30,AAPL,-0.01485059343764047,Ridge Regression,0.4478769480389276,0.055336615351365914
2025-12-30,AMZN,-0.01896371191156971,Ridge Regression,0.4113346494720785,0.020925017353467412
2025-12-30,GOOGL,0.004644069287859497,Ridge Regression,0.5580081437356059,-0.03490923381257305
2025-12-30,JNJ,-0.028543052012413708,Ridge Regression,0.3658295976679868,0.0925396811287078
2025-12-30,JPM,-0.011039237999683817,Ridge Regression,0.5171057198375515,0.005549830679939971
2025-12-30,META,-0.0006255611520035128,Ridge Regression,0.6027928169205096,-0.15654176506187567
2025-12-30,MSFT,-0.02239555632293847,Ridge Regression,0.431301574021617,-0.09088643076008085
2025-12-30,NVDA,-0.006716381949346038,Ridge Regression,0.4798866740655823,-0.043234766351382126
2025-12-30,TSLA,-0.01231286341843563,Ridge Regression,0.45921837618659944,0.004377036033941906
2025-12-30,XOM,-0.05703127493484903,Ridge Regression,0.2665367317921414,0.004191902507244993
2025-12-31,AAPL,-0.010810995262243864,Ridge Regression,0.45585105689203725,0.058130698788672275
2025-12-31,AMZN,-0.013552517719446213,Ridge Regression,0.427744817022806,0.030512642119773004
2025-12-31,GOOGL,0.004767755030819779,Ridge Regression,0.5598496391292066,-0.026584215525989774
2025-12-31,JNJ,-0.018775947171954722,Ridge Regression,0.38257231965647137,0.09607607304892385
2025-12-31,JPM,-0.012961524413347246,Ridge Regression,0.5165273847648276,0.0008820673913796373
2025-12-31,META,0.004950769017345361,Ridge Regression,0.6212149378068167,-0.16673290912257455
2025-12-31,MSFT,-0.017616407038848814,Ridge Regression,0.44930755757415225,-0.038114161187509876
2025-12-31,NVDA,-0.005627159298684308,Ridge Regression,0.48859178506512524,0.0059611574440689985
2025-12-31,TSLA,-0.013886056769433592,Ridge Regression,0.4542227329900328,-0.01194807994259639
2025-12-31,XOM,-0.059215382763996204,Ridge Regression,0.25629562782668025,-0.029055407562421975
2026-01-01,AAPL,-0.014008319551528077,Ridge Regression,0.43435176765040817,0.07714733497471671
2026-01-01,AMZN,-0.02202810689187633,Ridge Regression,0.39223981117147194,0.04039921964277182
2026-01-01,GOOGL,0.0017848109074398032,Ridge Regression,0.5430648193932475,0.0020871615325153137
2026-01-01,JNJ,-0.016536809105028007,Ridge Regression,0.37240999571491307,0.17014403276319134
2026-01-01,JPM,-0.0197673086322291,Ridge Regression,0.4694029972840354,-0.0189263576060269
2026-01-01,META,0.002129367346844366,Ridge Regression,0.5912914785016099,-0.1258610282222664
2026-01-01,MSFT,-0.020158387670417097,Ridge Regression,0.4207972119055908,0.006366959874198885
2026-01-01,NVDA,-0.005770991675938544,Ridge Regression,0.47986936399564784,0.029245120996457707
2026-01-01,TSLA,-0.012948729586208185,Ridge Regression,0.44150689653367825,-0.009366341410590673
2026-01-01,XOM,-0.060679243425740784,Ridge Regression,0.23445189413761972,-0.060525113949462916
2026-01-02,AAPL,-0.004140455913269934,Ridge Regression,0.45895757011123345,0.06429438317131275
2026-01-02,AMZN,-0.021087472984263382,Ridge Regression,0.3949132323204113,0.04941169979298099
2026-01-02,GOOGL,0.006399523317915698,Ridge Regression,0.5616097171183175,0.05594807673019586
2026-01-02,JNJ,-0.021765664638626836,Ridge Regression,0.35006724101734277,0.18086921984178006
2026-01-02,JPM,-0.0230230525730742,Ridge Regression,0.45875505038335573,-0.05108630285744431
2026-01-02,META,0.0019789823743190833,Ridge Regression,0.5847010464820683,-0.10556283674974976
2026-01-02,MSFT,-0.01569454466335702,Ridge Regression,0.4377996359107862,0.06856638180200059
2026-01-02,NVDA,0.00248684668835641,Ridge Regression,0.5085347864282824,0.0349698476346203
2026-01-02,TSLA,-0.011001717035095901,Ridge Regression,0.44713913868918626,-0.009667977182486909
2026-01-02,XOM,-0.051060845139467195,Ridge Regression,0.25859770861819137,-0.11348208747684874
2026-01-05,AAPL,-0.007380248000786132,Ridge Regression,0.44792724041624316,0.06226197752095475
2026-01-05,AMZN,-0.017077911013405785,Ridge Regression,0.40693682276608145,0.06252777714755897
2026-01-05,GOOGL,0.009527295463937359,Ridge Regression,0.5754593712077016,0.02079636172082555
2026-01-05,JNJ,-0.02777269318464843,Ridge Regression,0.32885101613737994,0.1662750638801287
2026-01-05,JPM,-0.021764960707893174,Ridge Regression,0.4572625341549043,-0.020234372744883822
2026-01-05,META,0.0031064337237881766,Ridge Regression,0.5890774042446417,-0.0828273681283459
2026-01-05,MSFT,-0.012695840128706027,Ridge Regression,0.4436876698375709,0.03983818665751504
2026-01-05,NVDA,-0.006011432016132089,Ridge Regression,0.4603710497006631,-0.00617618597163605
2026-01-05,TSLA,-0.008256533843284274,Ridge Regression,0.46759812357995906,0.0365877517032791
2026-01-05,XOM,-0.042287104138951884,Ridge Regression,0.2894164589732527,-0.12215426459595013
2026-01-06,AAPL,-0.006349723985352164,Ridge Regression,0.4522107747662559,0.1197522342799815
2026-01-06,AMZN,-0.01906879445227716,Ridge Regression,0.39464374619010073,0.06400821059937822
2026-01-06,GOOGL,0.010286434594346545,Ridge Regression,0.5802178833651057,0.01909198901510889
2026-01-06,JNJ,-0.028808306498333956,Ridge Regression,0.32524976359846497,0.1839278707672909
2026-01-06,JPM,-0.02342675965382158,Ridge Regression,0.450077377670179,-0.019755412808304618
2026-01-06,META,0.002348550233755859,Ridge Regression,0.5951494867474435,-0.06334784415602168
2026-01-06,MSFT,-0.014990384343483877,Ridge Regression,0.4434300644112013,0.06924055954614317
2026-01-06,NVDA,0.00046425152493022336,Ridge Regression,0.4853636839563342,-0.015685805005622555
2026-01-06,TSLA,-0.009377607468376467,Ridge Regression,0.46605890662350413,0.02145845361664045
2026-01-06,XOM,-0.03793973083258954,Ridge Regression,0.30424017657642316,-0.13097220339793736
2026-01-07,AAPL,-0.004947727105950342,Ridge Regression,0.4520977264828675,0.10715126031928146
2026-01-07,AMZN,-0.022304895565825753,Ridge Regression,0.3803996723832012,0.07240747948991144
2026-01-07,GOOGL,0.012472402387681797,Ridge Regression,0.5898405285644043,0.01258907202721149
2026-01-07,JNJ,-0.02978493054352857,Ridge Regression,0.3246916063887229,0.18438642340006584
2026-01-07,JPM,-0.023879054246125,Ridge Regression,0.4497802929620677,-0.042376746996005354
2026-01-07,META,-0.00026976135176831834,Ridge Regression,0.5920712798308818,-0.03503783410684924
2026-01-07,MSFT,-0.022108841235977894,Ridge Regression,0.42035963952422134,0.04961817581338046
2026-01-07,NVDA,-0.0006623569032748592,Ridge Regression,0.48183289135857327,0.004113144866447316
2026-01-07,TSLA,-0.00955212939283557,Ridge Regression,0.4658567657686985,0.010368545110827743
2026-01-07,XOM,-0.028996463871999965,Ridge Regression,0.3146209386018525,-0.134064002726496
2026-01-08,AAPL,-0.005042020880507214,Ridge Regression,0.45959220974033405,0.1333991878954055
2026-01-08,AMZN,-0.01932384271641332,Ridge Regression,0.39156260531408726,0.11800776472481989
2026-01-08,GOOGL,0.011320227079296363,Ridge Regression,0.5940141733073092,0.054492912766131774
2026-01-08,JNJ,-0.03257679038855818,Ridge Regression,0.3135503106151762,0.13854929622407464
2026-01-08,JPM,-0.024156398964563314,Ridge Regression,0.4505515580953626,-0.05058315455347728
2026-01-08,META,0.0010672585345713216,Ridge Regression,0.5976491009990845,-0.003078226752281532
2026-01-08,MSFT,-0.017501159440026802,Ridge Regression,0.43954694294443897,0.0687738877317019
2026-01-08,NVDA,-0.013547886186466006,Ridge Regression,0.43819820848951296,-0.05188939823177263
2026-01-08,TSLA,-0.01444925963965849,Ridge Regression,0.44538151826616956,-0.019334251054750284
2026-01-08,XOM,-0.026269135117949302,Ridge Regression,0.3236580261629869,-0.16985127131387368
2026-01-09,AAPL,-0.0020076322514040795,Ridge Regression,0.47165743109130537,0.11052187557892501
2026-01-09,AMZN,-0.020305971374399975,Ridge Regression,0.3936955552424436,0.14532485136502515
2026-01-09,GOOGL,0.013932839966379514,Ridge Regression,0.609004895467601,0.10743840023158402
2026-01-09,JNJ,-0.03754605386208325,Ridge Regression,0.29445335709019915,0.09388603641811
2026-01-09,JPM,-0.023430379589832732,Ridge Regression,0.45939900718889526,-0.04820082371137313
2026-01-09,META,0.0037476719650625465,Ridge Regression,0.6034277095956887,0.026228630402783226
2026-01-09,MSFT,-0.009148719186710749,Ridge Regression,0.478511461602462,0.051799997306100076
2026-01-09,NVDA,-0.012135782331573901,Ridge Regression,0.44514835003085057,-0.035440831387427596
2026-01-09,TSLA,-0.017508905087197747,Ridge Regression,0.4307422002498214,-0.035807416742058784
2026-01-09,XOM,-0.030172202267979897,Ridge Regression,0.3218775294812143,-0.15147942933023273
2026-01-12,AAPL,-0.0018061534851046045,Ridge Regression,0.4787287241544701,0.10223559252417092
2026-01-12,AMZN,-0.018993691981045467,Ridge Regression,0.4041250627957866,0.13296768001240644
2026-01-12,GOOGL,0.01240157807288407,Ridge Regression,0.5990999524392285,0.12234775924970176
2026-01-12,JNJ,-0.04068831152554636,Ridge Regression,0.28720207688257476,0.15768778229270897
2026-01-12,JPM,-0.021072379368626798,Ridge Regression,0.4661423122306151,-0.032072462602389606
2026-01-12,META,0.006858931574450037,Ridge Regression,0.6095271968485776,0.02936727955402696
2026-01-12,MSFT,-0.013956739992464362,Ridge Regression,0.45850391105276794,0.12639954365036443
2026-01-12,NVDA,-0.005393721387027923,Ridge Regression,0.4630181587277919,0.008461310910184094
2026-01-12,TSLA,-0.01231022450606404,Ridge Regression,0.44435509174522103,-0.045458484592285076
2026-01-12,XOM,-0.0202157038968101,Ridge Regression,0.36091363484203487,-0.11222967660235272
2026-01-13,AAPL,-0.015328991018244227,Ridge Regression,0.4195513902857917,0.009045887351405213
2026-01-13,AMZN,-0.013314700941544669,Ridge Regression,0.42255840331598915,0.17401726238873794
2026-01-13,GOOGL,0.011340482194618015,Ridge Regression,0.6028674837367863,0.1217034478774277
2026-01-13,JNJ,-0.04012167302011915,Ridge Regression,0.2880331373882497,0.15166014587034948
2026-01-13,JPM,-0.02006598309666914,Ridge Regression,0.46281571268243765,-0.00926462347617285
2026-01-13,META,0.009725730703393899,Ridge Regression,0.6169845375202417,0.05832919739412601
2026-01-13,MSFT,-0.013627538252852041,Ridge Regression,0.45581114657499444,0.08560029068928143
2026-01-13,NVDA,-0.007472474608367372,Ridge Regression,0.4551086839945754,0.051204202218772865
2026-01-13,TSLA,-0.01881819872703834,Ridge Regression,0.4215861028860028,0.0010164924302888956
2026-01-13,XOM,-0.024396453412044536,Ridge Regression,0.34886437078281446,-0.08231946428761194
2026-01-14,AAPL,-0.019297989437761766,Ridge Regression,0.405201822588986,0.01971189976381882
2026-01-14,AMZN,-0.014591112080106878,Ridge Regression,0.4238186701633797,0.17923005303969952
2026-01-14,GOOGL,0.00113110403140205,Ridge Regression,0.5490904688693284,0.0615008545447675
2026-01-14,JNJ,-0.04187814587005615,Ridge Regression,0.2830373797007953,0.11107723592977248
2026-01-14,JPM,-0.02040775373779813,Ridge Regression,0.46185058293050224,-0.02946844298340434
2026-01-14,META,0.004138201113960683,Ridge Regression,0.5892630039178312,0.007871234697121476
2026-01-14,MSFT,-0.014506331767338983,Ridge Regression,0.45845979096436296,0.06412838491794814
2026-01-14,NVDA,-0.007089158023212121,Ridge Regression,0.452358187875117,0.025189016211462967
2026-01-14,TSLA,-0.017542092304914242,Ridge Regression,0.42606709261168285,-0.00833214303988905
2026-01-14,XOM,-0.03552675082686005,Ridge Regression,0.3178906114435904,-0.09246600377001613
2026-01-15,AAPL,-0.024500359467858973,Ridge Regression,0.3875480085117997,-0.007427613460686322
2026-01-15,AMZN,-0.02028131207689879,Ridge Regression,0.39915864566956727,0.18741600906510913
2026-01-15,GOOGL,-0.002604660499711136,Ridge Regression,0.5385589305950994,0.047059622618492725
2026-01-15,JNJ,-0.0414813490772146,Ridge Regression,0.28828350291701393,0.12422762770392382
2026-01-15,JPM,-0.019072682482111455,Ridge Regression,0.4708782346748292,-0.00040954030751083614
2026-01-15,META,0.0010673070985960807,Ridge Regression,0.5821325545774151,-0.00022068393246610363
2026-01-15,MSFT,-0.021153458068253833,Ridge Regression,0.43806546761742726,0.06459889581661726
2026-01-15,NVDA,-0.005267375603029202,Ridge Regression,0.47336755821986054,0.06433166538593182
2026-01-15,TSLA,-0.024458254834609963,Ridge Regression,0.3903660372687011,-0.03416683002650689
2026-01-15,XOM,-0.033541415130283955,Ridge Regression,0.32723376054645786,-0.13320791224173245
2026-01-16,AAPL,-0.024539076870793507,Ridge Regression,0.3926146699287233,0.018097361168504023
2026-01-16,AMZN,-0.02308607951695208,Ridge Regression,0.3983241850203366,0.2159829937786495
2026-01-16,GOOGL,-0.000804967774124107,Ridge Regression,0.5499825296937959,0.05490066465411014
2026-01-16,JNJ,-0.04077199900208172,Ridge Regression,0.28627612422274584,0.0918644050310764
2026-01-16,JPM,-0.017635170062775603,Ridge Regression,0.47048426977263125,0.018547312512292358
2026-01-16,META,0.0011632977290029183,Ridge Regression,0.5854295246662595,0.021507005811326474
2026-01-16,MSFT,-0.022611553056166515,Ridge Regression,0.4309412884542797,0.03947437179791957
2026-01-16,NVDA,-0.0012710139617193579,Ridge Regression,0.4912120368888897,0.08169946388158467
2026-01-16,TSLA,-0.029487005373391127,Ridge Regression,0.38003834330177094,-0.03409813817161589
2026-01-16,XOM,-0.023439400746084874,Ridge Regression,0.37120012914759887,-0.11175664920689066
2026-01-19,AAPL,-0.022775376066389602,Ridge Regression,0.39609118528188497,0.07149002139152971
2026-01-19,AMZN,-0.02423462824221869,Ridge Regression,0.4024670586813187,0.23616110470167273
2026-01-19,GOOGL,0.001579948884211704,Ridge Regression,0.5579962717558107,0.10516965690763258
2026-01-19,JNJ,-0.03236023777104129,Ridge Regression,0.31720393119404217,0.1090690268216643
2026-01-19,JPM,-0.019808898658810498,Ridge Regression,0.46731408919457906,0.054365640398323256
2026-01-19,META,0.0001016793827405822,Ridge Regression,0.585523003745398,0.02778334587735576
2026-01-19,MSFT,-0.013451789885976907,Ridge Regression,0.47601133710344457,0.031750727719115135
2026-01-19,NVDA,0.005050385067295786,Ridge Regression,0.5108429985700509,0.08993856145737755
2026-01-19,TSLA,-0.03408727715065178,Ridge Regression,0.36385361526365095,-0.005301774288572814
2026-01-19,XOM,-0.0294429497731601,Ridge Regression,0.3617800723415135,-0.11406439253614309
2026-01-20,AAPL,-0.0230941964204628,Ridge Regression,0.40103844181094267,0.054865004405691975
2026-01-20,AMZN,-0.021280448539200976,Ridge Regression,0.4057430340431408,0.19649319329109116
2026-01-20,GOOGL,-0.002748775729234712,Ridge Regression,0.5418079979690604,0.07675366988834953
2026-01-20,JNJ,-0.03442621403705224,Ridge Regression,0.31461901656258257,0.08791263295930518
2026-01-20,JPM,-0.019520147099090668,Ridge Regression,0.4625190089429522,0.034458056201771115
2026-01-20,META,0.0020368939420376134,Ridge Regression,0.5957210484066253,0.008908701104793026
2026-01-20,MSFT,-0.01662970366168283,Ridge Regression,0.46182449094124967,0.02046174086544772
2026-01-20,NVDA,0.0059999414148407225,Ridge Regression,0.5012332298074589,0.043121540762897315
2026-01-20,TSLA,-0.030415464891299128,Ridge Regression,0.37720206629362146,-0.012154053104371676
2026-01-20,XOM,-0.030280895844614984,Ridge Regression,0.36280530622541496,-0.12649107254830805
2026-01-21,AAPL,-0.023672383434393943,Ridge Regression,0.41655719899200894,0.07770000128727683
2026-01-21,AMZN,-0.030627903867462163,Ridge Regression,0.3868235484797659,0.2580498608111832
2026-01-21,GOOGL,-0.004945804666693704,Ridge Regression,0.551323334505229,0.08285188266042609
2026-01-21,JNJ,-0.04162973757404025,Ridge Regression,0.3057547167986926,0.10681256652175675
2026-01-21,JPM,-0.024506632134672163,Ridge Regression,0.4599977022548224,0.02540847369039101
2026-01-21,META,-0.0032569149358512087,Ridge Regression,0.5808502692520155,0.057233118285316964
2026-01-21,MSFT,-0.018421543705709018,Ridge Regression,0.46417018387639,0.005704240789008663
2026-01-21,NVDA,-0.008467766194193139,Ridge Regression,0.4546759619725073,0.04191861215956827
2026-01-21,TSLA,-0.03393029643326218,Ridge Regression,0.37849907637025887,0.04435601820890578
2026-01-21,XOM,-0.0355484836358994,Ridge Regression,0.35764777204951614,-0.14974099970630894
2026-01-22,AAPL,-0.025162734117803877,Ridge Regression,0.4136049974699454,0.08718421020407496
2026-01-22,AMZN,-0.03500967306921978,Ridge Regression,0.3664639562093873,0.20892232041018377
2026-01-22,GOOGL,-0.005195541709038759,Ridge Regression,0.5521031062658758,0.12772058022752408
2026-01-22,JNJ,-0.03822301467351002,Ridge Regression,0.31502207540435856,0.0945465887559056
2026-01-22,JPM,-0.02242842788691516,Ridge Regression,0.4750966968008106,0.023776893701140445
2026-01-22,META,-0.014026018961526885,Ridge Regression,0.5355439349300256,0.12624772064731138
2026-01-22,MSFT,-0.02183828319540921,Ridge Regression,0.4482730443264666,-0.012479148655987204
2026-01-22,NVDA,-0.0025110766626097875,Ridge Regression,0.46906883023841056,0.030020450675876553
2026-01-22,TSLA,-0.02811281905206537,Ridge Regression,0.4067733326571209,0.08715929250537391
2026-01-22,XOM,-0.03633840994030287,Ridge Regression,0.36087302373250524,-0.1347878557851615
2026-01-23,AAPL,-0.030687550415278132,Ridge Regression,0.3883991584978646,0.04986769794320667
2026-01-23,AMZN,-0.03800972782824111,Ridge Regression,0.3598773515453669,0.2524053768004302
2026-01-23,GOOGL,-0.008119940794191512,Ridge Regression,0.5400202109255564,0.07497460488854091
2026-01-23,JNJ,-0.03430880450719201,Ridge Regression,0.3279179251926756,0.06533926243817545
2026-01-23,JPM,-0.023061535453336446,Ridge Regression,0.4728154378303479,0.03325533656147894
2026-01-23,META,-0.014611658951870233,Ridge Regression,0.5332411402623393,0.17990638647565738
2026-01-23,MSFT,-0.023043929262148204,Ridge Regression,0.4385156994081793,0.029058171344821915
2026-01-23,NVDA,-0.00228246089085434,Ridge Regression,0.48176319196955714,-0.01079671006195937
2026-01-23,TSLA,-0.035095000721422236,Ridge Regression,0.3661546651033539,0.013915274154503665
2026-01-23,XOM,-0.044639630209868254,Ridge Regression,0.337395599876281,-0.11310184338907614
2026-01-26,AAPL,-0.02988571279953804,Ridge Regression,0.38952464028767037,0.0706754052115468
2026-01-26,AMZN,-0.03753670426841041,Ridge Regression,0.36699850394475336,0.2590261340946829
2026-01-26,GOOGL,-0.005508466693810428,Ridge Regression,0.5514450918494774,0.08455263524108636
2026-01-26,JNJ,-0.04155530835869766,Ridge Regression,0.3014492085866164,0.06306274133160028
2026-01-26,JPM,-0.021778879196931562,Ridge Regression,0.48006603148776394,0.04241897623135249
2026-01-26,META,-0.017379863579863132,Ridge Regression,0.5233599666040688,0.14726680463148378
2026-01-26,MSFT,-0.024698434964402383,Ridge Regression,0.4306513828815911,0.04205865776297735
2026-01-26,NVDA,-0.005921085144570591,Ridge Regression,0.47157644132185533,-0.029495380058849552
2026-01-26,TSLA,-0.027889030663641637,Ridge Regression,0.3877750698238365,0.018591547596788383
2026-01-26,XOM,-0.051877316454359584,Ridge Regression,0.31721641024567604,-0.12379458392936071
2026-01-27,AAPL,-0.02388461399695819,Ridge Regression,0.40528829963770036,0.04600298928823232
2026-01-27,AMZN,-0.03631431782072207,Ridge Regression,0.3701221162810484,0.26711683745069714
2026-01-27,GOOGL,-0.008238493130437993,Ridge Regression,0.538304189504138,0.04914937073590919
2026-01-27,JNJ,-0.04075762040219665,Ridge Regression,0.3002880408200088,0.03408323758053977
2026-01-27,JPM,-0.02631166832523392,Ridge Regression,0.4619900311346944,0.01906172116775018
2026-01-27,META,-0.021165649025762463,Ridge Regression,0.5063130015835227,0.14352676554531807
2026-01-27,MSFT,-0.021507090546544726,Ridge Regression,0.44507902221459017,0.060413062857317845
2026-01-27,NVDA,-0.010215520463807862,Ridge Regression,0.45485628926641297,-0.010230730801006893
2026-01-27,TSLA,-0.03214122751556786,Ridge Regression,0.37161107396578497,0.08650908382850431
2026-01-27,XOM,-0.05529937631720193,Ridge Regression,0.3048933700773896,-0.12255976695207127
2026-01-28,AAPL,-0.02953264786633985,Ridge Regression,0.38173789399200214,0.06367647507246588
2026-01-28,AMZN,-0.03442658543517824,Ridge Regression,0.3852236307889659,0.20272592825666713
2026-01-28,GOOGL,-0.006858325506680821,Ridge Regression,0.5452599229716542,0.02520856478993383
2026-01-28,JNJ,-0.032826896977732806,Ridge Regression,0.32939143638647705,0.01774098615317299
2026-01-28,JPM,-0.02967412207046065,Ridge Regression,0.45878406890214374,0.01153295714744984
2026-01-28,META,-0.020122841688167414,Ridge Regression,0.5044885232269808,0.1806378731040561
2026-01-28,MSFT,-0.01867391526741146,Ridge Regression,0.4485125668560532,0.014278725787577384
2026-01-28,NVDA,-0.0193164946110971,Ridge Regression,0.41896214121678876,-0.055900690301845746
2026-01-28,TSLA,-0.030458415692252848,Ridge Regression,0.38082619689151437,0.11778003312234664
2026-01-28,XOM,-0.04715189804000319,Ridge Regression,0.33345416519026433,-0.1093939588586973
2026-01-29,AAPL,-0.017002575873028135,Ridge Regression,0.43095121671419967,0.055495087162788614
2026-01-29,AMZN,-0.024220791005066696,Ridge Regression,0.43456761107733893,0.19506362401370003
2026-01-29,GOOGL,0.00014712237657931847,Ridge Regression,0.584690421283845,0.008631041456468092
2026-01-29,JNJ,-0.032819701532879636,Ridge Regression,0.33767657429026754,-0.01738198730803242
2026-01-29,JPM,-0.023208333581389975,Ridge Regression,0.4962360549424203,0.025598580910732194
2026-01-29,META,-0.011120573876619584,Ridge Regression,0.5507989205297308,0.1375661479672612
2026-01-29,MSFT,-0.01794851734336131,Ridge Regression,0.45323215648998993,-0.00010297277599291554
2026-01-29,NVDA,-0.021097638908523585,Ridge Regression,0.42319650314312274,-0.06816873463861972
2026-01-29,TSLA,-0.015496903063646593,Ridge Regression,0.44275719397686153,0.10735867169257562
2026-01-29,XOM,-0.04074998122621799,Ridge Regression,0.36031771055531703,-0.09669364635685007
2026-01-30,AAPL,-0.01642891326543342,Ridge Regression,0.4374910396134311,0.04771426118613631
2026-01-30,AMZN,-0.029030474517583033,Ridge Regression,0.4175306856064201,0.18279154186404822
2026-01-30,GOOGL,-0.014031641124194525,Ridge Regression,0.5257935224226115,-0.04664350323435329
2026-01-30,JNJ,-0.02911316961056678,Ridge Regression,0.34760161576777227,-0.03741008937567436
2026-01-30,JPM,-0.01715316660854714,Ridge Regression,0.5195333038625084,0.016834982034801937
2026-01-30,META,-0.010098295211303298,Ridge Regression,0.5590828632743803,0.12013045998192906
2026-01-30,MSFT,-0.017060414523838628,Ridge Regression,0.4429059253272154,0.0032607845679861747
2026-01-30,NVDA,-0.026867150222623405,Ridge Regression,0.40730627003659003,-0.03137135284588344
2026-01-30,TSLA,-0.011351717390991351,Ridge Regression,0.4657652770333321,0.10555341397412055
2026-01-30,XOM,-0.039258398091099,Ridge Regression,0.36443437452527583,-0.06458598464809129
2026-02-02,AAPL,-0.017461355750592635,Ridge Regression,0.4273463403160395,0.001963419105452502
2026-02-02,AMZN,-0.030865898317352168,Ridge Regression,0.4038484919041672,0.1766246856696554
2026-02-02,GOOGL,-0.022779408356837824,Ridge Regression,0.48320035938507877,-0.01035683826397138
2026-02-02,JNJ,-0.03154552729798766,Ridge Regression,0.3371005097631103,-0.039435079626017555
2026-02-02,JPM,-0.02418166723565733,Ridge Regression,0.47407556008380713,-0.010455743027763864
2026-02-02,META,-0.013690767793895919,Ridge Regression,0.5344422248954758,0.11852852194638852
2026-02-02,MSFT,-0.019173570451321266,Ridge Regression,0.4295697913615427,0.025650507629800146
2026-02-02,NVDA,-0.026695920321154046,Ridge Regression,0.39573239197201127,-0.03122460478234179
2026-02-02,TSLA,-0.017414188316438733,Ridge Regression,0.4247137147174147,0.1361567430845083
2026-02-02,XOM,-0.03335804789611096,Ridge Regression,0.3745100247849175,-0.04404819413492722
2026-02-03,AAPL,-0.02237449656484749,Ridge Regression,0.3954609402334968,-0.015004828736885467
2026-02-03,AMZN,-0.02769906708873316,Ridge Regression,0.405892748240286,0.1603756778379235
2026-02-03,GOOGL,-0.016537934975541645,Ridge Regression,0.5080444834607596,0.009364165718060091
2026-02-03,JNJ,-0.02785292544562478,Ridge Regression,0.3440339269175872,-0.04237593808869444
2026-02-03,JPM,-0.02466367168771634,Ridge Regression,0.47672689758027303,-0.028300875799092906
2026-02-03,META,-0.012647368571140908,Ridge Regression,0.54187200259236,0.0751874529896035
2026-02-03,MSFT,-0.014809861168456903,Ridge Regression,0.4510664949377924,0.021487744383431817
2026-02-03,NVDA,-0.021533020556543145,Ridge Regression,0.41207955878068786,-0.053447926904713006
2026-02-03,TSLA,-0.017996452871459324,Ridge Regression,0.43753139149115094,0.17318540715738928
2026-02-03,XOM,-0.027723469092731365,Ridge Regression,0.4060252143412453,-0.03940409590024363
2026-02-04,AAPL,-0.021268149230861247,Ridge Regression,0.4034563387398687,-0.01934531082101043
2026-02-04,AMZN,-0.03315533177712325,Ridge Regression,0.392486977283637,0.14218859473893253
2026-02-04,GOOGL,-0.016550814075362116,Ridge Regression,0.5110582469646302,0.010056028438262254
2026-02-04,JNJ,-0.02902396770581501,Ridge Regression,0.33564212952674516,-0.005431646370216869
2026-02-04,JPM,-0.022543853623182078,Ridge Regression,0.4815655215397512,-0.008077185392136421
2026-02-04,META,-0.011949947894880887,Ridge Regression,0.5612296378511719,0.01566525920173678
2026-02-04,MSFT,-0.010753895480475357,Ridge Regression,0.4676390247751223,-0.008348534383039397
2026-02-04,NVDA,-0.01687630288426912,Ridge Regression,0.4279008184500472,-0.09187991833054221
2026-02-04,TSLA,-0.01972499218852669,Ridge Regression,0.44039385697217703,0.19470433095663742
2026-02-04,XOM,-0.027046790974052937,Ridge Regression,0.40640433308815366,-0.032933493532029234
2026-02-05,AAPL,-0.020972548853687524,Ridge Regression,0.4018129476096451,-0.028022120205240975
2026-02-05,AMZN,-0.030377435829060738,Ridge Regression,0.39190295817570536,0.10453361752372015
2026-02-05,GOOGL,-0.028816546093350943,Ridge Regression,0.458021900951329,-0.02451968738193644
2026-02-05,JNJ,-0.02721403835696344,Ridge Regression,0.3503183368963521,0.0537398415786936
2026-02-05,JPM,-0.021308137776114434,Ridge Regression,0.4877457295259777,-0.006604043759870226
2026-02-05,META,-0.01995343563143638,Ridge Regression,0.5401255822573963,0.013858033966690497
2026-02-05,MSFT,-0.005939376503162071,Ridge Regression,0.4876221294442548,-0.06972942515530511
2026-02-05,NVDA,-0.009165015595264583,Ridge Regression,0.45093703506365646,-0.060276920005185364
2026-02-05,TSLA,-0.01887720614054713,Ridge Regression,0.4489481585624109,0.27015773032671864
2026-02-05,XOM,-0.02589865831300381,Ridge Regression,0.41104773306332965,-0.007839079696921103
2026-02-06,AAPL,-0.016779099691818254,Ridge Regression,0.42395905500675723,-0.0033243126838026216
2026-02-06,AMZN,-0.030439068174249746,Ridge Regression,0.3930589108451653,0.10995751656408825
2026-02-06,GOOGL,-0.03201664643012405,Ridge Regression,0.4380125990436417,-0.07201911147101447
2026-02-06,JNJ,-0.02801292825998783,Ridge Regression,0.3511169756930117,0.04808280879943405
2026-02-06,JPM,-0.021821196861363967,Ridge Regression,0.48497651044353146,0.010157950478208999
2026-02-06,META,-0.022026180547863927,Ridge Regression,0.5391647179406358,-0.029099542675468548
2026-02-06,MSFT,-0.011959429602791357,Ridge Regression,0.4688499152758546,-0.04616016365086473
2026-02-06,NVDA,-0.010389865034743685,Ridge Regression,0.4435126455910715,-0.023203206535046372
2026-02-06,TSLA,-0.012376272446647036,Ridge Regression,0.46843570905288984,0.25383231675889695
2026-02-06,XOM,-0.018801178442162482,Ridge Regression,0.4289156053962248,0.06901298868038785
2026-02-09,AAPL,-0.017203552548446854,Ridge Regression,0.4252403260732918,0.019317499441482422
2026-02-09,AMZN,-0.031945254884483555,Ridge Regression,0.38394670060553204,0.10029773425480193
2026-02-09,GOOGL,-0.03520611518430857,Ridge Regression,0.4320842353456137,-0.08240323772334346
2026-02-09,JNJ,-0.029637083957284045,Ridge Regression,0.3263382888177762,0.03122967701613355
2026-02-09,JPM,-0.024472736457070106,Ridge Regression,0.4709594913733834,-0.022061301901441732
2026-02-09,META,-0.019509865366859745,Ridge Regression,0.5468642615662219,0.008147587576658566
2026-02-09,MSFT,-0.014347145472574657,Ridge Regression,0.4487904974762462,-0.11541472953739129
2026-02-09,NVDA,-0.013592882270243056,Ridge Regression,0.42797925717378427,-0.01678538852882283
2026-02-09,TSLA,-0.011276040969057561,Ridge Regression,0.4653420190745169,0.2342465712210462
2026-02-09,XOM,-0.016978574377510026,Ridge Regression,0.4306424218771691,0.02895634248107104
2026-02-10,AAPL,-0.006035478779951387,Ridge Regression,0.47334222140286647,0.060656103073158496
2026-02-10,AMZN,-0.034167116527698625,Ridge Regression,0.3654787647817205,0.0624397882920511
2026-02-10,GOOGL,-0.03287126148846598,Ridge Regression,0.4416078870448366,-0.07206272972537331
2026-02-10,JNJ,-0.032336304035893916,Ridge Regression,0.31170412460501395,0.010314214707797031
2026-02-10,JPM,-0.020194543909772406,Ridge Regression,0.4826340508176257,-0.03973991307514746
2026-02-10,META,-0.017551608349742127,Ridge Regression,0.5537165442332734,0.02242266698104256
2026-02-10,MSFT,-0.0224414603812417,Ridge Regression,0.42603897873855406,-0.08654827084672723
2026-02-10,NVDA,-0.012450532297522106,Ridge Regression,0.4297125399615698,-0.03415842951639203
2026-02-10,TSLA,-0.0135291520699255,Ridge Regression,0.4474618720883999,0.2316358367251603
2026-02-10,XOM,-0.025452862840206904,Ridge Regression,0.39284828038701664,-0.008368576751907386
2026-02-11,AAPL,-0.00559676720481528,Ridge Regression,0.47377333354211815,0.0667909785993075
2026-02-11,AMZN,-0.03300240763898319,Ridge Regression,0.36988239501458253,0.06703674728401188
2026-02-11,GOOGL,-0.02390552781665911,Ridge Regression,0.46959113036899075,-0.06862251477108461
2026-02-11,JNJ,-0.03311648668620649,Ridge Regression,0.3121182847812242,0.0644565425595911
2026-02-11,JPM,-0.022084074087897067,Ridge Regression,0.48439566658675254,-0.025976735095272208
2026-02-11,META,-0.023236388951136867,Ridge Regression,0.5309204964998008,0.07234962549471069
2026-02-11,MSFT,-0.019771643615212595,Ridge Regression,0.4403116602608614,-0.05068750230258412
2026-02-11,NVDA,-0.005984210909635869,Ridge Regression,0.45590257145345564,-0.013222959156287795
2026-02-11,TSLA,-0.0148060390569893,Ridge Regression,0.4457746228479086,0.2438289603666668
2026-02-11,XOM,-0.028070060959399547,Ridge Regression,0.3776839739167261,-0.01511836549113088
2026-02-12,AAPL,-0.004548433686864668,Ridge Regression,0.4780046048809768,0.09020391799582872
2026-02-12,AMZN,-0.03279781064138981,Ridge Regression,0.3692188932995646,0.02246555319046828
2026-02-12,GOOGL,-0.021299672010648453,Ridge Regression,0.48320536385614354,-0.06801868705445024
2026-02-12,JNJ,-0.026976522605990996,Ridge Regression,0.32783863791706547,0.08802938551689254
2026-02-12,JPM,-0.020706930067922374,Ridge Regression,0.480026931367305,-0.03582220218279386
2026-02-12,META,-0.020808515553446788,Ridge Regression,0.5377604029732772,0.07509714978785809
2026-02-12,MSFT,-0.016812587401285904,Ridge Regression,0.44068808156124517,-0.08476023277595013
2026-02-12,NVDA,-0.001713632153443929,Ridge Regression,0.4686103130664982,-0.008410682306259298
2026-02-12,TSLA,-0.009366010619018343,Ridge Regression,0.4626779835496669,0.1717533285073809
2026-02-12,XOM,-0.030938333215616926,Ridge Regression,0.3718838684388547,0.05077776402586642
2026-02-13,AAPL,-0.01441425292186463,Ridge Regression,0.4332205187342665,0.09628620426036272
2026-02-13,AMZN,-0.030863450986936845,Ridge Regression,0.3685401294712564,0.028103401705879216
2026-02-13,GOOGL,-0.012183888557402552,Ridge Regression,0.517468911843816,-0.05833793342980642
2026-02-13,JNJ,-0.02212979132445172,Ridge Regression,0.34825057641816276,0.09750468012337987
2026-02-13,JPM,-0.025328099606629635,Ridge Regression,0.4573619033547799,-0.057963531655322975
2026-02-13,META,-0.01964075064785207,Ridge Regression,0.5409496448816147,0.09908055936624649
2026-02-13,MSFT,-0.013675824080090248,Ridge Regression,0.4556065651825276,-0.08874489590134216
2026-02-13,NVDA,-0.002095841009867339,Ridge Regression,0.46473665731621944,-0.04522999382486037
2026-02-13,TSLA,-0.011072754742743387,Ridge Regression,0.4575528047994791,0.17038411074673765
2026-02-13,XOM,-0.03472119099781005,Ridge Regression,0.3682017908755284,-0.013745485973043703
2026-02-16,AAPL,-0.02849619675809774,Ridge Regression,0.3706641555931014,0.04355747981128455
2026-02-16,AMZN,-0.027772964193520794,Ridge Regression,0.38654003477592863,0.031093030599717686
2026-02-16,GOOGL,-0.019920861868898118,Ridge Regression,0.48500708233203493,-0.051802884020109574
2026-02-16,JNJ,-0.023022253061345435,Ridge Regression,0.349574382766732,0.06220388075945338
2026-02-16,JPM,-0.0244222987865782,Ridge Regression,0.456462313674225,-0.09780334847575345
2026-02-16,META,-0.01757453344643821,Ridge Regression,0.5477537743045896,0.09773549142185178
2026-02-16,MSFT,-0.01501629134419037,Ridge Regression,0.45145715017437216,-0.11173579421057123
2026-02-16,NVDA,-0.0001229736257265775,Ridge Regression,0.47507694806984024,-0.0429450189073759
2026-02-16,TSLA,-0.008699920517714869,Ridge Regression,0.45583063407323793,0.152884437848247
2026-02-16,XOM,-0.042038030337980814,Ridge Regression,0.345775953194397,-0.035652853932573114
2026-02-17,AAPL,-0.022871647868557235,Ridge Regression,0.3931740668574622,0.07995967283305982
2026-02-17,AMZN,-0.022676864007761484,Ridge Regression,0.4108599064857647,0.06321220397017613
2026-02-17,GOOGL,-0.021712325725943026,Ridge Regression,0.48277262388182485,-0.04855743843136484
2026-02-17,JNJ,-0.02975407317755671,Ridge Regression,0.32854799857401784,0.06034741155292611
2026-02-17,JPM,-0.025214676551606682,Ridge Regression,0.45650328552722935,-0.07611138167266707
2026-02-17,META,-0.015481885132209985,Ridge Regression,0.5499778348456246,0.09651824610120507
2026-02-17,MSFT,-0.012636538161254368,Ridge Regression,0.47227653345370424,-0.11329060096693033
2026-02-17,NVDA,0.0035736520190149113,Ridge Regression,0.5028128189157887,-0.013074888472635826
2026-02-17,TSLA,-0.009909604170034008,Ridge Regression,0.45103175822549335,0.1410791221585712
2026-02-17,XOM,-0.043618544302702365,Ridge Regression,0.34645069247057403,-0.04222662372180652
2026-02-18,AAPL,-0.02668138080692952,Ridge Regression,0.39014788701829917,0.07549339176191805
2026-02-18,AMZN,-0.020588695652293112,Ridge Regression,0.41430306982583964,0.04896368784546201
2026-02-18,GOOGL,-0.024848673222368958,Ridge Regression,0.4810958671957269,-0.06715113144934426
2026-02-18,JNJ,-0.036164244727789,Ridge Regression,0.3209921312901711,0.06706524133490777
2026-02-18,JPM,-0.02743020832175965,Ridge Regression,0.4635670872166826,-0.08478629082587563
2026-02-18,META,-0.011323385271630654,Ridge Regression,0.5724391555959266,0.10670249141788046
2026-02-18,MSFT,-0.015372617551418935,Ridge Regression,0.4859201623872512,-0.1153352382953069
2026-02-18,NVDA,-0.0010497383413317287,Ridge Regression,0.48356113382046206,-0.0006253113804776111
2026-02-18,TSLA,-0.020301398017815733,Ridge Regression,0.4187390438823652,0.09446088420455068
2026-02-18,XOM,-0.042737308277816605,Ridge Regression,0.36063532538928894,-0.07123316654693379
2026-02-19,AAPL,-0.02715196403688725,Ridge Regression,0.3868357439624512,0.09641718817716272
2026-02-19,AMZN,-0.013272940088990498,Ridge Regression,0.4421779639451143,0.07014975423187808
2026-02-19,GOOGL,-0.0181932603539343,Ridge Regression,0.49945582388208165,-0.06464398777405522
2026-02-19,JNJ,-0.0404440627630096,Ridge Regression,0.3117546656783962,0.03870183615041389
2026-02-19,JPM,-0.026333176451398946,Ridge Regression,0.4667066936959234,-0.09322898159582516
2026-02-19,META,0.00037663320669944697,Ridge Regression,0.59237220669735,0.09078693104798985
2026-02-19,MSFT,-0.011731008667441698,Ridge Regression,0.5055589510543387,-0.1386449334030747
2026-02-19,NVDA,-0.005742782508192889,Ridge Regression,0.4674234009951559,0.02144544009912419
2026-02-19,TSLA,-0.029293620371393263,Ridge Regression,0.3823315164385021,0.05562557254256406
2026-02-19,XOM,-0.050214575137948435,Ridge Regression,0.3501382518753674,-0.07405524000698849
2026-02-20,AAPL,-0.026748562077249925,Ridge Regression,0.39151349529686336,0.11499715669812871
2026-02-20,AMZN,-0.014539493072602041,Ridge Regression,0.42957322464449227,0.056970539690335276
2026-02-20,GOOGL,-0.01414363343917698,Ridge Regression,0.5099667983397574,-0.042918294568727644
2026-02-20,JNJ,-0.043236569681703856,Ridge Regression,0.3068084247188905,0.03054359501192505
2026-02-20,JPM,-0.026379494214656622,Ridge Regression,0.47165510043914555,-0.07706118820122387
2026-02-20,META,0.003685023568765774,Ridge Regression,0.6021813234212262,0.06539551617944417
2026-02-20,MSFT,-0.013315055540736863,Ridge Regression,0.49487717150927657,-0.12469658342017298
2026-02-20,NVDA,-0.006975526111751616,Ridge Regression,0.46922067089873054,0.11408352289650647
2026-02-20,TSLA,-0.02620150418901101,Ridge Regression,0.39409703859626266,0.0858595406285263
2026-02-20,XOM,-0.05967256771025829,Ridge Regression,0.31861847078537064,-0.11803832137354586
2026-02-23,AAPL,-0.024956627139177137,Ridge Regression,0.40742098772027435,0.11903702023606266
2026-02-23,AMZN,-0.022148274644674552,Ridge Regression,0.4061306586064385,0.04714489850640757
2026-02-23,GOOGL,-0.009428572298784466,Ridge Regression,0.5281685352461989,-0.03874624347788291
2026-02-23,JNJ,-0.04078220511595825,Ridge Regression,0.3043161891598113,0.005050047985146744
2026-02-23,JPM,-0.0236959280685722,Ridge Regression,0.4809299269952861,-0.11224262032630161
2026-02-23,META,0.00018388465744844165,Ridge Regression,0.5977886719956907,0.0438589204912212
2026-02-23,MSFT,-0.00922302933944725,Ridge Regression,0.5085935253360307,-0.07121429929065115
2026-02-23,NVDA,-0.001861519607971267,Ridge Regression,0.4882064716767878,0.19918174628056207
2026-02-23,TSLA,-0.024750753025549077,Ridge Regression,0.39567972671636065,0.08098473397896089
2026-02-23,XOM,-0.0576337653269119,Ridge Regression,0.32448389665333877,-0.12123970667422013
2026-02-24,AAPL,-0.027979871686553172,Ridge Regression,0.4026278596774498,0.1303254383395016
2026-02-24,AMZN,-0.01642206396802986,Ridge Regression,0.42875898587598577,0.017262601528242216
2026-02-24,GOOGL,-0.01032421464054212,Ridge Regression,0.5285318763195276,-0.029642878450661825
2026-02-24,JNJ,-0.03747424649737147,Ridge Regression,0.31360328933868215,0.012009479417748548
2026-02-24,JPM,-0.02230594218479858,Ridge Regression,0.4873160265449999,-0.1033493012086576
2026-02-24,META,0.0033719300823868313,Ridge Regression,0.6108578061382951,0.03189421469243614
2026-02-24,MSFT,-0.012078650463875957,Ridge Regression,0.49243779599703946,-0.025137250772353292
2026-02-24,NVDA,-0.005281951888237566,Ridge Regression,0.4701208579873332,0.20461196929226966
2026-02-24,TSLA,-0.028028759890378542,Ridge Regression,0.37442377037744684,0.06942438744514345
2026-02-24,XOM,-0.05419066968367055,Ridge Regression,0.33819704397554984,-0.103766691842192
2026-02-25,AAPL,-0.031027960607530804,Ridge Regression,0.40353251303523463,0.10027320681590601
2026-02-25,AMZN,-0.025563969281590875,Ridge Regression,0.403918041854925,0.046071391579830534
2026-02-25,GOOGL,-0.010542004634071817,Ridge Regression,0.5356513188548352,-0.0006232254975501172
2026-02-25,JNJ,-0.04369520179766182,Ridge Regression,0.3023752889084159,0.034689428548643875
2026-02-25,JPM,-0.027129176803734195,Ridge Regression,0.4733729908581194,-0.0865724294214999
2026-02-25,META,0.0018401475816253877,Ridge Regression,0.5995679567484408,0.0277659904119254
2026-02-25,MSFT,-0.01566390013471692,Ridge Regression,0.48122666452536267,0.008773951158435489
2026-02-25,NVDA,-0.0021166041809785657,Ridge Regression,0.48135772791330894,0.21073825137014301
2026-02-25,TSLA,-0.031791138482275015,Ridge Regression,0.3590754329003329,0.05015072499599027
2026-02-25,XOM,-0.051071967505933284,Ridge Regression,0.3441707404150714,-0.10162835965839012
2026-02-26,AAPL,-0.030781699767937515,Ridge Regression,0.40042262054093863,0.12744662009333907
2026-02-26,AMZN,-0.02250429767808694,Ridge Regression,0.4135370268468334,0.06330139318452432
2026-02-26,GOOGL,-0.011310801829832887,Ridge Regression,0.5440063669296337,-0.0007060135642774634
2026-02-26,JNJ,-0.0344966040565185,Ridge Regression,0.323171348901445,0.013497390726820546
2026-02-26,JPM,-0.02788424070159609,Ridge Regression,0.46609511430245226,-0.11041300594930215
2026-02-26,META,-0.002305515865922269,Ridge Regression,0.5938539784391338,0.04323470969415766
2026-02-26,MSFT,-0.012647401999296664,Ridge Regression,0.4835659725462686,-0.016961183801959878
2026-02-26,NVDA,-2.8533550304934725e-05,Ridge Regression,0.4945179546299256,0.23278263724652204
2026-02-26,TSLA,-0.02783553694906922,Ridge Regression,0.37245765754398524,0.04737808511197206
2026-02-26,XOM,-0.0588155537299337,Ridge Regression,0.3116261620057011,-0.09166842713341983
2026-02-27,AAPL,-0.029195922616905325,Ridge Regression,0.4050486129137003,0.1285324490149089
2026-02-27,AMZN,-0.024046700920806734,Ridge Regression,0.4049761484370653,0.05479077821776834
2026-02-27,GOOGL,-0.0042420953400691625,Ridge Regression,0.5773537273017941,0.03817225575230343
2026-02-27,JNJ,-0.03115527755775386,Ridge Regression,0.3389548544412834,0.027579230719419146
2026-02-27,JPM,-0.02597241038429076,Ridge Regression,0.47533213721310935,-0.1012610176913763
2026-02-27,META,-0.0009159322541092136,Ridge Regression,0.6014256398000072,0.04297547837136606
2026-02-27,MSFT,-0.017855592591910677,Ridge Regression,0.4645569827097174,-0.05177540889994825
2026-02-27,NVDA,-0.007357539085831116,Ridge Regression,0.46813369610462724,0.15037652112349775
2026-02-27,TSLA,-0.021403510162997505,Ridge Regression,0.3993937295682425,0.05194571947058235
2026-02-27,XOM,-0.05427517982096822,Ridge Regression,0.3234652560568201,-0.08438820293601612
2026-03-02,AAPL,-0.007697789786398982,Ridge Regression,0.48098670365920165,0.14784419363690682
2026-03-02,AMZN,-0.013288827980994745,Ridge Regression,0.4522535050596012,0.031031458584627414
2026-03-02,GOOGL,0.01214777330123808,Ridge Regression,0.6283702937326019,0.01329012832490295
2026-03-02,JNJ,-0.015732069548461847,Ridge Regression,0.3986840033243149,0.006746994110956139
2026-03-02,JPM,-0.010098626692502798,Ridge Regression,0.538666792943871,-0.07374621249738855
2026-03-02,META,0.012023369136232715,Ridge Regression,0.6461528271036192,0.004247168614210262
2026-03-02,MSFT,-0.007227794223096638,Ridge Regression,0.5020858235618105,-0.07087776600179696
2026-03-02,NVDA,0.005720910592515121,Ridge Regression,0.5285223832822111,0.1583653337464892
2026-03-02,TSLA,-0.014091114606234538,Ridge Regression,0.4273337587927977,-0.0008616126610359043
2026-03-02,XOM,-0.03400033862827538,Ridge Regression,0.3935153763799508,-0.04046515365660197
2026-03-03,AAPL,-0.008305303802238954,Ridge Regression,0.47191740681527633,0.1640829628541809
2026-03-03,AMZN,-0.01708434154699095,Ridge Regression,0.43525699917353267,-0.016738315616481314
2026-03-03,GOOGL,0.01141025980541311,Ridge Regression,0.6227753868237614,0.0034953323234903078
2026-03-03,JNJ,-0.017952205999552225,Ridge Regression,0.38962037403837685,0.03661013526414081
2026-03-03,JPM,-0.013622318007271797,Ridge Regression,0.5250019734001119,-0.030182081203063316
2026-03-03,META,0.008808421436847413,Ridge Regression,0.6364952032562746,0.026051566338342935
2026-03-03,MSFT,-0.006952911312761122,Ridge Regression,0.5026971850449982,-0.057367432828820064
2026-03-03,NVDA,0.0035324891955070747,Ridge Regression,0.5230912305600371,0.20995807649632492
2026-03-03,TSLA,-0.016233862322262045,Ridge Regression,0.41641052651229954,-0.017782978337029465
2026-03-03,XOM,-0.032550714099523696,Ridge Regression,0.40663058430584226,-0.036276477256198314
2026-03-04,AAPL,-0.005989377008829904,Ridge Regression,0.4798873840552602,0.1929515137738116
2026-03-04,AMZN,-0.013217824413809526,Ridge Regression,0.461805047328026,0.004373667489637523
2026-03-04,GOOGL,0.010307281976881869,Ridge Regression,0.6169376671331469,0.034312638467153045
2026-03-04,JNJ,-0.01531330295423662,Ridge Regression,0.39354603172987346,0.026775147858474124
2026-03-04,JPM,-0.016111352475020782,Ridge Regression,0.5118873039600557,-0.023680381122119898
2026-03-04,META,0.011073654757249028,Ridge Regression,0.6421302735855903,0.08473411442115308
2026-03-04,MSFT,-0.0025434349108188568,Ridge Regression,0.5318199988990956,-0.014360822211300306
2026-03-04,NVDA,0.010838087364388902,Ridge Regression,0.5486844538123374,0.23574671464635766
2026-03-04,TSLA,-0.013392233722049432,Ridge Regression,0.42571259902135417,-0.04670580340285391
2026-03-04,XOM,-0.03890776462655066,Ridge Regression,0.38604259248989603,-0.06329423092327158
2026-03-05,AAPL,-0.005923327943208026,Ridge Regression,0.48468775586511686,0.2485321210404816
2026-03-05,AMZN,-0.011169811901798919,Ridge Regression,0.4696485403759296,-0.006270389137353005
2026-03-05,GOOGL,0.019716402077286185,Ridge Regression,0.6414655306374141,0.03038549260149015
2026-03-05,JNJ,-0.018329319527471,Ridge Regression,0.3721913900102998,0.0017231299804001399
2026-03-05,JPM,-0.017347466752699277,Ridge Regression,0.5140551203088323,0.0022516896062041436
2026-03-05,META,0.011041365068935854,Ridge Regression,0.6451811323679207,0.05322276610190224
2026-03-05,MSFT,-0.00609571521297857,Ridge Regression,0.5218593119502849,0.016530212983559167
2026-03-05,NVDA,0.009560810221746045,Ridge Regression,0.5392026773966649,0.17094866854785606
2026-03-05,TSLA,-0.015128976423505516,Ridge Regression,0.4089215625794577,-0.050438311472369546
2026-03-05,XOM,-0.03345130098621906,Ridge Regression,0.3991935029783832,-0.0675012735983882
2026-03-06,AAPL,-0.004708448981588364,Ridge Regression,0.4950629433513902,0.2408139527844131
2026-03-06,AMZN,-0.007733654943498484,Ridge Regression,0.47927632979073853,-0.021018400231534784
2026-03-06,GOOGL,0.022067599949982565,Ridge Regression,0.6566392203718313,0.09249086660791339
2026-03-06,JNJ,-0.022723351455941163,Ridge Regression,0.3586276993467386,0.041881109412282624
2026-03-06,JPM,-0.018611860816430036,Ridge Regression,0.5099837603578381,-0.02103861859565359
2026-03-06,META,0.010465033835670455,Ridge Regression,0.6455090701586965,0.10872888176506401
2026-03-06,MSFT,-0.0019279548799847855,Ridge Regression,0.5349702257966625,0.031177503239180338
2026-03-06,NVDA,-0.00831871515338112,Ridge Regression,0.4672186531138068,0.15871990117898682
2026-03-06,TSLA,-0.021319649923759565,Ridge Regression,0.39269215958031306,-0.028502924664556728
2026-03-06,XOM,-0.03376352058342703,Ridge Regression,0.38206250537408015,-0.11680763280098738
2026-03-09,AAPL,-0.003865226937485971,Ridge Regression,0.4959942957657239,0.1884153891224598
2026-03-09,AMZN,-0.011182871676453515,Ridge Regression,0.4548814800110136,0.04292140966515423
2026-03-09,GOOGL,0.023310842408975983,Ridge Regression,0.653625749111854,0.07312987440826602
2026-03-09,JNJ,-0.015636833279957622,Ridge Regression,0.37908112089513774,0.028408031111084142
2026-03-09,JPM,-0.016806379429157123,Ridge Regression,0.5148459586717308,-0.032810982060898164
2026-03-09,META,0.002764350141327111,Ridge Regression,0.6199741949224832,0.07967390605519964
2026-03-09,MSFT,0.00012958687767870066,Ridge Regression,0.547799913519889,0.10678196658151573
2026-03-09,NVDA,-0.019600613113700947,Ridge Regression,0.4358907254307111,0.14663937088984524
2026-03-09,TSLA,-0.0167086594799572,Ridge Regression,0.40969698031828317,-0.03717629747542439
2026-03-09,XOM,-0.03146359474894226,Ridge Regression,0.3955729393384718,-0.06944466286514883
2026-03-10,AAPL,-0.0020221903760803952,Ridge Regression,0.501439804932423,0.1774233340244631
2026-03-10,AMZN,-0.0032509794566734206,Ridge Regression,0.4802294616230694,0.008028634885138164
2026-03-10,GOOGL,0.020894040924040055,Ridge Regression,0.6470573890379919,0.08255227327773551
2026-03-10,JNJ,-0.014152704836317106,Ridge Regression,0.38972132977101204,0.030486709628299247
2026-03-10,JPM,-0.016338810570328904,Ridge Regression,0.5239276566756778,-0.015121725003691577
2026-03-10,META,-8.841503550291365e-05,Ridge Regression,0.6078766910677942,0.055231726229983735
2026-03-10,MSFT,-0.0031073932658119384,Ridge Regression,0.5323069491766823,0.09305891315695014
2026-03-10,NVDA,-0.013062704437348744,Ridge Regression,0.4647646773517994,0.20637514585117445
2026-03-10,TSLA,-0.011683780332474712,Ridge Regression,0.42667779277483014,-0.027313158860730824
2026-03-10,XOM,-0.023781961694104133,Ridge Regression,0.416524582657409,-0.0871236483734682
2026-03-11,AAPL,-0.0014680765409987228,Ridge Regression,0.5024835652276127,0.19741015260395667
2026-03-11,AMZN,-0.010818498362199294,Ridge Regression,0.4528010872671123,0.013243471743801027
2026-03-11,GOOGL,0.021494087871523154,Ridge Regression,0.65331190219529,0.13182679306360678
2026-03-11,JNJ,-0.022599791773177037,Ridge Regression,0.3562360960875943,-0.038987126220758395
2026-03-11,JPM,-0.017069091053301795,Ridge Regression,0.5208672412367157,0.0033886635847333313
2026-03-11,META,0.001393654808912854,Ridge Regression,0.6132927013123837,0.03307805876824621
2026-03-11,MSFT,-0.018589252445242066,Ridge Regression,0.4737825771848912,0.05560336363833285
2026-03-11,NVDA,-0.010931983608785658,Ridge Regression,0.47392291593809727,0.23522627406627805
2026-03-11,TSLA,-0.01029066003641158,Ridge Regression,0.43017593925741876,-0.04718252646549759
2026-03-11,XOM,-0.023268330827908863,Ridge Regression,0.4156041342922892,-0.09406347354728928
2026-03-12,AAPL,-0.006231266812380188,Ridge Regression,0.4772293422855451,0.1678923559755432
2026-03-12,AMZN,-0.0090827423042684,Ridge Regression,0.4649294423014832,0.026847625851490253
2026-03-12,GOOGL,0.02037011116505999,Ridge Regression,0.6474755325904622,0.1162247463445445
2026-03-12,JNJ,-0.02393509407699758,Ridge Regression,0.3510794384875313,-0.08831304002907747
2026-03-12,JPM,-0.01515939944698441,Ridge Regression,0.5271285138255541,-0.021766085070515584
2026-03-12,META,-0.0018047499458158298,Ridge Regression,0.6068804642128799,0.018449189003045152
2026-03-12,MSFT,-0.010831016878706166,Ridge Regression,0.507391609242081,0.08833659917352676
2026-03-12,NVDA,-0.012905327623571704,Ridge Regression,0.4623744228288844,0.27520001604928557
2026-03-12,TSLA,-0.01195384350525322,Ridge Regression,0.43869245058419354,-0.024927170920030828
2026-03-12,XOM,-0.021772466613745114,Ridge Regression,0.41186373045328356,-0.08942003885880256
2026-03-13,AAPL,-0.013440068024766183,Ridge Regression,0.44903367759764895,0.15679710157182525
2026-03-13,AMZN,-0.010834609100172584,Ridge Regression,0.4577528028728149,0.02763293451381621
2026-03-13,GOOGL,0.020237075724508953,Ridge Regression,0.6495025312016612,0.086662463908034
2026-03-13,JNJ,-0.021759033801380688,Ridge Regression,0.36619415225047325,-0.09499184433869623
2026-03-13,JPM,-0.01298368459163568,Ridge Regression,0.5355197263593496,-0.03832214211339424
2026-03-13,META,0.0024881546872365804,Ridge Regression,0.6321120307791313,-0.005652185326236792
2026-03-13,MSFT,-0.008605129695850158,Ridge Regression,0.5191573451905607,0.12129402466045902
2026-03-13,NVDA,-0.007432585034641314,Ridge Regression,0.4830510729878606,0.380031031213119
2026-03-13,TSLA,-0.015017890141654019,Ridge Regression,0.42513545513998774,-0.03598054934512529
2026-03-13,XOM,-0.026742233966809976,Ridge Regression,0.40648244797356253,-0.0657034801123707
2026-03-16,AAPL,-0.009056477380622261,Ridge Regression,0.46010290940035503,0.13518544851264092
2026-03-16,AMZN,-0.009301827352262523,Ridge Regression,0.4672426398667241,0.027842642301723508
2026-03-16,GOOGL,0.015057785034164307,Ridge Regression,0.6141808730188478,0.033828601326156615
2026-03-16,JNJ,-0.020364846255307968,Ridge Regression,0.37296877398645745,-0.07837569637516106
2026-03-16,JPM,-0.013444526788095221,Ridge Regression,0.533426483867823,-0.02553502070032565
2026-03-16,META,0.009354118862034026,Ridge Regression,0.658343890737922,-0.02169758266458577
2026-03-16,MSFT,-0.004686174552297019,Ridge Regression,0.538686883064372,0.15967086608458803
2026-03-16,NVDA,-0.0049090132033499405,Ridge Regression,0.4984824069851731,0.35623479238079137
2026-03-16,TSLA,-0.010456256222179135,Ridge Regression,0.44505663130703316,-0.01868492710375813
2026-03-16,XOM,-0.02537526812489884,Ridge Regression,0.4205772328641626,-0.08965816612588207
2026-03-17,AAPL,-0.008659408815488408,Ridge Regression,0.457879788120828,0.11994055767769396
2026-03-17,AMZN,-0.009242768544120487,Ridge Regression,0.4564536377158313,-0.01472827930582532
2026-03-17,GOOGL,0.014547607682449018,Ridge Regression,0.6113949085033296,0.050961058005766
2026-03-17,JNJ,-0.021366026974466115,Ridge Regression,0.369443285188056,-0.07988050054519524
2026-03-17,JPM,-0.016452286796891064,Ridge Regression,0.5207238866537475,-0.02730222254340675
2026-03-17,META,0.006049673883921949,Ridge Regression,0.6463422615306175,-0.027005673321346513
2026-03-17,MSFT,-0.0024823334522310007,Ridge Regression,0.5440661998978471,0.16533709960209664
2026-03-17,NVDA,-0.014424871351684776,Ridge Regression,0.4666424639663758,0.32036087882371445
2026-03-17,TSLA,-0.008990550861341864,Ridge Regression,0.4556953433794323,0.01742788404458806
2026-03-17,XOM,-0.02601418705802338,Ridge Regression,0.420783423611193,-0.05577960534331616
2026-03-18,AAPL,-0.0064186516419679745,Ridge Regression,0.47126242196134066,0.06628306206045975
2026-03-18,AMZN,-0.009412351997256554,Ridge Regression,0.45901937202957316,-0.0023290095478645245
2026-03-18,GOOGL,0.013929541586129059,Ridge Regression,0.6107061086028507,0.04152150792645615
2026-03-18,JNJ,-0.019566537954949996,Ridge Regression,0.37978208937919317,-0.10350448069110718
2026-03-18,JPM,-0.015676427232032795,Ridge Regression,0.5267046251933127,-0.010766480880235574
2026-03-18,META,0.0006102668487920047,Ridge Regression,0.6312825784015825,-0.07966343973757728
2026-03-18,MSFT,-0.002101917612368555,Ridge Regression,0.5592106982460924,0.176796157504868
2026-03-18,NVDA,-0.02561854747612175,Ridge Regression,0.4167654883791471,0.2519923134919837
2026-03-18,TSLA,-0.004972192047405221,Ridge Regression,0.46946595893532594,-0.030994376627297093
2026-03-18,XOM,-0.021058404760203923,Ridge Regression,0.4410763474639124,-0.01603825850390639
2026-03-19,AAPL,-0.011782788857053599,Ridge Regression,0.4514965758960749,0.050676647198474756
2026-03-19,AMZN,-0.007609211449506242,Ridge Regression,0.47051012348020066,0.00039648337832787206
2026-03-19,GOOGL,0.014062880965385483,Ridge Regression,0.6077315739945173,0.03530206021659987
2026-03-19,JNJ,-0.01842936552226762,Ridge Regression,0.38549094516481064,-0.06101105153733466
2026-03-19,JPM,-0.014996856774175912,Ridge Regression,0.5288977001825544,-0.01267426658127968
2026-03-19,META,0.00223319746535942,Ridge Regression,0.6364982996571338,-0.06092572467835522
2026-03-19,MSFT,-0.00881963572074683,Ridge Regression,0.5434260233663414,0.19761381015710233
2026-03-19,NVDA,-0.031602154828529905,Ridge Regression,0.3999862574373325,0.1904232375847923
2026-03-19,TSLA,0.004349546244112759,Ridge Regression,0.5044358096874693,-0.01065172012422877
2026-03-19,XOM,-0.022603335235754154,Ridge Regression,0.43854492192754074,-0.02692827175679302
2026-03-20,AAPL,-0.0117888082632599,Ridge Regression,0.4480534586665294,0.03669956378076167
2026-03-20,AMZN,-0.0014496642286096887,Ridge Regression,0.4919366880487497,-0.018104409656757303
2026-03-20,GOOGL,0.013814485266560223,Ridge Regression,0.6036070610627977,0.05499761503969913
2026-03-20,JNJ,-0.025180684921425313,Ridge Regression,0.3621445144314878,-0.02699253489256148
2026-03-20,JPM,-0.016664148598240815,Ridge Regression,0.5144878791165636,-0.027092427655807994
2026-03-20,META,-0.0004682402879427447,Ridge Regression,0.6343372141967636,-0.042936386318164654
2026-03-20,MSFT,-0.013700959732959659,Ridge Regression,0.5237684779989846,0.14215431483550778
2026-03-20,NVDA,-0.026116963715788685,Ridge Regression,0.41260585234406644,0.1858254286717731
2026-03-20,TSLA,0.004875736372140329,Ridge Regression,0.510878887811421,-0.018991305162503913
2026-03-20,XOM,-0.014830028160089498,Ridge Regression,0.46884902070942186,0.020869534288265212
2026-03-23,AAPL,-0.009268147307573792,Ridge Regression,0.45802564022566344,0.006258741383973199
2026-03-23,AMZN,-0.006129765788825585,Ridge Regression,0.48345290277376085,-0.018981467722648082
2026-03-23,GOOGL,0.01796903743552207,Ridge Regression,0.6226014649958675,0.08928567104919871
2026-03-23,JNJ,-0.025217354559593896,Ridge Regression,0.35615672937643883,-0.0468480919843236
2026-03-23,JPM,-0.019182347345052184,Ridge Regression,0.5054177659289361,-0.01147868212600378
2026-03-23,META,0.0021985571260214136,Ridge Regression,0.6354787666867178,0.012762832757640341
2026-03-23,MSFT,-0.03469044853229702,Ridge Regression,0.44248386449357885,0.03555488277487706
2026-03-23,NVDA,-0.027495516098726795,Ridge Regression,0.39586255007221655,0.14002776814908224
2026-03-23,TSLA,0.0007972499897932548,Ridge Regression,0.4985480909363577,-0.05993356412057549
2026-03-23,XOM,-0.017963518030636595,Ridge Regression,0.45884851941061877,0.04244645973092065
2026-03-24,AAPL,-0.00865238125178906,Ridge Regression,0.45909794670984266,-0.010327393340194724
2026-03-24,AMZN,-0.004057983370782773,Ridge Regression,0.4910080677863599,0.0006816328689480677
2026-03-24,GOOGL,0.01818177252137944,Ridge Regression,0.623264718502562,0.12363586933292936
2026-03-24,JNJ,-0.029060643523614593,Ridge Regression,0.34339446410535657,-0.055645431102247844
2026-03-24,JPM,-0.020817259306708448,Ridge Regression,0.5024964515514753,-0.022494043084580806
2026-03-24,META,0.006603543440839054,Ridge Regression,0.6453965207338709,0.034169541304205575
2026-03-24,MSFT,-0.03802470865112911,Ridge Regression,0.4257871223196797,0.02160598649461587
2026-03-24,NVDA,-0.032434723190621406,Ridge Regression,0.38105072759464353,0.1147245491854898
2026-03-24,TSLA,-0.0003663233606015395,Ridge Regression,0.4939652514021225,-0.11289114188042582
2026-03-24,XOM,-0.027002955031866997,Ridge Regression,0.4169892177207299,0.000923802791653161
2026-03-25,AAPL,-0.012864594962905878,Ridge Regression,0.4440320978528781,0.010110891973330371
2026-03-25,AMZN,0.0004649148750663788,Ridge Regression,0.4985032021177425,0.01834792887151493
2026-03-25,GOOGL,0.012118428988693704,Ridge Regression,0.6000863498498178,0.10464721180765935
2026-03-25,JNJ,-0.025980194262973468,Ridge Regression,0.35049131294836533,-0.05525381625282422
2026-03-25,JPM,-0.02209942836773711,Ridge Regression,0.4966373454117691,-0.04552648938434534
2026-03-25,META,0.008174730674523446,Ridge Regression,0.6541736199303438,0.04805767398314065
2026-03-25,MSFT,-0.03341620673403336,Ridge Regression,0.4352270863235926,0.026826217327927226
2026-03-25,NVDA,-0.03623250590844847,Ridge Regression,0.362803561810741,0.07761174937215287
2026-03-25,TSLA,0.0006972251485216567,Ridge Regression,0.5082006800024446,-0.11815835315899015
2026-03-25,XOM,-0.025765244126011902,Ridge Regression,0.42345827424790583,-0.023045452866759963
2026-03-26,AAPL,-0.009531765660374928,Ridge Regression,0.45362211087843174,-0.011201316039557097
2026-03-26,AMZN,-0.003389669355936961,Ridge Regression,0.4864270481423077,0.013782146862930444
2026-03-26,GOOGL,0.009660562920300795,Ridge Regression,0.5930618764570383,0.14577286936307998
2026-03-26,JNJ,-0.023927432236481486,Ridge Regression,0.35641233201604183,-0.05811098299578632
2026-03-26,JPM,-0.019797840407850327,Ridge Regression,0.5111603077862903,-0.03586804035209856
2026-03-26,META,0.004864834781921896,Ridge Regression,0.6370112807276952,0.052064906905214814
2026-03-26,MSFT,-0.02962657959808984,Ridge Regression,0.4557770961033623,0.040692144887819026
2026-03-26,NVDA,-0.03769906663352579,Ridge Regression,0.35619956629507227,0.09003719961900791
2026-03-26,TSLA,-0.003580368215610032,Ridge Regression,0.4925220111223029,-0.07923178177212675
2026-03-26,XOM,-0.02257956323649149,Ridge Regression,0.4367673391157985,-0.013503928499642326
2026-03-27,AAPL,-0.00454654740054401,Ridge Regression,0.46459168199618867,0.05913968923892421
2026-03-27,AMZN,-0.004524889714086451,Ridge Regression,0.47457700510636414,0.02468537839331275
2026-03-27,GOOGL,0.005105831183583979,Ridge Regression,0.5727287243471026,0.12766936737162116
2026-03-27,JNJ,-0.02329612476151556,Ridge Regression,0.3595595697968603,-0.08388940153426949
2026-03-27,JPM,-0.018844734881902456,Ridge Regression,0.5181143634799359,-0.04099762049124123
2026-03-27,META,0.007694269677260193,Ridge Regression,0.6449971471234309,0.05552490478805061
2026-03-27,MSFT,-0.02880834527554947,Ridge Regression,0.45811747513511253,0.03295578702549595
2026-03-27,NVDA,-0.045197679571116645,Ridge Regression,0.33970930406645616,0.125211095594552
2026-03-27,TSLA,-0.00016411904434408082,Ridge Regression,0.5028386204820247,-0.05903644832648047
2026-03-27,XOM,-0.02758279976839898,Ridge Regression,0.42536131769159946,-0.031193890136703706
2026-03-30,AAPL,-0.005119708837491598,Ridge Regression,0.4573961000930544,0.07570120360275423
2026-03-30,AMZN,-0.00911224209377044,Ridge Regression,0.461423031732894,0.025879422506658978
2026-03-30,GOOGL,0.0038364571385511716,Ridge Regression,0.5690962237008331,0.14046715039879687
2026-03-30,JNJ,-0.0327006101984727,Ridge Regression,0.331264773409546,-0.07607581345428349
2026-03-30,JPM,-0.02938873250455455,Ridge Regression,0.4805162010400079,-0.048469866775012194
2026-03-30,META,0.009730825026466033,Ridge Regression,0.6601224441632262,0.04131658522714554
2026-03-30,MSFT,-0.03259200424052432,Ridge Regression,0.4601885497907837,0.04847002679761214
2026-03-30,NVDA,-0.04979572681399326,Ridge Regression,0.3304310341661622,0.1563387169967374
2026-03-30,TSLA,-0.005400117566790775,Ridge Regression,0.49273447641583945,-0.010759917442977773
2026-03-30,XOM,-0.03788304481273546,Ridge Regression,0.38699345011311514,-0.051394778020757426
2026-03-31,AAPL,-0.008456565925317428,Ridge Regression,0.4372264632163791,0.039994203904693215
2026-03-31,AMZN,-0.00864910897248749,Ridge Regression,0.4643136732854993,0.07626799373515336
2026-03-31,GOOGL,0.004841048409436389,Ridge Regression,0.5736636497215678,0.12202613476353208
2026-03-31,JNJ,-0.034915637297724414,Ridge Regression,0.33010766279218323,-0.06925723804656103
2026-03-31,JPM,-0.033019766953536915,Ridge Regression,0.4558471017907794,-0.07596032001484854
2026-03-31,META,0.007662329757968711,Ridge Regression,0.6526214108999905,0.02620806090853267
2026-03-31,MSFT,-0.03527531708933711,Ridge Regression,0.453572857869671,0.02745888252429407
2026-03-31,NVDA,-0.04657419549702341,Ridge Regression,0.3349032178766588,0.12130159191005974
2026-03-31,TSLA,-0.003680685812719591,Ridge Regression,0.5053982513813189,-0.012446136659720719
2026-03-31,XOM,-0.03932504299606287,Ridge Regression,0.389588640013921,-0.04323946591012262
2026-04-01,AAPL,-0.019128867559012865,Ridge Regression,0.357248011068713,-0.026199109186564318
2026-04-01,AMZN,-0.024241829540117416,Ridge Regression,0.3614889449081788,0.08259466607905819
2026-04-01,GOOGL,-0.01506463782136812,Ridge Regression,0.45585614633684335,0.08138129196688171
2026-04-01,JNJ,-0.04695451129911648,Ridge Regression,0.26360032921551013,-0.05484389158412617
2026-04-01,JPM,-0.048037059901080335,Ridge Regression,0.36346189744242685,-0.09352247962607274
2026-04-01,META,-0.0038635244398795097,Ridge Regression,0.5574936195174547,-0.0006048537344076621
2026-04-01,MSFT,-0.051575179878986986,Ridge Regression,0.3518285205854514,0.03394423821158088
2026-04-01,NVDA,-0.050387801598174846,Ridge Regression,0.2803660548778786,0.1660703264953045
2026-04-01,TSLA,-0.01598965423489636,Ridge Regression,0.4168033786569157,0.008678832206451492
2026-04-01,XOM,-0.055184561612256954,Ridge Regression,0.3047905659021067,-0.052656791718407536
2026-04-02,AAPL,-0.021982740433029842,Ridge Regression,0.3414131875217629,-0.0757524285154747
2026-04-02,AMZN,-0.023341010219299387,Ridge Regression,0.3665578549362689,0.09686378227825432
2026-04-02,GOOGL,-0.013328148876308088,Ridge Regression,0.4611585717946869,0.07714300393062445
2026-04-02,JNJ,-0.044805109780629675,Ridge Regression,0.27014714741108703,-0.07493688444462498
2026-04-02,JPM,-0.04899645755976591,Ridge Regression,0.36292268589829924,-0.09507449035091209
2026-04-02,META,-0.008968846057691516,Ridge Regression,0.5462401018963261,0.01567453291776366
2026-04-02,MSFT,-0.05067319038507232,Ridge Regression,0.34250911420828,0.08398869623390759
2026-04-02,NVDA,-0.046695982909814374,Ridge Regression,0.2938904492523902,0.23991991289786685
2026-04-02,TSLA,-0.020339668852045772,Ridge Regression,0.38433364629928435,-0.06281305553212813
2026-04-02,XOM,-0.05162297491662097,Ridge Regression,0.30984550805279826,-0.03846276121235381
2026-04-03,AAPL,-0.01856534161060991,Ridge Regression,0.3585692160409066,-0.07557594439551896
2026-04-03,AMZN,-0.02093858700156921,Ridge Regression,0.37401835789871024,0.06142993182193601
2026-04-03,GOOGL,-0.02258906897681802,Ridge Regression,0.42267847567098743,0.036261397700436016
2026-04-03,JNJ,-0.047899328921865304,Ridge Regression,0.25705725350906683,-0.0854584527185942
2026-04-03,JPM,-0.04385706760065853,Ridge Regression,0.37854554917201977,-0.08038379818001629
2026-04-03,META,-0.008462893962022922,Ridge Regression,0.542870372540282,0.00025172235228798634
2026-04-03,MSFT,-0.047423413032159197,Ridge Regression,0.3485737361298529,0.056291602767567284
2026-04-03,NVDA,-0.03924502405441507,Ridge Regression,0.3081778247014744,0.17990543099732093
2026-04-03,TSLA,-0.021780609608701755,Ridge Regression,0.37480244610130126,-0.09462756310567955
2026-04-03,XOM,-0.05220067089482292,Ridge Regression,0.31887482929272837,-0.022887976217754957
2026-04-06,AAPL,-0.016444502566355247,Ridge Regression,0.37170531274414925,-0.06581322110012844
2026-04-06,AMZN,-0.020722886088503076,Ridge Regression,0.36446797842535805,0.036378635952228455
2026-04-06,GOOGL,-0.02213428748167251,Ridge Regression,0.4280942673902187,-0.0004341693707538008
2026-04-06,JNJ,-0.04776984403044192,Ridge Regression,0.26248377660315064,-0.07881436417429044
2026-04-06,JPM,-0.04695430863494684,Ridge Regression,0.37013077094021773,-0.06331790350695699
2026-04-06,META,-0.011124421239722213,Ridge Regression,0.5358664183417312,-0.031497261530322396
2026-04-06,MSFT,-0.03781057483891715,Ridge Regression,0.3694351571673482,0.041743542201889694
2026-04-06,NVDA,-0.03569234578950895,Ridge Regression,0.31971757346904517,0.2089191641936159
2026-04-06,TSLA,-0.017672630577099828,Ridge Regression,0.38929568804677067,-0.08748968426569181
2026-04-06,XOM,-0.05522240862092264,Ridge Regression,0.30440638660329183,-0.027118593381629585
2026-04-07,AAPL,-0.01559488678413727,Ridge Regression,0.3852276893047604,-0.03219361016350297
2026-04-07,AMZN,-0.021356648822197753,Ridge Regression,0.36935591446882465,0.0647889734546283
2026-04-07,GOOGL,-0.022629832530081863,Ridge Regression,0.42559445208549695,-0.009385202040730456
2026-04-07,JNJ,-0.04632991406735229,Ridge Regression,0.26759998998765017,-0.08400696777245076
2026-04-07,JPM,-0.04359718709932903,Ridge Regression,0.3819161630813312,-0.07076151883332904
2026-04-07,META,-0.006950274973484138,Ridge Regression,0.5566186563211067,-0.06089857778777341
2026-04-07,MSFT,-0.03518987225848302,Ridge Regression,0.37755767644308713,0.032037851626260494
2026-04-07,NVDA,-0.03779091755385096,Ridge Regression,0.3075613519570946,0.19263878614220853
2026-04-07,TSLA,-0.016961606550313438,Ridge Regression,0.3933451670113114,-0.12483489187701224
2026-04-07,XOM,-0.04992530263862043,Ridge Regression,0.316316304821439,-0.037756689127198095
2026-04-08,AAPL,-0.02059833458953724,Ridge Regression,0.37182947327734855,-0.03788255289606124
2026-04-08,AMZN,-0.02301184998336482,Ridge Regression,0.36738577000420214,0.04392231685971759
2026-04-08,GOOGL,-0.02589159661810378,Ridge Regression,0.4128105154386518,-0.043264102642536884
2026-04-08,JNJ,-0.04044027408893289,Ridge Regression,0.27793518026575403,-0.0629626284636996
2026-04-08,JPM,-0.0453304732099157,Ridge Regression,0.3715332337497722,-0.09802496628408253
2026-04-08,META,-0.005780792896196247,Ridge Regression,0.5628045539391398,-0.045708859639365995
2026-04-08,MSFT,-0.03200052369861268,Ridge Regression,0.38836718230768835,-0.025978405167430996
2026-04-08,NVDA,-0.04091606021227839,Ridge Regression,0.296857647085899,0.18537801506998997
2026-04-08,TSLA,-0.016354853864266175,Ridge Regression,0.39862017273483946,-0.11813114303809458
2026-04-08,XOM,-0.04995161217665159,Ridge Regression,0.3177564896529294,-0.0736058048842464
2026-04-09,AAPL,-0.016760050165496816,Ridge Regression,0.39409193040161034,-0.01224830865754345
2026-04-09,AMZN,-0.020327425688033897,Ridge Regression,0.37718909347975865,0.040389422721752055
2026-04-09,GOOGL,-0.029678496031098282,Ridge Regression,0.3979993557702411,-0.004931450803791759
2026-04-09,JNJ,-0.04100224535294576,Ridge Regression,0.27463927920818926,-0.05122003369869976
2026-04-09,JPM,-0.047597870170142456,Ridge Regression,0.3736659311759777,-0.07321376969674354
2026-04-09,META,-0.005933684090212528,Ridge Regression,0.5652872827361747,-0.04795944035627275
2026-04-09,MSFT,-0.03213154751464609,Ridge Regression,0.3912353265192455,-0.002982833214741909
2026-04-09,NVDA,-0.04114877851674117,Ridge Regression,0.30878478087019606,0.11888419951071372
2026-04-09,TSLA,-0.013207065273783767,Ridge Regression,0.4178483352045964,-0.10467154810157386
2026-04-09,XOM,-0.053267351858662694,Ridge Regression,0.30384085011766593,-0.09908343264976882
2026-04-10,AAPL,-0.023126771485198407,Ridge Regression,0.36752823447447797,-0.03504439262403369
2026-04-10,AMZN,-0.022063530130640337,Ridge Regression,0.3718291409457931,0.007461395984251329
2026-04-10,GOOGL,-0.02425458973212187,Ridge Regression,0.4236379479390033,0.05835702740199489
2026-04-10,JNJ,-0.04116227265074103,Ridge Regression,0.275604076587263,-0.030752802808069912
2026-04-10,JPM,-0.048329487994775835,Ridge Regression,0.3686371499830634,-0.05587415936134632
2026-04-10,META,-0.0020763974035675646,Ridge Regression,0.5718281765539722,-0.06916717854822929
2026-04-10,MSFT,-0.035869616816738926,Ridge Regression,0.3800914495441697,-0.028090505721242498
2026-04-10,NVDA,-0.04627968877332225,Ridge Regression,0.2839213091858995,0.10919205455585201
2026-04-10,TSLA,-0.012958339019366796,Ridge Regression,0.4201771191704316,-0.08965461504819727
2026-04-10,XOM,-0.04809784554965991,Ridge Regression,0.3140322261225783,-0.060090444692304956
2026-04-13,AAPL,-0.025844411415693186,Ridge Regression,0.36585111529579645,-0.02649039919541052
2026-04-13,AMZN,-0.02571391099160019,Ridge Regression,0.35567464481527394,-0.0036312156763192993
2026-04-13,GOOGL,-0.02124394297570424,Ridge Regression,0.43764667246792804,0.07826158128149507
2026-04-13,JNJ,-0.04477971569273242,Ridge Regression,0.2624124948255001,-0.004860771556624677
2026-04-13,JPM,-0.04614210105690907,Ridge Regression,0.37283077220775646,-0.0715781206934355
2026-04-13,META,-0.00043449605380701693,Ridge Regression,0.5790185005124444,-0.07699451411928404
2026-04-13,MSFT,-0.03672069485079583,Ridge Regression,0.376907317497423,-0.014408150720268131
2026-04-13,NVDA,-0.04817905609435317,Ridge Regression,0.2781177758372882,0.12983160750873246
2026-04-13,TSLA,-0.016778986185626815,Ridge Regression,0.4123670209351058,-0.09192644332353961
2026-04-13,XOM,-0.04156089747970807,Ridge Regression,0.34368189956132905,-0.01953081224373776
2026-04-14,AAPL,-0.02066685348196612,Ridge Regression,0.3786290501707164,-0.03588785601289124
2026-04-14,AMZN,-0.02875708160077172,Ridge Regression,0.3505802344372794,0.023548547449155022
2026-04-14,GOOGL,-0.024270989968241806,Ridge Regression,0.4274256486391952,0.04371684458403635
2026-04-14,JNJ,-0.0473154132461777,Ridge Regression,0.2526337009870511,0.0061301460109370876
2026-04-14,JPM,-0.04279216166325131,Ridge Regression,0.3811029606706059,-0.0953336757963269
2026-04-14,META,-0.001962994334646271,Ridge Regression,0.5707652725374515,-0.07945282598508174
2026-04-14,MSFT,-0.033936801246983915,Ridge Regression,0.38599705604059437,-0.035304060010007965
2026-04-14,NVDA,-0.04503972572467151,Ridge Regression,0.2913626517473923,0.14551130769357612
2026-04-14,TSLA,-0.021468488910690427,Ridge Regression,0.3881697184778019,-0.1346395797837976
2026-04-14,XOM,-0.044151305259510984,Ridge Regression,0.3320861355518263,-0.027967732267306977
2026-04-15,AAPL,-0.016783900417143713,Ridge Regression,0.3932027154733635,-0.014302299868772739
2026-04-15,AMZN,-0.028481155286272902,Ridge Regression,0.3566818163631188,-0.01643401183322568
2026-04-15,GOOGL,-0.018392393761698246,Ridge Regression,0.4518004595288926,0.039484953800712264
2026-04-15,JNJ,-0.046688998264035206,Ridge Regression,0.2531324043193458,0.009769643723471333
2026-04-15,JPM,-0.04141534327194902,Ridge Regression,0.3820688932922962,-0.10535871565140442
2026-04-15,META,0.005197910984866799,Ridge Regression,0.59208409728789,-0.0330886716339851
2026-04-15,MSFT,-0.02943785525405712,Ridge Regression,0.4025161458857071,-0.06193711884756925
2026-04-15,NVDA,-0.04201492222917846,Ridge Regression,0.3064957675097534,0.15978233057370272
2026-04-15,TSLA,-0.02856932472916829,Ridge Regression,0.36571374779008303,-0.11807989424068888
2026-04-15,XOM,-0.04478175972370548,Ridge Regression,0.3257342339595825,-0.012551020570852556
2026-04-16,AAPL,-0.010130519425954927,Ridge Regression,0.40892158312888455,0.013018346581365803
2026-04-16,AMZN,-0.029874751394152375,Ridge Regression,0.35526868834787334,-0.028131790654241096
2026-04-16,GOOGL,-0.018836725504113264,Ridge Regression,0.4513748947063431,0.04123084032309521
2026-04-16,JNJ,-0.04824023840540505,Ridge Regression,0.24554763885320016,0.00234564230989065
2026-04-16,JPM,-0.03770720599878631,Ridge Regression,0.39470524316547845,-0.10972993976545253
2026-04-16,META,-0.0010556577290639075,Ridge Regression,0.5823576314121991,-0.05906115357456598
2026-04-16,MSFT,-0.03407912482159154,Ridge Regression,0.3805886708822385,-0.06785052779001022
2026-04-16,NVDA,-0.04540235003377956,Ridge Regression,0.3023681360017741,0.18708277320556244
2026-04-16,TSLA,-0.023331240809728565,Ridge Regression,0.37764268343400664,-0.13015719638299517
2026-04-16,XOM,-0.047911714822352666,Ridge Regression,0.3191113515255641,0.024340584118629716
2026-04-17,AAPL,-0.0109753277253279,Ridge Regression,0.4093784254340994,-0.038902663006367355
2026-04-17,AMZN,-0.027348571384024266,Ridge Regression,0.3620003010673719,-0.025876443580404307
2026-04-17,GOOGL,-0.014590494560033892,Ridge Regression,0.4609844465987663,0.014061551614215295
2026-04-17,JNJ,-0.046959994248368844,Ridge Regression,0.24324748414261194,0.007749415837407181
2026-04-17,JPM,-0.03703387885693039,Ridge Regression,0.4001933608406455,-0.1115426216915173
2026-04-17,META,-0.0018457872616655787,Ridge Regression,0.5780633644281725,-0.07305766080699272
2026-04-17,MSFT,-0.034502547492987964,Ridge Regression,0.3834168729530899,-0.03730027143854986
2026-04-17,NVDA,-0.04156721154727153,Ridge Regression,0.3043542073833049,0.11361096970207951
2026-04-17,TSLA,-0.02391945322384126,Ridge Regression,0.3793794820462537,-0.13165971933902643
2026-04-17,XOM,-0.04973942071650937,Ridge Regression,0.3116860696102593,0.015811587802169846
2026-04-20,AAPL,-0.012648040606486744,Ridge Regression,0.4085574635131297,-0.06589770598964162
2026-04-20,AMZN,-0.02219683263051215,Ridge Regression,0.3720812188417548,-0.014504791204233203
2026-04-20,GOOGL,-0.01968650713214181,Ridge Regression,0.4335375694325219,-0.007104200346509715
2026-04-20,JNJ,-0.048347660460865666,Ridge Regression,0.2414514886672989,0.010181695115751621
2026-04-20,JPM,-0.03640724901260537,Ridge Regression,0.4001681158634935,-0.09360960352010372
2026-04-20,META,-0.0002472399793605469,Ridge Regression,0.5708940079314859,-0.10500314742644867
2026-04-20,MSFT,-0.01917309512874677,Ridge Regression,0.4308249155983015,0.003018311285743369
2026-04-20,NVDA,-0.03787188064545993,Ridge Regression,0.3145887241132058,0.07107766815355321
2026-04-20,TSLA,-0.022306079510119446,Ridge Regression,0.3845665472090894,-0.10886178889701448
2026-04-20,XOM,-0.05053773304365524,Ridge Regression,0.3043568088421822,-0.033876185574919115
2026-04-21,AAPL,-0.012491925687460938,Ridge Regression,0.415160203574141,-0.07226625590798008
2026-04-21,AMZN,-0.02334255362424338,Ridge Regression,0.3744546835395171,-0.028616015461867206
2026-04-21,GOOGL,-0.02204198657562386,Ridge Regression,0.42272739150646577,-0.0006344916352982732
2026-04-21,JNJ,-0.047693617366382654,Ridge Regression,0.24726567770390118,0.014991926252076127
2026-04-21,JPM,-0.036727946688121356,Ridge Regression,0.404688152720326,-0.08946200650332259
2026-04-21,META,-0.002099436865264078,Ridge Regression,0.5685870585810816,-0.12334923894152816
2026-04-21,MSFT,-0.019736830648185294,Ridge Regression,0.4323469756131131,0.0007630978278880818
2026-04-21,NVDA,-0.02911303136158245,Ridge Regression,0.3396730116681653,0.014371565088448612
2026-04-21,TSLA,-0.015912653865491032,Ridge Regression,0.41072216687167856,-0.08092032495202561
2026-04-21,XOM,-0.047529254703597555,Ridge Regression,0.3123787412870068,-0.034907918707365426
2026-04-22,AAPL,-0.01029670436809593,Ridge Regression,0.42832211995691444,-0.06818158795553608
2026-04-22,AMZN,-0.022637491173757483,Ridge Regression,0.37423914764311045,-0.04832610018566408
2026-04-22,GOOGL,-0.013449417534975581,Ridge Regression,0.4609181986658833,-0.03639170573401618
2026-04-22,JNJ,-0.048738618654566454,Ridge Regression,0.24844419205778076,0.007459912866072171
2026-04-22,JPM,-0.03539618751519061,Ridge Regression,0.41659956295564343,-0.06427832603408368
2026-04-22,META,-6.332923023616693e-06,Ridge Regression,0.5852938163919927,-0.13850661807940967
2026-04-22,MSFT,-0.022867971637331452,Ridge Regression,0.41682493269758053,-0.013294718267005123
2026-04-22,NVDA,-0.027841458225800676,Ridge Regression,0.34459557854647227,0.056336969421993066
2026-04-22,TSLA,-0.016222245630406973,Ridge Regression,0.4218686575150046,-0.0719313056280444
2026-04-22,XOM,-0.044201883468536776,Ridge Regression,0.3196132701365078,-0.05645790450664434
2026-04-23,AAPL,-0.007786189224560565,Ridge Regression,0.4393301199785469,-0.0483171764721988
2026-04-23,AMZN,-0.023159127633376728,Ridge Regression,0.37390572655588067,-0.07102619278442879
2026-04-23,GOOGL,-0.02013884999757764,Ridge Regression,0.4369766667142507,-0.05067504268907641
2026-04-23,JNJ,-0.0540225785822808,Ridge Regression,0.24865479201162063,0.005100321127172069
2026-04-23,JPM,-0.039389543402323424,Ridge Regression,0.40136976678759173,-0.07037298871667141
2026-04-23,META,-0.00037494919146693504,Ridge Regression,0.5865899118439059,-0.13434715526675578
2026-04-23,MSFT,-0.024560274053724518,Ridge Regression,0.4112787550605285,-0.02273498989079059
2026-04-23,NVDA,-0.022527282426812796,Ridge Regression,0.3627035085226055,-0.026078826305022673
2026-04-23,TSLA,-0.02535138119151962,Ridge Regression,0.3827258516870486,-0.0788957141129688
2026-04-23,XOM,-0.04235429388982586,Ridge Regression,0.3223134470769988,-0.0492237586322517
2026-04-24,AAPL,-0.01423046403363428,Ridge Regression,0.388452209545151,-0.07455681244106105
2026-04-24,AMZN,-0.022726789234956038,Ridge Regression,0.3790598380236302,-0.08903641030600262
2026-04-24,GOOGL,-0.02639508427482832,Ridge Regression,0.42269330240925324,-0.03730185495313443
2026-04-24,JNJ,-0.05295977877023531,Ridge Regression,0.25397201777043593,0.02464430120002481
2026-04-24,JPM,-0.04190512842072939,Ridge Regression,0.39283321956772344,-0.059758287431003976
2026-04-24,META,0.0022648005913607915,Ridge Regression,0.5960024021006803,-0.11311396315823208
2026-04-24,MSFT,-0.02207265317439621,Ridge Regression,0.4258715594516702,-0.023066734935544453
2026-04-24,NVDA,-0.014053365985923218,Ridge Regression,0.3873144468721099,0.0013461862654622347
2026-04-24,TSLA,-0.028700935691658033,Ridge Regression,0.3664711332402285,-0.07737327765236934
2026-04-24,XOM,-0.046079014203509766,Ridge Regression,0.32136906841688906,-0.040784814185382934
2026-04-27,AAPL,-0.014808057338236364,Ridge Regression,0.3854303687801966,-0.08040626550985608
2026-04-27,AMZN,-0.01932627190743886,Ridge Regression,0.3815254168514177,-0.07251035687409124
2026-04-27,GOOGL,-0.028430772701803775,Ridge Regression,0.4184024636709939,-0.010182045688953312
2026-04-27,JNJ,-0.05229244894265297,Ridge Regression,0.2556677914509218,0.018657960789862038
2026-04-27,JPM,-0.04438296137055548,Ridge Regression,0.37972968941793095,-0.08332373628663747
2026-04-27,META,0.0005720533484833603,Ridge Regression,0.5895945659710103,-0.1029803379775529
2026-04-27,MSFT,-0.01872014278254687,Ridge Regression,0.43946663091354893,0.007960377604291802
2026-04-27,NVDA,-0.0213188240174325,Ridge Regression,0.3600931393858542,-0.0166492539549028
2026-04-27,TSLA,-0.03395162976143973,Ridge Regression,0.34471979266391733,-0.09991295938130762
2026-04-27,XOM,-0.046078570955036285,Ridge Regression,0.32784162653711396,-0.04159673815468601
2026-04-28,AAPL,-0.010267893191323171,Ridge Regression,0.40480028249142097,-0.05463822865033696
2026-04-28,AMZN,-0.022012135704974727,Ridge Regression,0.3663727274899831,-0.08618282268768984
2026-04-28,GOOGL,-0.025599644049634607,Ridge Regression,0.43127355323748845,-0.028361654556553817
2026-04-28,JNJ,-0.05595895549691346,Ridge Regression,0.24137884787619865,-0.007571659453408208
2026-04-28,JPM,-0.03822828760034342,Ridge Regression,0.40204116714496596,-0.07906246865333322
2026-04-28,META,-0.0017901271816631358,Ridge Regression,0.5862235731660049,-0.10321964498879643
2026-04-28,MSFT,-0.01672679529413299,Ridge Regression,0.4461979174701632,-0.02467763744955398
2026-04-28,NVDA,-0.0227452112765225,Ridge Regression,0.36114460241642443,-0.007254187703164217
2026-04-28,TSLA,-0.029029750830021316,Ridge Regression,0.3655009025783649,-0.113963693936459
2026-04-28,XOM,-0.04406134178990832,Ridge Regression,0.33522529143241675,-0.04390386936024604
2026-04-29,AAPL,-0.00224075849713994,Ridge Regression,0.47697819366515287,0.0137775786246781
2026-04-29,AMZN,-0.0089522261199912,Ridge Regression,0.4496898634851432,-0.10782631752403737
2026-04-29,GOOGL,-0.013958502546872675,Ridge Regression,0.5143122973034104,-0.033633491505451585
2026-04-29,JNJ,-0.04805135842030073,Ridge Regression,0.29112773280559456,-0.027641686287215084
2026-04-29,JPM,-0.021906838117203814,Ridge Regression,0.49903541961773634,-0.0748811893761464
2026-04-29,META,0.009521081323424451,Ridge Regression,0.6632910222612154,-0.10794688604523806
2026-04-29,MSFT,-0.004272644879115216,Ridge Regression,0.5264107622437617,-0.07102829635448649
2026-04-29,NVDA,-0.013734416272706352,Ridge Regression,0.43114943306238973,-0.014459648432270655
2026-04-29,TSLA,-0.02101867848036186,Ridge Regression,0.4352126472090007,-0.12556080814682324
2026-04-29,XOM,-0.028773244044325255,Ridge Regression,0.4289008351892253,-0.032166455997450494
2026-04-30,AAPL,0.006028837026513996,Ridge Regression,0.509347693765386,0.038385948542573045
2026-04-30,AMZN,-0.007588910500587921,Ridge Regression,0.4559024483574936,-0.11747740337274226
2026-04-30,GOOGL,-0.01270283609349225,Ridge Regression,0.5240373399247512,-0.056276647411521274
2026-04-30,JNJ,-0.04255420388952138,Ridge Regression,0.3099810100728493,-0.03955442910811069
2026-04-30,JPM,-0.021833826074085738,Ridge Regression,0.48504552186555483,-0.11485689402367827
2026-04-30,META,0.009506922305958527,Ridge Regression,0.6600682149629739,-0.07664981128851911
2026-04-30,MSFT,-0.0070621312497919485,Ridge Regression,0.5095412131046467,-0.0980851624669361
2026-04-30,NVDA,-0.01713117756904811,Ridge Regression,0.41208997415010523,-0.042855748967784546
2026-04-30,TSLA,-0.012281130537888495,Ridge Regression,0.4625739666465253,-0.08340273147552402
2026-04-30,XOM,-0.027888278177625805,Ridge Regression,0.4326205055614374,-0.015068238495122732
2026-05-01,AAPL,-0.013538976290721061,Ridge Regression,0.3697161680004308,0.066637446355861
2026-05-01,AMZN,-0.03277716287422294,Ridge Regression,0.30213758756921155,-0.09902509352703004
2026-05-01,GOOGL,-0.028823061628722668,Ridge Regression,0.3864248934264917,-0.050088434837630036
2026-05-01,JNJ,-0.05553509849736206,Ridge Regression,0.21398017031288752,-0.078104870787426
2026-05-01,JPM,-0.04161642026367337,Ridge Regression,0.3384755150822545,-0.12194054114524266
2026-05-01,META,-0.009249747825787379,Ridge Regression,0.5169712135909862,-0.08000809160745637
2026-05-01,MSFT,-0.03146954357690252,Ridge Regression,0.35649705714796565,-0.031197953600461514
2026-05-01,NVDA,-0.02947887875052812,Ridge Regression,0.29653388433698846,-0.021840707603133502
2026-05-01,TSLA,-0.03180538853337144,Ridge Regression,0.3212548910849634,-0.029056552559491466
2026-05-01,XOM,-0.046275809709138534,Ridge Regression,0.2972894008483789,-0.009574332463566204
2026-05-04,AAPL,-0.014856650297093195,Ridge Regression,0.3652834089668691,0.0895456113724129
2026-05-04,AMZN,-0.030965824246677494,Ridge Regression,0.30894258324772983,-0.056858236191430156
2026-05-04,GOOGL,-0.02475808801192131,Ridge Regression,0.40268826365676996,-0.00246186245540414
2026-05-04,JNJ,-0.05608492369014288,Ridge Regression,0.21487696430775752,-0.06440887396408601
2026-05-04,JPM,-0.041799881516515876,Ridge Regression,0.340062740798468,-0.11758006253216435
2026-05-04,META,-0.00964541882784425,Ridge Regression,0.5117226184495994,-0.030522943858372065
2026-05-04,MSFT,-0.03461865697402042,Ridge Regression,0.3511167264934273,-0.025347909096132715
2026-05-04,NVDA,-0.03398545239554516,Ridge Regression,0.27883054712610006,-0.10017245717660028
2026-05-04,TSLA,-0.03241428409389295,Ridge Regression,0.32783662079657033,-0.05093564839337661
2026-05-04,XOM,-0.04400866721078262,Ridge Regression,0.29861209390377413,-0.0462680892967573
2026-05-05,AAPL,-0.024973047640892067,Ridge Regression,0.3229352782926722,0.04420624952591523
2026-05-05,AMZN,-0.030599103437811193,Ridge Regression,0.3126962388330446,-0.07301378352938326
2026-05-05,GOOGL,-0.020462136916302255,Ridge Regression,0.4139326195146577,-0.04933243956670186
2026-05-05,JNJ,-0.05478564281979906,Ridge Regression,0.21827711331439903,-0.06031584530435874
2026-05-05,JPM,-0.04062290162377639,Ridge Regression,0.34672028211907774,-0.10607116775539727
2026-05-05,META,-0.0073396541858628365,Ridge Regression,0.5143474494632412,-0.011133739773568463
2026-05-05,MSFT,-0.0333186755079611,Ridge Regression,0.35727312924244836,-0.027812944982537502
2026-05-05,NVDA,-0.032532516899704655,Ridge Regression,0.2824531465556277,-0.17300801402339683
2026-05-05,TSLA,-0.034644293408554,Ridge Regression,0.31982611685558615,0.005545541187524039
2026-05-05,XOM,-0.04498467337557499,Ridge Regression,0.30315402773286115,-0.05230480345208255
2026-05-06,AAPL,-0.024675153491522335,Ridge Regression,0.3324700869464403,0.06415961226112676
2026-05-06,AMZN,-0.03189934078933574,Ridge Regression,0.3157405338174257,-0.06312733387659086
2026-05-06,GOOGL,-0.01546678743975234,Ridge Regression,0.42993094403478027,-0.05524183391613402
2026-05-06,JNJ,-0.05098440000000176,Ridge Regression,0.22983952208689132,-0.023427761089817367
2026-05-06,JPM,-0.04076754149011771,Ridge Regression,0.3480220939939057,-0.08567309717346916
2026-05-06,META,-0.009856000108655285,Ridge Regression,0.503227547530156,-0.003051082945022099
2026-05-06,MSFT,-0.038215191028037394,Ridge Regression,0.34023210402645815,0.05502064316759925
2026-05-06,NVDA,-0.038477527860947006,Ridge Regression,0.2690476608861991,-0.18754948103289037
2026-05-06,TSLA,-0.03366606352772893,Ridge Regression,0.32574474673994147,0.007125212038014972
2026-05-06,XOM,-0.04377279981757552,Ridge Regression,0.3127492799600477,-0.02098642369146908
2026-05-07,AAPL,-0.02933842670417921,Ridge Regression,0.3144584238360858,0.03726454530688006
2026-05-07,AMZN,-0.03412511086360746,Ridge Regression,0.30865723860522704,-0.0017649516910980267
2026-05-07,GOOGL,-0.012770860197536291,Ridge Regression,0.4321205563650772,-0.05077196327257072
2026-05-07,JNJ,-0.050552018158645,Ridge Regression,0.22890963397963363,0.02839346773352025
2026-05-07,JPM,-0.03680046981200577,Ridge Regression,0.3624222065192938,-0.09463981083019057
2026-05-07,META,-0.011567178839639624,Ridge Regression,0.4977515572041569,0.022168686438424956
2026-05-07,MSFT,-0.04263080944269751,Ridge Regression,0.3175216790655309,0.02643108173267117
2026-05-07,NVDA,-0.03348046414110731,Ridge Regression,0.2848442571546832,-0.15859535905379674
2026-05-07,TSLA,-0.03095404586680322,Ridge Regression,0.330016580574278,0.019671779880073847
2026-05-07,XOM,-0.04178192751348611,Ridge Regression,0.3274260382811627,-0.043823318162662606
2026-05-08,AAPL,-0.022058556148772918,Ridge Regression,0.33563218135449724,0.03588466593378303
2026-05-08,AMZN,-0.035687090854451355,Ridge Regression,0.3055488847269969,0.031614132228754865
2026-05-08,GOOGL,-0.015012967828446808,Ridge Regression,0.4141124591482114,-0.07648517452343495
2026-05-08,JNJ,-0.05627153350063184,Ridge Regression,0.20867018930298864,0.0013171897281152312
2026-05-08,JPM,-0.04061668049351132,Ridge Regression,0.3487299678875583,-0.08849532727514264
2026-05-08,META,-0.011824173813085474,Ridge Regression,0.5002061177070644,0.047736360179412074
2026-05-08,MSFT,-0.04516848538829725,Ridge Regression,0.30891688057819194,0.04207703447329192
2026-05-08,NVDA,-0.03391841070615565,Ridge Regression,0.2858334223424822,-0.15555404491314528
2026-05-08,TSLA,-0.033335026949203955,Ridge Regression,0.3154773923015966,0.0499747857463364
2026-05-08,XOM,-0.046744925117222454,Ridge Regression,0.3111240165299287,-0.011700806918824802
2026-05-11,AAPL,-0.02272416062552992,Ridge Regression,0.34643650337740256,0.06867796668400272
2026-05-11,AMZN,-0.03794127454472273,Ridge Regression,0.29720238436469265,-0.004507077054630937
2026-05-11,GOOGL,-0.01516306808081356,Ridge Regression,0.4241869284514453,-0.07716952766319629
2026-05-11,JNJ,-0.06230143537308955,Ridge Regression,0.1904222639424438,0.013662176067698484
2026-05-11,JPM,-0.04203826418448941,Ridge Regression,0.3445257030789693,-0.054300134561973024
2026-05-11,META,-0.014457199614976745,Ridge Regression,0.501553276925836,0.015642893747804365
2026-05-11,MSFT,-0.04905691143871742,Ridge Regression,0.2947771608391058,0.03393260269259146
2026-05-11,NVDA,-0.029413953650854717,Ridge Regression,0.29634065383764735,-0.160588374899569
2026-05-11,TSLA,-0.03091203675430948,Ridge Regression,0.3176462260278012,0.016503952466479843
2026-05-11,XOM,-0.0501400444651972,Ridge Regression,0.29675284008260444,0.0033334085903624633
2026-05-12,AAPL,-0.021410837310357554,Ridge Regression,0.3543745627023584,0.012862905999447394
2026-05-12,AMZN,-0.036835136214552096,Ridge Regression,0.2950448495457301,0.0074557160882797735
2026-05-12,GOOGL,-0.01738939127047858,Ridge Regression,0.42085532532915015,-0.06751557530652208
2026-05-12,JNJ,-0.05869621046361073,Ridge Regression,0.19895924631865827,0.03576148367883558
2026-05-12,JPM,-0.04204120747048388,Ridge Regression,0.3437969289816739,-0.04507147067957351
2026-05-12,META,-0.015053182092918003,Ridge Regression,0.5012794059720309,0.002094626069425898
2026-05-12,MSFT,-0.04784270505639768,Ridge Regression,0.3003739090977987,0.05153005813064038
2026-05-12,NVDA,-0.032206296061348505,Ridge Regression,0.286088999273257,-0.1565297455013689
2026-05-12,TSLA,-0.02634725580373809,Ridge Regression,0.33324462318792314,0.055356828273241065
2026-05-12,XOM,-0.05128929105580831,Ridge Regression,0.29193677007025204,-0.047796849502743544
2026-05-13,AAPL,-0.02712634606212104,Ridge Regression,0.3386006484936182,-0.018906862619409215
2026-05-13,AMZN,-0.036757092651633995,Ridge Regression,0.2976149630688117,0.021055508840386983
2026-05-13,GOOGL,-0.017898870193413373,Ridge Regression,0.41798953086573815,-0.05367547400307171
2026-05-13,JNJ,-0.05503691041745416,Ridge Regression,0.2053552930579493,0.03582479914381942
2026-05-13,JPM,-0.04092566805737091,Ridge Regression,0.34793571544864077,-0.05408684192883173
2026-05-13,META,-0.018194773307166547,Ridge Regression,0.481082461501417,0.0013845545304855822
2026-05-13,MSFT,-0.03764901611103235,Ridge Regression,0.3410742925286353,0.07594786161209321
2026-05-13,NVDA,-0.026822376978890172,Ridge Regression,0.3011431601588427,-0.1418067955092328
2026-05-13,TSLA,-0.021033700411658883,Ridge Regression,0.34656388551807005,0.08827211293381021
2026-05-13,XOM,-0.05666041007442901,Ridge Regression,0.2785673768974849,-0.05005717667994536
2026-05-14,AAPL,-0.035379874202079324,Ridge Regression,0.3127753060598904,-0.0795213659981685
2026-05-14,AMZN,-0.03493098718478508,Ridge Regression,0.3018070827463222,0.031132224358035643
2026-05-14,GOOGL,-0.01653542453431902,Ridge Regression,0.42382969628018646,-0.066093835938558
2026-05-14,JNJ,-0.05178692227421669,Ridge Regression,0.21313091943312204,-0.023678346988780352
2026-05-14,JPM,-0.03851635336121376,Ridge Regression,0.35288105723020075,-0.04761625307286732
2026-05-14,META,-0.020262612740796083,Ridge Regression,0.47231182518930154,0.04905310873338786
2026-05-14,MSFT,-0.03219712642254524,Ridge Regression,0.36150891660949336,0.05040117229312546
2026-05-14,NVDA,-0.020280839668146103,Ridge Regression,0.31779393655499244,-0.14386509917886414
2026-05-14,TSLA,-0.022514974684540667,Ridge Regression,0.34888203276927243,0.09535591987748138
2026-05-14,XOM,-0.06442775185684127,Ridge Regression,0.25390610899731736,-0.05066739098296702
2026-05-15,AAPL,-0.04044141464063174,Ridge Regression,0.29455133367937164,-0.0376382181541387
2026-05-15,AMZN,-0.03936554187281543,Ridge Regression,0.29216051448493724,0.028292942954897038
2026-05-15,GOOGL,-0.015833884135878745,Ridge Regression,0.4349056761286914,-0.04958027503157303
2026-05-15,JNJ,-0.0505932249942626,Ridge Regression,0.21547167959532088,-0.03180090256076484
2026-05-15,JPM,-0.037714449586425954,Ridge Regression,0.35742558180924555,-0.06917279015498612
2026-05-15,META,-0.01794713575651151,Ridge Regression,0.48004179377478123,0.09994621492738087
2026-05-15,MSFT,-0.03304840605540834,Ridge Regression,0.356595415664081,0.07935819176700831
2026-05-15,NVDA,-0.01737082421997948,Ridge Regression,0.33780664140272953,-0.11267037053032469
2026-05-15,TSLA,-0.02457929382743853,Ridge Regression,0.3565981116928082,0.09557945875183416
2026-05-15,XOM,-0.06770819915346403,Ridge Regression,0.24514286657342652,-0.0701511347375251
2026-05-18,AAPL,-0.04153963687161629,Ridge Regression,0.2893970451799517,0.0011762681264109176
2026-05-18,AMZN,-0.04128855819570933,Ridge Regression,0.28766779484700966,0.010940779217340824
2026-05-18,GOOGL,-0.01880662623808546,Ridge Regression,0.4171713800932432,-0.054022013405960356
2026-05-18,JNJ,-0.04976163572070575,Ridge Regression,0.2208650930844883,-0.013655866436680819
2026-05-18,JPM,-0.03854588808336224,Ridge Regression,0.3535432100208089,-0.06881396253514249
2026-05-18,META,-0.018615130274721635,Ridge Regression,0.4770913633719994,0.08343820982806527
2026-05-18,MSFT,-0.03028162273461702,Ridge Regression,0.36134474910202635,0.06374235032144915
2026-05-18,NVDA,-0.014617606916597374,Ridge Regression,0.34800546821174877,-0.10392587432632316
2026-05-18,TSLA,-0.026107102902815413,Ridge Regression,0.34975686672942463,0.03902645990924425
2026-05-18,XOM,-0.061436645737133366,Ridge Regression,0.2591126166954342,-0.03976292734600906
2026-05-19,AAPL,-0.03705436002340765,Ridge Regression,0.29704241299229156,-0.020383960566815684
2026-05-19,AMZN,-0.03998598761727254,Ridge Regression,0.29789451332303996,0.0472156284966434
2026-05-19,GOOGL,-0.023327078987801085,Ridge Regression,0.39585305237790724,-0.06621885141235684
2026-05-19,JNJ,-0.05208073050803619,Ridge Regression,0.2171323407007503,-0.0044530714137431815
2026-05-19,JPM,-0.03879331119113241,Ridge Regression,0.35455099563107323,-0.050600494496498616
2026-05-19,META,-0.016605028062711226,Ridge Regression,0.4847755909882953,0.09057529738906478
2026-05-19,MSFT,-0.03336316733290764,Ridge Regression,0.35488493983902036,0.021246485999524056
2026-05-19,NVDA,-0.008693491844460853,Ridge Regression,0.3752605331685527,-0.10242679917109265
2026-05-19,TSLA,-0.02887691835447421,Ridge Regression,0.34241743956883613,0.027596305951246514
2026-05-19,XOM,-0.06470567206022239,Ridge Regression,0.2502976193753684,-0.04103703375526602
2026-05-20,AAPL,-0.039336269865392945,Ridge Regression,0.29148827354198487,-0.04198820751891563
2026-05-20,AMZN,-0.0430894623427605,Ridge Regression,0.3036458989329499,0.07309702629637393
2026-05-20,GOOGL,-0.023031501815504174,Ridge Regression,0.4065320822113057,-0.03662019302779529
2026-05-20,JNJ,-0.05171364511617716,Ridge Regression,0.22244111178219436,-0.007172858153803197
2026-05-20,JPM,-0.0429129864181219,Ridge Regression,0.34852321992380286,-0.0383329661989511
2026-05-20,META,-0.013211639071076824,Ridge Regression,0.5028260013699398,0.07895116625669041
2026-05-20,MSFT,-0.04399116631511411,Ridge Regression,0.3355872232781714,0.021055042357063458
2026-05-20,NVDA,-0.0067344604960454,Ridge Regression,0.3791678369641942,-0.12065000503567314
2026-05-20,TSLA,-0.031077853783810297,Ridge Regression,0.34418963556174725,0.036158982731487876
2026-05-20,XOM,-0.06837354951655827,Ridge Regression,0.24410673957463214,0.01541732016206443
2026-05-21,AAPL,-0.03813088085041509,Ridge Regression,0.2938863444538274,-0.07428522331753529
2026-05-21,AMZN,-0.042831965515032946,Ridge Regression,0.3028156800102654,0.10688850576789921
2026-05-21,GOOGL,-0.018668554464705146,Ridge Regression,0.4201099934385918,-0.0268815884494501
2026-05-21,JNJ,-0.0553088599775995,Ridge Regression,0.2164574689738977,-0.01319792005402387
2026-05-21,JPM,-0.041100288977335885,Ridge Regression,0.36138050147823325,-0.0456494383282563
2026-05-21,META,-0.014243461923122239,Ridge Regression,0.5053598844279327,0.06343558983982622
2026-05-21,MSFT,-0.03617679961528679,Ridge Regression,0.3611831703092302,0.009067736606248156
2026-05-21,NVDA,-0.010721591338010383,Ridge Regression,0.3712919285736776,-0.047243053756855224
2026-05-21,TSLA,-0.031259403984959376,Ridge Regression,0.33139632709496236,0.03913693563206988
2026-05-21,XOM,-0.06919911432692372,Ridge Regression,0.24443136577642324,-0.008001279965411223
2026-05-22,AAPL,-0.03429124884131553,Ridge Regression,0.3063910295331302,-0.034167067391733474
2026-05-22,AMZN,-0.044584353230303846,Ridge Regression,0.2989195402122337,0.12625714022477208
2026-05-22,GOOGL,-0.01802122662217718,Ridge Regression,0.41449296491079846,-0.056789042374931986
2026-05-22,JNJ,-0.053542911459647756,Ridge Regression,0.21868809333587197,-0.026006896965451887
2026-05-22,JPM,-0.039964986949722066,Ridge Regression,0.36438740912513806,-0.03375999020664433
2026-05-22,META,-0.020932785511502114,Ridge Regression,0.47514555869420083,0.027568533961100483
2026-05-22,MSFT,-0.038065293180283906,Ridge Regression,0.354747004887367,0.010073175001505064
2026-05-22,NVDA,-0.00991972307916866,Ridge Regression,0.37007400903917576,-0.08026691873536973
2026-05-22,TSLA,-0.029249747699626648,Ridge Regression,0.33335971996776903,0.025988998274204977
2026-05-22,XOM,-0.06522649223127513,Ridge Regression,0.25566567899893783,0.03397352040949153
2026-05-25,AAPL,-0.031856643074299175,Ridge Regression,0.3284019986399333,0.012823092666564673
2026-05-25,AMZN,-0.04223660326125142,Ridge Regression,0.3061769994080855,0.11696779092939447
2026-05-25,GOOGL,-0.020713132010624143,Ridge Regression,0.40204914778689255,-0.09982342015290535
2026-05-25,JNJ,-0.05117879429119025,Ridge Regression,0.22289097280582237,-0.0037478695491605096
2026-05-25,JPM,-0.04238680823105121,Ridge Regression,0.35726313973601925,-0.017806121637621408
2026-05-25,META,-0.019737911060034544,Ridge Regression,0.4768482218135459,0.04991520167405272
2026-05-25,MSFT,-0.03993729168489452,Ridge Regression,0.3381348909207315,-0.005661539501710333
2026-05-25,NVDA,-0.009543907072318381,Ridge Regression,0.37179034464140565,-0.07704159078578476
2026-05-25,TSLA,-0.02599725534172767,Ridge Regression,0.3419356005329589,0.048400482686379975
2026-05-25,XOM,-0.062025494791171296,Ridge Regression,0.2621792937042304,0.026673734604621302
2026-05-26,AAPL,-0.03407603101554866,Ridge Regression,0.3193073471019397,-0.018452898450822763
2026-05-26,AMZN,-0.04119400999658319,Ridge Regression,0.3055696966805055,0.12616189626019003
2026-05-26,GOOGL,-0.023505673854390154,Ridge Regression,0.3917945807896536,-0.05428407292157922
2026-05-26,JNJ,-0.052363278979376725,Ridge Regression,0.22031024578246297,-0.0007468125486036481
2026-05-26,JPM,-0.04636812863714143,Ridge Regression,0.3426460198393569,-0.057002047010780155
2026-05-26,META,-0.020182324521072423,Ridge Regression,0.4801455929641841,0.05059283128971259
2026-05-26,MSFT,-0.04433483906126107,Ridge Regression,0.3193339307014247,0.04901027886371656
2026-05-26,NVDA,-0.008467033527315936,Ridge Regression,0.3812688304609701,-0.09357227519558975
2026-05-26,TSLA,-0.029902582925810932,Ridge Regression,0.3293339955284026,0.05694882801418277
2026-05-26,XOM,-0.06127405846935481,Ridge Regression,0.26188631027887366,0.020051229585699826
2026-05-27,AAPL,-0.03265046485387886,Ridge Regression,0.3163502174651652,-0.04797186154905697
2026-05-27,AMZN,-0.04071860249321684,Ridge Regression,0.30743596891342,0.15433573043947746
2026-05-27,GOOGL,-0.025874827799842313,Ridge Regression,0.3885389582939538,-0.03649862796545322
2026-05-27,JNJ,-0.05242108585125182,Ridge Regression,0.21806994388569184,-0.004912463544173518
2026-05-27,JPM,-0.04586284281931267,Ridge Regression,0.34703631644935085,-0.06275201538431874
2026-05-27,META,-0.016562745230895022,Ridge Regression,0.49326214635484517,0.05800223878783717
2026-05-27,MSFT,-0.041356754361270426,Ridge Regression,0.3360441681668505,0.020679434213571435
2026-05-27,NVDA,-0.00969821374310962,Ridge Regression,0.37200263210064366,-0.128492301279723
2026-05-27,TSLA,-0.031133230844821072,Ridge Regression,0.330179868042913,0.056447431487447686
2026-05-27,XOM,-0.05548426679465604,Ridge Regression,0.2799573188052734,0.049530725406843334
2026-05-28,AAPL,-0.026643216633393356,Ridge Regression,0.33177415829975043,-0.07586925912673925
2026-05-28,AMZN,-0.03769007903298091,Ridge Regression,0.31544006731335095,0.1658957165921997
2026-05-28,GOOGL,-0.021507455660963223,Ridge Regression,0.40779561650487894,-0.0033702351351611037
2026-05-28,JNJ,-0.05351345148529616,Ridge Regression,0.22032774366535837,-0.0054091113506823385
2026-05-28,JPM,-0.041615340612301446,Ridge Regression,0.3601070443706706,-0.0519816301609175
2026-05-28,META,-0.02413897564461541,Ridge Regression,0.4630036952221454,0.04477603087285664
2026-05-28,MSFT,-0.04213967989042498,Ridge Regression,0.34196980987864306,0.01848588838842824
2026-05-28,NVDA,-0.004126758750926307,Ridge Regression,0.4070918838401618,-0.11768207100724026
2026-05-28,TSLA,-0.03335147132221333,Ridge Regression,0.32885440408345423,0.04773194602930042
2026-05-28,XOM,-0.050625041268822245,Ridge Regression,0.2947300555335974,0.06905624633783836
2026-05-29,AAPL,-0.012025160769651754,Ridge Regression,0.45214838495174464,-0.13319689333466056
2026-05-29,AMZN,-0.011439894099130933,Ridge Regression,0.47817265473684833,0.21088395916079783
2026-05-29,GOOGL,0.0005338819148951533,Ridge Regression,0.5638408947858287,-0.03668364523351286
2026-05-29,JNJ,-0.03079956095506952,Ridge Regression,0.3502083744576794,0.03007816026352539
2026-05-29,JPM,-0.016507899588567743,Ridge Regression,0.5197214720235717,-0.032577298863759485
2026-05-29,META,-0.0009630119438158017,Ridge Regression,0.6250783194520596,0.07032791961720486
2026-05-29,MSFT,-0.02898708045392559,Ridge Regression,0.44667728895650577,-0.04516013569403676
2026-05-29,NVDA,0.015502847969051358,Ridge Regression,0.5558227751226127,-0.14096255900534593
2026-05-29,TSLA,-0.01425766146284623,Ridge Regression,0.45704548695992636,0.01360621726363953
2026-05-29,XOM,-0.026260415742683466,Ridge Regression,0.4510944713648036,0.0032913438383608273
2026-06-01,AAPL,-0.02808579991890999,Ridge Regression,0.35254975044041614,-0.14060334171661204
2026-06-01,AMZN,-0.03455723026745898,Ridge Regression,0.33840385375762005,0.17667255122625525
2026-06-01,GOOGL,-0.007076371620020451,Ridge Regression,0.4754815019153509,-0.011824722301456148
2026-06-01,JNJ,-0.047123991835134736,Ridge Regression,0.25209593778791184,-0.0030291636529629073
2026-06-01,JPM,-0.026159633539686165,Ridge Regression,0.43350364085007165,-0.04463427348011306
2026-06-01,META,-0.016166062173897218,Ridge Regression,0.5185674599115392,0.058986620890523644
2026-06-01,MSFT,-0.04381486294893454,Ridge Regression,0.35112778224877894,-0.06567801067406398
2026-06-01,NVDA,0.0020577948608208347,Ridge Regression,0.452323557324559,-0.10861784092597504
2026-06-01,TSLA,-0.025644327803850522,Ridge Regression,0.365340299650613,0.063281567610318
2026-06-01,XOM,-0.03813233071885736,Ridge Regression,0.36567334161712944,-0.061065559876023134
2026-06-02,AAPL,-0.02713600227508163,Ridge Regression,0.35567768519342235,-0.14898290176006035
2026-06-02,AMZN,-0.03582611077931807,Ridge Regression,0.3322609157198068,0.1975531093809375
2026-06-02,GOOGL,-0.005517274071113177,Ridge Regression,0.4782891106798139,0.05517855343397282
2026-06-02,JNJ,-0.049985938514561366,Ridge Regression,0.24185105177363242,0.023858895006679592
2026-06-02,JPM,-0.027374757040758306,Ridge Regression,0.4271812819313044,-0.0406224574536177
2026-06-02,META,-0.01335753781070124,Ridge Regression,0.5353399361727563,0.07238349992286319
2026-06-02,MSFT,-0.04073817374068547,Ridge Regression,0.3597428300055962,-0.008835006509851806
2026-06-02,NVDA,0.0015869148386351128,Ridge Regression,0.44806410549974807,-0.11710590327337111
2026-06-02,TSLA,-0.029738706307405598,Ridge Regression,0.338112690658724,0.0029525445562257335
2026-06-02,XOM,-0.03515657229528878,Ridge Regression,0.3773039943862284,-0.022420180679307067
2026-06-03,AAPL,-0.027405880698996618,Ridge Regression,0.3586255093165874,-0.16345853426318047
2026-06-03,AMZN,-0.034553604251666994,Ridge Regression,0.33828835635604176,0.21499068984547542
2026-06-03,GOOGL,-0.0071198629609708075,Ridge Regression,0.47619276524337745,0.05543570772299633
2026-06-03,JNJ,-0.060091929076414835,Ridge Regression,0.21502591956447753,-0.021765222406828544
2026-06-03,JPM,-0.02659978393598754,Ridge Regression,0.42142097808031675,-0.046692495552452695
2026-06-03,META,-0.014455560406798061,Ridge Regression,0.5308417343839539,0.04442898643428994
2026-06-03,MSFT,-0.03657439803245278,Ridge Regression,0.36084387757389713,-0.04589158243018321
2026-06-03,NVDA,0.007284093011524233,Ridge Regression,0.4716051525050842,-0.09368290986608274
2026-06-03,TSLA,-0.02871478415011093,Ridge Regression,0.342633466323456,0.03630664055613675
2026-06-03,XOM,-0.040748094178025406,Ridge Regression,0.36265676786621187,-0.04973637302011691
2026-06-04,AAPL,-0.023517268430260807,Ridge Regression,0.3654217157245126,-0.19496441317158952
2026-06-04,AMZN,-0.04760194730732139,Ridge Regression,0.28728435035751915,0.1504703534603753
2026-06-04,GOOGL,-0.007358662815890477,Ridge Regression,0.47151912317650974,0.02135444433079381
2026-06-04,JNJ,-0.064729393030972,Ridge Regression,0.20262218619857514,-0.05630572464892003
2026-06-04,JPM,-0.025626683029662436,Ridge Regression,0.43085572752696316,-0.05713285722784889
2026-06-04,META,-0.012620424020705456,Ridge Regression,0.5381832997006203,0.024151612445364457
2026-06-04,MSFT,-0.03140057318678162,Ridge Regression,0.3800953894504794,-0.022907883202292423
2026-06-04,NVDA,-0.00321526902351546,Ridge Regression,0.43235312186722075,-0.10560464822781446
2026-06-04,TSLA,-0.027190598312777273,Ridge Regression,0.3463730408871092,0.047299053979499295
2026-06-04,XOM,-0.039668433598722706,Ridge Regression,0.3678085605776273,-0.05286067506906722
2026-06-05,AAPL,-0.02299791704726048,Ridge Regression,0.3620410700585277,-0.20852456412203713
2026-06-05,AMZN,-0.045313401287765634,Ridge Regression,0.29547307854370825,0.11646146724224393
2026-06-05,GOOGL,-0.001601047924918093,Ridge Regression,0.49114692158072143,0.03922223370380418
2026-06-05,JNJ,-0.05748420531547967,Ridge Regression,0.22528168965070347,-0.015488843668693852
2026-06-05,JPM,-0.025943587714755495,Ridge Regression,0.4266031779406684,-0.07547213738936465
2026-06-05,META,-0.00878335307325709,Ridge Regression,0.5518307282934083,0.02383574729331084
2026-06-05,MSFT,-0.03175080028292133,Ridge Regression,0.3877792043981497,-0.03240546110622633
2026-06-05,NVDA,-0.0053260677446412006,Ridge Regression,0.4248925978666724,-0.1462715917883176
2026-06-05,TSLA,-0.03549360455326986,Ridge Regression,0.3109302968064409,-0.0008649087805232547
2026-06-05,XOM,-0.05477436407151237,Ridge Regression,0.30737468682313557,-0.10710350025251891
2026-06-08,AAPL,-0.030329236478264757,Ridge Regression,0.3299418833587781,-0.23092720895865393
2026-06-08,AMZN,-0.043906086685545985,Ridge Regression,0.30461795361595884,0.14275622834970902
2026-06-08,GOOGL,0.0009291212804884419,Ridge Regression,0.5070259087625892,0.01480224516309847
2026-06-08,JNJ,-0.05659130774649554,Ridge Regression,0.22615307690242153,-0.05581652366664325
2026-06-08,JPM,-0.027098648300467765,Ridge Regression,0.4167747651483368,-0.06163941000891893
2026-06-08,META,-0.014502859876147479,Ridge Regression,0.5348708131412013,0.031969445996849144
2026-06-08,MSFT,-0.026563426904342977,Ridge Regression,0.4060249716318471,-0.012978355183396073
2026-06-08,NVDA,-0.0022943025999642994,Ridge Regression,0.4359942061683861,-0.10396945469386498
2026-06-08,TSLA,-0.03391946645948262,Ridge Regression,0.3206203218936033,0.05060411239638807
2026-06-08,XOM,-0.062485297270607004,Ridge Regression,0.2774088957699529,-0.06829267340519485
2026-06-09,AAPL,-0.03094267254587755,Ridge Regression,0.3303354582300946,-0.18038271882934487
2026-06-09,AMZN,-0.0419969165131273,Ridge Regression,0.31026820382161097,0.13029430091385774
2026-06-09,GOOGL,-0.0003424385198928879,Ridge Regression,0.5123723347662402,0.0654716644559592
2026-06-09,JNJ,-0.052747196815531965,Ridge Regression,0.24188403088444896,-0.07641021232004253
2026-06-09,JPM,-0.024136277224485428,Ridge Regression,0.4283286008465021,-0.05382171457681362
2026-06-09,META,-0.01620035766412408,Ridge Regression,0.5250428070139035,0.06836431771262008
2026-06-09,MSFT,-0.02885363890179545,Ridge Regression,0.4027586614533922,-0.0214513220222442
2026-06-09,NVDA,3.584326089622718e-05,Ridge Regression,0.4574346099585918,-0.12661163742311776
2026-06-09,TSLA,-0.034610017217858974,Ridge Regression,0.3160906701648509,0.02667000593748914
2026-06-09,XOM,-0.06150277514931832,Ridge Regression,0.28113911625412813,-0.06127445756040051
2026-06-10,AAPL,-0.02605521629334226,Ridge Regression,0.350718094556977,-0.14611800913541695
2026-06-10,AMZN,-0.039190007976265255,Ridge Regression,0.31559587005772144,0.1404015713492046
2026-06-10,GOOGL,-0.0015295424471301906,Ridge Regression,0.5045388467743326,0.07462117381150768
2026-06-10,JNJ,-0.050821259217592875,Ridge Regression,0.2469899119437315,-0.057955203467348504
2026-06-10,JPM,-0.024489139158053966,Ridge Regression,0.4273099570176984,-0.02433893163847234
2026-06-10,META,-0.01809530646520771,Ridge Regression,0.520995435233265,0.02336801109281228
2026-06-10,MSFT,-0.03150986843329044,Ridge Regression,0.3922728495308131,-0.03504801976146876
2026-06-10,NVDA,-0.0013043700909694347,Ridge Regression,0.4484970535055188,-0.15399105994964124
2026-06-10,TSLA,-0.03315790669806697,Ridge Regression,0.31691632121307217,0.01601353601011235
2026-06-10,XOM,-0.06406055225587413,Ridge Regression,0.2760576767117393,-0.05467187781253191
2026-06-11,AAPL,-0.021176500805616803,Ridge Regression,0.36880339516663635,-0.14869968334689776
2026-06-11,AMZN,-0.038314329093187736,Ridge Regression,0.32509774778015416,0.12898144945679424
2026-06-11,GOOGL,-0.0008066269565399874,Ridge Regression,0.5174611224672832,0.10988607570056352
2026-06-11,JNJ,-0.054926365592668,Ridge Regression,0.2391572469716375,-0.0453783759280717
2026-06-11,JPM,-0.024791293356858285,Ridge Regression,0.42676190116578216,-0.0022562643421027984
2026-06-11,META,-0.01665662833295692,Ridge Regression,0.5197811044130463,0.0012875876746831771
2026-06-11,MSFT,-0.03564634556716172,Ridge Regression,0.3728375093558304,0.0006395114933950286
2026-06-11,NVDA,-0.0029950527224118888,Ridge Regression,0.4455577236720556,-0.17136507208970042
2026-06-11,TSLA,-0.030833340222523146,Ridge Regression,0.32434682910216517,0.014105708083949287
2026-06-11,XOM,-0.06555527704201254,Ridge Regression,0.26924189258829256,-0.10293139321984768
2026-06-12,AAPL,-0.015148653674411457,Ridge Regression,0.3766625713567802,-0.12563405244987835
2026-06-12,AMZN,-0.04112734041802449,Ridge Regression,0.317474333216866,0.13366930042223935
2026-06-12,GOOGL,0.00017106730531820692,Ridge Regression,0.5223994765298248,0.10493370200502272
2026-06-12,JNJ,-0.05628533968859839,Ridge Regression,0.23784304375312437,-0.036843995208227676
2026-06-12,JPM,-0.026512864063151315,Ridge Regression,0.4247373381880019,0.013352987065823996
2026-06-12,META,-0.025452445826894647,Ridge Regression,0.48007387828826537,-0.06524260863793119
2026-06-12,MSFT,-0.03195686344419129,Ridge Regression,0.37991150503299825,-0.0027621812078337804
2026-06-12,NVDA,-0.004642548245606364,Ridge Regression,0.443782710891962,-0.16100864099844325
2026-06-12,TSLA,-0.023982716880053337,Ridge Regression,0.3537652297778721,0.011992482987239317
2026-06-12,XOM,-0.06409777520323214,Ridge Regression,0.2803691826796857,-0.12482414431281763
2026-06-15,AAPL,-0.009021882722834473,Ridge Regression,0.3982541012100955,-0.1362211353657552
2026-06-15,AMZN,-0.03270576428268698,Ridge Regression,0.34581583198563154,0.15836357994394845
2026-06-15,GOOGL,-0.0002329549653028347,Ridge Regression,0.5126483606520904,0.12484394566336521
2026-06-15,JNJ,-0.054078244368866234,Ridge Regression,0.2431003308617446,-0.02195662045727842
2026-06-15,JPM,-0.02731090328712993,Ridge Regression,0.42712606218319893,-0.009172651716712
2026-06-15,META,-0.023580938034994718,Ridge Regression,0.48853944488721696,-0.04427781054364888
2026-06-15,MSFT,-0.033387715093911245,Ridge Regression,0.3824021115787296,0.011458822012120118
2026-06-15,NVDA,-0.01030246684358445,Ridge Regression,0.4226652523519102,-0.10673070965614873
2026-06-15,TSLA,-0.03008398661807514,Ridge Regression,0.33780307406386734,0.07098625324307228
2026-06-15,XOM,-0.06623211609762811,Ridge Regression,0.27439697463498974,-0.14796308048861573
2026-06-16,AAPL,-0.010997708449249745,Ridge Regression,0.40074881132681683,-0.09402192756396144
2026-06-16,AMZN,-0.03786658387918357,Ridge Regression,0.3245694796937844,0.13939004437421532
2026-06-16,GOOGL,-0.007010401399158508,Ridge Regression,0.48569265398666733,0.09484007601910904
2026-06-16,JNJ,-0.05939473334535807,Ridge Regression,0.22811139553991633,-0.02050405161758806
2026-06-16,JPM,-0.03281689958275985,Ridge Regression,0.3986899992374349,-0.04316645991573198
2026-06-16,META,-0.01962577044205617,Ridge Regression,0.5091600957925094,-0.06632268932691798
2026-06-16,MSFT,-0.036518018659475404,Ridge Regression,0.3747910943936741,0.04654985371803133
2026-06-16,NVDA,-0.016144255555236887,Ridge Regression,0.40233754094429114,-0.03838531952027058
2026-06-16,TSLA,-0.02445390099291255,Ridge Regression,0.35730838589831143,0.09386100088506977
2026-06-16,XOM,-0.07019710727508936,Ridge Regression,0.27437201436215125,-0.1786845831618823
2026-06-17,AAPL,-0.009213136282197278,Ridge Regression,0.4092686301016435,-0.07410543488510135
2026-06-17,AMZN,-0.03917497241951174,Ridge Regression,0.32072146187116773,0.1313692803720503
2026-06-17,GOOGL,-0.005953711219307982,Ridge Regression,0.48784736868173384,0.09345685475107257
2026-06-17,JNJ,-0.0551704521906064,Ridge Regression,0.2352583532701332,-0.07022585840717221
2026-06-17,JPM,-0.035329599332853324,Ridge Regression,0.3824067486383585,-0.04274453572604542
2026-06-17,META,-0.016682948970923546,Ridge Regression,0.5180613144830358,-0.06197954699123409
2026-06-17,MSFT,-0.033397092802756906,Ridge Regression,0.3822104020193664,0.07469618381380494
2026-06-17,NVDA,-0.012770167745196164,Ridge Regression,0.41758666020555046,0.006058325532510844
2026-06-17,TSLA,-0.027060303716593404,Ridge Regression,0.34868359533593946,0.08488723725967784
2026-06-17,XOM,-0.06933524841691044,Ridge Regression,0.26949001681979623,-0.22895856830172678
2026-06-18,AAPL,-0.005299611818501704,Ridge Regression,0.42148632384671414,-0.08484328404952002
2026-06-18,AMZN,-0.028352520634773504,Ridge Regression,0.3433081882405905,0.08501861620216888
2026-06-18,GOOGL,-0.003920304211251388,Ridge Regression,0.4857421642793891,0.08758792598496412
2026-06-18,JNJ,-0.046124542452597096,Ridge Regression,0.25524505305702067,-0.05676796349285662
2026-06-18,JPM,-0.03408007674267766,Ridge Regression,0.3838994923957582,-0.02468856493461924
2026-06-18,META,-0.013025863968463072,Ridge Regression,0.5248189610752424,-0.049509843928421726
2026-06-18,MSFT,-0.027172124326445543,Ridge Regression,0.40552769888654117,0.06417682294797644
2026-06-18,NVDA,-0.005949529628406804,Ridge Regression,0.4190002511263225,-0.027192051797986894
2026-06-18,TSLA,-0.027276314942653722,Ridge Regression,0.33715928831687864,0.062419232302010075
2026-06-18,XOM,-0.07005431832043257,Ridge Regression,0.2679871939097286,-0.2349866066909797
2026-06-19,AAPL,-0.019240181750902183,Ridge Regression,0.35439298282859605,-0.1379765189626042
2026-06-19,AMZN,-0.026476519170169736,Ridge Regression,0.351133333277952,0.11101675640494957
2026-06-19,GOOGL,-0.0007684192439737954,Ridge Regression,0.5002138160356719,0.10903343658254205
2026-06-19,JNJ,-0.046908682953015125,Ridge Regression,0.2564652135011802,-0.0696733224188687
2026-06-19,JPM,-0.03116524283474867,Ridge Regression,0.39489907621773546,-0.06101602055432742
2026-06-19,META,-0.008611238812468208,Ridge Regression,0.5511502754586444,-0.08649839667724091
2026-06-19,MSFT,-0.023040579084693466,Ridge Regression,0.42994568565888325,0.09292067649892188
2026-06-19,NVDA,-0.00187558587725102,Ridge Regression,0.43568824615300394,0.03073292540566719
2026-06-19,TSLA,-0.020620553790819646,Ridge Regression,0.35239331448318173,0.0672332115183556
2026-06-19,XOM,-0.06778854971795435,Ridge Regression,0.2655049492032702,-0.278389643536764
2026-06-22,AAPL,-0.023068232246345757,Ridge Regression,0.3317614189484491,-0.16425580042779098
2026-06-22,AMZN,-0.029574671289936016,Ridge Regression,0.34461969175397106,0.11705115020415735
2026-06-22,GOOGL,0.0002763382623534906,Ridge Regression,0.4939039693979624,0.16381168182298578
2026-06-22,JNJ,-0.043294493748846946,Ridge Regression,0.260569259921961,-0.06350407911322975
2026-06-22,JPM,-0.02904712412492262,Ridge Regression,0.4031902565216548,-0.050508012504440036
2026-06-22,META,-0.014003201274342332,Ridge Regression,0.5312188031431655,-0.12620685963861
2026-06-22,MSFT,-0.022280989001304596,Ridge Regression,0.41936689784620973,0.05776859367922271
2026-06-22,NVDA,-0.00454431782081854,Ridge Regression,0.417095578608328,0.009655044761766485
2026-06-22,TSLA,-0.027282093141672355,Ridge Regression,0.33914510645046625,0.03472916368897794
2026-06-22,XOM,-0.06403183422685539,Ridge Regression,0.27364440816894847,-0.27844263775309575
2026-06-23,AAPL,-0.027571320207210814,Ridge Regression,0.3291542224543384,-0.14518365828424795
2026-06-23,AMZN,-0.027680271250001172,Ridge Regression,0.35386315997823725,0.10342771260837869
2026-06-23,GOOGL,0.00294584056282718,Ridge Regression,0.4945106523316187,0.14280730658493757
2026-06-23,JNJ,-0.042008224089276874,Ridge Regression,0.26644847522791515,-0.04221612890117432
2026-06-23,JPM,-0.03409973663840865,Ridge Regression,0.3936370304848494,-0.041540401788661474
2026-06-23,META,-0.019859794888055192,Ridge Regression,0.5132947764018456,-0.10014835796868837
2026-06-23,MSFT,-0.024647188977292192,Ridge Regression,0.4054325468681563,0.06974430010890953
2026-06-23,NVDA,-0.0010181106993282772,Ridge Regression,0.4349778766973054,-0.003455102261292531
2026-06-23,TSLA,-0.02359596941807643,Ridge Regression,0.3504626162118851,0.03507431325398902
2026-06-23,XOM,-0.06964663583725746,Ridge Regression,0.26142369884029926,-0.26864199950313583
2026-06-24,AAPL,-0.027092717427685917,Ridge Regression,0.3371887687214195,-0.1409506757201937
2026-06-24,AMZN,-0.033133859295482425,Ridge Regression,0.3389283518299791,0.07357611007465503
2026-06-24,GOOGL,-0.0007789900188292561,Ridge Regression,0.48505945023878977,0.14191248243783905
2026-06-24,JNJ,-0.04406835222974802,Ridge Regression,0.2644722787838883,-0.030633336474478856
2026-06-24,JPM,-0.0350231630413454,Ridge Regression,0.39505446993172993,-0.04865068158730057
2026-06-24,META,-0.01806858022379256,Ridge Regression,0.5206480451014925,-0.09809635396388938
2026-06-24,MSFT,-0.027922298899090363,Ridge Regression,0.39230017717888566,0.1318296094064959
2026-06-24,NVDA,0.0065619119482192975,Ridge Regression,0.4621135404774062,0.00041696204861119135
2026-06-24,TSLA,-0.023777207173866284,Ridge Regression,0.3506531214590664,0.06424090487041312
2026-06-24,XOM,-0.0697009498949232,Ridge Regression,0.25525625765176696,-0.2972711306545488
2026-06-25,AAPL,-0.027970478585365346,Ridge Regression,0.34132325635167626,-0.0888039587106435
2026-06-25,AMZN,-0.031854291418629783,Ridge Regression,0.3418982116975063,0.06168988869646297
2026-06-25,GOOGL,-0.0009397615722921294,Ridge Regression,0.48043316224736105,0.1579629873434918
2026-06-25,JNJ,-0.05211536677207503,Ridge Regression,0.24086219029977837,-0.025584861769666012
2026-06-25,JPM,-0.03729902444313161,Ridge Regression,0.3931892824275387,-0.04113387517244915
2026-06-25,META,-0.014936529972312125,Ridge Regression,0.5302452447283559,-0.12575874021307976
2026-06-25,MSFT,-0.03166422141873035,Ridge Regression,0.3837337722607793,0.16405099081400665
2026-06-25,NVDA,0.005163504027257184,Ridge Regression,0.4652709362727187,0.0024653729415724523
2026-06-25,TSLA,-0.021789866771091945,Ridge Regression,0.36997333832136786,0.06277019813320517
2026-06-25,XOM,-0.0697948024923873,Ridge Regression,0.25586817929824207,-0.30242443715406186
2026-06-26,AAPL,-0.023504795560321187,Ridge Regression,0.36349663247971786,-0.02759875596541883
2026-06-26,AMZN,-0.038157338091958586,Ridge Regression,0.31149987514405253,0.05697077195046418
2026-06-26,GOOGL,-0.0013237068362045752,Ridge Regression,0.48999153692187297,0.17048746704739925
2026-06-26,JNJ,-0.048205303785528446,Ridge Regression,0.25180705294307154,-0.0036533347042949638
2026-06-26,JPM,-0.04258752634449272,Ridge Regression,0.3733499936603874,-0.022693584457339155
2026-06-26,META,-0.011444709822743471,Ridge Regression,0.5354520566783008,-0.12839938139751184
2026-06-26,MSFT,-0.016594735782431654,Ridge Regression,0.432029324547471,0.1203181950706611
2026-06-26,NVDA,0.00849636169985029,Ridge Regression,0.48136685128585616,0.0030306179560042334
2026-06-26,TSLA,-0.021370818590115186,Ridge Regression,0.3698375584145827,0.08040196796025612
2026-06-26,XOM,-0.07375682464281247,Ridge Regression,0.2463365746034603,-0.2678504299245765
2026-06-29,AAPL,-0.006031860963080534,Ridge Regression,0.47329657926038105,-0.030605885832478807
2026-06-29,AMZN,-0.020687160852539105,Ridge Regression,0.41461576125666605,0.06690191699018944
2026-06-29,GOOGL,0.009277771492283218,Ridge Regression,0.5618687444085079,0.14444564762048429
2026-06-29,JNJ,-0.03506214095878018,Ridge Regression,0.33025357824906987,0.010193899726078426
2026-06-29,JPM,-0.029748732196687423,Ridge Regression,0.46056893643803676,0.0022804634899202814
2026-06-29,META,0.00024519947347813363,Ridge Regression,0.6172316490853009,-0.1513518136648081
2026-06-29,MSFT,-0.0017987657219424354,Ridge Regression,0.5318584425249862,0.14334589808360798
2026-06-29,NVDA,0.02526411953272211,Ridge Regression,0.5817908688058386,0.01910367500045984
2026-06-29,TSLA,-0.016136643953099945,Ridge Regression,0.4266306479514225,0.06902872513893965
2026-06-29,XOM,-0.05521276268793655,Ridge Regression,0.3283031647387164,-0.20714019826645502
2026-06-30,AAPL,-0.01009014340907831,Ridge Regression,0.4586656467830183,0.007629403465521545
2026-06-30,AMZN,-0.016098978296643085,Ridge Regression,0.4247104514615627,0.07130142246929405
2026-06-30,GOOGL,0.015601333627562268,Ridge Regression,0.5619148802036421,0.1246239517988259
2026-06-30,JNJ,-0.0384840776951384,Ridge Regression,0.3088807775430358,0.02437679208193355
2026-06-30,JPM,-0.025956932919574342,Ridge Regression,0.47392409734534025,-0.013254699759842947
2026-06-30,META,0.004037262521171571,Ridge Regression,0.6361265505862227,-0.16874495015170476
2026-06-30,MSFT,-0.013835824828461631,Ridge Regression,0.48013383740787113,0.09509177620181064
2026-06-30,NVDA,0.020034424746420747,Ridge Regression,0.5574657899352019,0.10315747825584332
2026-06-30,TSLA,-0.015942969539056183,Ridge Regression,0.42985026146012106,0.10310056835196213
2026-06-30,XOM,-0.05386149261359313,Ridge Regression,0.3284044053773193,-0.2618087657434862
2026-07-01,AAPL,-0.009714445679574612,Ridge Regression,0.45548351184478897,0.05260049393042032
2026-07-01,AMZN,-0.011617082303551306,Ridge Regression,0.4364806005209291,0.06448261091704466
2026-07-01,GOOGL,0.01634196419109827,Ridge Regression,0.5663651146832819,0.1351677259008135
2026-07-01,JNJ,-0.035158517248101595,Ridge Regression,0.3138322391776809,0.04102101143962855
2026-07-01,JPM,-0.019983622215812416,Ridge Regression,0.4931492534407663,-0.011253961251076361
2026-07-01,META,0.005950275944219243,Ridge Regression,0.6444107518821678,-0.17947021193312784
2026-07-01,MSFT,-0.009333049650517851,Ridge Regression,0.49912252954824277,0.07887786867503932
2026-07-01,NVDA,0.01855714497262568,Ridge Regression,0.5452584945782608,0.09178516184812158
2026-07-01,TSLA,-0.014583439952968435,Ridge Regression,0.4286632617100132,0.07701169361654348
2026-07-01,XOM,-0.04665098262715946,Ridge Regression,0.35642263427321275,-0.24629718908971532
2026-07-02,AAPL,-0.010987128284227944,Ridge Regression,0.45078422493804604,0.13833788265123959
2026-07-02,AMZN,0.0017761714393736655,Ridge Regression,0.4771835991142011,0.0735959503761876
2026-07-02,GOOGL,0.020633668931572806,Ridge Regression,0.5867075225455967,0.15742171387808424
2026-07-02,JNJ,-0.0327590334744987,Ridge Regression,0.3286726445289607,0.054506077375924944
2026-07-02,JPM,-0.02246730391264308,Ridge Regression,0.48555062476091476,0.024486811892807436
2026-07-02,META,0.006390218173080018,Ridge Regression,0.6540978521555179,-0.13827754510991574
2026-07-02,MSFT,-0.015307226851289395,Ridge Regression,0.478241993094509,0.04329494970449965
2026-07-02,NVDA,0.020695052808366268,Ridge Regression,0.5583223737445921,0.11258095079295538
2026-07-02,TSLA,-0.013627878744470858,Ridge Regression,0.4259084034174666,0.03875629346635656
2026-07-02,XOM,-0.0418733443829468,Ridge Regression,0.37697126804396,-0.16880705966362308
2026-07-03,AAPL,-0.0015642481795577886,Ridge Regression,0.48572018788850735,0.12643082435968123
2026-07-03,AMZN,0.0004103398635126991,Ridge Regression,0.4767825172898957,0.0995088128253454
2026-07-03,GOOGL,0.01811351678336346,Ridge Regression,0.5827761569187608,0.11746995925619719
2026-07-03,JNJ,-0.03886773115915892,Ridge Regression,0.29893252728172653,0.011543204578516653
2026-07-03,JPM,-0.017581225694811346,Ridge Regression,0.5074483307382088,0.05497465640460675
2026-07-03,META,0.0064445079765125335,Ridge Regression,0.6528490146258449,-0.1434717128580899
2026-07-03,MSFT,-0.017880720881183317,Ridge Regression,0.47231567325294294,0.009836669716635438
2026-07-03,NVDA,0.021501453995938488,Ridge Regression,0.5628396468223981,0.13397678213207342
2026-07-03,TSLA,-0.004718407949747752,Ridge Regression,0.44547226213072977,0.02943335487760379
2026-07-03,XOM,-0.030227717293511806,Ridge Regression,0.41693805202825684,-0.1415911844598765
2026-07-06,AAPL,0.008250692412220461,Ridge Regression,0.5123993369412548,0.0997920344067178
2026-07-06,AMZN,0.0006129596535268307,Ridge Regression,0.47475834625668134,0.09754450503317713
2026-07-06,GOOGL,0.014143860775619205,Ridge Regression,0.5787228228207318,0.1355920408528799
2026-07-06,JNJ,-0.028922500612049276,Ridge Regression,0.33131371451165104,0.03952620578520549
2026-07-06,JPM,-0.02161978967622103,Ridge Regression,0.48741836778799397,0.027539108396325007
2026-07-06,META,0.007347542929351084,Ridge Regression,0.6512754289342378,-0.12160440763425762
2026-07-06,MSFT,-0.01737754501016882,Ridge Regression,0.4691698570641723,-0.01196343985565429
2026-07-06,NVDA,0.012574931862915528,Ridge Regression,0.5157698906617414,0.06579043323925293
2026-07-06,TSLA,-0.0009564950121769395,Ridge Regression,0.44661874405266405,0.02074790160941009
2026-07-06,XOM,-0.04531917163116816,Ridge Regression,0.3486441066917484,-0.20948959763913377
2026-07-07,AAPL,0.008343382418476677,Ridge Regression,0.5014978651175411,0.12672542578089163
2026-07-07,AMZN,-0.0018566884597693688,Ridge Regression,0.4659249208837703,0.09982096961201337
2026-07-07,GOOGL,0.006871004383733936,Ridge Regression,0.5423533809426687,0.09207325300818958
2026-07-07,JNJ,-0.026169974683296314,Ridge Regression,0.3424516543353842,0.0571692397217165
2026-07-07,JPM,-0.025772226772752753,Ridge Regression,0.48013659703183975,0.026842206439974037
2026-07-07,META,0.006331412622515525,Ridge Regression,0.6388915743407411,-0.1155034784743223
2026-07-07,MSFT,-0.01397884958830665,Ridge Regression,0.48084544662154977,0.028488906505641287
2026-07-07,NVDA,0.012973412515935616,Ridge Regression,0.5289197648504778,0.0476219041364232
2026-07-07,TSLA,0.0003519050721451579,Ridge Regression,0.4624806226625456,0.04502232307959475
2026-07-07,XOM,-0.045141303248991446,Ridge Regression,0.34557383666946934,-0.20557629691596768
2026-07-08,AAPL,0.006477250995380532,Ridge Regression,0.4898397026923633,0.09036675844802611
2026-07-08,AMZN,0.0007299899396284754,Ridge Regression,0.4728704817944351,0.09932619023529377
2026-07-08,GOOGL,0.0058618448315685455,Ridge Regression,0.5412044862646403,0.10272193854974021
2026-07-08,JNJ,-0.025095660797588792,Ridge Regression,0.3449567907579879,0.07159269457200468
2026-07-08,JPM,-0.02851077909070237,Ridge Regression,0.4617791702594172,0.000548473403886085
2026-07-08,META,0.004942041551729549,Ridge Regression,0.6341082880065096,-0.12958582347771908
2026-07-08,MSFT,-0.017735897197685827,Ridge Regression,0.4734869053071502,-0.0044812088703820585
2026-07-08,NVDA,0.01519117672340803,Ridge Regression,0.5409261117864378,0.0587568477366851
2026-07-08,TSLA,-0.002241152531027417,Ridge Regression,0.4653150128530178,0.0656811022001329
2026-07-08,XOM,-0.044899233864729216,Ridge Regression,0.3419721545596404,-0.18953212166863487
2026-07-09,AAPL,0.005996436180260974,Ridge Regression,0.4990921294795967,0.09031589756199598
2026-07-09,AMZN,-0.0014750862587141222,Ridge Regression,0.4639933561340154,0.09766390789875778
2026-07-09,GOOGL,0.0035933851907571555,Ridge Regression,0.528062954648269,0.09974222624246565
2026-07-09,JNJ,-0.024872639434838827,Ridge Regression,0.3403508803594097,0.10637977822566347
2026-07-09,JPM,-0.028412559558812778,Ridge Regression,0.46588396766292833,-0.0021973872125913285
2026-07-09,META,0.008753718806130998,Ridge Regression,0.6431247770248449,-0.1392390052899205
2026-07-09,MSFT,-0.01528258282041695,Ridge Regression,0.478414036657238,-0.0046516080782232905
2026-07-09,NVDA,0.018033752458023,Ridge Regression,0.5508534126924289,0.07005708888923179
2026-07-09,TSLA,-9.601137724100494e-06,Ridge Regression,0.4767392717838486,0.06568092800276171
2026-07-09,XOM,-0.03667736714695052,Ridge Regression,0.3730623474175077,-0.17575195922351472
2026-07-10,AAPL,-0.0005803715061699381,Ridge Regression,0.48197757480337317,0.05865041237215407
2026-07-10,AMZN,0.0024030042865413417,Ridge Regression,0.4756222728311771,0.10123836189045621
2026-07-10,GOOGL,-0.0013612742776155963,Ridge Regression,0.5091876605305657,0.12462930693168306
2026-07-10,JNJ,-0.02408711095130517,Ridge Regression,0.346107235814657,0.08376658578247986
2026-07-10,JPM,-0.022822849519659495,Ridge Regression,0.48407570569382746,0.01994346142580672
2026-07-10,META,0.020677312251254264,Ridge Regression,0.6775417898297393,-0.11264222626028064
2026-07-10,MSFT,-0.017360250586443457,Ridge Regression,0.4715270580695422,-0.03744852260195786
2026-07-10,NVDA,0.011364827630668695,Ridge Regression,0.5315445792574889,0.03880227023678495
2026-07-10,TSLA,-0.0005127062253287708,Ridge Regression,0.4794376877986843,0.057438905417459996
2026-07-10,XOM,-0.041967740070764474,Ridge Regression,0.356507280910587,-0.1572126175417724
2026-07-13,AAPL,0.0008385021268632793,Ridge Regression,0.48787033053988865,0.08767492989555103
2026-07-13,AMZN,0.002712790504364088,Ridge Regression,0.47061350311765604,0.09793487151675895
2026-07-13,GOOGL,0.0012399805647877588,Ridge Regression,0.5220885738423425,0.0980163874505211
2026-07-13,JNJ,-0.029322507099691086,Ridge Regression,0.32875759935558463,0.0769322567272035
2026-07-13,JPM,-0.024325662507244286,Ridge Regression,0.47804937966001243,0.009755954341064799
2026-07-13,META,0.02398355714451804,Ridge Regression,0.6815512271201074,-0.1055322831345169
2026-07-13,MSFT,-0.018913868139941788,Ridge Regression,0.4748812096730097,-0.08542991576309589
2026-07-13,NVDA,0.004162229872807316,Ridge Regression,0.5012032059757585,-0.04751624058562409
2026-07-13,TSLA,0.008240987946189661,Ridge Regression,0.4953004299090949,0.04141178465786455
2026-07-13,XOM,-0.0426328577707505,Ridge Regression,0.37829412838155535,-0.15807849768546411
2026-07-14,AAPL,-0.0033962414986141503,Ridge Regression,0.4653523137547792,0.07026999236905818
2026-07-14,AMZN,0.0034667169177880737,Ridge Regression,0.47238318509139166,0.0731543963326946
2026-07-14,GOOGL,0.003483649970817315,Ridge Regression,0.5356774180442756,0.09742192054305998
2026-07-14,JNJ,-0.025561498667503985,Ridge Regression,0.340789969157599,0.0926830838437731
2026-07-14,JPM,-0.02090944663249942,Ridge Regression,0.4901375197982105,0.021353782139109434
2026-07-14,META,0.024520014842848506,Ridge Regression,0.6855683161667314,-0.05315279156800001
2026-07-14,MSFT,-0.012109503760368573,Ridge Regression,0.48486873243885353,-0.0704359957840347
2026-07-14,NVDA,-0.010495619455062168,Ridge Regression,0.44273837809273614,-0.11208864787144068
2026-07-14,TSLA,0.00253314190363589,Ridge Regression,0.4742744074420364,0.04903224451812527
2026-07-14,XOM,-0.03763449196615302,Ridge Regression,0.39577282790703106,-0.07318009156940675
2026-07-15,AAPL,-0.0025904752073223824,Ridge Regression,0.46583059062817744,0.05515237862889899
2026-07-15,AMZN,0.004980045689607724,Ridge Regression,0.4812695006273479,0.08350145781582352
2026-07-15,GOOGL,0.0036122886612362528,Ridge Regression,0.5387033278069581,0.07996443374208462
2026-07-15,JNJ,-0.035259829514497326,Ridge Regression,0.3050582503694348,0.17423540232599355
2026-07-15,JPM,-0.021867562929562004,Ridge Regression,0.4803866656320373,-0.018477954932953344
2026-07-15,META,0.024052600781318337,Ridge Regression,0.6845592541440634,-0.04811090722827305
2026-07-15,MSFT,-0.015873689685391143,Ridge Regression,0.47006305340736365,-0.07067042453563355
2026-07-15,NVDA,-0.013625796694131146,Ridge Regression,0.4304293969576324,-0.12927902745709663
2026-07-15,TSLA,0.005298778547090247,Ridge Regression,0.4869095184687714,0.03299238971834617
2026-07-15,XOM,-0.030209822122577168,Ridge Regression,0.43336178832564803,-0.0342368808179907
2026-07-16,AAPL,-0.006910184478311274,Ridge Regression,0.44939654823935893,0.07201461317379665
2026-07-16,AMZN,0.002041695811648254,Ridge Regression,0.4791252576733039,0.09261742788429417
2026-07-16,GOOGL,-0.00045153992647518296,Ridge Regression,0.5248708776676771,0.10344482077351547
2026-07-16,JNJ,-0.03212265941845074,Ridge Regression,0.31547271757919076,0.18176770860618796
2026-07-16,JPM,-0.025541928786190736,Ridge Regression,0.46963040827277586,-0.018490113833842803
2026-07-16,META,0.022148629556685326,Ridge Regression,0.6813900410313581,-0.028410091083475475
2026-07-16,MSFT,-0.009659280285168576,Ridge Regression,0.48816466528699043,-0.00645117586109778
2026-07-16,NVDA,-0.011308881747613105,Ridge Regression,0.4440675724815935,-0.15179777612378764
2026-07-16,TSLA,0.00958283788943758,Ridge Regression,0.5011630684149532,0.030104909993876605
2026-07-16,XOM,-0.031228601807901595,Ridge Regression,0.42953006762347634,-0.0021223043984525125
2026-07-17,AAPL,0.003398486105277018,Ridge Regression,0.48827877293454675,0.06257729447873661
2026-07-17,AMZN,-0.005220412397508238,Ridge Regression,0.4499654242882735,0.04805076746110615
2026-07-17,GOOGL,0.002447219847423874,Ridge Regression,0.5350176537933236,0.06904236774340733
2026-07-17,JNJ,-0.028447004938016565,Ridge Regression,0.32469481512135434,0.1704423103768693
2026-07-17,JPM,-0.025958141440301938,Ridge Regression,0.46922813002137553,-0.01101986099066754
2026-07-17,META,0.015189168269987058,Ridge Regression,0.654035582930085,0.03771473371343781
2026-07-17,MSFT,-0.009423428868953667,Ridge Regression,0.4887754915802038,-0.00278901976517687
2026-07-17,NVDA,-0.021419667968708166,Ridge Regression,0.40280200749987266,-0.1890452310638494
2026-07-17,TSLA,0.010332031656928704,Ridge Regression,0.5089024388078629,0.018281007585928544
2026-07-17,XOM,-0.026734652537525376,Ridge Regression,0.4414799475203509,0.023181998454516073
2026-07-20,AAPL,0.010660345482131208,Ridge Regression,0.5048147681082631,0.03362006438979037
2026-07-20,AMZN,-0.006985799712155863,Ridge Regression,0.44501224111006354,0.040808244552785755
2026-07-20,GOOGL,-0.001384676691189279,Ridge Regression,0.5158373143282612,0.0495285111362056
2026-07-20,JNJ,-0.031422584311135475,Ridge Regression,0.31398370704257267,0.164648096677658
2026-07-20,JPM,-0.023523525504355047,Ridge Regression,0.47601594787762613,-0.04247811289396175
2026-07-20,META,0.011922137400025247,Ridge Regression,0.6443088081334484,0.0797022837783552
2026-07-20,MSFT,-0.0031333954816695677,Ridge Regression,0.5140737130729688,-0.008702478004561032
2026-07-20,NVDA,-0.01598462208360238,Ridge Regression,0.4143977672450217,-0.20175016983983984
2026-07-20,TSLA,0.014538365923235123,Ridge Regression,0.5188030195285723,0.01799951071301975
2026-07-20,XOM,-0.015707290633794932,Ridge Regression,0.47579895994946864,0.025483663985105265
2026-07-21,AAPL,0.0053118992258902155,Ridge Regression,0.49197739092207954,0.07117390758193043
2026-07-21,AMZN,-0.010514861574560795,Ridge Regression,0.4438444741815963,0.022408897897169933
2026-07-21,GOOGL,0.0020371344768477513,Ridge Regression,0.5399173025947123,0.06649642617848595
2026-07-21,JNJ,-0.041316973240107316,Ridge Regression,0.2878085539933112,0.11881210351330451
2026-07-21,JPM,-0.024663785023014632,Ridge Regression,0.47513244807675775,0.00032931373099875927
2026-07-21,META,0.004076429911284484,Ridge Regression,0.6178628032527377,0.06949172380507096
2026-07-21,MSFT,-0.011584368739199,Ridge Regression,0.48382308483050557,-0.030066626365960136
2026-07-21,NVDA,-0.0210962630094508,Ridge Regression,0.4050976564049835,-0.1885473445341559
2026-07-21,TSLA,0.00995089039924274,Ridge Regression,0.5145568322193744,0.04167509731032237
2026-07-21,XOM,-0.025041416015056925,Ridge Regression,0.4503006494256273,0.008690677353673903
2026-07-22,AAPL,0.006710251719441972,Ridge Regression,0.49896535914213175,0.08157169105244222
2026-07-22,AMZN,-0.011667730220726057,Ridge Regression,0.44281315871966587,0.04729173298613332
2026-07-22,GOOGL,0.00020182455625036757,Ridge Regression,0.5319262265053146,0.05853278168503917
2026-07-22,JNJ,-0.03659138802591596,Ridge Regression,0.3105576978941589,0.11250670906430771
2026-07-22,JPM,-0.02176070709321285,Ridge Regression,0.485481761802779,0.01033150908326963
2026-07-22,META,-0.0009862954971115293,Ridge Regression,0.5989779474553307,0.06013501990903358
2026-07-22,MSFT,-0.01128183608465473,Ridge Regression,0.47643939038714633,-0.0106866271021816
2026-07-22,NVDA,-0.021655786976876236,Ridge Regression,0.4081967987283063,-0.17824567218392762
2026-07-22,TSLA,0.006098118633815321,Ridge Regression,0.49959176575560915,0.029510311187982197
2026-07-22,XOM,-0.017199545473106155,Ridge Regression,0.47867255129753233,0.07190650164189649
2026-07-23,AAPL,-0.0028299859635211467,Ridge Regression,0.4599668214158798,0.06667981243066712
2026-07-23,AMZN,-0.010643419893270493,Ridge Regression,0.44522776711785916,0.03824811787637694
2026-07-23,GOOGL,0.0024705185924190714,Ridge Regression,0.5356676700777018,0.014589650430691714
2026-07-23,JNJ,-0.040056145942202484,Ridge Regression,0.3023257652739125,0.13232289546500997
2026-07-23,JPM,-0.021758588443159442,Ridge Regression,0.4865175345456885,0.00820123741627743
2026-07-23,META,-6.340891563294841e-05,Ridge Regression,0.6022455330884893,0.03318132349859182
2026-07-23,MSFT,-0.011516109717945604,Ridge Regression,0.4756956873719081,-0.0369393996495706
2026-07-23,NVDA,-0.026060469277452716,Ridge Regression,0.39400614623230207,-0.18419671080445799
2026-07-23,TSLA,0.005518292673850863,Ridge Regression,0.5010878024280596,-0.0005077790402551186
2026-07-23,XOM,-0.01970886222853531,Ridge Regression,0.4645608313647083,0.054807166251566786
2026-07-24,AAPL,0.0013646938529821694,Ridge Regression,0.4663297741022249,0.03221744068348187
2026-07-24,AMZN,-0.010552271927482775,Ridge Regression,0.4444304102213009,-0.0021167363895346902
2026-07-24,GOOGL,0.001693287058006752,Ridge Regression,0.5248143249185996,0.013043481758654885
2026-07-24,JNJ,-0.03514158410092812,Ridge Regression,0.3170633497291128,0.08059286591935533
2026-07-24,JPM,-0.02800504313774365,Ridge Regression,0.45626023944335004,-0.022139651978202668
2026-07-24,META,0.0005689427172082245,Ridge Regression,0.605024775200451,0.020489158725740753
2026-07-24,MSFT,-0.012649551147257616,Ridge Regression,0.4733309072269546,0.031166619430238907
2026-07-24,NVDA,-0.017133189750962258,Ridge Regression,0.4347209063501893,-0.15996155962431124
2026-07-24,TSLA,0.0008475473430082283,Ridge Regression,0.4886418768467924,0.0007772807307062646
2026-07-24,XOM,-0.019114629727403423,Ridge Regression,0.47237316354693354,0.03265430472770969
