date,sector,avg_daily_return,return_dispersion,num_tickers,total_volume,sector_cum_return
2022-01-03,Consumer Discretionary,,,2,6995284.0,0.0
2022-01-04,Consumer Discretionary,-0.010008520614825434,0.010620927188464534,2,7022196.0,-0.010008520614825489
2022-01-05,Consumer Discretionary,-0.004564529470705014,0.005143076215304163,2,6524938.0,-0.014527365898226008
2022-01-06,Consumer Discretionary,0.02651958110896957,0.03241257449477235,2,8684042.0,0.011606955552505793
2022-01-07,Consumer Discretionary,-0.0060828078183687295,0.0033583619307900893,2,5656068.0,0.005453544854154835
2022-01-10,Consumer Discretionary,-0.015543621563748555,0.03099968640367803,2,6725752.0,-0.010174844546987583
2022-01-11,Consumer Discretionary,0.00696421151502985,0.013920657902463536,2,5220957.0,-0.003281492801515462
2022-01-12,Consumer Discretionary,-0.0015596607922675476,0.008861096337322363,2,6676739.0,-0.004836035578120401
2022-01-13,Consumer Discretionary,0.0023568864493137,0.010711106415230681,2,7581140.0,-0.002490547115529096
2022-01-14,Consumer Discretionary,-0.020918949372895734,0.005771744882060894,2,8067226.0,-0.0233573968594043
2022-01-17,Consumer Discretionary,-0.014391758453965842,0.016149804826900354,2,5007398.0,-0.03741300129965619
2022-01-18,Consumer Discretionary,-0.011180209306797362,0.02198472969202259,2,4948134.0,-0.048174925421128
2022-01-19,Consumer Discretionary,0.030130288289394014,0.0014255696339785442,2,8446218.0,-0.019496161522992717
2022-01-20,Consumer Discretionary,0.012011269601142738,0.011335200000397526,2,5728266.0,-0.007719065574090078
2022-01-21,Consumer Discretionary,-0.019617646294931457,0.0065647829232857915,2,4700754.0,-0.027185281970861674
2022-01-24,Consumer Discretionary,-0.016138173377751808,0.029027190578337216,2,4395211.0,-0.04288473455484465
2022-01-25,Consumer Discretionary,0.004772757369304492,0.007561503589920846,2,8973742.0,-0.03831665561841735
2022-01-26,Consumer Discretionary,0.0076202629428887,0.011526323837790693,2,6716731.0,-0.030988375666433088
2022-01-27,Consumer Discretionary,0.028134226562263054,0.023968090023045778,2,8194612.0,-0.003725983085965945
2022-01-28,Consumer Discretionary,-0.012264252809722431,0.057355361907139996,2,7720671.0,-0.01594453949715735
2022-01-31,Consumer Discretionary,0.011548562818772923,0.0020617684894909073,2,6801194.0,-0.004580113194383895
2022-02-01,Consumer Discretionary,-0.013846778393504733,0.00516948945672167,2,6481381.0,-0.01836347177546893
2022-02-02,Consumer Discretionary,-0.014914222688031553,0.014198258590047115,2,6365644.0,-0.03300381755611581
2022-02-03,Consumer Discretionary,0.0016920367325240493,0.006609502939645785,2,5380695.0,-0.031367624495210356
2022-02-04,Consumer Discretionary,0.0075596954372258995,0.00019619816989967175,2,4046865.0,-0.024045058745757464
2022-02-07,Consumer Discretionary,-0.021312508848558898,0.010667867597677676,2,11676596.0,-0.04484510706703326
2022-02-08,Consumer Discretionary,-0.006964083520945852,0.028133710209581664,2,6931702.0,-0.051496885516858604
2022-02-09,Consumer Discretionary,0.026383359024124253,0.017546095590926576,2,5912526.0,-0.02647218731194989
2022-02-10,Consumer Discretionary,0.001115039432006748,0.00013896898022135152,2,4716847.0,-0.025386665412647447
2022-02-11,Consumer Discretionary,-0.0031408717825566757,0.016886855818002675,2,8420971.0,-0.02844780093415633
2022-02-14,Consumer Discretionary,-0.01691415349939901,0.00022429814676821013,2,6606723.0,-0.0448807839618347
2022-02-15,Consumer Discretionary,0.023119195504633816,0.006313474724593747,2,5017500.0,-0.022799196076015882
2022-02-16,Consumer Discretionary,-0.0027338203308484577,0.03367887101107296,2,6187019.0,-0.025470687501104705
2022-02-17,Consumer Discretionary,0.010444517629333627,0.012582252481711943,2,7209220.0,-0.01529219891640754
2022-02-18,Consumer Discretionary,0.0009821729586524386,0.005019177405783191,2,5261748.0,-0.014325045542009196
2022-02-21,Consumer Discretionary,0.0023465505956722366,0.005200961402278364,2,8003659.0,-0.01201210939048647
2022-02-22,Consumer Discretionary,-0.013878205677572142,0.0228786132185751,2,10389622.0,-0.0257236085433159
2022-02-23,Consumer Discretionary,0.0046142993875677996,0.009690087292725722,2,5553802.0,-0.021228005586895637
2022-02-24,Consumer Discretionary,0.009579520836374922,0.002444880493048785,2,6510094.0,-0.01185183887235508
2022-02-25,Consumer Discretionary,-0.013299837891199762,0.014331623424668665,2,4973904.0,-0.024994049227839876
2022-02-28,Consumer Discretionary,-0.006849707918886838,0.02278300517304962,2,6270375.0,-0.03167255520980572
2022-03-01,Consumer Discretionary,0.000899309857299968,0.0015032125660302152,2,4030926.0,-0.03080172879361176
2022-03-02,Consumer Discretionary,0.002104307384610926,0.01866399881112748,2,8140406.0,-0.02876223771435993
2022-03-03,Consumer Discretionary,0.014674034341734865,0.0013146811128143061,2,4597880.0,-0.014510261436590732
2022-03-04,Consumer Discretionary,-0.0061745682479761865,0.04622446644276416,2,5440739.0,-0.020595235085030694
2022-03-07,Consumer Discretionary,0.01758705026590024,0.015604506484617916,2,7405052.0,-0.003370394253809028
2022-03-08,Consumer Discretionary,0.021780510819744192,0.010533830910465818,2,8897037.0,0.018336707657423235
2022-03-09,Consumer Discretionary,0.015055175893402994,0.01552234413429717,2,4947579.0,0.03366794590991473
2022-03-10,Consumer Discretionary,0.007256210100278659,9.212556650357834e-05,2,5731466.0,0.041168457699360506
2022-03-11,Consumer Discretionary,-0.008054929931703925,0.004322375264437157,2,6552959.0,0.032781918725492076
2022-03-14,Consumer Discretionary,0.002663857023688765,0.01925493335575662,2,5770011.0,0.03553310209362781
2022-03-15,Consumer Discretionary,0.01085743300138814,0.022455114815846357,2,6351096.0,0.04677633337032905
2022-03-16,Consumer Discretionary,0.015588355836184675,0.007811054253619684,2,4223001.0,0.06309385533580247
2022-03-17,Consumer Discretionary,-0.001285253913975437,0.0179897435982303,2,5404318.0,0.0617275097973089
2022-03-18,Consumer Discretionary,0.004707012951531753,0.012959849758717277,2,8434170.0,0.06672507493692237
2022-03-21,Consumer Discretionary,0.015812717553706113,0.031917577381161355,2,7663994.0,0.08359289725435604
2022-03-22,Consumer Discretionary,-0.0017853262826177385,0.0014978434108325876,2,5219341.0,0.08165833037522985
2022-03-23,Consumer Discretionary,-0.018896962415167362,0.0066172798266149494,2,4900731.0,0.061218273560076364
2022-03-24,Consumer Discretionary,-0.008881850701503102,0.020789603933573,2,5840823.0,0.05179269129260877
2022-03-25,Consumer Discretionary,-0.02060426141114924,0.049237699374449696,2,4665511.0,0.030121279730879635
2022-03-28,Consumer Discretionary,-0.005544943437243655,0.006868591030013186,2,6010961.0,0.02440931550127079
2022-03-29,Consumer Discretionary,0.008849437603456467,0.010110201099687096,2,5644711.0,0.03347476181919884
2022-03-30,Consumer Discretionary,0.020546656871620217,0.04197076134663623,2,6028303.0,0.05470921313577737
2022-03-31,Consumer Discretionary,0.0078025358101426745,0.010426486539590605,2,5903262.0,0.0629386195405568
2022-04-01,Consumer Discretionary,-0.000639656327437399,0.002551709867536286,2,7873085.0,0.06225870412689005
2022-04-04,Consumer Discretionary,-0.014476601791622634,0.002548809590633575,2,5762514.0,0.04688080786755999
2022-04-05,Consumer Discretionary,0.013930498951383707,0.029272161643540517,2,8340845.0,0.061464379863782836
2022-04-06,Consumer Discretionary,-0.018414142494958874,0.0035876464252015436,2,8382764.0,0.04191842351964792
2022-04-07,Consumer Discretionary,0.03834764501098431,0.003574884289908525,2,12051217.0,0.08187354135518388
2022-04-08,Consumer Discretionary,-0.007876794563329126,0.009243241652556364,2,7182562.0,0.07335184572642772
2022-04-11,Consumer Discretionary,0.015488513369805612,0.005132409244548286,2,9403402.0,0.08997647013946719
2022-04-12,Consumer Discretionary,-0.00498884827231777,0.005939610964648272,2,7997230.0,0.084538742909545
2022-04-13,Consumer Discretionary,-0.01461873344246728,0.005298504099616087,2,7423344.0,0.06868416011892187
2022-04-14,Consumer Discretionary,0.008341094046763087,0.017156783903958635,2,4746027.0,0.07759815520475977
2022-04-15,Consumer Discretionary,0.023413793242356373,0.0048338101964342985,2,8546143.0,0.10282881560906865
2022-04-18,Consumer Discretionary,-0.006129540989593674,0.003919825488096238,2,6736680.0,0.09606898117928786
2022-04-19,Consumer Discretionary,-0.007637058654897444,0.010601567026907061,2,9706051.0,0.08769823808020782
2022-04-20,Consumer Discretionary,-0.002369775552934106,0.007800746182067728,2,7909672.0,0.08512063738663578
2022-04-21,Consumer Discretionary,0.007038244717929798,0.0031522184784979475,2,7976993.0,0.0927579819810389
2022-04-22,Consumer Discretionary,0.004080175827672505,0.036155807508319156,2,6125885.0,0.09721662668461417
2022-04-25,Consumer Discretionary,-0.023342635778570042,0.04245694211982581,2,7278164.0,0.07160469859772411
2022-04-26,Consumer Discretionary,-0.012550249040590322,0.034507251187284455,2,4057390.0,0.05815579275725602
2022-04-27,Consumer Discretionary,0.004562508117461506,0.012203004834620378,2,6907313.0,0.06298363715124977
2022-04-28,Consumer Discretionary,-0.020579049107960767,0.0005836159714385577,2,8709946.0,0.04110844468135544
2022-04-29,Consumer Discretionary,-0.009394982477077096,0.010453712562271426,2,8795192.0,0.03132724908683704
2022-05-02,Consumer Discretionary,-0.014406044691340436,0.006404780633264038,2,5284860.0,0.016469902645094958
2022-05-03,Consumer Discretionary,-0.018550578047423827,0.006798509808518167,2,4045657.0,-0.002386201616780159
2022-05-04,Consumer Discretionary,0.0009762061811534051,0.019194377708524835,2,5409723.0,-0.0014123248603945537
2022-05-05,Consumer Discretionary,0.012585814913101623,0.009958578394157995,2,6549999.0,0.011155714793416927
2022-05-06,Consumer Discretionary,0.003412895974706842,0.0022913084342992425,2,7008270.0,0.014606684062237196
2022-05-09,Consumer Discretionary,-0.007135118174612265,0.054704210467494935,2,3929997.0,0.007367345470701725
2022-05-10,Consumer Discretionary,0.019699218986490075,0.024463888414910408,2,5958815.0,0.027211695408968062
2022-05-11,Consumer Discretionary,-0.026649542251828973,0.015687982604842523,2,5127477.0,-0.00016302606940610254
2022-05-12,Consumer Discretionary,0.008230418515770666,0.04059089951183213,2,10098716.0,0.008066050673584346
2022-05-13,Consumer Discretionary,-0.01140341313728832,0.01985651412380675,2,3362801.0,-0.003429342971921212
2022-05-16,Consumer Discretionary,-0.004465574497712899,0.013622037653286274,2,7930012.0,-0.007879603483114783
2022-05-17,Consumer Discretionary,-0.025106856301420066,0.019465099618375146,2,5854632.0,-0.03278862771217217
2022-05-18,Consumer Discretionary,-0.004348590130836438,0.015806312068010097,2,3540174.0,-0.03699463354013577
2022-05-19,Consumer Discretionary,-0.015512765741451329,0.00527706301616318,2,9971823.0,-0.051933510197788135
2022-05-20,Consumer Discretionary,-0.010639814747993914,0.011456491077724059,2,8886342.0,-0.0620207620180645
2022-05-23,Consumer Discretionary,-0.012356379156799158,0.016575568426235955,2,9015218.0,-0.07361078912377483
2022-05-24,Consumer Discretionary,-0.0036619062035470606,0.025297483670255857,2,6987174.0,-0.07700313952198146
2022-05-25,Consumer Discretionary,0.009152037810347902,0.005515606132853972,2,6241930.0,-0.06855583735605408
2022-05-26,Consumer Discretionary,0.01886422083758632,0.01951087596203423,2,6361910.0,-0.05098486897405807
2022-05-27,Consumer Discretionary,-0.0068456435418543515,0.007063869769355831,2,7036673.0,-0.057481488276887927
2022-05-30,Consumer Discretionary,-0.004580864499248327,0.012524017130149013,2,5225791.0,-0.061799037867124706
2022-05-31,Consumer Discretionary,-0.004431190161698351,0.025687669144906746,2,5377440.0,-0.0659563847402238
2022-06-01,Consumer Discretionary,0.010570827121759163,0.022858929567364076,2,7476781.0,-0.05608277115912985
2022-06-02,Consumer Discretionary,-0.008731934947371844,0.00019195226489655283,2,6791753.0,-0.06432499499707178
2022-06-03,Consumer Discretionary,-0.0017696352363705814,0.014737336786397486,2,7791429.0,-0.06598079845571614
2022-06-06,Consumer Discretionary,0.014064072481482004,0.006267895247936452,2,9526144.0,-0.052844684706101375
2022-06-07,Consumer Discretionary,-0.0024830049063465642,0.029015021910284433,2,8213698.0,-0.05519647600104838
2022-06-08,Consumer Discretionary,-0.01987628809095937,0.007405752959693174,2,4944641.0,-0.07397566303340508
2022-06-09,Consumer Discretionary,0.0027846763868695223,0.021751879276194302,2,6161803.0,-0.0713969849285877
2022-06-10,Consumer Discretionary,0.003051812190865699,0.004894456026030751,2,7254085.0,-0.06856306292671799
2022-06-13,Consumer Discretionary,-0.011310572211758352,0.008349145785551298,2,8676532.0,-0.07909814766418433
2022-06-14,Consumer Discretionary,-0.006139575471010128,0.00863700055964115,2,7414046.0,-0.084752094087993
2022-06-15,Consumer Discretionary,-0.024662044610151812,0.02130129406154971,2,6880908.0,-0.10732397877294286
2022-06-16,Consumer Discretionary,0.022029374148449965,0.013277981440289343,2,5086778.0,-0.08765888470798244
2022-06-17,Consumer Discretionary,0.017458778202872227,0.01641256324694797,2,8789043.0,-0.07173052353073794
2022-06-20,Consumer Discretionary,-0.007156885117279299,0.015053191472950644,2,6670512.0,-0.07837404153170546
2022-06-21,Consumer Discretionary,0.0024505192400198217,0.009540982004531712,2,6607586.0,-0.0761155793883771
2022-06-22,Consumer Discretionary,0.02007409350680145,0.03377296095094392,2,4954277.0,-0.05756943713954221
2022-06-23,Consumer Discretionary,0.013042860118261501,0.014968375926769218,2,10765081.0,-0.04527744713697879
2022-06-24,Consumer Discretionary,-0.008515954896693878,0.00559252276514999,2,6892858.0,-0.053407821336016736
2022-06-27,Consumer Discretionary,-0.005104366445107422,0.0008568025598483504,2,5689286.0,-0.0582395746899903
2022-06-28,Consumer Discretionary,-0.009855872779184038,0.009072368404408589,2,6707864.0,-0.06752144563031592
2022-06-29,Consumer Discretionary,-0.009237431150483977,0.01727138762079958,2,6111683.0,-0.07613515207560861
2022-06-30,Consumer Discretionary,0.0050731452489530815,0.024310614293399493,2,5271750.0,-0.0714482515116861
2022-07-01,Consumer Discretionary,-0.012472059232002453,0.029226980557820987,2,7317058.0,-0.08302920391881174
2022-07-04,Consumer Discretionary,0.01310828611979531,0.018581671746190263,2,4053706.0,-0.07100928836028308
2022-07-05,Consumer Discretionary,-0.011982415671400903,0.015620716713407605,2,6226575.0,-0.0821408412220207
2022-07-06,Consumer Discretionary,-0.010158676426001323,0.013526416918001914,2,4752986.0,-0.09146507542068794
2022-07-07,Consumer Discretionary,0.002683586336335697,0.015436760663124948,2,3981782.0,-0.08902694351100315
2022-07-08,Consumer Discretionary,-0.007228341748624356,0.0002509985310580052,2,7097244.0,-0.09561176808709448
2022-07-11,Consumer Discretionary,0.024672244653318298,0.015994498443618613,2,4812080.0,-0.07329848036775732
2022-07-12,Consumer Discretionary,0.02908159813724931,0.015355914742265775,2,7534342.0,-0.04634851918063432
2022-07-13,Consumer Discretionary,0.007253719207819254,0.014067427138822832,2,6333984.0,-0.0394309991166496
2022-07-14,Consumer Discretionary,-0.022254788398332892,0.02534421217823654,2,6651557.0,-0.06080825897330655
2022-07-15,Consumer Discretionary,-0.0036127424826828958,0.0015726246070072167,2,5095467.0,-0.06420131687549857
2022-07-18,Consumer Discretionary,-0.014973472791545539,0.014869769503316472,2,6544878.0,-0.07821347299562753
2022-07-19,Consumer Discretionary,0.011331031188351215,0.004204758501831676,2,5224599.0,-0.06776868110913903
2022-07-20,Consumer Discretionary,-0.015147350019405259,0.03432662290252652,2,8636877.0,-0.08188951519543075
2022-07-21,Consumer Discretionary,0.01505021820911645,0.011650481250944622,2,5604322.0,-0.06807175205904414
2022-07-22,Consumer Discretionary,-0.005720725731422072,0.0033104286746281192,2,6718688.0,-0.07340305796687896
2022-07-25,Consumer Discretionary,0.00709923280564112,0.013079907180984705,2,7745898.0,-0.06682493055839067
2022-07-26,Consumer Discretionary,-0.00329517254410977,0.009476850533762451,2,5714984.0,-0.06989990342606234
2022-07-27,Consumer Discretionary,0.016958026175528995,0.0009774492579354731,2,3994178.0,-0.05412724164249938
2022-07-28,Consumer Discretionary,-0.027799967799186198,0.002803243706576044,2,5026063.0,-0.08042247386696533
2022-07-29,Consumer Discretionary,0.007093270813550823,0.009046783528100798,2,8110492.0,-0.07389966144004845
2022-08-01,Consumer Discretionary,-0.009512697688344784,0.013468815818347463,2,6362658.0,-0.08270937398984313
2022-08-02,Consumer Discretionary,-0.013938085273682899,0.006430139628890297,2,6743845.0,-0.09549464895592263
2022-08-03,Consumer Discretionary,0.008907933671405355,0.06458996712023628,2,7931566.0,-0.0874373752833908
2022-08-04,Consumer Discretionary,-0.010323918834672263,0.011693827834072282,2,10126222.0,-0.09685859775252048
2022-08-05,Consumer Discretionary,0.00954083793275351,0.023516567504887977,2,3824365.0,-0.08824187200331757
2022-08-08,Consumer Discretionary,0.0038744659497862433,0.03724888926694385,2,6566619.0,-0.08470929618195355
2022-08-09,Consumer Discretionary,0.0004640460953808656,0.008830172284900774,2,6068330.0,-0.08428455910470833
2022-08-10,Consumer Discretionary,0.01634194840473696,0.026856651551190148,2,6601766.0,-0.06931998461617661
2022-08-11,Consumer Discretionary,-0.007347192370305455,0.009840783266902813,2,7831354.0,-0.07615786972440042
2022-08-12,Consumer Discretionary,0.024567571414221723,0.010191763876235584,2,8214554.0,-0.0534613122133879
2022-08-15,Consumer Discretionary,0.007856299621991636,0.02194762077158377,2,5733280.0,-0.04602502067832959
2022-08-16,Consumer Discretionary,-0.01366482737127478,0.0068912068166138585,2,4138752.0,-0.05906092408727559
2022-08-17,Consumer Discretionary,0.002466109786859072,0.02002613029871652,2,12659737.0,-0.05674046502332919
2022-08-18,Consumer Discretionary,-0.022783203706686905,0.01916528282398961,2,7027374.0,-0.07823093915697743
2022-08-19,Consumer Discretionary,-0.00043143496986353114,0.033572432526756325,2,6879558.0,-0.07862862256396341
2022-08-22,Consumer Discretionary,-0.012513814717614702,0.0020626440093754537,2,9234338.0,-0.0901584932673114
2022-08-23,Consumer Discretionary,-0.019302355989580522,0.007636552065210802,2,5628519.0,-0.10772057792436207
2022-08-24,Consumer Discretionary,-0.0007688955284728127,0.028111372691576087,2,9041525.0,-0.10840664758214436
2022-08-25,Consumer Discretionary,-0.010199101615940176,0.009806836052105096,2,6306889.0,-0.11750009878355083
2022-08-26,Consumer Discretionary,0.028911276569431044,0.0040791220453240675,2,10486612.0,-0.09198590006698648
2022-08-29,Consumer Discretionary,0.020415414892309913,0.024416105473452767,2,7367962.0,-0.07344841548878667
2022-08-30,Consumer Discretionary,-0.018460070869980527,0.015209084007224236,2,5571749.0,-0.09055262340355641
2022-08-31,Consumer Discretionary,-0.007804411097813935,0.002638545937194231,2,11314338.0,-0.09765032460234346
2022-09-01,Consumer Discretionary,0.008618438245108218,0.03771812598985346,2,7766718.0,-0.08987347964943526
2022-09-02,Consumer Discretionary,0.00926612050920006,0.01233048978762218,2,5054778.0,-0.08144013763324787
2022-09-05,Consumer Discretionary,-0.0021161771391005613,0.01074608580222938,2,5070266.0,-0.08338397301488365
2022-09-06,Consumer Discretionary,0.0031970481217296065,0.020028299276623873,2,7883662.0,-0.0804535074674636
2022-09-07,Consumer Discretionary,0.006843383645669721,0.007317184626424527,2,9183076.0,-0.07416069803903336
2022-09-08,Consumer Discretionary,-0.0137452177638539,0.007941702385195842,2,7009512.0,-0.0868865608588214
2022-09-09,Consumer Discretionary,0.014791424506243267,0.020287146014420585,2,6752037.0,-0.07338031235812847
2022-09-12,Consumer Discretionary,-0.012801134980643114,0.03241717436457806,2,10187915.0,-0.08524209605535349
2022-09-13,Consumer Discretionary,0.005992446879433622,0.008934759978652729,2,7295128.0,-0.07976045790842312
2022-09-14,Consumer Discretionary,-0.020265997067774044,0.03800393807794343,2,5641045.0,-0.09841002977010083
2022-09-15,Consumer Discretionary,0.004229218837547788,0.0071316072254983265,2,5168189.0,-0.09459700848426045
2022-09-16,Consumer Discretionary,0.008952099944402825,0.04036140847166879,2,7166294.0,-0.08649175041425028
2022-09-19,Consumer Discretionary,0.00480918012680609,0.027144669344277395,2,7310809.0,-0.08209852469466894
2022-09-20,Consumer Discretionary,-0.013628849932313503,0.02673359777949737,2,7926077.0,-0.09460846615425444
2022-09-21,Consumer Discretionary,0.010034176156203112,0.021555416642261502,2,7093573.0,-0.08552360801331138
2022-09-22,Consumer Discretionary,-0.009426574675371613,0.016410491287589497,2,7255596.0,-0.09414398801123836
2022-09-23,Consumer Discretionary,0.010037626694677448,0.029450437142085534,2,7112028.0,-0.08505134352376575
2022-09-26,Consumer Discretionary,0.012208179941494257,0.010577805166782368,2,9024050.0,-0.07388148568827535
2022-09-27,Consumer Discretionary,-0.0051936999403370265,0.011468413774529073,2,7101264.0,-0.07869146736080113
2022-09-28,Consumer Discretionary,0.0024452567331370023,0.0020652157585284176,2,6660824.0,-0.07643863146806851
2022-09-29,Consumer Discretionary,-0.01491492144298373,0.044071009085612296,2,6120593.0,-0.09021347672749691
2022-09-30,Consumer Discretionary,-0.0102662607851009,0.012286153657761026,2,6826532.0,-0.09955358243418277
2022-10-03,Consumer Discretionary,-0.008622571397233714,0.013644650296982317,2,6278100.0,-0.10731774595902732
2022-10-04,Consumer Discretionary,0.006351283520886153,0.012858118401236776,2,9064820.0,-0.10164806786954939
2022-10-05,Consumer Discretionary,-0.005846775236791946,0.04011322923830882,2,6934152.0,-0.10690052970025388
2022-10-06,Consumer Discretionary,0.015833439979001662,0.031463350847535945,2,4688351.0,-0.09275969284198471
2022-10-07,Consumer Discretionary,-0.0027972213431499693,0.029928523400608142,2,4450517.0,-0.09529744479253299
2022-10-10,Consumer Discretionary,0.003752385848177553,0.04134578102205449,2,6321401.0,-0.0919026517275624
2022-10-11,Consumer Discretionary,-0.0012574049881475813,0.008085057243007966,2,7782769.0,-0.09304449786300373
2022-10-12,Consumer Discretionary,0.0011506755782719758,0.0005672601543908074,2,5044004.0,-0.09200088631611525
2022-10-13,Consumer Discretionary,0.03257876909995683,0.0023449393213506803,2,8385342.0,-0.062419392848442556
2022-10-14,Consumer Discretionary,-0.00577584912572493,0.0029019317924508813,2,5513520.0,-0.06783471697855548
2022-10-17,Consumer Discretionary,-0.003905395013372781,0.001731594499843159,2,6299898.0,-0.07147519062650665
2022-10-18,Consumer Discretionary,0.0015666248820990214,0.019858580296689403,2,7641060.0,-0.07002054055649598
2022-10-19,Consumer Discretionary,-0.0110788746436567,0.01721902855301002,2,4685110.0,-0.08032366640884625
2022-10-20,Consumer Discretionary,0.0014995572244025368,0.007153904901820472,2,6908074.0,-0.07894455911869758
2022-10-21,Consumer Discretionary,-0.010550834503505246,0.003970762411103466,2,9752950.0,-0.08866246264398925
2022-10-24,Consumer Discretionary,0.01358156580148101,0.022175064034746846,2,6267936.0,-0.07628507191302891
2022-10-25,Consumer Discretionary,0.00046599439617206473,0.021249987404541006,2,5996323.0,-0.07585462593287995
2022-10-26,Consumer Discretionary,0.010264604467112637,2.1243713434710322e-05,2,6675085.0,-0.06636863919796909
2022-10-27,Consumer Discretionary,-0.0060458072130911145,0.009781767636173923,2,5992153.0,-0.07201319441347409
2022-10-28,Consumer Discretionary,0.013976607311736666,0.015789341006794456,2,7121500.0,-0.05904308724131835
2022-10-31,Consumer Discretionary,0.0056210762663836955,0.03013655384438268,2,6933051.0,-0.0537538966713208
2022-11-01,Consumer Discretionary,-0.0013388992561877422,0.018521661685760197,2,4580875.0,-0.05502082487523818
2022-11-02,Consumer Discretionary,0.02579024690917542,0.032282998173779845,2,7688347.0,-0.030649578624741602
2022-11-03,Consumer Discretionary,-0.015734567618743978,0.017917335195164055,2,4768363.0,-0.04590188837612852
2022-11-04,Consumer Discretionary,-0.009181077828940731,0.011928750754031438,2,6885658.0,-0.0546615373953927
2022-11-07,Consumer Discretionary,0.0066097922564472,0.04990206103223099,2,8988688.0,-0.04841304654554701
2022-11-08,Consumer Discretionary,0.011588811628898188,0.01968928634785559,2,6718246.0,-0.037385284593446144
2022-11-09,Consumer Discretionary,-0.005406616248402163,0.011332500616748361,2,4492503.0,-0.04258977295471422
2022-11-10,Consumer Discretionary,0.006186839994766602,0.017636015504285577,2,7130312.0,-0.03666642907063178
2022-11-11,Consumer Discretionary,0.011315753371541726,0.031127081029905756,2,6831451.0,-0.02576558396746842
2022-11-14,Consumer Discretionary,-0.021300676229932147,0.014895504364184778,2,6308511.0,-0.04651743583543444
2022-11-15,Consumer Discretionary,0.023498986237953212,0.002134043949186063,2,11718357.0,-0.024111562182003055
2022-11-16,Consumer Discretionary,-0.005517912150218629,0.03337803005407871,2,5686160.0,-0.029496428850296907
2022-11-17,Consumer Discretionary,-0.013404571588658099,0.024746792765572387,2,7533088.0,-0.042505613446821466
2022-11-18,Consumer Discretionary,-0.0036975512254286413,0.024939598501671403,2,9272572.0,-0.04604599798916231
2022-11-21,Consumer Discretionary,-0.003486039401011831,0.001808233897505233,2,6805924.0,-0.049371519226925065
2022-11-22,Consumer Discretionary,-0.006837274743314636,0.009990776282185912,2,5598116.0,-0.05587122732879035
2022-11-23,Consumer Discretionary,-0.013247915549923217,0.0025970947854708376,2,5510745.0,-0.0683789655773912
2022-11-24,Consumer Discretionary,-0.0008353616135859943,0.024492774679812864,2,4507577.0,-0.06915720602795716
2022-11-25,Consumer Discretionary,-0.014893677830923713,0.00412358838293335,2,6346115.0,-0.08302087871261365
2022-11-28,Consumer Discretionary,0.004288751432973803,0.031887576115974925,2,6437894.0,-0.07908818319218525
2022-11-29,Consumer Discretionary,-0.00011298042283519605,0.007265851495292016,2,6490319.0,-0.07919222819864213
2022-11-30,Consumer Discretionary,-0.005798259439016573,0.009248961848835531,2,9866975.0,-0.08453131055300922
2022-12-01,Consumer Discretionary,-0.019453981376826024,0.04716151678471235,2,6907563.0,-0.10234082138857825
2022-12-02,Consumer Discretionary,0.00019977515227648235,0.000851015388506972,2,4257322.0,-0.10216149138947883
2022-12-05,Consumer Discretionary,0.0051768115852497965,0.014295080712508236,2,9275664.0,-0.09751355059642053
2022-12-06,Consumer Discretionary,-0.0026882353954319482,0.0035775005921933503,2,4840373.0,-0.09993964661360488
2022-12-07,Consumer Discretionary,-0.004248663337549252,0.029061735291649106,2,8197548.0,-0.10376370003861923
2022-12-08,Consumer Discretionary,0.0018820816858888811,0.018830889350154614,2,7271384.0,-0.10207691011223308
2022-12-09,Consumer Discretionary,-0.01444976007764004,0.017786576234014546,2,6609977.0,-0.11505168332928462
2022-12-12,Consumer Discretionary,-0.0027514829594090795,0.004682616089629993,2,8170684.0,-0.1174866035425618
2022-12-13,Consumer Discretionary,0.007843005860718844,0.011224963364745051,2,6506284.0,-0.11056504580198323
2022-12-14,Consumer Discretionary,0.01022870248723573,0.016449066963868483,2,6525923.0,-0.10146728027374363
2022-12-15,Consumer Discretionary,0.022227787061568915,0.014659971687687887,2,4738018.0,-0.08149488631181612
2022-12-16,Consumer Discretionary,0.001341692960779295,0.005309400287865958,2,4031565.0,-0.0802625344663409
2022-12-19,Consumer Discretionary,0.007519645708418066,0.016090905515969308,2,13863334.0,-0.07334643458076939
2022-12-20,Consumer Discretionary,-0.01270984375549511,0.014197288868726649,2,7963916.0,-0.08512405661272027
2022-12-21,Consumer Discretionary,0.00438225619992999,0.03883978232311343,2,9231578.0,-0.08111483583764456
2022-12-22,Consumer Discretionary,-0.03943472603011822,0.03017961851990065,2,14315136.0,-0.11735082053952728
2022-12-23,Consumer Discretionary,0.009866475857715162,0.02679193783356411,2,6282245.0,-0.10864218371954848
2022-12-26,Consumer Discretionary,0.002089969409753867,0.026195365154172152,2,6338252.0,-0.10677927315037739
2022-12-27,Consumer Discretionary,0.0038542690750963393,0.005753172498802446,2,3990886.0,-0.10333656012564574
2022-12-28,Consumer Discretionary,0.01048277781938145,0.02650391562032266,2,6076360.0,-0.09393703650668062
2022-12-29,Consumer Discretionary,0.01687787949244901,0.007567535951127418,2,5813947.0,-0.07864461499626907
2022-12-30,Consumer Discretionary,0.017890282678777902,0.014315590109409188,2,5571071.0,-0.06216130671093811
2023-01-02,Consumer Discretionary,0.02017951881718827,0.0036251704388574452,2,8690588.0,-0.04323617315222428
2023-01-03,Consumer Discretionary,-0.021995491266080303,0.010143797508100068,2,8195278.0,-0.06428066354935602
2023-01-04,Consumer Discretionary,-0.017312320635074707,0.012537096465251182,2,8756640.0,-0.08048013672642895
2023-01-05,Consumer Discretionary,0.019221648388281998,0.019048285803645766,2,4494966.0,-0.06280544922854314
2023-01-06,Consumer Discretionary,0.000536987631578334,0.005848672217013759,2,6160496.0,-0.062302187346396254
2023-01-09,Consumer Discretionary,-0.00514379949515964,0.00106344489807224,2,7418150.0,-0.06712551688173618
2023-01-10,Consumer Discretionary,0.019103028537373445,0.008383760322505365,2,10852640.0,-0.04930478900894053
2023-01-11,Consumer Discretionary,0.020812494841000007,0.003520792871367187,2,6818311.0,-0.029518449834825655
2023-01-12,Consumer Discretionary,-0.013911318981626286,0.005807366741585943,2,6186542.0,-0.04301912824495646
2023-01-13,Consumer Discretionary,0.006724732553712087,0.003448875001119739,2,8808855.0,-0.0365836878233855
2023-01-16,Consumer Discretionary,-0.006983184767208661,0.03375390484193541,2,6689077.0,-0.04331140193905758
2023-01-17,Consumer Discretionary,-0.025813173188254324,0.00780256320356371,2,7994283.0,-0.06800657040803282
2023-01-18,Consumer Discretionary,-0.00843268092732774,0.012768915823613286,2,7261507.0,-0.07586577362614777
2023-01-19,Consumer Discretionary,-0.010096400368208192,0.013267860036156513,2,5267704.0,-0.08519620276958262
2023-01-20,Consumer Discretionary,-0.0149139584293147,0.003158888688252213,2,6142839.0,-0.09883954857245636
2023-01-23,Consumer Discretionary,-0.00015865527699915338,0.013431459893731823,2,6503396.0,-0.09898252243349837
2023-01-24,Consumer Discretionary,0.004456433157616679,0.006251573810350002,2,5383394.0,-0.09496719827087885
2023-01-25,Consumer Discretionary,0.008597753999023239,0.019740616965325263,2,4947796.0,-0.08718594888056519
2023-01-26,Consumer Discretionary,2.2709515656915702e-05,0.015837653211455135,2,7483281.0,-0.08716521931557952
2023-01-27,Consumer Discretionary,-0.009535848008296877,0.015316956661791982,2,7940738.0,-0.09586987304087313
2023-01-30,Consumer Discretionary,-0.0008792592279411315,0.027123589174513556,2,5882897.0,-0.09666483779826163
2023-01-31,Consumer Discretionary,-0.004414759646946487,0.017579939295553255,2,4955175.0,-0.10065284542001773
2023-02-01,Consumer Discretionary,0.01454001866307486,0.00847638700351611,2,7326789.0,-0.08757632100784152
2023-02-02,Consumer Discretionary,-0.0052546723516790905,0.0059678183068740355,2,10210389.0,-0.09237080848685897
2023-02-03,Consumer Discretionary,0.011754771177039214,0.021197531644194897,2,9635284.0,-0.081701835027021
2023-02-06,Consumer Discretionary,0.01097558447051128,0.005580237095899646,2,8544930.0,-0.07162297594824452
2023-02-07,Consumer Discretionary,-0.024616537783935966,0.015764773292432133,2,6477424.0,-0.09447640403855262
2023-02-08,Consumer Discretionary,0.0012925604588021056,0.01223013611220514,2,6966280.0,-0.09330596004390057
2023-02-09,Consumer Discretionary,0.060586320373791525,0.006993501913922454,2,6718976.0,-0.03837270445811303
2023-02-10,Consumer Discretionary,-0.013305475410908041,0.01625803221112703,2,5376118.0,-0.05116761279340365
2023-02-13,Consumer Discretionary,-0.007879697987488887,0.008674301210654285,2,6665234.0,-0.0586441254453397
2023-02-14,Consumer Discretionary,0.0002932361624637392,0.018853739150262734,2,4856547.0,-0.0583680858611727
2023-02-15,Consumer Discretionary,0.00346153642904401,0.03709329609139892,2,5527438.0,-0.055108592687630686
2023-02-16,Consumer Discretionary,-0.001462615303531034,0.027166340665808964,2,6104621.0,-0.05649060532014083
2023-02-17,Consumer Discretionary,-0.019927102559300136,0.025600038180978616,2,5810130.0,-0.07529201379358963
2023-02-20,Consumer Discretionary,0.010128911831225551,0.0004034023709148363,2,6108149.0,-0.06592572813167474
2023-02-21,Consumer Discretionary,0.007386828122747935,0.0548889846960111,2,4046266.0,-0.059025882031502386
2023-02-22,Consumer Discretionary,0.0009045260782695186,0.014936302929125286,2,4982969.0,-0.05817474640282316
2023-02-23,Consumer Discretionary,-0.017942219836825257,0.0031853985700761173,2,9763928.0,-0.07507318215073744
2023-02-24,Consumer Discretionary,-0.008800082475076021,0.020078521832655852,2,6831090.0,-0.08321261443122052
2023-02-27,Consumer Discretionary,-0.001121745022185483,0.03015003452928407,2,7584398.0,-0.08424101611738466
2023-02-28,Consumer Discretionary,0.0037139674045920112,0.026342073559880604,2,6801831.0,-0.08083991710078231
2023-03-01,Consumer Discretionary,-0.021814032776634795,0.007297176690776712,2,6252651.0,-0.1008905052761202
2023-03-02,Consumer Discretionary,0.009795427584132321,0.011449913308028812,2,5163442.0,-0.09208334333034662
2023-03-03,Consumer Discretionary,0.005192483606284548,0.028423976367199184,2,6069529.0,-0.08736900097471689
2023-03-06,Consumer Discretionary,-0.0021394874588788193,0.01021056976510279,2,10889109.0,-0.0893215635517155
2023-03-07,Consumer Discretionary,0.004217782763223377,0.032012993741402235,2,6338801.0,-0.08548051973962478
2023-03-08,Consumer Discretionary,-0.0014876743045182939,0.005242877213574275,2,9817334.0,-0.0868410268713895
2023-03-09,Consumer Discretionary,-0.011153212076666308,0.0022153968961521097,2,5939436.0,-0.09702568255840371
2023-03-10,Consumer Discretionary,-0.010335424490566236,0.013706842429855908,2,5362899.0,-0.10635830543324187
2023-03-13,Consumer Discretionary,-0.009177016626166212,0.03364957127589245,2,6691031.0,-0.11455927012211631
2023-03-14,Consumer Discretionary,-0.01103925941561923,0.015383611257724259,2,5641664.0,-0.12433388003639345
2023-03-15,Consumer Discretionary,0.0013211870090968914,0.0014847688832891523,2,4824658.0,-0.12317696133439116
2023-03-16,Consumer Discretionary,0.003975741154857049,0.01960802536210624,2,7689685.0,-0.11969093989404145
2023-03-17,Consumer Discretionary,0.001995914635380902,0.016409227529237572,2,4500041.0,-0.11793391815731746
2023-03-20,Consumer Discretionary,0.01802160273457798,0.01461784012090165,2,6703103.0,-0.10203767364470295
2023-03-21,Consumer Discretionary,-0.02435935757578145,0.016903173888063373,2,7237979.0,-0.1239114590419722
2023-03-22,Consumer Discretionary,-0.01952261099400482,0.022144354133204404,2,7951277.0,-0.14101499482340096
2023-03-23,Consumer Discretionary,-0.012564645814197528,0.008900074449933602,2,5287883.0,-0.1518078371731515
2023-03-24,Consumer Discretionary,0.018862521924159603,0.0011797954191108179,2,8668461.0,-0.1358087939059297
2023-03-27,Consumer Discretionary,0.030675596396391724,0.010000044510690736,2,7729162.0,-0.10929921325847691
2023-03-28,Consumer Discretionary,-0.007729162975777026,0.03292845480101918,2,6758523.0,-0.11618358480185487
2023-03-29,Consumer Discretionary,-0.004226858170525205,0.00221210267305717,2,10325362.0,-0.1199193514376794
2023-03-30,Consumer Discretionary,0.026230994636163407,0.004696128754121513,2,7412302.0,-0.09683396066584993
2023-03-31,Consumer Discretionary,-0.019734023310605753,0.008017402404420023,2,6261124.0,-0.11465706033941758
2023-04-03,Consumer Discretionary,0.002007182685976827,0.011972033687340436,2,9443417.0,-0.11288001531977898
2023-04-04,Consumer Discretionary,-0.002926463202593599,0.035447548236549255,2,6968500.0,-0.11547613931123102
2023-04-05,Consumer Discretionary,-0.0023871153157629665,0.005879216131413397,2,10930608.0,-0.117587599766239
2023-04-06,Consumer Discretionary,-0.0033304433682758705,0.019106831446149972,2,4116181.0,-0.12052642429268201
2023-04-07,Consumer Discretionary,0.03137808018062915,0.0005252782382271467,2,6297224.0,-0.09293023191739314
2023-04-10,Consumer Discretionary,0.031085806174632857,0.005663543709559696,2,6528981.0,-0.06473323691990807
2023-04-11,Consumer Discretionary,0.00043786959344588317,0.0016483462870087145,2,4006492.0,-0.06432371204259468
2023-04-12,Consumer Discretionary,0.00027186210605811834,0.013266214903874623,2,6792432.0,-0.06406933711636187
2023-04-13,Consumer Discretionary,-0.013860325628192727,0.003046451872770151,2,5656343.0,-0.0770416408693394
2023-04-14,Consumer Discretionary,-0.01622826361480889,0.04809842042174127,2,3947648.0,-0.09201965242680321
2023-04-17,Consumer Discretionary,-0.019462880167441354,0.006506846783644038,2,5374333.0,-0.10969156512601208
2023-04-18,Consumer Discretionary,0.005566156308009218,0.013703438272830926,2,9661692.0,-0.10473596921516448
2023-04-19,Consumer Discretionary,0.005642187845236291,0.0048596060751739415,2,7780104.0,-0.09968472138239315
2023-04-20,Consumer Discretionary,-0.008030815774330957,0.0007843035036032339,2,5046374.0,-0.10691498752378659
2023-04-21,Consumer Discretionary,0.010224515479597351,0.006876951168801145,2,5678333.0,-0.09778362598912727
2023-04-24,Consumer Discretionary,0.018510220349348017,0.038971255461690495,2,7825473.0,-0.08108340210339615
2023-04-25,Consumer Discretionary,-0.012106063101146869,0.014588959435251701,2,3883117.0,-0.09220786442222373
2023-04-26,Consumer Discretionary,0.003853988228192995,0.015888758634153788,2,7333775.0,-0.08870924421806081
2023-04-27,Consumer Discretionary,0.0033039979832028554,0.021442357129284363,2,4045036.0,-0.08569834139884591
2023-04-28,Consumer Discretionary,0.012728547562762538,0.011432003935721777,2,9636394.0,-0.0740606092506284
2023-05-01,Consumer Discretionary,-0.00673567441364975,0.046323956710414976,2,7929714.0,-0.08029743551348933
2023-05-02,Consumer Discretionary,-0.0038522508377541453,0.010129678381221115,2,4068211.0,-0.08384036048801713
2023-05-03,Consumer Discretionary,0.004099800076828752,0.011525111570192237,2,5793915.0,-0.08008428912755838
2023-05-04,Consumer Discretionary,-0.01060707893096896,0.029410467181241184,2,7299660.0,-0.08984190768262079
2023-05-05,Consumer Discretionary,-0.01627480148396504,0.017263140090220327,2,4597017.0,-0.1046545499541105
2023-05-08,Consumer Discretionary,-0.013129303212855381,0.027153054350970127,2,6788950.0,-0.11640981184801347
2023-05-09,Consumer Discretionary,0.005135626490586742,0.0028273393372379068,2,7287470.0,-0.11187202267091767
2023-05-10,Consumer Discretionary,-0.02662191331175251,0.0038575775303561224,2,3969355.0,-0.1355156886931146
2023-05-11,Consumer Discretionary,0.007918716038996021,0.020969474911405668,2,7453846.0,-0.12867008291170834
2023-05-12,Consumer Discretionary,0.002895516829293232,0.0028005322228080607,2,6001153.0,-0.12614713247291254
2023-05-15,Consumer Discretionary,0.0032306878324107613,0.010189262161218302,2,8163140.0,-0.12332398664647548
2023-05-16,Consumer Discretionary,-0.007807549666735192,0.009688295446508925,2,6072376.0,-0.13016867816236843
2023-05-17,Consumer Discretionary,0.000399211295396551,0.015646332688838263,2,5037052.0,-0.12982143167360116
2023-05-18,Consumer Discretionary,-0.020112563772413605,0.00870528221332595,2,4879589.0,-0.1473229536224534
2023-05-19,Consumer Discretionary,-0.000913817948772544,0.023003367879192244,2,6161359.0,-0.14810214521193954
2023-05-22,Consumer Discretionary,0.017354290264785077,0.005931670541510766,2,6515605.0,-0.1333180625639997
2023-05-23,Consumer Discretionary,0.013360732456210056,0.00942752098991328,2,8798907.0,-0.12173855707328762
2023-05-24,Consumer Discretionary,-0.012485130669447397,0.012269516637564112,2,5998794.0,-0.13270376595016498
2023-05-25,Consumer Discretionary,0.007289502156892391,0.006385110987407747,2,4015699.0,-0.1263816081813941
2023-05-26,Consumer Discretionary,-0.0064633047128357934,0.009897787351188335,2,5424125.0,-0.13202807005045525
2023-05-29,Consumer Discretionary,0.004234068703806493,0.004194905637072124,2,4060411.0,-0.1283530172660734
2023-05-30,Consumer Discretionary,0.022061602370542943,0.0512491727375149,2,7815655.0,-0.10912308812551408
2023-05-31,Consumer Discretionary,0.027811959121120777,0.013366715173250387,2,7713177.0,-0.08434605587051058
2023-06-01,Consumer Discretionary,-0.012338087281166477,0.0033766168255570826,2,7425189.0,-0.09564347415252461
2023-06-02,Consumer Discretionary,0.011701697640140951,0.02318950110855367,2,5665735.0,-0.08506096752816916
2023-06-05,Consumer Discretionary,-0.004933437668621921,0.0027503691914962424,2,5287792.0,-0.08957476221545813
2023-06-06,Consumer Discretionary,0.008784184983779975,0.008445444371525836,2,5227110.0,-0.08157741851285683
2023-06-07,Consumer Discretionary,-0.008294042008769709,0.030761554274578575,2,6594133.0,-0.08919485398551397
2023-06-08,Consumer Discretionary,0.013802744967939762,0.009908711094138737,2,5436377.0,-0.07662324283958877
2023-06-09,Consumer Discretionary,-0.0282420122690486,0.019291817437964633,2,10269204.0,-0.10270126054426731
2023-06-12,Consumer Discretionary,-0.0067357653267025586,0.03716015757199963,2,6100073.0,-0.1087452542811872
2023-06-13,Consumer Discretionary,0.036764174784010284,0.004936576511352487,2,6777592.0,-0.07597900903250221
2023-06-14,Consumer Discretionary,-0.005542282339689897,0.001852091235010351,2,4952331.0,-0.08110019425224413
2023-06-15,Consumer Discretionary,0.014887775996210939,0.01964778452747176,2,5389054.0,-0.06741981978130984
2023-06-16,Consumer Discretionary,-0.012381299664077638,0.004853092035997439,2,4787471.0,-0.07896637445337695
2023-06-19,Consumer Discretionary,-0.023679087082816186,0.025290594843948362,2,5034139.0,-0.10077560987889733
2023-06-20,Consumer Discretionary,0.005129554998967112,0.03639959274389737,2,10307969.0,-0.0961629889133584
2023-06-21,Consumer Discretionary,0.018212257111511254,0.05052683845955315,2,7729100.0,-0.07970207688054853
2023-06-22,Consumer Discretionary,-0.022098085273263957,0.008045684476863952,2,5933844.0,-0.10003889886244988
2023-06-23,Consumer Discretionary,0.03242081566772581,0.004728863887507285,2,5399029.0,-0.07086142589434574
2023-06-26,Consumer Discretionary,0.00936440228747859,0.0030253295543238553,2,8554936.0,-0.06216059850560618
2023-06-27,Consumer Discretionary,0.020442556194797623,0.02504772848276314,2,5737565.0,-0.04298876383886163
2023-06-28,Consumer Discretionary,-0.011117112867887802,0.0049047983444535466,2,3872137.0,-0.053627965767101826
2023-06-29,Consumer Discretionary,-0.007501114546885124,0.014322247126226213,2,7163062.0,-0.06072681079985143
2023-06-30,Consumer Discretionary,9.751060947010837e-05,0.016252315620589375,2,5843483.0,-0.060635221698713604
2023-07-03,Consumer Discretionary,0.014788682534236042,0.016771443264247714,2,4854169.0,-0.04674325420857284
2023-07-04,Consumer Discretionary,-0.013488110639600981,0.025093477643742146,2,4683871.0,-0.05960088666375363
2023-07-05,Consumer Discretionary,0.01383421635503912,0.0017739271296195126,2,7062090.0,-0.04659120186977306
2023-07-06,Consumer Discretionary,-0.0010025273328769235,0.010100402638342103,2,6216752.0,-0.047547020249303906
2023-07-07,Consumer Discretionary,0.021511846779464827,0.03134027039660421,2,5883456.0,-0.027057997684262203
2023-07-10,Consumer Discretionary,-0.0007397736127695564,0.008257321176057108,2,6876123.0,-0.02777775450433051
2023-07-11,Consumer Discretionary,0.012659219610864414,0.03991514576704995,2,5315557.0,-0.015470179588033095
2023-07-12,Consumer Discretionary,-0.0027813792367178403,0.022801428683473967,2,3990477.0,-0.01820853038845649
2023-07-13,Consumer Discretionary,-0.010522135753648132,0.01409442162541911,2,4509804.0,-0.028539073513482838
2023-07-14,Consumer Discretionary,0.015601861201460121,0.00863420342892209,2,6197067.0,-0.013382474975798364
2023-07-17,Consumer Discretionary,0.02025462341358697,0.02415651730389999,2,5029401.0,0.00660109144681198
2023-07-18,Consumer Discretionary,0.01875422196454135,0.011439511798667885,2,6292807.0,0.02547911174555506
2023-07-19,Consumer Discretionary,-0.022797492602115554,0.005150988176705477,2,9035488.0,0.0021007592819117793
2023-07-20,Consumer Discretionary,-0.008465162205262056,0.0010200581022099897,2,5208433.0,-0.0063821861914258315
2023-07-21,Consumer Discretionary,-0.004613543430757483,0.017675806308590825,2,13236726.0,-0.010966285129005993
2023-07-24,Consumer Discretionary,-0.001119798274400452,0.0003450282850464828,2,6245222.0,-0.01207380337624242
2023-07-25,Consumer Discretionary,-0.013985618442721226,0.014949044241392788,2,5998588.0,-0.02589056221179098
2023-07-26,Consumer Discretionary,-0.0014830272557405655,0.01233812249828862,2,4240028.0,-0.027335193058105056
2023-07-27,Consumer Discretionary,0.006574228207296695,0.00901750862768677,2,5669748.0,-0.020940672648062875
2023-07-28,Consumer Discretionary,0.006792574490234515,0.03916013648162339,2,7063472.0,-0.014290339236666005
2023-07-31,Consumer Discretionary,-0.02332418838030026,0.027137183837347114,2,8586558.0,-0.03728121705259191
2023-08-01,Consumer Discretionary,0.005065321627932773,0.02279823790148453,2,5423800.0,-0.03240473677971123
2023-08-02,Consumer Discretionary,0.010530810979141991,0.046286595703211274,2,9203445.0,-0.022215173958425205
2023-08-03,Consumer Discretionary,-0.003715118014891272,0.0201158850243624,2,6166302.0,-0.025847759980339613
2023-08-04,Consumer Discretionary,-0.0016492447661288767,0.021047886752644185,2,8655633.0,-0.027454375463604852
2023-08-07,Consumer Discretionary,0.014450135102861084,0.007402743995535422,2,7952311.0,-0.013400959795357603
2023-08-08,Consumer Discretionary,-0.009507157352300677,0.010145423435988071,2,6679840.0,-0.022780712114211954
2023-08-09,Consumer Discretionary,0.0044381008309777314,0.005137515812594719,2,7320125.0,-0.018443714380598553
2023-08-10,Consumer Discretionary,-0.0031675981743484183,0.02979887107321785,2,8737578.0,-0.0215528902789468
2023-08-11,Consumer Discretionary,0.0006739615639060337,0.004986963268209373,2,7124599.0,-0.020893454534679945
2023-08-14,Consumer Discretionary,0.00901637857619697,0.008868571546818367,2,6570491.0,-0.012065459254332223
2023-08-15,Consumer Discretionary,0.011304631222201322,0.026414292996514502,2,7698439.0,-0.0008972235995275968
2023-08-16,Consumer Discretionary,0.0035209890823489354,0.010721956738601915,2,9506130.0,0.002620606368322953
2023-08-17,Consumer Discretionary,-0.007762986932021987,0.016955973763062213,2,6510424.0,-0.005162724296690291
2023-08-18,Consumer Discretionary,-0.004995879785762547,0.008738791648530276,2,7698451.0,-0.01013281173249958
2023-08-21,Consumer Discretionary,0.010378720306376321,0.030152522875369858,2,5026805.0,0.0001407429549880046
2023-08-22,Consumer Discretionary,-0.011409318817963476,0.01850489910957432,2,9503592.0,-0.011270181644220334
2023-08-23,Consumer Discretionary,-0.0018859719519465634,0.022055103000897358,2,7172907.0,-0.013134898349692614
2023-08-24,Consumer Discretionary,0.010282448430949442,0.02194044392315896,2,6165863.0,-0.0029875088336697164
2023-08-25,Consumer Discretionary,-0.009605820401536291,0.02613244641292145,2,6731070.0,-0.012564631761901812
2023-08-28,Consumer Discretionary,-0.0030330674594878926,0.02073149043163901,2,5939940.0,-0.0155595898456522
2023-08-29,Consumer Discretionary,0.0036329474813993623,0.029670098048327903,2,6370642.0,-0.011983169536994187
2023-08-30,Consumer Discretionary,-0.006854312400689788,0.006635665638272301,2,6441424.0,-0.018755345550127034
2023-08-31,Consumer Discretionary,0.004422441662035925,0.04191749635311413,2,6379171.0,-0.014415848309637824
2023-09-01,Consumer Discretionary,-0.0029780834690896207,0.002341470399252936,2,4106878.0,-0.017351000179183562
2023-09-04,Consumer Discretionary,0.009840993810195653,0.014291555895573035,2,10240067.0,-0.0076807574543520385
2023-09-05,Consumer Discretionary,-0.0008850662248464647,0.0179321199973658,2,6781665.0,-0.008559025700194511
2023-09-06,Consumer Discretionary,-0.024193494619913714,0.03259248379501101,2,6884545.0,-0.032545447577878917
2023-09-07,Consumer Discretionary,0.009188075950771646,0.007297931950807848,2,6128475.0,-0.023656401671304672
2023-09-08,Consumer Discretionary,0.011967553932241803,0.01762671514880455,2,8063342.0,-0.011971957001907119
2023-09-11,Consumer Discretionary,-0.002823839516613469,0.041968535717638485,2,6909911.0,-0.014761989633247374
2023-09-12,Consumer Discretionary,0.004200061516383913,0.01889887474707459,2,5262815.0,-0.01062392938142731
2023-09-13,Consumer Discretionary,-0.017100835791464986,0.003848433543048526,2,5844431.0,-0.027543087101080443
2023-09-14,Consumer Discretionary,0.002683618716098568,0.028034412947720275,2,8660071.0,-0.02493338352902552
2023-09-15,Consumer Discretionary,-0.0057958716474925676,0.0021194708655962588,2,6965658.0,-0.03058474448584625
2023-09-18,Consumer Discretionary,-0.027114435311310137,0.01608891087312039,2,6579405.0,-0.056869891721281984
2023-09-19,Consumer Discretionary,-0.0015501188513331043,0.007690728214317418,2,5439285.0,-0.05833185548138475
2023-09-20,Consumer Discretionary,-0.001098272143241763,0.003023616157075239,2,5644095.0,-0.05936606337268768
2023-09-21,Consumer Discretionary,0.0036640407205541514,0.034114242785137146,2,8468112.0,-0.05591954232575003
2023-09-22,Consumer Discretionary,-0.0014092892588158379,0.01110771677247783,2,4881749.0,-0.057250024774208264
2023-09-25,Consumer Discretionary,0.0023860434233583527,0.002339725936550203,2,7324333.0,-0.055000582395949627
2023-09-26,Consumer Discretionary,0.009576778549510445,0.009681667033256194,2,7328919.0,-0.04595053224413925
2023-09-27,Consumer Discretionary,-0.006200527567572056,0.03683750710473461,2,6937635.0,-0.05186614226978692
2023-09-28,Consumer Discretionary,0.014321074250983834,2.3186903517998176e-05,2,5828889.0,-0.038287846893360844
2023-09-29,Consumer Discretionary,0.020225236799111368,0.007694760711705262,2,4174732.0,-0.01883699086419577
2023-10-02,Consumer Discretionary,-0.0016207768397023536,0.018160952987996415,2,7585435.0,-0.020427237145375643
2023-10-03,Consumer Discretionary,0.01858155097311376,0.02152183027365403,2,4552113.0,-0.0022252559205185873
2023-10-04,Consumer Discretionary,0.015942465664940175,0.009208825326307896,2,6262084.0,0.013681733678313046
2023-10-05,Consumer Discretionary,0.002652647019056875,0.005509418399690336,2,6531706.0,0.016370673507427158
2023-10-06,Consumer Discretionary,0.007465288154599792,0.009187576931700771,2,7972686.0,0.023958173457044873
2023-10-09,Consumer Discretionary,0.005396333432574507,0.03627815794971728,2,5540955.0,0.029483793182029094
2023-10-10,Consumer Discretionary,0.011283768531782035,0.02544117921145023,2,5073432.0,0.04110025001151607
2023-10-11,Consumer Discretionary,0.006443612340097382,0.008786401164510972,2,7441242.0,0.04780869642976859
2023-10-12,Consumer Discretionary,-0.011635243055307776,0.005559110319478764,2,6952025.0,0.035617187571343134
2023-10-13,Consumer Discretionary,0.009879502406313245,0.023427172459649363,2,3788273.0,0.045848570067973604
2023-10-16,Consumer Discretionary,0.013481496787687175,0.0016341618859549115,2,6082395.0,0.05994817420575216
2023-10-17,Consumer Discretionary,0.006259469630225056,0.0003684825740806554,2,9723167.0,0.06658288761180553
2023-10-18,Consumer Discretionary,-0.002299656522927851,0.0043255738103139905,2,7704465.0,0.06413011331706575
2023-10-19,Consumer Discretionary,0.003937684488824367,0.0033210650798164657,2,5223658.0,0.06832032195836524
2023-10-20,Consumer Discretionary,-0.001578001568096954,0.0022169003367935643,2,6741054.0,0.0666345108150852
2023-10-23,Consumer Discretionary,0.0029430326272512075,0.02036874128816821,2,8114471.0,0.06977365098176613
2023-10-24,Consumer Discretionary,0.0223463834274652,0.027818917323600978,2,4320005.0,0.0936792231672039
2023-10-25,Consumer Discretionary,0.005641386489775635,0.000758160408710903,2,6186876.0,0.09984909036092748
2023-10-26,Consumer Discretionary,0.009796604261581299,0.022780838765977744,2,8922369.0,0.11062387664665363
2023-10-27,Consumer Discretionary,0.004056559120781067,0.017568525531235,2,3905915.0,0.11512918806322192
2023-10-30,Consumer Discretionary,0.005045040322944283,0.025871371905952963,2,6822824.0,0.12075505978229306
2023-10-31,Consumer Discretionary,0.0011408709046143994,0.023356705785074244,2,6151501.0,0.1220336966211979
2023-11-01,Consumer Discretionary,-0.011257749965327635,0.009492650628780065,2,5893611.0,0.10940212181196407
2023-11-02,Consumer Discretionary,0.004165514720774366,0.013685271413816402,2,8889285.0,0.11402335268163011
2023-11-03,Consumer Discretionary,0.009887963968438274,0.01148710540556993,2,8969003.0,0.12503877545294495
2023-11-06,Consumer Discretionary,-0.0006501308951050722,0.029684640857549495,2,5660139.0,0.12430735298683193
2023-11-07,Consumer Discretionary,0.0012706279685555377,0.01568563989287453,2,4679560.0,0.1257359293547895
2023-11-08,Consumer Discretionary,-0.001568733237336306,0.006432753582116146,2,8715073.0,0.12396994998594701
2023-11-09,Consumer Discretionary,0.023442611825797544,0.032727369065776495,2,7104068.0,0.15031874122732858
2023-11-10,Consumer Discretionary,0.015674656293442113,0.01508286223478371,2,6150651.0,0.16834959212397171
2023-11-13,Consumer Discretionary,0.012543568219421486,0.000711358905565178,2,7412531.0,0.18300486493691204
2023-11-14,Consumer Discretionary,-0.0014007990611724086,0.008791463650616727,2,7309261.0,0.1813477128327461
2023-11-15,Consumer Discretionary,-0.00018074092454356538,0.004913055583516524,2,4823195.0,0.18113419495492122
2023-11-16,Consumer Discretionary,0.004924035369999136,0.03172071994682345,2,5422323.0,0.1869501415075947
2023-11-17,Consumer Discretionary,-0.017909851998246296,0.017955559979609622,2,5873022.0,0.16569204014389616
2023-11-20,Consumer Discretionary,-0.013142858116514333,0.0028662672264536614,2,3995874.0,0.15037151505273494
2023-11-21,Consumer Discretionary,-0.0009188529631625753,0.000629402281179448,2,5545653.0,0.14931449277739106
2023-11-22,Consumer Discretionary,-0.017618557680622704,0.027603292063821547,2,4795090.0,0.12906522909321705
2023-11-23,Consumer Discretionary,-0.01985246582753264,0.01489293863238761,2,6930247.0,0.10665050021558864
2023-11-24,Consumer Discretionary,-0.006270277275804259,0.0031608059268834637,2,4645453.0,0.09971149473182939
2023-11-27,Consumer Discretionary,0.0026269474360555156,0.008610787600349631,2,6876715.0,0.10260037902331609
2023-11-28,Consumer Discretionary,0.01444895698975368,0.036574697619218506,2,6735903.0,0.11853180447671008
2023-11-29,Consumer Discretionary,-0.007956266932964362,0.003179196894786861,2,6332260.0,0.10963246686728301
2023-11-30,Consumer Discretionary,0.02334170426084259,0.010957948876220487,2,6962115.0,0.13553317974712842
2023-12-01,Consumer Discretionary,0.008044235211298711,0.005839631879881329,2,7250086.0,0.1446676757352483
2023-12-04,Consumer Discretionary,0.00693296328557419,0.023389990841520637,2,5922073.0,0.15260361470530426
2023-12-05,Consumer Discretionary,-0.006419778680402388,0.00788906559531688,2,6260865.0,0.14520415459266456
2023-12-06,Consumer Discretionary,0.011105502039408577,0.01588670135183631,2,5806512.0,0.15792222166703263
2023-12-07,Consumer Discretionary,0.007496451141361493,0.029419025786900664,2,5692945.0,0.16660252902725636
2023-12-08,Consumer Discretionary,0.007910086416930695,0.03003359469145286,2,10421108.0,0.17583045584607193
2023-12-11,Consumer Discretionary,0.02359220257625516,0.007370636154014974,2,6376882.0,0.20357088615572283
2023-12-12,Consumer Discretionary,-0.0014776130325525605,0.00795513708875063,2,6292810.0,0.20179247412873824
2023-12-13,Consumer Discretionary,-0.003560961443373478,0.0220141676573549,2,5835521.0,0.19751293746542942
2023-12-14,Consumer Discretionary,-0.004208487379732839,0.005396963444981127,2,6786978.0,0.19247321938103945
2023-12-15,Consumer Discretionary,-0.020752270705862996,0.032853803060377,2,5858981.0,0.16772669232295234
2023-12-18,Consumer Discretionary,-0.014663310328108914,0.02843568228438857,2,6062744.0,0.15060395345500477
2023-12-19,Consumer Discretionary,-0.0016091026639193373,0.0017811980803487655,2,7739240.0,0.14875251356838426
2023-12-20,Consumer Discretionary,0.017692889526135902,0.0026193406201981935,2,4550245.0,0.16907726488382058
2023-12-21,Consumer Discretionary,0.012972535384871309,0.006444351217836647,2,6789908.0,0.18424316107017447
2023-12-22,Consumer Discretionary,0.009632834176893312,0.043092092965227924,2,5752471.0,0.19565077906588324
2023-12-25,Consumer Discretionary,0.03482549548138647,0.01719503192732259,2,4176325.0,0.23728990986955845
2023-12-26,Consumer Discretionary,0.01713616113082972,0.012805924235759285,2,6452487.0,0.25849230913063304
2023-12-27,Consumer Discretionary,0.012499788683568325,0.0534068633800815,2,4587041.0,0.2742231970546618
2023-12-28,Consumer Discretionary,-0.00429403625100111,0.025707710536825048,2,4307198.0,0.2687516364546425
2023-12-29,Consumer Discretionary,-0.019900479753506728,0.03278454846374071,2,13289976.0,0.24350287020114836
2024-01-01,Consumer Discretionary,0.01664684379518222,0.0015247681765680797,2,7618229.0,0.26420326824024776
2024-01-02,Consumer Discretionary,-0.009875664029393716,0.0004078154608529735,2,7499128.0,0.2517184214982455
2024-01-03,Consumer Discretionary,-0.007060327245131615,0.013230357908649551,2,6566627.0,0.24288087982370832
2024-01-04,Consumer Discretionary,-0.011831465939520114,0.000944080122565479,2,4537804.0,0.22817577702719327
2024-01-05,Consumer Discretionary,0.0009072640513816399,0.009276942952040543,2,5821109.0,0.2292900567584677
2024-01-08,Consumer Discretionary,0.00029089126839243473,0.01630487906679843,2,5748118.0,0.22964764650230052
2024-01-09,Consumer Discretionary,-0.022155571635536442,0.014556851274269722,2,4643768.0,0.20240409998374997
2024-01-10,Consumer Discretionary,-0.0066235418081666,0.020317370586961644,2,11013419.0,0.19443992615719674
2024-01-11,Consumer Discretionary,0.0037685932973413605,0.008267180221608406,2,6368228.0,0.19894128445698978
2024-01-12,Consumer Discretionary,-0.02273478989323724,0.015882436771527883,2,5293234.0,0.17168360626053203
2024-01-15,Consumer Discretionary,-0.00680213504521654,0.02652283016148515,2,7046116.0,0.1637136561404815
2024-01-16,Consumer Discretionary,-0.014820846456455095,0.00741486116364271,2,4427878.0,0.14646643472354337
2024-01-17,Consumer Discretionary,0.008194068878197514,0.03330360340896303,2,5145182.0,0.15586065965620954
2024-01-18,Consumer Discretionary,0.006131215727871564,0.0023033569590794737,2,9264298.0,0.1629474907119215
2024-01-19,Consumer Discretionary,0.014535183828879972,0.014507147312795352,2,5471555.0,0.17985114627275411
2024-01-22,Consumer Discretionary,0.015010850952107191,0.006144863581087492,2,6253163.0,0.19756171597512728
2024-01-23,Consumer Discretionary,0.012830581050986334,0.0013549320962635164,2,6239563.0,0.21292712863550434
2024-01-24,Consumer Discretionary,0.0024061858902653666,0.02413744212093475,2,6457836.0,0.2158456567783471
2024-01-25,Consumer Discretionary,0.017417491910424965,0.008770436623124283,2,5842141.0,0.23702263866960926
2024-01-26,Consumer Discretionary,0.004377995716075556,0.0003760208379083941,2,11839732.0,0.2424383184823935
2024-01-29,Consumer Discretionary,0.0006429810013529047,0.027322600054599154,2,4992853.0,0.2432371827165305
2024-01-30,Consumer Discretionary,-0.012487164068922363,0.041357621596777853,2,6152819.0,0.2277126760393644
2024-01-31,Consumer Discretionary,0.005104543056432931,0.0027895660106880857,2,6671022.0,0.23397958825513587
2024-02-01,Consumer Discretionary,0.026715464801551514,0.005222736896502609,2,4539786.0,0.266945926510999
2024-02-02,Consumer Discretionary,-0.029582117466940838,0.016737664443937456,2,8299436.0,0.22946698328868842
2024-02-05,Consumer Discretionary,-0.011608334789028951,0.009630291413935031,2,6527220.0,0.21519491893461584
2024-02-06,Consumer Discretionary,-0.005518163956256317,0.0006312971752447703,2,6492137.0,0.208489274133125
2024-02-07,Consumer Discretionary,0.021606681149619722,0.0009807982002494457,2,6965948.0,0.23460071655205472
2024-02-08,Consumer Discretionary,-0.003955307829590526,0.045719337191048155,2,5990151.0,0.2297174906714583
2024-02-09,Consumer Discretionary,-0.019041842602321002,0.009077774987912228,2,7763526.0,0.20630140376877115
2024-02-12,Consumer Discretionary,0.0029026449910005137,0.03198356840288144,2,8068195.0,0.20980286849605756
2024-02-13,Consumer Discretionary,-0.004472419030258856,0.022658962821561726,2,7509571.0,0.20439212312413413
2024-02-14,Consumer Discretionary,-0.011230115423315146,0.012340452281847688,2,4760845.0,0.19086666056651835
2024-02-15,Consumer Discretionary,-0.0051834711373285325,0.0019596302534483,2,5811198.0,0.1846938376030649
2024-02-16,Consumer Discretionary,-0.004271067019946784,0.0014452024717452555,2,5506126.0,0.17963393082454426
2024-02-19,Consumer Discretionary,-0.005699123865084421,0.030674430789988296,2,9874281.0,0.17291105093731884
2024-02-20,Consumer Discretionary,0.017330604790228854,0.0076023695084907585,2,4712009.0,0.19323830881520543
2024-02-21,Consumer Discretionary,0.016626803090597164,0.005863134714423043,2,5407453.0,0.21307804721603296
2024-02-22,Consumer Discretionary,0.015485449253653583,0.005190529118664523,2,8272517.0,0.23186310575691804
2024-02-23,Consumer Discretionary,0.010295137269415389,0.02494877855173509,2,4923313.0,0.24454530552781373
2024-02-26,Consumer Discretionary,-0.00928177361102056,0.012661312964610382,2,5707782.0,0.23299371775324618
2024-02-27,Consumer Discretionary,0.003953096798513245,0.005824933672456145,2,9855433.0,0.23786786127148352
2024-02-28,Consumer Discretionary,0.0388114270033848,0.011824051728690896,2,7781167.0,0.2859112794090577
2024-02-29,Consumer Discretionary,-0.043201405131770565,0.009784412977703681,2,8334033.0,0.23035810526379352
2024-03-01,Consumer Discretionary,-0.013491992369598749,0.004498718237468038,2,7670862.0,0.21375812309570041
2024-03-04,Consumer Discretionary,-0.009918957136952955,0.014699376234502933,2,6332519.0,0.2017189082980857
2024-03-05,Consumer Discretionary,-0.006433029872143281,0.017722503662604527,2,6369952.0,0.1939882146630847
2024-03-06,Consumer Discretionary,0.01239293295346594,0.023502744757022187,2,7823235.0,0.20878523055463294
2024-03-07,Consumer Discretionary,0.004594802826708488,0.009142434434770379,2,4742804.0,0.2143393603488688
2024-03-08,Consumer Discretionary,-0.007666492414145687,0.005196999072895112,2,9721745.0,0.20502963685455566
2024-03-11,Consumer Discretionary,0.0063736955684216,0.00685714062174682,2,6428234.0,0.212710128910792
2024-03-12,Consumer Discretionary,0.0030662261693973347,0.012023024021073388,2,7745883.0,0.21642857244395164
2024-03-13,Consumer Discretionary,0.00019184963116219977,0.005692128797971029,2,6771951.0,0.21666194381691017
2024-03-14,Consumer Discretionary,0.002489352263725819,0.014407092788337508,2,5572588.0,0.21969064398094007
2024-03-15,Consumer Discretionary,0.016357883967904274,0.026777971479938698,2,8203826.0,0.23964220201191888
2024-03-18,Consumer Discretionary,0.00477358634083902,0.006405996034893985,2,6523269.0,0.2455597410949708
2024-03-19,Consumer Discretionary,-0.012973809059928565,0.02496974892697779,2,4321631.0,0.22940008684127067
2024-03-20,Consumer Discretionary,0.024763508738950835,0.022859164948539498,2,6536620.0,0.25984434663543143
2024-03-21,Consumer Discretionary,-0.023159546463418723,0.021921195994726722,2,4788527.0,0.23066692295285285
2024-03-22,Consumer Discretionary,0.010679684691412283,0.017214988212835357,2,7082275.0,0.24381005765013986
2024-03-25,Consumer Discretionary,-0.0017662920833177997,0.017922557459796633,2,5975254.0,0.24161312579216143
2024-03-26,Consumer Discretionary,0.008405322504109913,0.018126743943569463,2,8060786.0,0.25204928453978037
2024-03-27,Consumer Discretionary,-0.002625688137234239,0.02122809462177768,2,4972070.0,0.2487617935861317
2024-03-28,Consumer Discretionary,0.0068277532953268105,0.018481251702176182,2,4938710.0,0.25728803103736775
2024-03-29,Consumer Discretionary,-0.015897528131076477,0.008290695727716806,2,4856089.0,0.23730025919508546
2024-04-01,Consumer Discretionary,0.0007481831314329335,0.018294103251967297,2,10825410.0,0.23822598637753267
2024-04-02,Consumer Discretionary,0.002563594524314039,0.02845528007840466,2,14208490.0,0.24140029573607347
2024-04-03,Consumer Discretionary,0.0008435411808324633,0.03681865336886346,2,10948659.0,0.24244746800742445
2024-04-04,Consumer Discretionary,-0.009162434204622816,0.015438904806137778,2,4663971.0,0.23106362482910625
2024-04-05,Consumer Discretionary,-0.005902292078280136,0.0026675870244914786,2,4353663.0,0.22379752774841877
2024-04-08,Consumer Discretionary,0.014540782601207503,0.021951382594752416,2,5107848.0,0.24159250154730394
2024-04-09,Consumer Discretionary,0.026796287746789216,0.022608295928565073,2,8134859.0,0.2748625714830213
2024-04-10,Consumer Discretionary,-0.02138507273293999,0.013565520533355099,2,11135171.0,0.24759954266735407
2024-04-11,Consumer Discretionary,-0.03198180606421158,0.005371570230771442,2,8221250.0,0.20769905604796768
2024-04-12,Consumer Discretionary,-0.008909955134000891,0.025469622436851736,2,6916278.0,0.1969385116432052
2024-04-15,Consumer Discretionary,-0.025335426293363772,0.01274674263034753,2,5250522.0,0.16661356420378026
2024-04-16,Consumer Discretionary,-0.001554367294903214,0.008527220331370648,2,5860666.0,0.16480021823379154
2024-04-17,Consumer Discretionary,-0.000801122352733441,0.0057493260860399815,2,6124796.0,0.16386707074249562
2024-04-18,Consumer Discretionary,-0.008485442280153022,0.02300574297454659,2,8129777.0,0.15399114389193946
2024-04-19,Consumer Discretionary,0.01690425465500517,0.02694476380501984,2,6034447.0,0.17349850405790956
2024-04-22,Consumer Discretionary,0.003709413108484827,0.013929399137921345,2,6978906.0,0.1778514947916494
2024-04-23,Consumer Discretionary,0.025420001996047437,0.014136951490018965,2,7126694.0,0.20779248214030055
2024-04-24,Consumer Discretionary,-0.015057132405055018,0.02901239724434914,2,7560642.0,0.18960659081888398
2024-04-25,Consumer Discretionary,0.007283746449791961,0.026070997337351808,2,5686100.0,0.19827138360141006
2024-04-26,Consumer Discretionary,-0.0007907627329338252,0.0026010307233401498,2,6694116.0,0.197323835247317
2024-04-29,Consumer Discretionary,-0.00013423756448871504,0.010376551019439632,2,5829140.0,0.19716310941176918
2024-04-30,Consumer Discretionary,0.01590806489714991,0.02132817705288798,2,5327251.0,0.21620765784876528
2024-05-01,Consumer Discretionary,0.0003898205369737284,0.019793453032640844,2,8234604.0,0.2166817605710194
2024-05-02,Consumer Discretionary,0.009752931609652293,0.01734193458415611,2,9248482.0,0.2285479745725798
2024-05-03,Consumer Discretionary,0.004355337969538964,0.02101222216572839,2,6447079.0,0.2338987162136359
2024-05-06,Consumer Discretionary,-0.02388170125300093,0.02109856476409726,2,6253024.0,0.20443111569656036
2024-05-07,Consumer Discretionary,0.01319031530114384,0.024052399863794104,2,7896388.0,0.22031794187110654
2024-05-08,Consumer Discretionary,0.002992131937096576,0.00731677912446901,2,6705228.0,0.22396929415839106
2024-05-09,Consumer Discretionary,-0.009719619476150798,0.01112070487124155,2,8067499.0,0.21207277836867866
2024-05-10,Consumer Discretionary,0.02096428880876111,0.0027811891069907664,2,6677850.0,0.23748302215163708
2024-05-13,Consumer Discretionary,0.01185533534110439,0.006023518747652735,2,6963939.0,0.2521537983581681
2024-05-14,Consumer Discretionary,-0.007148752207453202,0.0029401344151779177,2,9865032.0,0.2432024611280843
2024-05-15,Consumer Discretionary,-0.0016298289553955958,0.019005946144585104,2,8632498.0,0.2411762537595188
2024-05-16,Consumer Discretionary,0.017295089298525634,0.01831045748832949,2,6314436.0,0.2626425079034993
2024-05-17,Consumer Discretionary,-0.007974400267436232,0.029946797843290726,2,8647617.0,0.2525736911507972
2024-05-20,Consumer Discretionary,-0.01357959524079938,0.014134963389440801,2,4498240.0,0.23556424741569537
2024-05-21,Consumer Discretionary,-0.015000398578354335,0.018075880791518284,2,6060388.0,0.2170302912352955
2024-05-22,Consumer Discretionary,0.004705194238957211,0.007584266086542028,2,7578836.0,0.22275665515025245
2024-05-23,Consumer Discretionary,0.004947017353792216,0.00924961910899862,2,8918506.0,0.22880565354274562
2024-05-24,Consumer Discretionary,-0.017696958442508237,0.009725178129971413,2,5749988.0,0.2070595309580805
2024-05-27,Consumer Discretionary,-0.03057491859236766,0.019217462040881757,2,6347811.0,0.17015378406289572
2024-05-28,Consumer Discretionary,-0.008834323083774798,0.014229039265894696,2,5729190.0,0.15981626747678246
2024-05-29,Consumer Discretionary,0.0026573583519177713,0.004764016202505651,2,5910251.0,0.16289831492185214
2024-05-30,Consumer Discretionary,-0.018385416604057403,0.028142799274469724,2,5221363.0,0.1415179449338575
2024-05-31,Consumer Discretionary,0.008325199923093218,0.03118296707288354,2,7089158.0,0.15102131004123054
2024-06-03,Consumer Discretionary,0.007149960370630648,0.005103765218355192,2,5044342.0,0.15925106679377676
2024-06-04,Consumer Discretionary,0.013147183355435188,0.016006414813362384,2,8573626.0,0.17449195312389842
2024-06-05,Consumer Discretionary,0.008437837908056633,0.012216803855465995,2,9263329.0,0.18440212584867455
2024-06-06,Consumer Discretionary,0.0056594183774085205,0.0203500260504134,2,5715585.0,0.19110515300594422
2024-06-07,Consumer Discretionary,0.005063060708936973,0.021496644751540988,2,4837603.0,0.19713579070634113
2024-06-10,Consumer Discretionary,-0.004031894721934659,0.002699561932375016,2,5855067.0,0.19230906523035318
2024-06-11,Consumer Discretionary,-0.0404745144086332,0.030326504145626227,2,6005617.0,0.1440509347901433
2024-06-12,Consumer Discretionary,0.02736445165897816,0.002415658830062937,2,6695638.0,0.1753572612906169
2024-06-13,Consumer Discretionary,0.008418278831295867,0.0014834537214098522,2,6233017.0,0.1852517464425496
2024-06-14,Consumer Discretionary,-0.0040689172100664694,0.011540454737655305,2,5238625.0,0.1804290552131882
2024-06-17,Consumer Discretionary,-0.0005786015928141985,0.0015333407111761004,2,9384854.0,0.1797460570816376
2024-06-18,Consumer Discretionary,0.007917168414831255,0.002177023740172347,2,5346823.0,0.1890863053022862
2024-06-19,Consumer Discretionary,-0.0018016527844720853,0.0032370403136401265,2,7514566.0,0.1869439846493608
2024-06-20,Consumer Discretionary,-0.007284656694760194,0.0026324137915362715,2,4825858.0,0.17829750520527954
2024-06-21,Consumer Discretionary,-0.011980857435062775,0.0009904151074264934,2,6227509.0,0.16418049077932495
2024-06-24,Consumer Discretionary,0.00414576316468962,0.0032098570709333924,2,6981232.0,0.16900690737504798
2024-06-25,Consumer Discretionary,-0.01161691357325173,0.007939373411534664,2,6651421.0,0.15542665516553766
2024-06-26,Consumer Discretionary,-0.01507359520600371,0.010416480144422402,2,6211843.0,0.13801022147534558
2024-06-27,Consumer Discretionary,-0.008853095304153014,0.02061149037894963,2,5403796.0,0.1279353085275241
2024-06-28,Consumer Discretionary,0.010821154425872836,0.012814919528460887,2,5573578.0,0.140140870683495
2024-07-01,Consumer Discretionary,-0.009193425406718969,0.008967538189301585,2,5412585.0,0.12965907063571458
2024-07-02,Consumer Discretionary,-0.008710098889314566,0.004745813820765981,2,6641315.0,0.1198196284192663
2024-07-03,Consumer Discretionary,-0.014777914052304164,0.026439668679495563,2,11195308.0,0.10327103019640327
2024-07-04,Consumer Discretionary,-0.006099818466772655,0.02800562835886055,2,7162474.0,0.09654127719255601
2024-07-05,Consumer Discretionary,-0.006136552549498964,0.026887539810691814,2,7551331.0,0.08981229402236912
2024-07-08,Consumer Discretionary,0.014996244450228957,0.00674889914404758,2,8705670.0,0.10615538558839344
2024-07-09,Consumer Discretionary,-0.019096500355552604,0.021474756744839243,2,5910368.0,0.08503168887420842
2024-07-10,Consumer Discretionary,-0.00011399142946655338,0.01359284606039498,2,3682869.0,0.08490800456097714
2024-07-11,Consumer Discretionary,-0.01158455346540943,0.009387604735926102,2,5985424.0,0.07233982977708986
2024-07-12,Consumer Discretionary,0.0011098440953953848,0.015982701723477356,2,8260197.0,0.07352995980542532
2024-07-15,Consumer Discretionary,0.012160855800765757,0.016170692787754147,2,11129647.0,0.08658500284442106
2024-07-16,Consumer Discretionary,-0.006943946238886334,0.009459086691084263,2,4453268.0,0.07903981500068924
2024-07-17,Consumer Discretionary,0.012517965405700715,0.014750542173697027,2,8756466.0,0.09254719807624134
2024-07-18,Consumer Discretionary,0.007210441090913011,0.03399086016822648,2,6965554.0,0.10042494528701229
2024-07-19,Consumer Discretionary,-0.0010145431466497268,0.03988393579480636,2,5769979.0,0.09930851670036889
2024-07-22,Consumer Discretionary,0.0009567994981311001,0.019825181286110858,2,4624575.0,0.10036033453743909
2024-07-23,Consumer Discretionary,-0.023502450638459405,0.02181620398792898,2,6127626.0,0.07449917009045426
2024-07-24,Consumer Discretionary,-0.008342225180675733,0.008760275036982788,2,6753516.0,0.06553545605711042
2024-07-25,Consumer Discretionary,-0.007606739680797336,0.016271175297140776,2,8352667.0,0.05743020522222442
2024-07-26,Consumer Discretionary,-0.015347830995397771,0.032896323505710055,2,3521005.0,0.04120094514304484
2024-07-29,Consumer Discretionary,0.013216037937189506,0.016484621524264945,2,7656958.0,0.054961496334292814
2024-07-30,Consumer Discretionary,-0.028881791863638318,0.03122126857330829,2,6142236.0,0.02449231797301321
2024-07-31,Consumer Discretionary,0.013850294959769138,0.0244864452800951,2,5640869.0,0.0386818387609571
2024-08-01,Consumer Discretionary,0.01466523064277614,0.0067937036247782,2,7585192.0,0.053914347490849446
2024-08-02,Consumer Discretionary,-0.023924018896202937,0.011250737544916588,2,10380739.0,0.028700480726499
2024-08-05,Consumer Discretionary,0.019143559572097013,0.023017104443308123,2,5314713.0,0.04839346966113167
2024-08-06,Consumer Discretionary,0.024625995166876802,0.027288273324457428,2,6323203.0,0.07421120217799193
2024-08-07,Consumer Discretionary,-0.018935128237178578,0.04087931287839311,2,4135117.0,0.053870875310937816
2024-08-08,Consumer Discretionary,0.00018228440389600475,0.0021822727151615453,2,7089126.0,0.05406297953522743
2024-08-09,Consumer Discretionary,0.003375883843638572,0.022356829989247713,2,5281354.0,0.05762137371801801
2024-08-12,Consumer Discretionary,-0.014640101712560527,0.01456518731933653,2,10113562.0,0.042137689233408215
2024-08-13,Consumer Discretionary,-0.004655895270340327,0.0034251097687204744,2,6377528.0,0.037285605295062973
2024-08-14,Consumer Discretionary,0.025403271838742136,0.014940028626543688,2,6342779.0,0.0636360535007876
2024-08-15,Consumer Discretionary,-0.004150656043753198,0.0035658048932215034,2,5692856.0,0.05922126608697087
2024-08-16,Consumer Discretionary,-0.005348988071371186,0.014854696847412044,2,7234076.0,0.053555504169728874
2024-08-19,Consumer Discretionary,-0.011097442140096947,0.011887956226280581,2,7684695.0,0.04186373292082468
2024-08-20,Consumer Discretionary,0.02644865665488705,0.02390111337522062,2,5491279.0,0.06941962907402655
2024-08-21,Consumer Discretionary,-0.0073416464416583005,0.01891057666564082,2,6186863.0,0.061568328259595795
2024-08-22,Consumer Discretionary,-0.02685540634694772,0.0029675835808905533,2,6536179.0,0.03305947943913434
2024-08-23,Consumer Discretionary,0.028981780992435757,0.009755693039241953,2,7183041.0,0.06299938302439911
2024-08-26,Consumer Discretionary,-0.01606389162476768,0.007063198942673433,2,9379816.0,0.04592347613830028
2024-08-27,Consumer Discretionary,0.005952859560390211,0.011347167459896449,2,4582026.0,0.05214971170266658
2024-08-28,Consumer Discretionary,0.0070841348462961085,0.01950923487348331,2,7843524.0,0.0596032821388599
2024-08-29,Consumer Discretionary,0.025447402701537114,0.021646000101643723,2,7217659.0,0.08656743356331797
2024-08-30,Consumer Discretionary,0.01838317735182049,0.019202368795027878,2,6044063.0,0.10654199539922482
2024-09-02,Consumer Discretionary,0.00601218392454117,0.0066419568267715,2,7304269.0,0.11319472939579356
2024-09-03,Consumer Discretionary,-0.03337516749590408,0.009474573655075463,2,6469423.0,0.07604166884665142
2024-09-04,Consumer Discretionary,-0.016524123737053587,0.010973997418638335,2,4295801.0,0.058261023164403625
2024-09-05,Consumer Discretionary,-0.010316249917851072,0.005069161388301385,2,2674531.0,0.04734373797111879
2024-09-06,Consumer Discretionary,-0.0038326116690988177,0.0008061270986484878,2,4155634.0,0.043329676139413076
2024-09-09,Consumer Discretionary,-0.020165839568282773,0.01433586753387241,2,5387659.0,0.02229005727355715
2024-09-10,Consumer Discretionary,0.015496357303083297,0.0007385013730307377,2,7501506.0,0.038131829268457595
2024-09-11,Consumer Discretionary,-0.01489704445501272,0.005771484859608078,2,7173191.0,0.02266673325768176
2024-09-12,Consumer Discretionary,0.01840274724014468,0.01213260170126392,2,5732896.0,0.04148661066072723
2024-09-13,Consumer Discretionary,0.015425835299780088,0.024590143570711584,2,4166435.0,0.05755241158370583
2024-09-16,Consumer Discretionary,-0.00806121207285776,0.005677431946052119,2,6127203.0,0.04902725731576729
2024-09-17,Consumer Discretionary,-0.0028449972946674174,0.01561619258276194,2,5942420.0,0.04604277760667164
2024-09-18,Consumer Discretionary,-0.008292634025409917,0.018780794420764683,2,9707018.0,0.03736832767705622
2024-09-19,Consumer Discretionary,0.019580997226645636,0.011445091305998826,2,8092312.0,0.057681034024310573
2024-09-20,Consumer Discretionary,-0.011365461852484493,0.004052794976912954,2,4401836.0,0.04566000058001096
2024-09-23,Consumer Discretionary,-0.008852422072328392,0.014342920533971747,2,5482772.0,0.03640337691072548
2024-09-24,Consumer Discretionary,0.0026053723067581136,0.010442499747760426,2,7250566.0,0.039103593567559214
2024-09-25,Consumer Discretionary,-0.003987554413310446,0.005563660423196639,2,6547924.0,0.03496011144714206
2024-09-26,Consumer Discretionary,-0.020086741186081114,0.02074634983966356,2,4453727.0,0.014171135550585578
2024-09-27,Consumer Discretionary,0.013594871858571334,0.005234673868389798,2,7457880.0,0.027958662181057692
2024-09-30,Consumer Discretionary,-0.021655533833960405,0.011370895385355415,2,6881599.0,0.005697668592283156
2024-10-01,Consumer Discretionary,0.0009340544039738163,0.04292756588913876,2,6116530.0,0.006637044928697877
2024-10-02,Consumer Discretionary,-0.024452788619157395,0.001727020976705852,2,5071475.0,-0.01797803794715691
2024-10-03,Consumer Discretionary,0.013136570769848033,0.022657299614962195,2,7657986.0,-0.005077636945104658
2024-10-04,Consumer Discretionary,-0.018303509956197617,0.0008049415633334627,2,3876682.0,-0.023288208322923665
2024-10-07,Consumer Discretionary,-0.013961330609652045,0.02025101674167593,2,4230514.0,-0.03692440455687285
2024-10-08,Consumer Discretionary,-0.00021939316444474777,0.01150864857492415,2,5082812.0,-0.03713569675935657
2024-10-09,Consumer Discretionary,-0.0029717732728001267,0.003925747992981027,2,7228658.0,-0.03999711116106042
2024-10-10,Consumer Discretionary,0.015051508598787677,0.0005625137853867055,2,4488101.0,-0.025547619424840073
2024-10-11,Consumer Discretionary,0.006446666909105947,0.029205464871456623,2,5539604.0,-0.01926564950848675
2024-10-14,Consumer Discretionary,0.010330672100328675,0.015919363269516904,2,5832650.0,-0.009134004516030081
2024-10-15,Consumer Discretionary,0.004731652354757976,0.016360231918939712,2,6915939.0,-0.004445571095248679
2024-10-16,Consumer Discretionary,-0.011093764971840725,0.02086375836219969,2,6193822.0,-0.015490017946193202
2024-10-17,Consumer Discretionary,-0.01320397634893078,0.0005000346513158412,2,6005215.0,-0.028489464464517944
2024-10-18,Consumer Discretionary,0.0014240865415732218,0.026465183862375535,2,5453252.0,-0.027105949385865413
2024-10-21,Consumer Discretionary,-0.009657531822189147,0.014692561494497254,2,9424995.0,-0.03650170463928992
2024-10-22,Consumer Discretionary,-0.0050401190099285675,0.0033652092007234015,2,7612127.0,-0.04135785071377118
2024-10-23,Consumer Discretionary,0.0021978144118810494,0.003713219359227345,2,6954748.0,-0.03925093318223327
2024-10-24,Consumer Discretionary,-0.004478460541585683,0.04130505181779195,2,5538802.0,-0.04355360996834201
2024-10-25,Consumer Discretionary,-0.0002939203442469118,0.0002200353052135375,2,5181890.0,-0.04383472902055385
2024-10-28,Consumer Discretionary,0.014318406882307566,0.018481282428924852,2,7148382.0,-0.030143965623938174
2024-10-29,Consumer Discretionary,0.010186329867967636,0.014394679715973526,2,5002617.0,-0.020264692133344697
2024-10-30,Consumer Discretionary,-0.020964734679524977,0.015436343249938858,2,4990078.0,-0.04080458291893185
2024-10-31,Consumer Discretionary,-0.007073670169683133,0.02466019764846804,2,6931094.0,-0.04758961492763503
2024-11-01,Consumer Discretionary,-0.003731557551907294,0.017395515514256676,2,4931968.0,-0.051143589092566666
2024-11-04,Consumer Discretionary,-0.032869422070767707,0.011374144938160236,2,6432721.0,-0.08233195094723689
2024-11-05,Consumer Discretionary,-0.007163548456195656,0.03863488044948826,2,8749804.0,-0.08890571048332885
2024-11-06,Consumer Discretionary,-0.016885159578725217,0.01902983729670393,2,6956887.0,-0.10428968295308305
2024-11-07,Consumer Discretionary,-0.005952497334450468,0.05509245938758556,2,5359977.0,-0.10962139622774458
2024-11-08,Consumer Discretionary,-0.02524517489218303,0.007278942654280122,2,7213656.0,-0.1320991598002329
2024-11-11,Consumer Discretionary,0.00420467090972082,0.017719889314919798,2,5664860.0,-0.1284499223849227
2024-11-12,Consumer Discretionary,0.010044318146962772,0.016205024984433405,2,8379544.0,-0.11969579612434678
2024-11-13,Consumer Discretionary,-0.001984710282182778,0.005002222801361733,2,6998869.0,-0.12144294492922758
2024-11-14,Consumer Discretionary,-0.009316576747252392,0.02080720497627345,2,5703596.0,-0.12962808915963453
2024-11-15,Consumer Discretionary,0.018421492400954365,0.010508998547792227,2,5979690.0,-0.11359453961808474
2024-11-18,Consumer Discretionary,-0.02204439618062931,0.04874393262593761,2,5651843.0,-0.13313481276341688
2024-11-19,Consumer Discretionary,0.020166271011090586,0.01699156327340255,2,12626256.0,-0.1156533744675241
2024-11-20,Consumer Discretionary,0.012478516138714424,0.008284160234903871,2,3767801.0,-0.10461804082859949
2024-11-21,Consumer Discretionary,0.0032801607207797456,0.019070608549776765,2,4127276.0,-0.10168104409603063
2024-11-22,Consumer Discretionary,-0.02649265077094254,0.012704820172209171,2,8771057.0,-0.12547989447571217
2024-11-25,Consumer Discretionary,-0.017554777863321935,0.009122562942798434,2,8107984.0,-0.1408319006651999
2024-11-26,Consumer Discretionary,0.004200983759564125,0.03171105532619648,2,7085543.0,-0.13722254943315892
2024-11-27,Consumer Discretionary,-0.019413421876903703,0.008379803696948658,2,4707206.0,-0.15397201206689248
2024-11-28,Consumer Discretionary,0.036602271848635515,0.013934771996415745,2,8211707.0,-0.1230054656610109
2024-11-29,Consumer Discretionary,-0.0006070583422669862,0.014620660987933395,2,4786632.0,-0.12353785250920402
2024-12-02,Consumer Discretionary,0.012542317272509096,0.008892917951618928,2,6485491.0,-0.11254498617802988
2024-12-03,Consumer Discretionary,0.004661097514775059,0.013791510277448696,2,7145667.0,-0.10840847181862978
2024-12-04,Consumer Discretionary,-0.008114308867442355,0.028654165728622373,2,7964312.0,-0.11564312086188833
2024-12-05,Consumer Discretionary,-0.005014398608476134,0.007233866936153055,2,5187163.0,-0.12007763876603472
2024-12-06,Consumer Discretionary,-0.002329147183467273,0.0054766783403680025,2,8670644.0,-0.12212710745537259
2024-12-09,Consumer Discretionary,0.010501972003289617,0.003217003667298491,2,7724027.0,-0.11290771091542218
2024-12-10,Consumer Discretionary,0.002373544274931416,0.006452029068643219,2,4909628.0,-0.11080215809132976
2024-12-11,Consumer Discretionary,0.010725963675409234,0.034751695313990465,2,5710708.0,-0.10126465433876519
2024-12-12,Consumer Discretionary,0.014779096448822804,0.005255100122063983,2,5484845.0,-0.08798215798327169
2024-12-13,Consumer Discretionary,0.006338593992838759,0.010044088179215841,2,6343238.0,-0.08220124716850263
2024-12-16,Consumer Discretionary,0.014368148751216836,0.007468631710961757,2,8024196.0,-0.06901417816413835
2024-12-17,Consumer Discretionary,0.009803102255357521,0.02476705593589509,2,4152805.0,-0.05988762895439337
2024-12-18,Consumer Discretionary,-0.01662365001993127,0.006423828439159588,2,3822406.0,-0.07551572799006334
2024-12-19,Consumer Discretionary,6.76208198486794e-05,0.044154172090573825,2,5685236.0,-0.07545321360565282
2024-12-20,Consumer Discretionary,0.008088446486761658,0.028062440181584,2,8868178.0,-0.06797506639939466
2024-12-23,Consumer Discretionary,-0.005463095254937211,0.03052639635326224,2,7356337.0,-0.0730668073916313
2024-12-24,Consumer Discretionary,-0.01289596317660796,0.008998469400974323,2,10119895.0,-0.08502050371068437
2024-12-25,Consumer Discretionary,-0.0013212101542222077,0.005166204887409218,2,6338426.0,-0.0862293839120869
2024-12-26,Consumer Discretionary,0.007155273260401773,0.025242787474317893,2,5259808.0,-0.07969110545665214
2024-12-27,Consumer Discretionary,0.0036682457013710867,0.01357067059829726,2,4067868.0,-0.07631518631030998
2024-12-30,Consumer Discretionary,-0.002249039231070782,0.01222524832989113,2,5101266.0,-0.07839258969344243
2024-12-31,Consumer Discretionary,0.020673849701351887,0.018468515293441908,2,5535029.0,-0.05933941660911246
2025-01-01,Consumer Discretionary,-0.012677316596216848,0.017259372161999707,2,3466156.0,-0.07126446863434077
2025-01-02,Consumer Discretionary,0.007363029371991292,0.034677239604167506,2,5725387.0,-0.06442616163808346
2025-01-03,Consumer Discretionary,-0.031140600058644607,0.009337307689464872,2,5644385.0,-0.0935604923638429
2025-01-06,Consumer Discretionary,0.010638443414023868,0.0014564114685220375,2,6139352.0,-0.08391738695361994
2025-01-07,Consumer Discretionary,0.03797252324676614,0.0009852583443698867,2,7499993.0,-0.04913141863375792
2025-01-08,Consumer Discretionary,0.0024066881296345155,0.002121716913330211,2,6733960.0,-0.04684297450614139
2025-01-09,Consumer Discretionary,0.0006760802132024235,0.007075832250335639,2,3913883.0,-0.046198563901130085
2025-01-10,Consumer Discretionary,-0.015343610288576948,0.007191719761103438,2,4566095.0,-0.06083332142931608
2025-01-13,Consumer Discretionary,0.007841645085843119,0.016713594547588237,2,8450722.0,-0.05346870965951467
2025-01-14,Consumer Discretionary,0.006206763178453978,0.027649874435855253,2,6809572.0,-0.04759381409937491
2025-01-15,Consumer Discretionary,0.0004191991087066915,0.0024494248236385102,2,7985869.0,-0.04719456627511853
2025-01-16,Consumer Discretionary,-0.0042644686146657285,0.02454185874581111,2,6613027.0,-0.051257775143121354
2025-01-17,Consumer Discretionary,0.027197279609357583,0.001297568222672409,2,7351524.0,-0.025454567576484788
2025-01-20,Consumer Discretionary,0.021618438261542083,0.0009419319528288416,2,7646588.0,-0.0043864173125691686
2025-01-21,Consumer Discretionary,0.00039998053906664666,0.0008292353878557151,2,5416429.0,-0.003988191255063778
2025-01-22,Consumer Discretionary,-0.008867374721510057,0.016007754216961875,2,5418408.0,-0.012820201190254066
2025-01-23,Consumer Discretionary,0.010189648001647622,0.024821181489105087,2,5557495.0,-0.0027611865260454005
2025-01-24,Consumer Discretionary,0.002073462636256407,0.011620225358371752,2,5983269.0,-0.0006934491068825155
2025-01-27,Consumer Discretionary,-0.013607273662733066,0.008071311514735238,2,7523972.0,-0.014291286817847082
2025-01-28,Consumer Discretionary,-0.011847823946815772,0.027111374001715132,2,6235003.0,-0.025969790114471647
2025-01-29,Consumer Discretionary,0.004956283714515064,0.022752974242653327,2,8712401.0,-0.021142220047770444
2025-01-30,Consumer Discretionary,-0.029409815946105533,0.005472409172936956,2,10575151.0,-0.04993024719357908
2025-01-31,Consumer Discretionary,-0.02370823384748333,0.018367927394077145,2,5515496.0,-0.07245472306453438
2025-02-03,Consumer Discretionary,0.006545127003600382,0.010032431105584022,2,8230356.0,-0.06638382142540211
2025-02-04,Consumer Discretionary,0.0036831893251923487,0.014135292877786775,2,6016113.0,-0.0629451362826493
2025-02-05,Consumer Discretionary,0.00638780769362024,0.00046069986024801346,2,7243041.0,-0.0569594100148515
2025-02-06,Consumer Discretionary,-0.01815740044307501,0.007985280418107992,2,6180417.0,-0.07408257564128551
2025-02-07,Consumer Discretionary,0.009909598721108526,0.011840021825090924,2,8836967.0,-0.06490710551700818
2025-02-10,Consumer Discretionary,0.036496454663853095,0.002681817188980403,2,7279351.0,-0.030779530087018503
2025-02-11,Consumer Discretionary,-0.011406153795001872,0.007882397975659358,2,6275570.0,-0.04183460782810999
2025-02-12,Consumer Discretionary,-0.0034448503807371633,0.015090222440931387,2,5979174.0,-0.04513534424414245
2025-02-13,Consumer Discretionary,-0.013331672458509636,0.0200595219009252,2,4549184.0,-0.057865287076887095
2025-02-14,Consumer Discretionary,0.012646708834634979,0.020948246796874393,2,5103300.0,-0.04595038367954618
2025-02-17,Consumer Discretionary,0.008102552018094844,0.02295036850831524,2,8898378.0,-0.03822014703546628
2025-02-18,Consumer Discretionary,0.012544805000027526,0.009260840605741895,2,8472287.0,-0.0261548063270709
2025-02-19,Consumer Discretionary,-0.0036455610613431166,0.0025841494772813685,2,5328563.0,-0.029705018444901032
2025-02-20,Consumer Discretionary,-7.211505651821826e-05,0.01604380715684875,2,4837578.0,-0.029774991322335187
2025-02-21,Consumer Discretionary,-0.0088933192452339,0.030016370956486522,2,8556946.0,-0.03840351206421544
2025-02-24,Consumer Discretionary,0.009982457498221853,0.02498493583627533,2,7575654.0,-0.028804415992957022
2025-02-25,Consumer Discretionary,0.016343574247941306,0.004931013478254665,2,3931644.0,-0.012931608856465271
2025-02-26,Consumer Discretionary,-0.007304369820306633,0.00826147828825934,2,13495381.0,-0.020141521423312714
2025-02-27,Consumer Discretionary,0.008373138847387773,0.008291952394612369,2,5968595.0,-0.011937030331399923
2025-02-28,Consumer Discretionary,-0.004190443405646727,0.003373330166668319,2,10702979.0,-0.016077452287011518
2025-03-03,Consumer Discretionary,-0.014129452268373643,0.029321896532418155,2,6909861.0,-0.029979738960698832
2025-03-04,Consumer Discretionary,-0.017926117512185813,0.014243057058783412,2,5112474.0,-0.04736843614929054
2025-03-05,Consumer Discretionary,-0.0012321408237129794,0.0035339666464667737,2,6656431.0,-0.04854221238906864
2025-03-06,Consumer Discretionary,-0.011419922678752026,0.010395923107276387,2,4235935.0,-0.059407786755681924
2025-03-07,Consumer Discretionary,0.002443409491217352,0.0033142770241238895,2,5935065.0,-0.05710953481447567
2025-03-10,Consumer Discretionary,0.01767707658150064,0.02335354515054582,2,5047237.0,-0.040441987853424344
2025-03-11,Consumer Discretionary,-0.007307624932675338,0.002743121042817745,2,5684794.0,-0.047454077907335024
2025-03-12,Consumer Discretionary,-0.007735863436119983,0.010085901618238137,2,6893293.0,-0.05482284307727692
2025-03-13,Consumer Discretionary,0.0020812375197428734,0.000965354950164305,2,6274483.0,-0.0528557049154853
2025-03-14,Consumer Discretionary,-0.019058240689571238,0.011954707855232023,2,5207584.0,-0.07090660885896016
2025-03-17,Consumer Discretionary,0.0007629671936518201,0.0037910033559618284,2,5485924.0,-0.07019774108168086
2025-03-18,Consumer Discretionary,-0.0158251975557413,0.0024238025053178796,2,4148121.0,-0.08491204551683784
2025-03-19,Consumer Discretionary,0.023499170031955785,0.026403347122571412,2,6974624.0,-0.06340823808024343
2025-03-20,Consumer Discretionary,0.007996806400570489,0.015908992970163013,2,6344558.0,-0.05591849508380198
2025-03-21,Consumer Discretionary,0.0013810985593469272,0.005460054202469619,2,5074149.0,-0.0546146254774561
2025-03-24,Consumer Discretionary,0.017046747374955595,0.005957488642418054,2,11569121.0,-0.03849887982599254
2025-03-25,Consumer Discretionary,-0.009950887377276396,0.035265046900818754,2,7685538.0,-0.048066669185969246
2025-03-26,Consumer Discretionary,-0.0021552018140352236,0.060864076245933436,2,7062226.0,-0.05011827762738019
2025-03-27,Consumer Discretionary,0.0037242281906055275,0.014795294407081008,2,5787985.0,-0.04658070133917913
2025-03-28,Consumer Discretionary,-0.014363987371102116,0.01388881782340918,2,5111905.0,-0.06027560410450816
2025-03-31,Consumer Discretionary,-0.008055988927748614,0.005963532783133234,2,5489211.0,-0.06784601343297747
2025-04-01,Consumer Discretionary,0.005649203385388546,0.0022751365929957234,2,8231613.0,-0.06258008597635967
2025-04-02,Consumer Discretionary,0.023128749418482863,0.008985646927082992,2,6819271.0,-0.04089873568501112
2025-04-03,Consumer Discretionary,-0.0012437982262291092,0.026388876440014294,2,4654681.0,-0.042091664136340246
2025-04-04,Consumer Discretionary,-0.0031825518207752035,0.01510229248500508,2,9244470.0,-0.045140257054778865
2025-04-07,Consumer Discretionary,0.004999469304869941,0.00617550589463393,2,6101429.0,-0.04036646507946828
2025-04-08,Consumer Discretionary,0.005668167329647145,0.001272216143317247,2,4957328.0,-0.03492710162839807
2025-04-09,Consumer Discretionary,0.0061883208114488775,0.021315728210188446,2,10952249.0,-0.028954920926839822
2025-04-10,Consumer Discretionary,0.015685354071444002,0.013199782456141285,2,4514235.0,-0.01372373504224389
2025-04-11,Consumer Discretionary,0.0020691817879982533,0.00500206333581502,2,4876457.0,-0.011682950156858274
2025-04-14,Consumer Discretionary,0.004386783027162611,0.039031340384344256,2,6394816.0,-0.00734741769715086
2025-04-15,Consumer Discretionary,0.001214791154053374,0.021100652663399895,2,6635642.0,-0.006141552121121108
2025-04-16,Consumer Discretionary,-0.006887872211702006,0.028989715403373716,2,5305006.0,-0.012987122106631332
2025-04-17,Consumer Discretionary,0.0007207351603330525,0.001990458902812929,2,3353286.0,-0.012275747221832
2025-04-18,Consumer Discretionary,-0.008051789396564923,0.0036612752382636036,2,6518089.0,-0.020228694887081233
2025-04-21,Consumer Discretionary,-8.751121109984439e-05,0.016588051838393132,2,5076665.0,-0.02031443586059256
2025-04-22,Consumer Discretionary,0.0035023164719317212,0.011958864571361237,2,5468277.0,-0.016883266971993494
2025-04-23,Consumer Discretionary,-0.023386618644785195,0.0334659367657122,2,5029121.0,-0.039875043090626616
2025-04-24,Consumer Discretionary,-0.05078813371732355,0.004815635928735572,2,6121242.0,-0.08863799778747927
2025-04-25,Consumer Discretionary,0.00972154152349608,0.018844322268055963,2,5581124.0,-0.07977815424003365
2025-04-28,Consumer Discretionary,0.007446877807998131,0.020998810458108245,2,5497052.0,-0.07292537459840864
2025-04-29,Consumer Discretionary,0.02970846000738736,0.006072269994376859,2,5382104.0,-0.0453834151658018
2025-04-30,Consumer Discretionary,-0.012183829668372281,0.017321132418818445,2,8723220.0,-0.05701430103402494
2025-05-01,Consumer Discretionary,0.007955554330172088,0.04328830924468385,2,5363111.0,-0.04951232707332576
2025-05-02,Consumer Discretionary,0.005162693927088957,0.017340896499480486,2,5892271.0,-0.04460525013653427
2025-05-05,Consumer Discretionary,-0.002311173275596101,0.004088592286847258,2,6153826.0,-0.04681333295006351
2025-05-06,Consumer Discretionary,-0.012788068369097183,0.0067564007323295695,2,4182767.0,-0.059002749216809924
2025-05-07,Consumer Discretionary,0.008681401128030786,0.02979298063972265,2,4817928.0,-0.05083357462238691
2025-05-08,Consumer Discretionary,0.023493125332996523,0.023735281621888156,2,5934367.0,-0.02853468882911825
2025-05-09,Consumer Discretionary,-0.003235248689128778,0.017158511679883734,2,6667298.0,-0.031677620703617904
2025-05-12,Consumer Discretionary,-0.0009076387926504337,0.001542111572933428,2,5376495.0,-0.03255650765885887
2025-05-13,Consumer Discretionary,-0.022010262456735208,0.0009690071096045148,2,6206240.0,-0.05385019283734793
2025-05-14,Consumer Discretionary,0.021241295406919325,0.00945703013179491,2,6786272.0,-0.033752745284206354
2025-05-15,Consumer Discretionary,0.002728403307823868,0.0014036471888604896,2,7131428.0,-0.03111643307826406
2025-05-16,Consumer Discretionary,-0.006882647279737475,0.002979884475661977,2,7184822.0,-0.03778491692452024
2025-05-19,Consumer Discretionary,0.0022351723833708426,0.009495070869476258,2,8123254.0,-0.035634200343967026
2025-05-20,Consumer Discretionary,-0.011766694778617859,0.0024150605894267467,2,6359848.0,-0.04698159836345739
2025-05-21,Consumer Discretionary,0.004790922923776253,0.0025424241042493246,2,4318725.0,-0.04241576065627617
2025-05-22,Consumer Discretionary,-0.02500379804245001,0.000451969283961301,2,5752379.0,-0.06635900358545976
2025-05-23,Consumer Discretionary,0.019035488908975218,0.0010026437559969663,2,4761028.0,-0.048586690753246176
2025-05-26,Consumer Discretionary,0.0011566261417834678,0.003734251781595317,2,8073174.0,-0.04748626124813071
2025-05-27,Consumer Discretionary,0.0062089004024654115,0.02094910310675464,2,9304351.0,-0.04157219831224035
2025-05-28,Consumer Discretionary,0.004426498791196221,0.010795671995079935,2,6265667.0,-0.037329718806620726
2025-05-29,Consumer Discretionary,0.0030201818211845755,0.007170676408805536,2,8091046.0,-0.0344222795235658
2025-05-30,Consumer Discretionary,-0.02086552320542412,0.0005054445513008943,2,8869143.0,-0.054569563856807335
2025-06-02,Consumer Discretionary,0.020161550631879854,0.008837380002061404,2,7141493.0,-0.035508220249586
2025-06-03,Consumer Discretionary,-0.03233374313015347,0.024191077263176267,2,8079006.0,-0.0666938497071804
2025-06-04,Consumer Discretionary,0.006888496688067569,0.021465638262183024,2,9033549.0,-0.060264773381935255
2025-06-05,Consumer Discretionary,-0.0012582281507669824,0.0023380320221649516,2,4161563.0,-0.061447174698333495
2025-06-06,Consumer Discretionary,0.011314618516921282,0.012414634612071134,2,6338664.0,-0.050827807522066504
2025-06-09,Consumer Discretionary,-0.00047843846615319707,0.0417785856927148,2,7408522.0,-0.051281928009950906
2025-06-10,Consumer Discretionary,-0.005958869213535334,0.0031438879723876935,2,4523115.0,-0.05693521492145692
2025-06-11,Consumer Discretionary,0.0036498971062993157,0.015407421238201048,2,10401339.0,-0.053493125491345994
2025-06-12,Consumer Discretionary,0.00012551006229144512,0.009177998275819053,2,8017052.0,-0.053374329354567096
2025-06-13,Consumer Discretionary,-0.012945336470979896,0.013177290252974923,2,8333480.0,-0.06562871717313923
2025-06-16,Consumer Discretionary,-0.0015010720583533144,0.0067471222163677,2,6821240.0,-0.06703127579791834
2025-06-17,Consumer Discretionary,-0.0049164324194702624,0.004311383643370007,2,4637938.0,-0.07161815347993727
2025-06-18,Consumer Discretionary,-0.020647010520951803,0.003766279748215284,2,4918089.0,-0.09078646323249762
2025-06-19,Consumer Discretionary,-0.00464215121724576,0.006181446390827612,2,5992546.0,-0.09500716995893921
2025-06-20,Consumer Discretionary,0.01672229495981381,0.0019303787203771112,2,7507689.0,-0.07987361291847594
2025-06-23,Consumer Discretionary,-0.0022168732139291603,0.02281843852286942,2,7147283.0,-0.0819134164594264
2025-06-24,Consumer Discretionary,-0.004743734461176374,0.0021946857897096827,2,9784404.0,-0.08626857542411148
2025-06-25,Consumer Discretionary,-0.011327066236957728,0.01826095467805311,2,5747765.0,-0.09661847179307237
2025-06-26,Consumer Discretionary,0.005712243972977593,0.016173314885797964,2,5763184.0,-0.09145813610327314
2025-06-27,Consumer Discretionary,-0.01802450430838015,0.023695650669421506,2,6723002.0,-0.10783415284342346
2025-06-30,Consumer Discretionary,-0.01735124499436691,0.003648668104105096,2,4823174.0,-0.12331434103304417
2025-07-01,Consumer Discretionary,0.01074200924501556,0.01233449388954335,2,9324452.0,-0.11389697557944867
2025-07-02,Consumer Discretionary,0.001573364487590323,0.032019181750323485,2,5955771.0,-0.11250281254847894
2025-07-03,Consumer Discretionary,-0.017405145138516154,0.0008934961468256908,2,6749964.0,-0.1279498299060976
2025-07-04,Consumer Discretionary,-0.0014909949968594516,0.03414923035426745,2,8904535.0,-0.12925005234671805
2025-07-07,Consumer Discretionary,-0.021115025663450304,0.0035144387589152383,2,5087694.0,-0.14763595983786504
2025-07-08,Consumer Discretionary,0.007294640760378612,0.024416038353992368,2,6686596.0,-0.1414182703678173
2025-07-09,Consumer Discretionary,-0.007356310819736811,0.0075362799918534135,2,6193510.0,-0.14773426443513882
2025-07-10,Consumer Discretionary,0.0017887067778510346,0.009749808961666063,2,7935637.0,-0.1462098109374037
2025-07-11,Consumer Discretionary,-0.0139919156051303,0.0007519565979442319,2,6730590.0,-0.15815597120725577
2025-07-14,Consumer Discretionary,0.008388703740164538,0.0078063152242829935,2,3083346.0,-0.151093991054287
2025-07-15,Consumer Discretionary,-0.0010403932969518248,0.023849956115970468,2,5007779.0,-0.15197718717573627
2025-07-16,Consumer Discretionary,-0.013785424462701146,0.0210161788942538,2,4759374.0,-0.16366754160457253
2025-07-17,Consumer Discretionary,0.002088206646237767,0.0010892657796225357,2,10927127.0,-0.16192110660648684
2025-07-18,Consumer Discretionary,0.030715859848945537,0.015745693549714123,2,9979969.0,-0.13617879277465228
2025-07-21,Consumer Discretionary,0.0018600298838487572,0.013786190354023729,2,3690786.0,-0.1345720595149109
2025-07-22,Consumer Discretionary,-0.010375088335707217,0.0002658073898401316,2,4883576.0,-0.14355095084563285
2025-07-23,Consumer Discretionary,-0.0020210737247826627,0.020651217849854988,2,4557103.0,-0.1452818975154938
2025-07-24,Consumer Discretionary,0.03934985818277259,0.0012426327330907637,2,7282084.0,-0.11164886139648011
2025-07-25,Consumer Discretionary,0.0007288564616377835,0.04155942298332451,2,5023906.0,-0.11100138092890577
2025-07-28,Consumer Discretionary,-0.010086021941932866,0.006431453620338051,2,6135229.0,-0.11996784050720488
2025-07-29,Consumer Discretionary,0.010016004291999281,0.019601483339711172,2,4661926.0,-0.11115343462062766
2025-07-30,Consumer Discretionary,-0.008601731567809134,0.0021878211559455854,2,7018210.0,-0.11879905418099013
2025-07-31,Consumer Discretionary,-0.004156705439952224,0.0019735469967874777,2,3799871.0,-0.12246194694616708
2025-08-01,Consumer Discretionary,-0.02182712928469871,0.0014614480924382601,2,12717957.0,-0.14161608348241594
2025-08-04,Consumer Discretionary,-0.005509975994288818,0.04369911706003053,2,9632588.0,-0.14634575825631146
2025-08-05,Consumer Discretionary,-0.018098322962526725,0.00971742999778199,2,12161062.0,-0.16179546842171955
2025-08-06,Consumer Discretionary,-0.00566195634008676,0.0034948235987618185,2,7173438.0,-0.16654134588357872
2025-08-07,Consumer Discretionary,0.01392850929234879,0.007185487253912966,2,9574679.0,-0.15493250927492974
2025-08-08,Consumer Discretionary,0.006619816214679497,0.009590139162868182,2,8667429.0,-0.1493383177973293
2025-08-11,Consumer Discretionary,-0.009588999264074471,0.010584037854486212,2,5001187.0,-0.1574953120419471
2025-08-12,Consumer Discretionary,-0.02153695948658141,0.002991622105728786,2,6418036.0,-0.17564030137375464
2025-08-13,Consumer Discretionary,-0.008249564983639879,0.006403746136864845,2,7250093.0,-0.18244091027746556
2025-08-14,Consumer Discretionary,0.009478396707292669,0.03194662791769439,2,9383937.0,-0.1746917608934223
2025-08-15,Consumer Discretionary,0.00845980692916426,0.0062606525287756095,2,6989576.0,-0.16770981253353223
2025-08-18,Consumer Discretionary,0.0020601842462784625,0.037692773412595054,2,7463449.0,-0.1659951414009817
2025-08-19,Consumer Discretionary,0.025318001690973868,0.014787271778261411,2,5964145.0,-0.1448798049806912
2025-08-20,Consumer Discretionary,-0.005166577445363418,0.01075031541725868,2,5888427.0,-0.1492978496933527
2025-08-21,Consumer Discretionary,0.01022722706918977,0.00914805249323391,2,4427306.0,-0.1405975256339187
2025-08-22,Consumer Discretionary,0.004201678861616098,0.03090007042272338,2,7304235.0,-0.1369865924237541
2025-08-25,Consumer Discretionary,0.006760990062087746,0.02006009611698546,2,5632835.0,-0.13115176735168266
2025-08-26,Consumer Discretionary,0.002146662385180964,0.020791538872739088,2,4504245.0,-0.12928664353222563
2025-08-27,Consumer Discretionary,-0.02559784930165948,0.022931416100398658,2,6411359.0,-0.1515750328160299
2025-08-28,Consumer Discretionary,0.0026595469605061872,0.008079893908006562,2,6475038.0,-0.1493186067733382
2025-08-29,Consumer Discretionary,-0.008991325483960144,0.010955913065145121,2,7798573.0,-0.15696736006298784
2025-09-01,Consumer Discretionary,-0.010434916824126006,0.005641120057509569,2,6124439.0,-0.16576433554075398
2025-09-02,Consumer Discretionary,-0.02424029592428345,0.01616119821993036,2,8080537.0,-0.18598645491783738
2025-09-03,Consumer Discretionary,0.004414262990331652,0.019843839685915278,2,9326627.0,-0.18239318505215252
2025-09-04,Consumer Discretionary,-0.003250097742864333,0.014194874986675054,2,5726264.0,-0.18505048711596506
2025-09-05,Consumer Discretionary,-0.011179072064316897,0.01977505293340252,2,8583281.0,-0.19416086644927566
2025-09-08,Consumer Discretionary,0.002993556038294043,0.0265231295755456,2,5326305.0,-0.19174854184514123
2025-09-09,Consumer Discretionary,0.01564021856345882,0.027684789278070658,2,4538166.0,-0.17910731238536504
2025-09-10,Consumer Discretionary,0.011213385695074352,0.0038065730684452843,2,4631870.0,-0.16990232606487599
2025-09-11,Consumer Discretionary,0.02459759969583375,0.0005804807200502485,2,6251029.0,-0.14948391577297704
2025-09-12,Consumer Discretionary,0.012310187815402163,0.0024429347215708334,2,5673078.0,-0.13901390303612193
2025-09-15,Consumer Discretionary,0.0214116141809666,0.013334896077870112,2,10930721.0,-0.12057880091275508
2025-09-16,Consumer Discretionary,0.02420959466454098,0.012929492265878265,2,5497286.0,-0.09928837014344816
2025-09-17,Consumer Discretionary,0.016981137471777763,0.00048319446788952817,2,5666511.0,-0.08399326213442493
2025-09-18,Consumer Discretionary,0.01695446338460005,0.005646775790835204,2,7457070.0,-0.06846285943723596
2025-09-19,Consumer Discretionary,0.02350631978978157,0.03788181778613097,2,4548410.0,-0.04656584951510889
2025-09-22,Consumer Discretionary,0.007975356205143114,0.011788162756289081,2,6691171.0,-0.0389618725468438
2025-09-23,Consumer Discretionary,0.00020592793383694685,0.008271255771784653,2,7100926.0,-0.038763967950918854
2025-09-24,Consumer Discretionary,0.0012551085567944487,0.014410534971650539,2,9176845.0,-0.037557512381994895
2025-09-25,Consumer Discretionary,-0.0029679337907083103,0.013420617300905501,2,8655182.0,-0.040413977962609704
2025-09-26,Consumer Discretionary,0.010160674595040775,0.01865230243762389,2,6896517.0,-0.030663936646738277
2025-09-29,Consumer Discretionary,-0.03276757290235899,0.012469133469254271,2,6246860.0,-0.062426726769551966
2025-09-30,Consumer Discretionary,0.028256760087957966,0.003986754066570222,2,5795622.0,-0.03593394372299774
2025-10-01,Consumer Discretionary,-0.005859649512843845,0.0032638809133504294,2,6862566.0,-0.04158303292001053
2025-10-02,Consumer Discretionary,0.002105119056447613,0.00903412703666633,2,6103870.0,-0.03956545109858767
2025-10-03,Consumer Discretionary,0.018547532465503558,0.011032998866916895,2,5882728.0,-0.02175176012184743
2025-10-06,Consumer Discretionary,-0.002217146657998381,0.01123406571432852,2,5495455.0,-0.023920679937586065
2025-10-07,Consumer Discretionary,0.01779993005673841,0.011751553767792286,2,7368582.0,-0.006546536310646278
2025-10-08,Consumer Discretionary,-0.022189731722464856,0.000625982327361133,2,6979466.0,-0.0285910021486665
2025-10-09,Consumer Discretionary,0.030448741038462956,0.017876399366346055,2,5226337.0,0.0009871788693414096
2025-10-10,Consumer Discretionary,0.011997110105044895,0.0109569942667793,2,9183685.0,0.012996132267975247
2025-10-13,Consumer Discretionary,0.0021859944063187253,0.0027119230973022233,2,6899890.0,0.01521053614673562
2025-10-14,Consumer Discretionary,0.015792687603017663,0.014104831161035062,2,5488024.0,0.031243438995393058
2025-10-15,Consumer Discretionary,-0.010252385493572214,0.01441404651021294,2,8115958.0,0.02067073372109518
2025-10-16,Consumer Discretionary,0.002190239727403398,0.009837269481602007,2,5639058.0,0.022906247310689132
2025-10-17,Consumer Discretionary,0.01115830308168514,0.021141881747775162,2,6281485.0,0.03432014524233096
2025-10-20,Consumer Discretionary,-0.0191730910598919,0.019396043208077085,2,6072860.0,0.014489030912518963
2025-10-21,Consumer Discretionary,-0.012274835269714957,0.03201298127612796,2,8945133.0,0.002036345175135068
2025-10-22,Consumer Discretionary,0.018707451134477138,0.012515182281216678,2,6720128.0,0.020781891137468866
2025-10-23,Consumer Discretionary,0.006306101253686636,0.04123140432063088,2,7744665.0,0.027219045100911554
2025-10-24,Consumer Discretionary,0.002363645619200383,0.04269518070646084,2,4649058.0,0.029647026896823636
2025-10-27,Consumer Discretionary,0.012281951014176284,0.02371979529037754,2,4360659.0,0.042293101243062736
2025-10-28,Consumer Discretionary,0.007513734076276646,0.02419041093605534,2,6661358.0,0.050124614435340664
2025-10-29,Consumer Discretionary,0.006767873457946216,0.020301989057903074,2,5038891.0,0.05723172494091355
2025-10-30,Consumer Discretionary,-0.0009335539860543252,0.02893758190412251,2,5778932.0,0.05624474204991192
2025-10-31,Consumer Discretionary,-0.008868905298335561,0.01433514873132018,2,7552389.0,0.046877007460806475
2025-11-03,Consumer Discretionary,-0.007956971489898101,0.02195239725663691,2,5043915.0,0.03854703695901085
2025-11-04,Consumer Discretionary,-0.011364723736960791,0.011422332399608133,2,5170757.0,0.02674423679613258
2025-11-05,Consumer Discretionary,0.0038182877330518172,0.013784844290510148,2,6458375.0,0.030664641720473007
2025-11-06,Consumer Discretionary,-0.006565494024163954,0.006887081184000788,2,3748917.0,0.023897819174340196
2025-11-07,Consumer Discretionary,-0.022687111378161207,0.0020526200363841685,2,8294834.0,0.0006685353108755177
2025-11-10,Consumer Discretionary,-0.0071971259609365235,0.002588355969997163,2,6715838.0,-0.006533402182902659
2025-11-11,Consumer Discretionary,-0.025780309648205768,0.045474904676027494,2,7184986.0,-0.0321452786997769
2025-11-12,Consumer Discretionary,-0.005105772794576191,0.0007646022001224067,2,5548549.0,-0.037086925004893745
2025-11-13,Consumer Discretionary,0.0019179419310861867,0.0013181653986617155,2,7096479.0,-0.03524011364236945
2025-11-14,Consumer Discretionary,-0.0012346481271408027,0.019820197710428165,2,6078626.0,-0.03643125262920144
2025-11-17,Consumer Discretionary,0.0073081289618354695,0.0174700756100035,2,8967819.0,-0.029389367959821278
2025-11-18,Consumer Discretionary,-0.0007825580600478999,0.0061743273083309826,2,4372320.0,-0.030148927133092474
2025-11-19,Consumer Discretionary,0.0011544548714175762,0.027411002614942444,2,6387503.0,-0.02902927783747178
2025-11-20,Consumer Discretionary,0.011551495469334427,0.013886733778713758,2,6386177.0,-0.017813113939555092
2025-11-21,Consumer Discretionary,0.007596337180753587,0.0016480596820333813,2,6520693.0,-0.010352091178525646
2025-11-24,Consumer Discretionary,-0.012946528308836747,0.01796357038808599,2,8745808.0,-0.023164595845864056
2025-11-25,Consumer Discretionary,-0.0040336996262919644,0.016203336653777854,2,4157950.0,-0.027104856450549386
2025-11-26,Consumer Discretionary,0.011897739539182883,0.034414597594008535,2,4697402.0,-0.015529603433662165
2025-11-27,Consumer Discretionary,0.0035074293755986696,0.009664374741316078,2,5931376.0,-0.012076643045338176
2025-11-28,Consumer Discretionary,-0.003822052236712281,0.01323784739644359,2,3741372.0,-0.015852537721487092
2025-12-01,Consumer Discretionary,0.017354145738273985,0.006195367813908771,2,12005462.0,0.0012265007668468275
2025-12-02,Consumer Discretionary,-0.013460954300997696,0.020874616390377385,2,7838279.0,-0.012250963404923487
2025-12-03,Consumer Discretionary,-0.02222160354961955,0.007844834251486098,2,7728188.0,-0.03420033090265795
2025-12-04,Consumer Discretionary,0.001962441318038466,0.010655852470395289,2,7543291.0,-0.03230500572707351
2025-12-05,Consumer Discretionary,0.0004925286379915961,0.004590109634576403,2,8483366.0,-0.03182838822955303
2025-12-08,Consumer Discretionary,-0.014778766479666194,0.015219164301627239,2,5138319.0,-0.04613677039215047
2025-12-09,Consumer Discretionary,0.00037493520230003075,0.015285861057761271,2,5494579.0,-0.04577913348919105
2025-12-10,Consumer Discretionary,-0.02128466361902448,0.02052845649631459,2,7472283.0,-0.0660894036511277
2025-12-11,Consumer Discretionary,-0.008534943797548211,0.0026927975954057705,2,5501610.0,-0.07406027810290006
2025-12-12,Consumer Discretionary,-0.007048494700521657,0.014327181694935959,2,5071671.0,-0.08058675932569426
2025-12-15,Consumer Discretionary,-0.013259771910090035,0.002615008848066793,2,6009519.0,-0.09277796918815218
2025-12-16,Consumer Discretionary,0.01198876558353107,0.020813673141125876,2,7339660.0,-0.08190149692853388
2025-12-17,Consumer Discretionary,-0.004364782419071123,0.019005960801229183,2,7784506.0,-0.08590879713371569
2025-12-18,Consumer Discretionary,0.009888292281175937,0.03378824146322832,2,5057271.0,-0.07686999614812229
2025-12-19,Consumer Discretionary,0.005704024924033213,0.005153119787653158,2,6030131.0,-0.07160443959802831
2025-12-22,Consumer Discretionary,-0.0064560910236998725,0.012787270290739181,2,6156972.0,-0.07759824584198238
2025-12-23,Consumer Discretionary,-0.006172013390321085,0.03986735557227841,2,4844638.0,-0.0832913218199014
2025-12-24,Consumer Discretionary,-0.010806271096466202,0.0006871630254150353,2,6720556.0,-0.09319752431279882
2025-12-25,Consumer Discretionary,0.003907455903468693,0.014340413119005342,2,6593299.0,-0.08965423362589486
2025-12-26,Consumer Discretionary,-0.00559858141698466,0.009504413891761222,2,5130444.0,-0.09475087851654762
2025-12-29,Consumer Discretionary,0.03899473956412114,0.01703258996584252,2,5951453.0,-0.05945092478365088
2025-12-30,Consumer Discretionary,-0.004633698381701246,0.039611056286796224,2,7528878.0,-0.0638091455113915
2025-12-31,Consumer Discretionary,0.0026225449239850596,0.0017865675162146292,2,7566910.0,-0.06135394293807106
2026-01-01,Consumer Discretionary,-0.0032729094162621264,0.0014477326600634026,2,6640371.0,-0.06442604645676642
2026-01-02,Consumer Discretionary,0.0023881405521571364,0.009919530685809152,2,10165857.0,-0.06219176435876794
2026-01-05,Consumer Discretionary,-0.020584135957901928,0.025095922699380754,2,8734581.0,-0.08149573658364728
2026-01-06,Consumer Discretionary,0.014901155830345514,0.02179645992774111,2,7397454.0,-0.06780896142364345
2026-01-07,Consumer Discretionary,0.002856651210771499,0.0015305106367652184,2,5595269.0,-0.06514601676462395
2026-01-08,Consumer Discretionary,0.0038210382222140238,0.01509224096966094,2,8548941.0,-0.061573903962492404
2026-01-09,Consumer Discretionary,0.001082201039003583,0.012578849984817862,2,5102393.0,-0.06055833826633261
2026-01-12,Consumer Discretionary,0.0016988643914220836,0.03243440246181753,2,8094051.0,-0.05896235427939478
2026-01-13,Consumer Discretionary,-0.015083698744088214,0.03588708236232293,2,3727688.0,-0.07315668263429043
2026-01-14,Consumer Discretionary,-0.009288545286454564,0.0069930724104518985,2,5231716.0,-0.08176570876108968
2026-01-15,Consumer Discretionary,0.03511140742786012,0.021453439648705268,2,4727465.0,-0.049525210447168067
2026-01-16,Consumer Discretionary,-0.0005897306921353596,0.03121101653123087,2,5970669.0,-0.0500857346026683
2026-01-19,Consumer Discretionary,-0.012998179095174256,0.02212046672981854,2,4542118.0,-0.06243289034936372
2026-01-20,Consumer Discretionary,0.011484207849309369,0.013272579963349,2,6248707.0,-0.051665674789459604
2026-01-21,Consumer Discretionary,-0.029256412202785964,0.012321746852675647,2,7433427.0,-0.07941053471387005
2026-01-22,Consumer Discretionary,0.014035817687863661,0.031535557425337445,2,5027085.0,-0.06648930881374604
2026-01-23,Consumer Discretionary,0.016506971089186084,0.03352778053445819,2,6427538.0,-0.05107987482288845
2026-01-26,Consumer Discretionary,0.011172057123659207,0.01171234036264182,2,6800845.0,-0.04047848497861983
2026-01-27,Consumer Discretionary,-0.009704194366818408,0.028654490660607525,2,7592628.0,-0.049789868259531356
2026-01-28,Consumer Discretionary,-0.0008016836305094754,0.019961808894101186,2,8994979.0,-0.05055163616769198
2026-01-29,Consumer Discretionary,0.002806942713765803,0.003463506973597212,2,5253824.0,-0.04788658900073606
2026-01-30,Consumer Discretionary,0.006608585357473218,0.01631675959815609,2,8425844.0,-0.04159446625415253
2026-02-02,Consumer Discretionary,0.008105887410170709,0.002147483280129512,2,6728069.0,-0.033825738904324165
2026-02-03,Consumer Discretionary,0.008325016755971082,0.03312669786322812,2,4346574.0,-0.025782321991514756
2026-02-04,Consumer Discretionary,0.0013607993768572357,0.011768538535888318,2,6152011.0,-0.024456607182357537
2026-02-05,Consumer Discretionary,0.010024072528051375,0.03585774011725414,2,6882733.0,-0.014677689458492127
2026-02-06,Consumer Discretionary,0.004720851842692719,0.016559863157040937,2,5258105.0,-0.010026128813126034
2026-02-09,Consumer Discretionary,-0.008709216053851443,0.032649406555714446,2,10380963.0,-0.018648025144960223
2026-02-10,Consumer Discretionary,0.02657789047592174,0.028735729530043847,2,8700246.0,0.00743424016106653
2026-02-11,Consumer Discretionary,-0.011749366717981935,0.0026769727010658834,2,5190576.0,-0.004402474170837389
2026-02-12,Consumer Discretionary,0.02497067775518813,0.0029006469590603314,2,7377267.0,0.02045827082050522
2026-02-13,Consumer Discretionary,0.011203079588684717,0.01463620626722114,2,8285599.0,0.03189054604543884
2026-02-16,Consumer Discretionary,0.009800337339250231,0.01340809214647637,2,6326589.0,0.042003421493867155
2026-02-17,Consumer Discretionary,-0.008347065786898589,0.005010389696405603,2,4450575.0,0.03330575038448447
2026-02-18,Consumer Discretionary,0.02350573283328139,0.016943394086527775,2,5686488.0,0.057594359288115404
2026-02-19,Consumer Discretionary,0.01412442408326614,0.02582219037731759,2,7484656.0,0.0725322705267708
2026-02-20,Consumer Discretionary,-0.0006789411732383566,0.0412775518728875,2,7692002.0,0.07180408420868334
2026-02-23,Consumer Discretionary,0.016173822202256716,0.011288151503350687,2,6316420.0,0.08913925290232716
2026-02-24,Consumer Discretionary,0.02588271938610176,0.012489095829165629,2,9632492.0,0.11732913855758653
2026-02-25,Consumer Discretionary,-0.012372492382376421,0.03649728339420485,2,9010361.0,0.10350499230217558
2026-02-26,Consumer Discretionary,-0.005058492206408971,0.005529911129331708,2,9461969.0,0.09792292089888166
2026-02-27,Consumer Discretionary,0.0005698234807472446,0.010070800670199139,2,9195463.0,0.09854854315926032
2026-03-02,Consumer Discretionary,0.019405792719208947,0.02127740875828993,2,6550262.0,0.11986674847979772
2026-03-03,Consumer Discretionary,0.017250398083697993,0.00035416563170187915,2,4585527.0,0.13918489569177073
2026-03-04,Consumer Discretionary,0.0025555125371987675,0.012301254421764775,2,5458060.0,0.14209609697489856
2026-03-05,Consumer Discretionary,0.024051336376778476,0.032252224910041316,2,6700465.0,0.16956503437784765
2026-03-06,Consumer Discretionary,0.0008348659118372348,0.029114186852154583,2,5207269.0,0.17054146435672624
2026-03-09,Consumer Discretionary,-0.020844924262725217,0.027403264571182476,2,5594854.0,0.14614161618583088
2026-03-10,Consumer Discretionary,0.007503352962851095,0.004770390960477806,2,4703152.0,0.15474152127748586
2026-03-11,Consumer Discretionary,-0.004724850476350073,0.0011984932986561685,2,7795159.0,0.1492855402506168
2026-03-12,Consumer Discretionary,-0.026116531416924382,0.014479494795090284,2,10162990.0,0.11927018833164471
2026-03-13,Consumer Discretionary,0.013365567826350233,0.00988983234779826,2,12720786.0,0.13422986994980302
2026-03-16,Consumer Discretionary,0.0038038988067277124,0.026080030510809118,2,7135605.0,0.13854436559866
2026-03-17,Consumer Discretionary,0.0019477407906751676,0.02396037049599498,2,6009449.0,0.14076195490152998
2026-03-18,Consumer Discretionary,-0.004424336352027991,0.003384842490826685,2,5910480.0,0.13571484031544867
2026-03-19,Consumer Discretionary,0.0058649466652335724,0.014303446327856725,2,8555916.0,0.14237574728081315
2026-03-20,Consumer Discretionary,0.006880564565220737,0.012673812355928859,2,8874153.0,0.15023593736772112
2026-03-23,Consumer Discretionary,0.009188827468623983,0.014664159532605294,2,5858315.0,0.16080525694440406
2026-03-24,Consumer Discretionary,0.0058381996050528295,0.025187329034418643,2,9345022.0,0.16758226973703994
2026-03-25,Consumer Discretionary,-0.007885459513093218,0.004321622060860917,2,6309264.0,0.1583753470208229
2026-03-26,Consumer Discretionary,0.0018593521449127293,0.01901358220447425,2,5043802.0,0.16052917470692019
2026-03-27,Consumer Discretionary,-0.0012967086594555255,0.0013041198428382493,2,5974748.0,0.15902430647652688
2026-03-30,Consumer Discretionary,-0.01787044741572874,0.0005551177993446706,2,9919732.0,0.13831202355408667
2026-03-31,Consumer Discretionary,-0.014932972639625397,0.020801765148579014,2,7459433.0,0.12131364125099675
2026-04-01,Consumer Discretionary,-0.001663673669827892,0.023844163175974528,2,5988355.0,0.11944814127042869
2026-04-02,Consumer Discretionary,0.016696462240300025,0.036856949280229694,2,8750362.0,0.13813896489112443
2026-04-03,Consumer Discretionary,0.004577499089308379,0.002383253009328223,2,7464473.0,0.14334879496641983
2026-04-06,Consumer Discretionary,0.006040495089619402,0.023225802558151078,2,5917837.0,0.15025518774813662
2026-04-07,Consumer Discretionary,-0.0042638349460475955,0.026417923819322515,2,4925943.0,0.14535068948174357
2026-04-08,Consumer Discretionary,-0.012326661541616768,0.016827477384876298,2,5017698.0,0.1312323391860446
2026-04-09,Consumer Discretionary,-0.008255823313138788,0.007906868503976676,2,4264604.0,0.12189308486761585
2026-04-10,Consumer Discretionary,0.00796702404056282,0.0011666894699443077,2,5595521.0,0.1308312340456972
2026-04-13,Consumer Discretionary,0.012747473860926672,0.013726922106627832,2,6137106.0,0.145246475642814
2026-04-14,Consumer Discretionary,-0.0010280220198340406,0.031511268665476565,2,9000281.0,0.14406913704771585
2026-04-15,Consumer Discretionary,-0.021778976131382632,0.045689204619528384,2,9022898.0,0.119152482619302
2026-04-16,Consumer Discretionary,0.01770476486349648,0.001484575615752274,2,6676077.0,0.13896681417047518
2026-04-17,Consumer Discretionary,-0.006718620736368808,0.005337783233341938,2,4039847.0,0.13131452811475364
2026-04-20,Consumer Discretionary,-0.012532813538848497,0.014793153537706322,2,6913537.0,0.11713597408010101
2026-04-21,Consumer Discretionary,-0.013093036644703349,0.029591996956604978,2,4561819.0,0.10250927183435388
2026-04-22,Consumer Discretionary,-0.0021093221896784087,0.01220341283829606,2,7812527.0,0.10018372456294755
2026-04-23,Consumer Discretionary,0.02139876408444652,0.015057009409137737,2,9008957.0,0.12372629653441769
2026-04-24,Consumer Discretionary,0.015021013513622838,0.006568447923116566,2,7300500.0,0.14060580442027448
2026-04-27,Consumer Discretionary,0.007905905574059291,0.035390529276133204,2,8547187.0,0.14962332620724528
2026-04-28,Consumer Discretionary,0.008045687628017217,0.014105040175080944,2,8611254.0,0.15887283637979088
2026-04-29,Consumer Discretionary,0.011817641042128235,0.013218271019461466,2,6030884.0,0.17256797957360015
2026-04-30,Consumer Discretionary,-0.013728681720381775,0.024636144038724325,2,6052399.0,0.15647016698652316
2026-05-01,Consumer Discretionary,-0.028698503323004998,0.003470771774399362,2,4705927.0,0.12328120405630427
2026-05-04,Consumer Discretionary,-0.0021242925424945214,0.0006452719182475544,2,5636856.0,0.12089502617140324
2026-05-05,Consumer Discretionary,-0.011629674846048155,0.02187740898340045,2,5036416.0,0.10785938148047713
2026-05-06,Consumer Discretionary,-0.01838375577112583,0.0023089665853541544,2,4630564.0,0.08749276518258942
2026-05-07,Consumer Discretionary,-0.0024178177087149644,0.00512261651564501,2,5489909.0,0.08486340591683161
2026-05-08,Consumer Discretionary,0.0004891480852259877,0.03567050363720364,2,4955235.0,0.08539406477456768
2026-05-11,Consumer Discretionary,0.0058670526980109106,0.0075365352189165746,2,8368571.0,0.09176212895070823
2026-05-12,Consumer Discretionary,-0.011724948487711717,0.02129529547978191,2,7270903.0,0.07896127422792665
2026-05-13,Consumer Discretionary,-0.03246536513212617,0.004977447789074083,2,9228983.0,0.043932402496692946
2026-05-14,Consumer Discretionary,0.0046854197845696,0.0027616965778342606,2,7398947.0,0.04882366402910421
2026-05-15,Consumer Discretionary,-0.0064163341462663,0.008182490060963799,2,7197285.0,0.04209406094018209
2026-05-18,Consumer Discretionary,0.006117417240381506,0.004892672375329972,2,8405328.0,0.04846898511467668
2026-05-19,Consumer Discretionary,-0.0051644734670673875,0.0020292827387320433,2,6340667.0,0.04305419486000894
2026-05-20,Consumer Discretionary,-0.007483114934558499,0.00907940243304338,2,8554766.0,0.0352489004368981
2026-05-21,Consumer Discretionary,0.0054717943221491705,0.026628525811763497,2,6101457.0,0.040913569492319946
2026-05-22,Consumer Discretionary,0.00606949086184716,0.02161124672630673,2,6825800.0,0.0472313848903263
2026-05-25,Consumer Discretionary,0.004204070031977203,0.004938885406358071,2,5603963.0,0.051634018972089635
2026-05-26,Consumer Discretionary,-0.007247971618551119,0.014510438863059723,2,10890985.0,0.044011805449476915
2026-05-27,Consumer Discretionary,-0.0068358991983012984,0.0053942168966328126,2,5230922.0,0.03687504598558777
2026-05-28,Consumer Discretionary,0.004197509415411471,0.016070045697981317,2,8968767.0,0.041227338753717424
2026-05-29,Consumer Discretionary,0.010203503228830568,0.02275177465265943,2,5007678.0,0.05185150526663773
2026-06-01,Consumer Discretionary,0.009999507411670827,0.0495763564554305,2,6578528.0,0.062369502189528525
2026-06-02,Consumer Discretionary,0.00872256027727708,0.031222792778772167,2,6687834.0,0.07163608420911749
2026-06-03,Consumer Discretionary,-0.012385596676128652,0.003989255162034751,2,4965232.0,0.058363231886517486
2026-06-04,Consumer Discretionary,0.03636930104498759,0.032091438963729006,2,6567351.0,0.09685516288194429
2026-06-05,Consumer Discretionary,0.03203593006598626,0.03416539801476473,2,8097574.0,0.13199393817254612
2026-06-08,Consumer Discretionary,-0.0277835408869459,0.005053605545043685,2,6092228.0,0.10054313830755435
2026-06-09,Consumer Discretionary,0.012902735315734493,0.003517675533315802,2,5140173.0,0.11474315512468447
2026-06-10,Consumer Discretionary,-0.01087794001826764,0.007013699383749307,2,7797872.0,0.10261704594746357
2026-06-11,Consumer Discretionary,0.012916141640115564,0.00517110739325168,2,5875967.0,0.11685860388772684
2026-06-12,Consumer Discretionary,-0.007691450423188861,0.0060941140795803365,2,6810446.0,0.10826834130621243
2026-06-15,Consumer Discretionary,-0.028278977147437045,0.02944349915654145,2,9155460.0,0.07692764620918613
2026-06-16,Consumer Discretionary,0.00717835943119377,0.030925619994772537,2,9263555.0,0.08465821993506517
2026-06-17,Consumer Discretionary,0.008864256734090525,0.002267547228388193,2,3588239.0,0.09427290886531114
2026-06-18,Consumer Discretionary,0.022478259137759582,0.006741017331026728,2,5971113.0,0.11887025887821578
2026-06-19,Consumer Discretionary,0.008276581456786447,0.00021421480954211542,2,4060440.0,0.12813067971539716
2026-06-22,Consumer Discretionary,0.011083095765126949,0.026340007899638317,2,13856621.0,0.1406338600742607
2026-06-23,Consumer Discretionary,0.0008855523125692599,0.014683793184629649,2,6566400.0,0.14164395102684435
2026-06-24,Consumer Discretionary,0.005400424740023335,0.02336272336491063,2,8061681.0,0.14780931326426794
2026-06-25,Consumer Discretionary,0.004979742794136044,0.003115267287916592,2,5295073.0,0.15352510842103784
2026-06-26,Consumer Discretionary,0.01266970271066914,0.02800942484366241,2,5565997.0,0.1681399286140246
2026-06-29,Consumer Discretionary,0.01912668232034198,0.005087783095246489,2,8689383.0,0.190482569934332
2026-06-30,Consumer Discretionary,-0.011766268404764468,0.022513449731946536,2,7516445.0,0.17647503248529084
2026-07-01,Consumer Discretionary,0.011200372507457867,0.00897092855032647,2,9776745.0,0.18965199109484976
2026-07-02,Consumer Discretionary,0.013625522301400461,0.01527927805220538,2,5337540.0,0.20586162083041826
2026-07-03,Consumer Discretionary,-0.007147454383166996,0.020886400301018865,2,6030110.0,0.1972427799031211
2026-07-06,Consumer Discretionary,0.008656432833841765,0.013979293322895665,2,7278122.0,0.20760663161315462
2026-07-07,Consumer Discretionary,-0.004143032766084465,0.011964472233675876,2,8485723.0,0.20260347776984045
2026-07-08,Consumer Discretionary,-0.011636777456345282,0.006505298836915244,2,7080413.0,0.18860904873080586
2026-07-09,Consumer Discretionary,0.0068785268017019785,0.000687228647811899,2,4424249.0,0.19678492792924618
2026-07-10,Consumer Discretionary,-0.006651742698821017,0.010476099490709778,2,4888055.0,0.18882422252283382
2026-07-13,Consumer Discretionary,0.010247328609642836,0.005534556541128511,2,6586873.0,0.20100649499012824
2026-07-14,Consumer Discretionary,0.009273095401106657,0.0041261285282435676,2,4486128.0,0.2121435427955205
2026-07-15,Consumer Discretionary,0.0011759920882531416,0.0030807949082993723,2,4747096.0,0.21356901401167527
2026-07-16,Consumer Discretionary,-0.00900598941045816,0.021180160896706265,2,6179225.0,0.20263962432262606
2026-07-17,Consumer Discretionary,0.022639097155568555,0.013635431076850096,2,5129860.0,0.22986629962080252
2026-07-20,Consumer Discretionary,-0.0019022661146563258,0.000352683599507162,2,6286312.0,0.22752676663347593
2026-07-21,Consumer Discretionary,-0.0051159113076545415,0.005729189869812811,2,5749005.0,0.22124684856760712
2026-07-22,Consumer Discretionary,0.005509618746572964,0.01588981486803528,2,5117640.0,0.2279754530986684
2026-07-23,Consumer Discretionary,-0.0012673652335882246,0.009981630419315341,2,5412188.0,0.22641915970171156
2026-07-24,Consumer Discretionary,0.018611072174055887,0.013116864759610717,2,8897525.0,0.24924413519856525
2026-07-27,Consumer Discretionary,0.018514525828243644,0.009272030165223948,2,7601332.0,0.27237329800548116
2026-07-28,Consumer Discretionary,0.005798799765638796,0.003528601083340176,2,6823596.0,0.2797515359877605
2026-07-29,Consumer Discretionary,-0.004030281598582042,0.003523309061783514,2,6459540.0,0.2745937769215119
2026-07-30,Consumer Discretionary,-0.00027560090676331805,0.01652152543602192,2,5744979.0,0.27424249772083753
2026-07-31,Consumer Discretionary,0.00013455944968260303,0.002201363401403267,2,5296951.0,0.27441395909009314
2026-08-03,Consumer Discretionary,0.003467486303231515,0.009164449044820699,2,3535184.0,0.27883297203788526
2026-08-04,Consumer Discretionary,0.00863916535111231,0.0031663407707693387,2,5359893.0,0.28988102153977513
2026-08-05,Consumer Discretionary,-0.00213624854622696,0.007562217055761546,2,5828185.0,0.287125515082705
2026-08-06,Consumer Discretionary,0.006117565383144785,0.001763157735082351,2,7194804.0,0.29499958957753747
2026-08-07,Consumer Discretionary,-0.008834955597846805,0.01817238268043478,2,5382350.0,0.2835583257043901
2026-08-10,Consumer Discretionary,0.0010999188031567964,0.014168520122270266,2,7883879.0,0.28497013564178086
2026-08-11,Consumer Discretionary,0.001532452884367208,0.01723497374019614,2,5747434.0,0.2869392918324709
2026-08-12,Consumer Discretionary,-0.001624381682280962,0.020722321629272657,2,6812497.0,0.2848488112206107
2026-08-13,Consumer Discretionary,-0.006306133092532862,0.01338529390176062,2,6278696.0,0.27674638361327086
2026-08-14,Consumer Discretionary,-0.004227469026375885,0.007915811575333626,2,7332435.0,0.2713489778220082
2026-08-17,Consumer Discretionary,-0.0054880595689904554,0.005033457787685781,2,8624155.0,0.2643717388987459
2026-08-18,Consumer Discretionary,-0.0024235831634647487,0.023052101442928335,2,4646323.0,0.26130742883999036
2026-08-19,Consumer Discretionary,0.011671840772432995,0.009616766735023872,2,9964913.0,0.2760292083144975
2026-08-20,Consumer Discretionary,-0.02021228033869904,0.004700123344508454,2,5137867.0,0.2502377482356768
2026-08-21,Consumer Discretionary,-0.0007210703462217638,0.0160581610965441,2,7283362.0,0.24933623886969714
2022-01-03,Energy,,,1,784566.0,0.0
2022-01-04,Energy,0.022266888341997637,,1,920414.0,0.022266888341997637
2022-01-05,Energy,-0.011031960901125792,,1,671317.0,0.010989279999293222
2022-01-06,Energy,-0.02178665928706669,,1,884873.0,-0.01103679898692822
2022-01-07,Energy,0.0014208280673784213,,1,904369.0,-0.009631652313324413
2022-01-10,Energy,0.013677615602204263,,1,593913.0,0.003914225250924108
2022-01-11,Energy,0.01815620274973817,,1,1088683.0,0.02214149546792621
2022-01-12,Energy,0.009499403255304628,,1,717002.0,0.0318512297173561
2022-01-13,Energy,0.03364890795359754,,1,1384623.0,0.06657189676792186
2022-01-14,Energy,0.0014948806738270815,,1,1056120.0,0.06816629448364742
2022-01-17,Energy,-0.0064141493982121656,,1,817332.0,0.061314916288694565
2022-01-18,Energy,0.024347217037986812,,1,597053.0,0.0871549809012282
2022-01-19,Energy,-0.019511617971957107,,1,726677.0,0.06594282823757314
2022-01-20,Energy,-0.011073799558243946,,1,992362.0,0.05413879101712249
2022-01-21,Energy,-0.04403529759125102,,1,679426.0,0.007719475652201879
2022-01-24,Energy,0.05041996707320573,,1,930713.0,0.05852865843361399
2022-01-25,Energy,0.05794739645931202,,1,981690.0,0.1198676382674102
2022-01-26,Energy,-0.004720732427502927,,1,696020.0,0.11458104279293013
2022-01-27,Energy,0.021297992884751205,,1,590215.0,0.13831938191181248
2022-01-28,Energy,0.019526181391656294,,1,1213493.0,0.16054641264466052
2022-01-31,Energy,0.005382546529284049,,1,831801.0,0.16679310771011413
2022-02-01,Energy,0.03382975466751614,,1,714201.0,0.20626543229169614
2022-02-02,Energy,-0.03493459291174894,,1,618730.0,0.1641250404710708
2022-02-03,Energy,-0.00499305335749356,,1,943389.0,0.15831250202920444
2022-02-04,Energy,-0.05772479481543091,,1,815618.0,0.0914491505174202
2022-02-07,Energy,-0.027898415217495476,,1,1031396.0,0.06099944892750253
2022-02-08,Energy,-0.044939029294469246,,1,610867.0,0.013319163610733709
2022-02-09,Energy,-0.050820508900053185,,1,895818.0,-0.038178231962139986
2022-02-10,Energy,-0.013602948847549534,,1,639773.0,-0.05126184427321867
2022-02-11,Energy,0.010247710644161856,,1,1233711.0,-0.04153945017625482
2022-02-14,Energy,-0.018311847802463643,,1,836313.0,-0.05909063388929292
2022-02-15,Energy,-0.014980731229907285,,1,550199.0,-0.07318614421469982
2022-02-16,Energy,-0.020237969255981092,,1,996736.0,-0.09194297453410005
2022-02-17,Energy,0.004023982349423028,,1,1040512.0,-0.08828896909135564
2022-02-18,Energy,-0.01662822578064882,,1,673592.0,-0.10344910596001267
2022-02-21,Energy,-0.027774299929366864,,1,603141.0,-0.1283501793930213
2022-02-22,Energy,0.025979440615520266,,1,395137.0,-0.10570520464103339
2022-02-23,Energy,-0.024052971200787088,,1,1058878.0,-0.12721565159881643
2022-02-24,Energy,-0.0351287526022126,,1,463751.0,-0.15787547704888494
2022-02-25,Energy,0.02064507820177397,,1,742961.0,-0.14048975041692757
2022-02-28,Energy,-0.04655008349538814,,1,482131.0,-0.18050002430016154
2022-03-01,Energy,0.0342142727671384,,1,1343545.0,-0.152461428598904
2022-03-02,Energy,-0.028313434292150386,,1,1149344.0,-0.1764581562503319
2022-03-03,Energy,0.002354201015015489,,1,782218.0,-0.17451937320586874
2022-03-04,Energy,-0.02744238825335843,,1,1052032.0,-0.19717253306197902
2022-03-07,Energy,0.0004905777813144496,,1,683252.0,-0.19677868374447027
2022-03-08,Energy,-0.014312704098284224,,1,578058.0,-0.20827495276947006
2022-03-09,Energy,-0.027107923207656537,,1,464195.0,-0.22973697455137354
2022-03-10,Energy,-0.0443273928994955,,1,1019949.0,-0.2638807263163889
2022-03-11,Energy,-0.014860646579781034,,1,547770.0,-0.27481993468316623
2022-03-14,Energy,0.01330194543505736,,1,1575218.0,-0.26517362902373043
2022-03-15,Energy,0.018827828609595088,,1,537158.0,-0.2513384440531785
2022-03-16,Energy,-0.019790905132019088,,1,1018772.0,-0.2661551338829119
2022-03-17,Energy,-0.019725145126789134,,1,1102512.0,-0.28063033036762064
2022-03-18,Energy,-0.0047014778652361144,,1,481605.0,-0.28401243094631945
2022-03-21,Energy,0.00016979145709705712,,1,620587.0,-0.2838908623737064
2022-03-22,Energy,4.1149109843097165e-05,,1,662620.0,-0.28386139512014263
2022-03-23,Energy,-0.011897480689584294,,1,2089973.0,-0.2923816403427666
2022-03-24,Energy,-0.010002587111385686,,1,679267.0,-0.29945965462685387
2022-03-25,Energy,-0.00783230918375033,,1,516370.0,-0.3049465032075076
2022-03-28,Energy,-0.06682698343949178,,1,987623.0,-0.3513948317272203
2022-03-29,Energy,-0.011113202995955529,,1,535711.0,-0.3586029126264616
2022-03-30,Energy,0.021815503541559256,,1,742472.0,-0.34461051219531835
2022-03-31,Energy,0.038758170139376213,,1,691297.0,-0.3192088149194259
2022-04-01,Energy,0.032747076877481573,,1,910659.0,-0.2969148936440805
2022-04-04,Energy,0.0026289969447013117,,1,604588.0,-0.2950664850476058
2022-04-05,Energy,-0.032829030330171816,,1,632797.0,-0.31820876879073257
2022-04-06,Energy,-0.01505255618491208,,1,1025500.0,-0.3284714696048905
2022-04-07,Energy,-0.020989432112601847,,1,822904.0,-0.3425664721052939
2022-04-08,Energy,-0.038932881700831756,,1,799505.0,-0.36816225387297896
2022-04-11,Energy,-0.0259866794082676,,1,429507.0,-0.38458161881962427
2022-04-12,Energy,-0.020075890246356143,,1,906951.0,-0.3969366906957916
2022-04-13,Energy,-0.038536996544105695,,1,687634.0,-0.4201769393623248
2022-04-14,Energy,0.02599207846079854,,1,831860.0,-0.40510613287685004
2022-04-15,Energy,0.017017754512428818,,1,429044.0,-0.39498237508519884
2022-04-18,Energy,-0.0012322466021013057,,1,774262.0,-0.39572790599771146
2022-04-19,Energy,0.010713721284132838,,1,776366.0,-0.38925390320279163
2022-04-20,Energy,0.008612511570510684,,1,679734.0,-0.3839938453774814
2022-04-21,Energy,-0.020203733137380775,,1,577144.0,-0.3964394693364589
2022-04-22,Energy,0.05000503854836369,,1,1158224.0,-0.36625840173435764
2022-04-25,Energy,-0.021178125667839498,,1,603467.0,-0.3796798609433649
2022-04-26,Energy,-0.04611225907021432,,1,1061760.0,-0.4082842239020159
2022-04-27,Energy,0.004603644215511293,,1,985273.0,-0.4055601749921557
2022-04-28,Energy,0.015775188071764257,,1,579189.0,-0.3961827749553103
2022-04-29,Energy,-0.00823799447623208,,1,910401.0,-0.40115701791988223
2022-05-02,Energy,0.03463948840592135,,1,688840.0,-0.3804134033851506
2022-05-03,Energy,0.005139356417810381,,1,872980.0,-0.3772291270334488
2022-05-04,Energy,-0.02261965143131961,,1,572459.0,-0.3913159871015308
2022-05-05,Energy,-0.01632972063259852,,1,719353.0,-0.40125562698569184
2022-05-06,Energy,0.004252269417137855,,1,735719.0,-0.39870960459963967
2022-05-09,Energy,0.0023635992176804788,,1,708607.0,-0.3972883950914726
2022-05-10,Energy,0.03377297499634535,,1,876490.0,-0.37693303112888976
2022-05-11,Energy,0.02327549630155623,,1,595806.0,-0.36243083819930844
2022-05-12,Energy,-0.043330408003952825,,1,679636.0,-0.3900569701108706
2022-05-13,Energy,-0.004546146533149553,,1,891365.0,-0.39282986050161983
2022-05-16,Energy,-0.03432650230890144,,1,691848.0,-0.413671887697007
2022-05-17,Energy,0.040569837888122295,,1,685897.0,-0.38988465123162586
2022-05-18,Energy,-0.026857522878592888,,1,595856.0,-0.4062708381697532
2022-05-19,Energy,0.005734340118079162,,1,628980.0,-0.4028661932177965
2022-05-20,Energy,-0.019215316471129174,,1,551688.0,-0.41434030829072666
2022-05-23,Energy,-0.054722206933744744,,1,1028494.0,-0.4463888991331947
2022-05-24,Energy,-0.03467105516337443,,1,684910.0,-0.4655831801504041
2022-05-25,Energy,-0.0067829541120419945,,1,523270.0,-0.4692081049161474
2022-05-26,Energy,0.015894697319495554,,1,699724.0,-0.46077132840414814
2022-05-27,Energy,0.014852839432663023,,1,487702.0,-0.45276225152744676
2022-05-30,Energy,-0.03676182072515599,,1,609684.0,-0.47287970753083275
2022-05-31,Energy,0.008817589645067958,,1,1093907.0,-0.4682317770982515
2022-06-01,Energy,0.02646368255898479,,1,552809.0,-0.4541592316524241
2022-06-02,Energy,0.01434581769636556,,1,709218.0,-0.44632869949846565
2022-06-03,Energy,-0.009896606717090695,,1,1416906.0,-0.4518081666100695
2022-06-06,Energy,0.0014646109061813295,,1,768327.0,-0.4510052788722071
2022-06-07,Energy,0.00435771390084283,,1,616961.0,-0.44861291694445915
2022-06-08,Energy,0.03886313053778223,,1,436607.0,-0.42718428875882475
2022-06-09,Energy,0.04729956999420115,,1,852202.0,-0.4000903519311947
2022-06-10,Energy,0.018010606268921592,,1,594290.0,-0.3892856154629001
2022-06-13,Energy,0.0016126290009619293,,1,843215.0,-0.38830075973509093
2022-06-14,Energy,-0.0007297734510348652,,1,580777.0,-0.3887471616006545
2022-06-15,Energy,0.002144963190038096,,1,776361.0,-0.38743604676248156
2022-06-16,Energy,0.005825687804735136,,1,1114648.0,-0.38386744041048537
2022-06-17,Energy,-0.014180861207028661,,1,905147.0,-0.3926047307231556
2022-06-20,Energy,0.05469635287985031,,1,556403.0,-0.3593824247372376
2022-06-21,Energy,-0.02182424971438468,,1,776785.0,-0.3733634226711957
2022-06-22,Energy,0.036049644049394924,,1,1050257.0,-0.3507733971101612
2022-06-23,Energy,-0.06080289802754357,,1,532042.0,-0.3902482560424406
2022-06-24,Energy,-0.007502494729654918,,1,1204092.0,-0.39482291528788016
2022-06-27,Energy,-0.009262212626044763,,1,761080.0,-0.40042819412289377
2022-06-28,Energy,0.006472533389820345,,1,860249.0,-0.3965474455897593
2022-06-29,Energy,-0.009969051277232688,,1,659429.0,-0.402563295048052
2022-06-30,Energy,0.03855715398503823,,1,803042.0,-0.37952783601890594
2022-07-01,Energy,-0.006586259407117656,,1,553514.0,-0.38361442664578105
2022-07-04,Energy,-0.02840464712061186,,1,1225317.0,-0.4011226413471437
2022-07-05,Energy,-0.026648985885286858,,1,1312755.0,-0.4170821156249015
2022-07-06,Energy,-0.01298038199710605,,1,1404248.0,-0.4246486124370352
2022-07-07,Energy,0.02021318454734322,,1,443282.0,-0.41301892866065504
2022-07-08,Energy,0.02523604847266503,,1,842941.0,-0.3982058458917985
2022-07-11,Energy,-0.03320089724885067,,1,888593.0,-0.4181859517673039
2022-07-12,Energy,-0.022050870798343558,,1,612436.0,-0.43101545817354425
2022-07-13,Energy,-0.029409722192191623,,1,863895.0,-0.4477491354803117
2022-07-14,Energy,-0.007782205076024451,,1,472081.0,-0.45204686496141566
2022-07-15,Energy,0.0268019423129644,,1,1192575.0,-0.4373606566459035
2022-07-18,Energy,0.0048841892616564575,,1,454705.0,-0.434612619606908
2022-07-19,Energy,0.015383717758063575,,1,800553.0,-0.4259148597229697
2022-07-20,Energy,0.020838339502267766,,1,955707.0,-0.41395187866666994
2022-07-21,Energy,-0.016136054857440185,,1,621713.0,-0.42340838330160435
2022-07-22,Energy,-0.0353815195946563,,1,1185260.0,-0.44380907088593324
2022-07-25,Energy,-0.016152694894099207,,1,430469.0,-0.4527930532667783
2022-07-26,Energy,0.02290317196995595,,1,751684.0,-0.44026027846259286
2022-07-27,Energy,0.016845668429901872,,1,449603.0,-0.4308310887065281
2022-07-28,Energy,0.0023247361027307623,,1,566807.0,-0.42950792118989223
2022-07-29,Energy,0.02643850323963859,,1,660658.0,-0.414424964516083
2022-08-01,Energy,0.004169394975661378,,1,608521.0,-0.41198347090526366
2022-08-02,Energy,-0.009068540673257464,,1,1067597.0,-0.417315922715907
2022-08-03,Energy,-0.043362080426546434,,1,564325.0,-0.4425823165383679
2022-08-04,Energy,0.03537753725099524,,1,492573.0,-0.4228622516773405
2022-08-05,Energy,-0.0025317905381837535,,1,628478.0,-0.4243234435677725
2022-08-08,Energy,-0.012383120038504614,,1,761683.0,-0.43145211546942575
2022-08-09,Energy,-0.0027148006529901236,,1,832243.0,-0.4329956096376055
2022-08-10,Energy,0.04168303875831514,,1,1128933.0,-0.40936114365799503
2022-08-11,Energy,0.027651910129997015,,1,403325.0,-0.3930288510831417
2022-08-12,Energy,-0.00984921703327446,,1,1212896.0,-0.3990070416617597
2022-08-15,Energy,0.013155121025541172,,1,577225.0,-0.39110090655932217
2022-08-16,Energy,0.03415155042863316,,1,719857.0,-0.3703060584637339
2022-08-17,Energy,0.009763735675365703,,1,735740.0,-0.3641578932621946
2022-08-18,Energy,0.003478608331416888,,1,374025.0,-0.3619460476122308
2022-08-19,Energy,-0.05782009519969189,,1,731635.0,-0.39883838788183135
2022-08-22,Energy,0.034669194233700074,,1,1055338.0,-0.37799659918546225
2022-08-23,Energy,-0.028377611320552498,,1,930931.0,-0.395647569933839
2022-08-24,Energy,-0.05173232555351848,,1,705700.0,-0.4269121265950816
2022-08-25,Energy,-0.04989101238789029,,1,869957.0,-0.4555040607864761
2022-08-26,Energy,-0.023575509896896718,,1,872927.0,-0.46834083019022466
2022-08-29,Energy,0.013604589385048271,,1,683634.0,-0.461107825492167
2022-08-30,Energy,0.03230917328908012,,1,902632.0,-0.4436966648418642
2022-08-31,Energy,0.00960374181213175,,1,574400.0,-0.4383540712417777
2022-09-01,Energy,0.04824717803114709,,1,611938.0,-0.41125624012651085
2022-09-02,Energy,-0.011045196710066318,,1,670857.0,-0.41775903076613763
2022-09-05,Energy,-0.00630238252719717,,1,350548.0,-0.4214285360772555
2022-09-06,Energy,-0.05162267898167461,,1,1009311.0,-0.45129594502729686
2022-09-07,Energy,-0.015832083843649314,,1,762347.0,-0.459983073630975
2022-09-08,Energy,-0.05648181527265761,,1,776605.0,-0.49048420991025865
2022-09-09,Energy,-0.037066500725795315,,1,1001706.0,-0.5093701773134243
2022-09-12,Energy,0.01760121479628074,,1,839364.0,-0.5007344964188567
2022-09-13,Energy,-0.046641069176429406,,1,1113381.0,-0.5240207733087896
2022-09-14,Energy,-0.04389965163288201,,1,1290426.0,-0.5449160955450223
2022-09-15,Energy,-0.04860203929909801,,1,898145.0,-0.5670341013537301
2022-09-16,Energy,0.02165573668964793,,1,609157.0,-0.5576579058570497
2022-09-19,Energy,0.045568749606347714,,1,1002906.0,-0.5375009297287021
2022-09-20,Energy,-0.0019403285234631529,,1,575897.0,-0.5383983298668247
2022-09-21,Energy,0.026272259351724392,,1,609259.0,-0.5262710110718967
2022-09-22,Energy,-0.03214110831964212,,1,712878.0,-0.5414971858191895
2022-09-23,Energy,0.03422930609774455,,1,1107925.0,-0.5258029526459171
2022-09-26,Energy,-0.019710076981838243,,1,941581.0,-0.5351494129538266
2022-09-27,Energy,0.018639641231210646,,1,977716.0,-0.5264847647851683
2022-09-28,Energy,-0.0006231235933404911,,1,737886.0,-0.5267798233000368
2022-09-29,Energy,-0.05304242026072192,,1,976079.0,-0.5518805667884094
2022-09-30,Energy,-0.02440866324849822,,1,912318.0,-0.562818563128779
2022-10-03,Energy,0.004875081965558081,,1,585862.0,-0.5606872677902113
2022-10-04,Energy,-0.05114829380022756,,1,976811.0,-0.5831573644874584
2022-10-05,Energy,0.008353335383500138,,1,726781.0,-0.5796753381508799
2022-10-06,Energy,-0.0391333106503885,,1,702445.0,-0.596124033717041
2022-10-07,Energy,0.01512002208529628,,1,666687.0,-0.5900174201871224
2022-10-10,Energy,-0.037589787967000854,,1,669265.0,-0.6054285784324525
2022-10-11,Energy,0.012418447027823465,,1,676786.0,-0.6005286141350228
2022-10-12,Energy,0.02277133844126711,,1,756501.0,-0.5914321160098894
2022-10-13,Energy,-0.004527867097007143,,1,878355.0,-0.5932820570887021
2022-10-14,Energy,-0.0020899208853624174,,1,1123374.0,-0.5941320654120441
2022-10-17,Energy,0.04131698144515039,,1,946200.0,-0.577362827489492
2022-10-18,Energy,-0.02158227554103065,,1,782849.0,-0.5864842994004958
2022-10-19,Energy,-0.014679843565752693,,1,406715.0,-0.5925546451972792
2022-10-20,Energy,0.01789316037037758,,1,1545376.0,-0.5852641601216286
2022-10-21,Energy,0.011839967011455288,,1,594412.0,-0.5803537014590006
2022-10-24,Energy,-0.00660063118605847,,1,591095.0,-0.5831236319042643
2022-10-25,Energy,-0.03355393347044611,,1,1141639.0,-0.5971114738247498
2022-10-26,Energy,0.02712456955416731,,1,551655.0,-0.5861832959739333
2022-10-27,Energy,-0.03419645638712432,,1,875024.0,-0.6003343608454242
2022-10-28,Energy,0.06329287664636252,,1,735122.0,-0.5750383728466241
2022-10-31,Energy,-0.03301355974745501,,1,723200.0,-0.5890678689150277
2022-11-01,Energy,-0.030510191288053767,,1,786465.0,-0.6016054868408378
2022-11-02,Energy,0.009606151770603422,,1,510490.0,-0.5977784486828552
2022-11-03,Energy,0.01535548581421775,,1,715546.0,-0.5916021413574322
2022-11-04,Energy,-0.02687062784876615,,1,1043534.0,-0.6025760482312497
2022-11-07,Energy,0.04705269894700659,,1,792121.0,-0.5838761786743449
2022-11-08,Energy,0.00927308058896914,,1,2084046.0,-0.5800174289442024
2022-11-09,Energy,-0.006741381267984736,,1,744387.0,-0.582848691581598
2022-11-10,Energy,0.010833212111199586,,1,511865.0,-0.5783296029750371
2022-11-11,Energy,0.033696550763372635,,1,668403.0,-0.5641207650362738
2022-11-14,Energy,0.044746080282690226,,1,450638.0,-0.5446168777950294
2022-11-15,Energy,0.005478578860013572,,1,996890.0,-0.5421220254485103
2022-11-16,Energy,-0.03519119420729855,,1,1270364.0,-0.5582352981741963
2022-11-17,Energy,-0.03475911557803946,,1,1009419.0,-0.5735906485032576
2022-11-18,Energy,-0.039095872952702226,,1,616415.0,-0.5902614943352182
2022-11-21,Energy,-0.017681173814763307,,1,575365.0,-0.5975061520724787
2022-11-22,Energy,0.0011792064772291333,,1,888538.0,-0.5970315287199577
2022-11-23,Energy,0.0060628460244989135,,1,618191.0,-0.5945883929258591
2022-11-24,Energy,0.031367524077226205,,1,599918.0,-0.581871634579774
2022-11-25,Energy,-0.057349988013991604,,1,621459.0,-0.6058512913249339
2022-11-28,Energy,-0.00016670174400768012,,1,1244229.0,-0.6059169966020683
2022-11-29,Energy,0.012907177305128803,,1,641498.0,-0.6008304974042735
2022-11-30,Energy,-0.07771764837429163,,1,1123423.0,-0.6318530124487491
2022-12-01,Energy,0.012705848967783817,,1,868994.0,-0.6271753924269783
2022-12-02,Energy,0.07582075292837187,,1,675467.0,-0.5989075499705669
2022-12-05,Energy,0.02157237999457018,,1,765039.0,-0.590255031225579
2022-12-06,Energy,0.008667447712110699,,1,539359.0,-0.5867035881334262
2022-12-07,Energy,-0.007453726981653697,,1,1120526.0,-0.5897841867499767
2022-12-08,Energy,0.006585549058224505,,1,550805.0,-0.5870826903873592
2022-12-09,Energy,0.04274722818925092,,1,893635.0,-0.5694316199300561
2022-12-12,Energy,-0.00948156964281277,,1,629448.0,-0.5735140840116824
2022-12-13,Energy,0.0332225214292865,,1,591459.0,-0.5593451465284716
2022-12-14,Energy,0.012999034953527833,,1,1018927.0,-0.5536170586857535
2022-12-15,Energy,0.04522738483120081,,1,689479.0,-0.5334283256168508
2022-12-16,Energy,0.03032453977456262,,1,447305.0,-0.5192797543193347
2022-12-19,Energy,0.005386357178837731,,1,819241.0,-0.5166904233730001
2022-12-20,Energy,0.0035989335892951946,,1,580300.0,-0.514951024303649
2022-12-21,Energy,-0.008553588989366756,,1,763316.0,-0.519099933881469
2022-12-22,Energy,0.02721584859722581,,1,992649.0,-0.5060118304915913
2022-12-23,Energy,-0.016231428722634056,,1,828477.0,-0.5140299642547914
2022-12-26,Energy,0.0032851173228880537,,1,935895.0,-0.5124334956719603
2022-12-27,Energy,-0.005230732480867362,,1,488421.0,-0.5149838256227319
2022-12-28,Energy,-0.03705268323547084,,1,1130026.0,-0.5329549762960127
2022-12-29,Energy,0.00624223043672556,,1,661410.0,-0.5300395736337264
2022-12-30,Energy,-0.04215714969353046,,1,521209.0,-0.5498517656780849
2023-01-02,Energy,-0.01229443664411567,,1,352447.0,-0.5553860846254162
2023-01-03,Energy,0.018627540676617205,,1,683287.0,-0.5471040208313861
2023-01-04,Energy,0.0048143787971015595,,1,568802.0,-0.5449236080319841
2023-01-05,Energy,0.004372069121658662,,1,570706.0,-0.5429339825906649
2023-01-06,Energy,-0.02384191229889243,,1,840878.0,-0.5538313104925424
2023-01-09,Energy,0.029210534795247156,,1,1293541.0,-0.540798484463135
2023-01-10,Energy,-0.024436227385026932,,1,581322.0,-0.5520196371123428
2023-01-11,Energy,0.019714666148171522,,1,772881.0,-0.5431878538170759
2023-01-12,Energy,0.03614131836455359,,1,663587.0,-0.5266780606090838
2023-01-13,Energy,-0.04230152137330312,,1,594930.0,-0.546700298744682
2023-01-16,Energy,-0.011137723543977684,,1,540850.0,-0.5517490254998314
2023-01-17,Energy,-0.013686502879793339,,1,1209521.0,-0.5578840137531981
2023-01-18,Energy,0.007697272277140232,,1,729140.0,-0.5544809266289801
2023-01-19,Energy,-0.026024278151703495,,1,722851.0,-0.5660752389162766
2023-01-20,Energy,-0.032178543064979914,,1,633730.0,-0.5800383055277705
2023-01-23,Energy,-0.001354198747288371,,1,727257.0,-0.5806070171283337
2023-01-24,Energy,-0.015425066844434343,,1,613318.0,-0.587076181923216
2023-01-25,Energy,-0.003915008214996241,,1,1281444.0,-0.5886927820631541
2023-01-26,Energy,0.02488087347591761,,1,822696.0,-0.5784590992139358
2023-01-27,Energy,-0.04470931372574927,,1,839458.0,-0.5973059035954149
2023-01-30,Energy,-0.003022634524121992,,1,741833.0,-0.5985231006738675
2023-01-31,Energy,-0.016252579903624054,,1,1102134.0,-0.6050481360596247
2023-02-01,Energy,0.0007875999825111002,,1,706832.0,-0.6047370719784926
2023-02-02,Energy,-0.016142681760850763,,1,645101.0,-0.6111176756374057
2023-02-03,Energy,-0.032587928519549614,,1,817825.0,-0.6237905450262503
2023-02-06,Energy,0.011028771703528895,,1,929836.0,-0.6196414168346358
2023-02-07,Energy,0.07696723115431992,,1,1245996.0,-0.5903662698426175
2023-02-08,Energy,-0.0026570251504659526,,1,763183.0,-0.5914546769661249
2023-02-09,Energy,-0.019999882158082793,,1,806043.0,-0.5996255352830383
2023-02-10,Energy,-0.020084353372555874,,1,1013722.0,-0.6076667975137617
2023-02-13,Energy,0.02604568509599292,,1,336986.0,-0.5974482104691027
2023-02-14,Energy,-0.024181333897264068,,1,781763.0,-0.6071824497026905
2023-02-15,Energy,0.036162693337213,,1,660319.0,-0.5929771090938136
2023-02-16,Energy,-0.045247290470576185,,1,820369.0,-0.6113937920668195
2023-02-17,Energy,0.00546370473994906,,1,802734.0,-0.6092705624865613
2023-02-20,Energy,0.018522491706643995,,1,1088586.0,-0.602033279720677
2023-02-21,Energy,0.02126984531509213,,1,498477.0,-0.5935685891397813
2023-02-22,Energy,0.01932432786428051,,1,605243.0,-0.5857145753019763
2023-02-23,Energy,0.007506922689302087,,1,555845.0,-0.5826045666474635
2023-02-24,Energy,0.03211377740445065,,1,648704.0,-0.569200422611146
2023-02-27,Energy,-0.027342138629708357,,1,509193.0,-0.5809794043777319
2023-02-28,Energy,-0.01772647870535493,,1,1419558.0,-0.5884071640431351
2023-03-01,Energy,-0.011042405609411499,,1,952287.0,-0.5929521390836987
2023-03-02,Energy,0.041260790998489894,,1,632158.0,-0.5761570223680489
2023-03-03,Energy,0.013056546408498626,,1,741093.0,-0.5706230968606811
2023-03-06,Energy,0.019037538558322797,,1,658636.0,-0.5624488175111131
2023-03-07,Energy,-0.004833650465571493,,1,754676.0,-0.5645637869880619
2023-03-08,Energy,0.022776876249214206,,1,602346.0,-0.5546459102498624
2023-03-09,Energy,-0.04289658011661257,,1,507351.0,-0.5737500776410903
2023-03-10,Energy,-0.011205023078899035,,1,617972.0,-0.5785262178585009
2023-03-13,Energy,-0.005895189011037916,,1,1093329.0,-0.581010885467422
2023-03-14,Energy,-0.013018548148769904,,1,472422.0,-0.5864655154287748
2023-03-15,Energy,-0.008775269911453498,,1,1012500.0,-0.5900943921485811
2023-03-16,Energy,0.015292729053674403,,1,878219.0,-0.5838258167501277
2023-03-17,Energy,0.006739924514118423,,1,642381.0,-0.5810208341702987
2023-03-20,Energy,0.033225279900730875,,1,977588.0,-0.5671001341130321
2023-03-21,Energy,-0.057708653058655135,,1,886527.0,-0.5920822022826414
2023-03-22,Energy,0.041391993142965156,,1,420259.0,-0.575197671596631
2023-03-23,Energy,-0.017881302880219607,,1,662451.0,-0.5827936906950342
2023-03-24,Energy,0.036615925640713254,,1,703949.0,-0.5675172954966872
2023-03-27,Energy,-0.011444366298130504,,1,1132646.0,-0.5724667859846292
2023-03-28,Energy,0.010376303327002345,,1,649019.0,-0.5680305716736376
2023-03-29,Energy,-0.02972206982956349,,1,725752.0,-0.5808695971865903
2023-03-30,Energy,-0.03358464490366586,,1,551521.0,-0.5949459429334091
2023-03-31,Energy,0.016242919859200233,,1,730439.0,-0.5883666823458324
2023-04-03,Energy,-0.07372697641919679,,1,606804.0,-0.618715162249877
2023-04-04,Energy,-0.033558042284391965,,1,1082242.0,-0.6315103349574932
2023-04-05,Energy,0.02138727458864187,,1,665861.0,-0.6236293453081525
2023-04-06,Energy,-0.011356556345013646,,1,513459.0,-0.6279036198547701
2023-04-07,Energy,-0.02432661110222656,,1,1100090.0,-0.6369554637871093
2023-04-10,Energy,0.0423498369072739,,1,540690.0,-0.6215805868884166
2023-04-11,Energy,0.052097116380240616,,1,886142.0,-0.601866026683
2023-04-12,Energy,0.00014318139262226026,,1,454546.0,-0.6018090213062504
2023-04-13,Energy,0.03544485938838804,,1,857493.0,-0.5876951980567258
2023-04-14,Energy,0.04219011112784443,,1,1101578.0,-0.570300012644195
2023-04-17,Energy,-0.00032072028188667723,,1,584966.0,-0.5704378261452665
2023-04-18,Energy,-0.014069067572815341,,1,519287.0,-0.5764813653959542
2023-04-19,Energy,0.0025912512341657035,,1,506840.0,-0.5753839222113443
2023-04-20,Energy,-0.04019316277351381,,1,782341.0,-0.5924505853421547
2023-04-21,Energy,0.015877407721200498,,1,1326087.0,-0.5859797571190954
2023-04-24,Energy,-0.009001994963899196,,1,1004345.0,-0.5897067652604617
2023-04-25,Energy,0.0016975451267691177,,1,1013615.0,-0.5890102739792833
2023-04-26,Energy,0.0012962599968611155,,1,516958.0,-0.5884775244383218
2023-04-27,Energy,-0.023365228736990873,,1,1055614.0,-0.5980928412102331
2023-04-28,Energy,-0.0008614643997467697,,1,956955.0,-0.5984390699195339
2023-05-01,Energy,-0.0375564050180619,,1,865509.0,-0.6135202548490655
2023-05-02,Energy,-0.013241457954257796,,1,610662.0,-0.6186378101446539
2023-05-03,Energy,-0.030734226160200384,,1,1037852.0,-0.6303586819366174
2023-05-04,Energy,-0.024172408715913862,,1,621232.0,-0.6392938029551345
2023-05-05,Energy,-0.062457995005473554,,1,1026556.0,-0.6618227888086061
2023-05-08,Energy,-0.011769105994076656,,1,655594.0,-0.6658028322518988
2023-05-09,Energy,0.01359281674471391,,1,549698.0,-0.6612601513940966
2023-05-10,Energy,0.005060783326909846,,1,638133.0,-0.6595458624161118
2023-05-11,Energy,0.030181848217816887,,1,1397031.0,-0.6492703273104271
2023-05-12,Energy,-0.026281242396720472,,1,539788.0,-0.6584879388541043
2023-05-15,Energy,-0.013139809402605507,,1,993440.0,-0.6629753422462523
2023-05-16,Energy,0.025558534807528233,,1,983397.0,-0.6543614858000578
2023-05-17,Energy,-0.002269070711992671,,1,676224.0,-0.6551457640295656
2023-05-18,Energy,0.0052605646682200025,,1,610991.0,-0.6533316360201336
2023-05-19,Energy,0.058745399792140995,,1,574139.0,-0.6329664643828488
2023-05-22,Energy,-0.006916031104978182,,1,1066541.0,-0.6355048797317471
2023-05-23,Energy,-0.013290773158809555,,1,516592.0,-0.6403493016927255
2023-05-24,Energy,-0.027397738640377756,,1,332799.0,-0.6502029175267775
2023-05-25,Energy,-0.007886572216481591,,1,796975.0,-0.6529616174788171
2023-05-26,Energy,0.02845924783484155,,1,513759.0,-0.6430851661424443
2023-05-29,Energy,0.01603355356051428,,1,719902.0,-0.6373625530372471
2023-05-30,Energy,0.03984845805615822,,1,531040.0,-0.6229120099423595
2023-05-31,Energy,0.010135647914612633,,1,614380.0,-0.6190899788423063
2023-06-01,Energy,-0.06199354088398756,,1,859583.0,-0.6427039398120664
2023-06-02,Energy,0.017572414358126176,,1,810695.0,-0.636425385393918
2023-06-05,Energy,0.0030219872569055006,,1,1070318.0,-0.6353266675416441
2023-06-06,Energy,0.00017902872430930472,,1,710530.0,-0.6352613805401445
2023-06-07,Energy,0.033905966596801784,,1,807609.0,-0.622894565092175
2023-06-08,Energy,-0.007474868640478638,,1,675388.0,-0.6257133786817215
2023-06-09,Energy,0.01620244159898454,,1,982110.0,-0.6196490215585309
2023-06-12,Energy,-0.029720152023832713,,1,550680.0,-0.6309531104602248
2023-06-13,Energy,-0.04196100642030576,,1,700891.0,-0.6464386893615972
2023-06-14,Energy,-0.016469714277238423,,1,744638.0,-0.6522617431272977
2023-06-15,Energy,-0.00856489352942924,,1,554782.0,-0.6552400842735218
2023-06-16,Energy,0.015325305854096971,,1,1128605.0,-0.6499565331187807
2023-06-19,Energy,-0.030294290773896337,,1,852007.0,-0.6605608516879831
2023-06-20,Energy,0.04191077124459919,,1,553239.0,-0.6463346951916167
2023-06-21,Energy,-0.02663874672559574,,1,866481.0,-0.6557558956720377
2023-06-22,Energy,-0.0023117450329258604,,1,1058909.0,-0.656551700270332
2023-06-23,Energy,0.0004540403477386601,,1,572786.0,-0.6563957608848925
2023-06-26,Energy,0.008428101162023083,,1,1095003.0,-0.6534998295979304
2023-06-27,Energy,0.012629279262952764,,1,795772.0,-0.6491237821812619
2023-06-28,Energy,0.06284586622542943,,1,896308.0,-0.6270726623345408
2023-06-29,Energy,-0.01657591992534313,,1,1067531.0,-0.633254276021655
2023-06-30,Energy,0.008801984364842586,,1,774511.0,-0.6300261858933247
2023-07-03,Energy,-0.002184742867272438,,1,803257.0,-0.6308344835447719
2023-07-04,Energy,0.027382093256232753,,1,789729.0,-0.6207259589462095
2023-07-05,Energy,0.012576228266594658,,1,435263.0,-0.6159561220303231
2023-07-06,Energy,0.006224327908598504,,1,818122.0,-0.6135657070025502
2023-07-07,Energy,-0.041283162958224096,,1,860456.0,-0.62951893689301
2023-07-10,Energy,-0.01243092003737245,,1,656984.0,-0.6341243573638538
2023-07-11,Energy,-0.026943183114036207,,1,357066.0,-0.6439822118003651
2023-07-12,Energy,-0.012266069180199901,,1,886973.0,-0.6483491506198036
2023-07-13,Energy,-0.022765534302615076,,1,585821.0,-0.6563546700939122
2023-07-14,Energy,-0.014234561284788394,,1,527867.0,-0.6612463106026918
2023-07-17,Energy,-0.011262813299562469,,1,508632.0,-0.6650616301609116
2023-07-18,Energy,-0.01077901797215175,,1,407146.0,-0.6686719368689703
2023-07-19,Energy,-0.008026115706616044,,1,834941.0,-0.671331214240509
2023-07-20,Energy,-0.025597749807833026,,1,1549750.0,-0.6797443955880247
2023-07-21,Energy,0.0011582396581422127,,1,598577.0,-0.6793734628462524
2023-07-24,Energy,-0.024872380635642344,,1,975863.0,-0.6873482081202285
2023-07-25,Energy,-0.01647111347887098,,1,724298.0,-0.6924979312636524
2023-07-26,Energy,-0.0012598248280297764,,1,773983.0,-0.692885330004517
2023-07-27,Energy,-0.07144055456217102,,1,844933.0,-0.7148257723431725
2023-07-28,Energy,0.0692078108574814,,1,1083989.0,-0.6950894883340704
2023-07-31,Energy,0.014680195029539211,,1,515793.0,-0.690613342556258
2023-08-01,Energy,0.008998695318994221,,1,751116.0,-0.6878292662901597
2023-08-02,Energy,-0.014335953137271873,,1,1040658.0,-0.6923045312994518
2023-08-03,Energy,0.002736885063379546,,1,883226.0,-0.6914624041670957
2023-08-04,Energy,-0.0334113129001925,,1,861333.0,-0.701771050322942
2023-08-07,Energy,0.013722735268243857,,1,761015.0,-0.6976785333971973
2023-08-08,Energy,-0.04654994795231704,,1,725974.0,-0.7117515819324259
2023-08-09,Energy,-0.0350472253415256,,1,705712.0,-0.7218538891947786
2023-08-10,Energy,-0.019550605758102635,,1,471566.0,-0.7272918141502809
2023-08-11,Energy,0.04199237156453628,,1,929513.0,-0.715840150681389
2023-08-14,Energy,-0.030416754793122003,,1,1166575.0,-0.7244833711401636
2023-08-15,Energy,0.00938264203045125,,1,797137.0,-0.721898297238135
2023-08-16,Energy,-0.05705768229588615,,1,835514.0,-0.7377661358402665
2023-08-17,Energy,0.0008194055010801726,,1,851699.0,-0.7375512599694045
2023-08-18,Energy,0.04823784776162143,,1,430381.0,-0.7248912976025793
2023-08-21,Energy,0.014000675600556844,,1,635266.0,-0.7210395899054229
2023-08-22,Energy,-0.057342946912984694,,1,813736.0,-0.7370360018923007
2023-08-23,Energy,0.0013378573032807317,,1,427105.0,-0.7366841935869324
2023-08-24,Energy,-0.0127328384074612,,1,773317.0,-0.7400369512001204
2023-08-25,Energy,0.0341318164414377,,1,449131.0,-0.7311639401369263
2023-08-28,Energy,-0.0026455581972892883,,1,880330.0,-0.731875161578824
2023-08-29,Energy,-0.039794634303289556,,1,850301.0,-0.7425450914714233
2023-08-30,Energy,-0.0036482133792361537,,1,677685.0,-0.7434843419132673
2023-08-31,Energy,-0.019169565100041863,,1,943316.0,-0.748401635520141
2023-09-01,Energy,-0.059758424667243126,,1,874860.0,-0.7634367574303123
2023-09-04,Energy,-0.004699211892885358,,1,830204.0,-0.7645484182332152
2023-09-05,Energy,0.0002551821941543242,,1,773468.0,-0.7644883351819629
2023-09-06,Energy,0.010703607579820806,,1,566037.0,-0.7619675107412803
2023-09-07,Energy,0.028341113959747366,,1,1232914.0,-0.7552214048370767
2023-09-08,Energy,-0.007651882961627998,,1,1055187.0,-0.757094421998775
2023-09-11,Energy,-0.04148982215335484,,1,907759.0,-0.7671725312301036
2023-09-12,Energy,-0.023064829710873536,,1,793990.0,-0.772542657149295
2023-09-13,Energy,-0.00038452455167536925,,1,890076.0,-0.77263012008208
2023-09-14,Energy,0.033822559157662635,,1,1141096.0,-0.7649398888678856
2023-09-15,Energy,0.0002411930042700572,,1,1257644.0,-0.7648831940134976
2023-09-18,Energy,-0.0035334919559590894,,1,609810.0,-0.7657139773561616
2023-09-19,Energy,-0.00642253218906641,,1,990178.0,-0.7672186868780401
2023-09-20,Energy,-9.541872465013146e-05,,1,691719.0,-0.7672408985740605
2023-09-21,Energy,0.053097045049677716,,1,507814.0,-0.7548820780799249
2023-09-22,Energy,-0.0022076018165939626,,1,918807.0,-0.7554232008496354
2023-09-25,Energy,-0.007176016068046409,,1,1126147.0,-0.7571782878902098
2023-09-26,Energy,0.0011924484412311198,,1,953876.0,-0.7568887355181073
2023-09-27,Energy,-0.01861943893886442,,1,712430.0,-0.761415330862478
2023-09-28,Energy,-0.043153833968813005,,1,900594.0,-0.7717111740619429
2023-09-29,Energy,-0.04810845370563899,,1,1001773.0,-0.7826937964760986
2023-10-02,Energy,-0.020017793033475617,,1,893603.0,-0.7870437870831304
2023-10-03,Energy,0.032880145328418875,,1,1127944.0,-0.780041755853834
2023-10-04,Energy,0.03248819681854931,,1,1033755.0,-0.7728957091261508
2023-10-05,Energy,-0.030808085842376598,,1,651844.0,-0.7798923576145644
2023-10-06,Energy,-0.004253234093072988,,1,724642.0,-0.7808285269433042
2023-10-09,Energy,0.003778151610290381,,1,617015.0,-0.7800004638894452
2023-10-10,Energy,-0.019966432865397343,,1,789656.0,-0.7843930698576151
2023-10-11,Energy,0.03641377306219695,,1,449472.0,-0.7765420080327734
2023-10-12,Energy,0.021258192146937693,,1,1346622.0,-0.7717916951027652
2023-10-13,Energy,0.010136091871503217,,1,578886.0,-0.7694785547584869
2023-10-16,Energy,0.0020310838956980604,,1,612276.0,-0.7690103463634439
2023-10-17,Energy,-0.04320183561328095,,1,822006.0,-0.778989523408219
2023-10-18,Energy,0.0377523635473056,,1,522715.0,-0.7706458555481628
2023-10-19,Energy,0.016225832010305252,,1,673151.0,-0.76692439372942
2023-10-20,Energy,0.011477974709426464,,1,772391.0,-0.764249157815262
2023-10-23,Energy,-0.02032744814698162,,1,1235025.0,-0.7690413708353796
2023-10-24,Energy,-0.017922725921423188,,1,780593.0,-0.7731807790450846
2023-10-25,Energy,0.013842680294428034,,1,654617.0,-0.7700409930847746
2023-10-26,Energy,0.030690225135757032,,1,553045.0,-0.7629834993905512
2023-10-27,Energy,0.04795133153492137,,1,1542177.0,-0.7516182425905806
2023-10-30,Energy,-0.02025576233688109,,1,770512.0,-0.7566494044374826
2023-10-31,Energy,-0.004273096836952872,,1,736949.0,-0.7576892650976514
2023-11-01,Energy,-0.05793192717490381,,1,552169.0,-0.7717267929457117
2023-11-02,Energy,-0.06810090580797679,,1,1000622.0,-0.7872724051178006
2023-11-03,Energy,0.014669806084322223,,1,621230.0,-0.7841517325520945
2023-11-06,Energy,-0.023525480425936607,,1,1181753.0,-0.7892296667429125
2023-11-07,Energy,-0.05457440816477632,,1,949557.0,-0.8007323329391107
2023-11-08,Energy,-0.03211051006065746,,1,807971.0,-0.8071309193670332
2023-11-09,Energy,0.00963613423562859,,1,491132.0,-0.8052724070161517
2023-11-10,Energy,0.010775148970616266,,1,711526.0,-0.8031741881930611
2023-11-13,Energy,-0.04525985150452527,,1,756142.0,-0.8120824952077008
2023-11-14,Energy,0.034410241566664945,,1,812559.0,-0.8056162084731928
2023-11-15,Energy,-0.01915603723647752,,1,415682.0,-0.8093398316218481
2023-11-16,Energy,0.007753236899336935,,1,552900.0,-0.8078615981691448
2023-11-17,Energy,0.0011747884206179116,,1,613886.0,-0.8076358761995178
2023-11-20,Energy,-0.00018883204794895025,,1,825247.0,-0.807672200710967
2023-11-21,Energy,-0.025844191223764024,,1,428636.0,-0.8126427571334385
2023-11-22,Energy,-0.0005425758069097508,,1,1076206.0,-0.8127444126406672
2023-11-23,Energy,0.007599635970397811,,1,1053832.0,-0.8113213383433132
2023-11-24,Energy,-0.0053942604180716724,,1,535278.0,-0.8123391201796226
2023-11-27,Energy,0.002929639558584496,,1,1501943.0,-0.8117893414425021
2023-11-28,Energy,0.03067851073142891,,1,832641.0,-0.8060153187341765
2023-11-29,Energy,-0.012933550888635903,,1,713681.0,-0.8085242294809439
2023-11-30,Energy,0.018245381808009498,,1,894775.0,-0.805030680940841
2023-12-01,Energy,-0.005701866304192671,,1,818476.0,-0.8061423699315358
2023-12-04,Energy,0.03962579968902258,,1,822660.0,-0.7984606063142542
2023-12-05,Energy,-0.0388479078274927,,1,572456.0,-0.8062899901037668
2023-12-06,Energy,0.03627843081759652,,1,690359.0,-0.7992624949110704
2023-12-07,Energy,-0.014607798137294403,,1,824794.0,-0.8021948278639935
2023-12-08,Energy,0.0586790180219634,,1,1072171.0,-0.7905878146033872
2023-12-11,Energy,0.012199319983027923,,1,1133277.0,-0.7880331283453887
2023-12-12,Energy,0.02370399662341005,,1,662877.0,-0.7830086663354131
2023-12-13,Energy,-0.0043296986443466245,,1,736369.0,-0.7839481734186157
2023-12-14,Energy,0.019003914791757115,,1,615483.0,-0.7798423429156596
2023-12-15,Energy,0.018992624920161294,,1,1041713.0,-0.7756609711113551
2023-12-18,Energy,-0.0038167213765278873,,1,653955.0,-0.776517210678504
2023-12-19,Energy,0.021321050789523843,,1,633132.0,-0.771752322776796
2023-12-20,Energy,-0.09304574858803616,,1,925032.0,-0.7929897987675094
2023-12-21,Energy,-0.017726654415183618,,1,452578.0,-0.7966593970651754
2023-12-22,Energy,0.0007249577825256814,,1,836763.0,-0.7965119837125743
2023-12-25,Energy,0.014046146580718455,,1,674106.0,-0.7936537612083815
2023-12-26,Energy,0.02707984405854824,,1,1760643.0,-0.7880659372398365
2023-12-27,Energy,-0.0068741842299828715,,1,601850.0,-0.7895228110318586
2023-12-28,Energy,-0.010693213728427575,,1,676160.0,-0.7917734885984535
2023-12-29,Energy,0.02429381509185169,,1,1033364.0,-0.7867148722332431
2024-01-01,Energy,0.032057240542308074,,1,983856.0,-0.7798775395883273
2024-01-02,Energy,0.02064364232163518,,1,1028564.0,-0.7753334102486303
2024-01-03,Energy,-0.004111290449386074,,1,660761.0,-0.7762570798533713
2024-01-04,Energy,0.07078842175826416,,1,610047.0,-0.7604186716566061
2024-01-05,Energy,0.0023316095933649805,,1,1591572.0,-0.7598600615330495
2024-01-08,Energy,0.006131994873876723,,1,844025.0,-0.7583875246613572
2024-01-09,Energy,0.045403436452872814,,1,863043.0,-0.7474174879910978
2024-01-10,Energy,0.04249556540083543,,1,1019221.0,-0.7366838513329161
2024-01-11,Energy,0.019746758682946952,,1,508590.0,-0.7314842108878643
2024-01-12,Energy,-0.024866468447326096,,1,665189.0,-0.73816125028543
2024-01-15,Energy,0.003255030595941788,,1,524200.0,-0.737308957143906
2024-01-16,Energy,0.01447715891280299,,1,778714.0,-0.7335059371715084
2024-01-17,Energy,0.05425088138673173,,1,545885.0,-0.7190483993787316
2024-01-18,Energy,0.08191094309324787,,1,1082371.0,-0.696035388808286
2024-01-19,Energy,-0.016475564157402922,,1,1062479.0,-0.7010433772615551
2024-01-22,Energy,0.02377091207835247,,1,1072729.0,-0.6939369056671982
2024-01-23,Energy,-0.022463235178467267,,1,864712.0,-0.7008120729346454
2024-01-24,Energy,-0.003330239977514582,,1,759503.0,-0.7018084405301481
2024-01-25,Energy,-0.02391907200448562,,1,671127.0,-0.7089409059122374
2024-01-26,Energy,0.04640965285923082,,1,925163.0,-0.6954329543941021
2024-01-29,Energy,0.006725314701732765,,1,700705.0,-0.6933846451646255
2024-01-30,Energy,0.008267026377267506,,1,415159.0,-0.6908498479385261
2024-01-31,Energy,0.0014972588876600579,,1,592596.0,-0.6903869701257306
2024-02-01,Energy,0.010564152087408463,,1,928850.0,-0.6871161709898955
2024-02-02,Energy,0.01151148260269319,,1,523892.0,-0.6835144142355817
2024-02-05,Energy,-0.018864888584248285,,1,531918.0,-0.6894848795495481
2024-02-06,Energy,-0.04666155737679101,,1,762164.0,-0.7039739986588079
2024-02-07,Energy,-0.03666993476696545,,1,411065.0,-0.714829252817315
2024-02-08,Energy,-0.04452372963621998,,1,1001553.0,-0.7275261180650358
2024-02-09,Energy,0.005535367914442757,,1,874699.0,-0.7260178748814493
2024-02-12,Energy,-0.022504538672646124,,1,1006807.0,-0.7321837162117935
2024-02-13,Energy,0.02730402743772742,,1,820699.0,-0.7248712530509701
2024-02-14,Energy,0.00680376511801728,,1,560817.0,-0.7229993416795145
2024-02-15,Energy,-0.05075383445200765,,1,565530.0,-0.7370581872350096
2024-02-16,Energy,-0.011248661336074162,,1,865693.0,-0.7400159306378964
2024-02-19,Energy,-0.0587224811103495,,1,1034784.0,-0.7552828402400042
2024-02-20,Energy,-0.031590448655548053,,1,555890.0,-0.763013565110534
2024-02-21,Energy,-0.013460667045029462,,1,507471.0,-0.7662035606047697
2024-02-22,Energy,-0.026077818396083363,,1,761027.0,-0.7723004616929694
2024-02-23,Energy,0.052389263788652496,,1,855778.0,-0.7603714505160479
2024-02-26,Energy,0.02089130501230896,,1,998550.0,-0.7553652973991215
2024-02-27,Energy,-0.008956991147016202,,1,889168.0,-0.7575564882645706
2024-02-28,Energy,0.03969070489368565,,1,775529.0,-0.7479337343868908
2024-02-29,Energy,-0.026884647359287195,,1,1046571.0,-0.7547104470490716
2024-03-01,Energy,-0.009077829653114766,,1,656591.0,-0.7569371438264488
2024-03-04,Energy,0.023805368800845716,,1,693305.0,-0.7511509428934505
2024-03-05,Energy,-0.03079813786810348,,1,1000151.0,-0.7588150304625656
2024-03-06,Energy,0.019123595165269958,,1,1000354.0,-0.7542027067451837
2024-03-07,Energy,0.008248769660337274,,1,977128.0,-0.7521751814899904
2024-03-08,Energy,0.016435510338342674,,1,705803.0,-0.7481020541232712
2024-03-11,Energy,0.04996306037680309,,1,833976.0,-0.7355164618446397
2024-03-12,Energy,0.012760926261739636,,1,568338.0,-0.7321414069167951
2024-03-13,Energy,0.003625960202589207,,1,939980.0,-0.7311701623183539
2024-03-14,Energy,-0.04138125724518371,,1,668265.0,-0.742294678986639
2024-03-15,Energy,0.0059615763528204635,,1,396951.0,-0.7407583490388898
2024-03-18,Energy,-0.013174454095648214,,1,646452.0,-0.744173716269157
2024-03-19,Energy,-0.0032820141433025363,,1,554528.0,-0.7450133417505902
2024-03-20,Energy,-0.0129939103296417,,1,327406.0,-0.748326615523138
2024-03-21,Energy,0.013758360535151892,,1,622321.0,-0.7448640023624034
2024-03-22,Energy,-0.027332411926979217,,1,971266.0,-0.751837484547235
2024-03-25,Energy,0.006010525644546405,,1,818139.0,-0.7503458973840911
2024-03-26,Energy,-0.028745114062612376,,1,872460.0,-0.7575222330399844
2024-03-27,Energy,-0.04973679152453314,,1,1251171.0,-0.7695822991846091
2024-03-28,Energy,-0.0093426829341402,,1,613415.0,-0.7717350187057408
2024-03-29,Energy,0.012992624792773189,,1,523048.0,-0.7687692574504552
2024-04-01,Energy,-0.021409908696864433,,1,876112.0,-0.773719886536349
2024-04-02,Energy,0.003918459475679592,,1,799401.0,-0.7728332170815896
2024-04-03,Energy,-0.009931705692188042,,1,499968.0,-0.7750893707125764
2024-04-04,Energy,-0.028574559141669953,,1,731040.0,-0.7815160927907401
2024-04-05,Energy,0.015582155184874047,,1,873310.0,-0.7781116426432078
2024-04-08,Energy,-0.01792583135200254,,1,812305.0,-0.7820891759161586
2024-04-09,Energy,0.010517679093060561,,1,912040.0,-0.7797972597975402
2024-04-10,Energy,-0.040350791258060736,,1,650453.0,-0.7886826146019027
2024-04-11,Energy,0.003924550453160647,,1,469295.0,-0.7878532888612779
2024-04-12,Energy,0.017427568502895507,,1,567943.0,-0.7841560875202438
2024-04-15,Energy,0.009884189721316883,,1,947269.0,-0.7820226453391026
2024-04-16,Energy,0.024876519850664636,,1,1040784.0,-0.7766001273488854
2024-04-17,Energy,0.01802735847241066,,1,711564.0,-0.7725728177619129
2024-04-18,Energy,0.008427117328408507,,1,1145737.0,-0.7706562622135231
2024-04-19,Energy,0.02358652268677064,,1,724001.0,-0.7652468409391536
2024-04-22,Energy,-0.010230502817342613,,1,627378.0,-0.7676484837943057
2024-04-23,Energy,0.014583589294864918,,1,485218.0,-0.7642599647099226
2024-04-24,Energy,0.0007354436559992017,,1,695442.0,-0.7640865911965036
2024-04-25,Energy,0.05143827565419645,,1,1126322.0,-0.7519516122439482
2024-04-26,Energy,0.007714016929865286,,1,1062614.0,-0.7500381627813723
2024-04-29,Energy,-0.035506654568477014,,1,1082531.0,-0.7589134713907959
2024-04-30,Energy,0.007146730015682445,,1,842284.0,-0.7571904910604078
2024-05-01,Energy,-0.026240075129371765,,1,1236265.0,-0.7635618308171086
2024-05-02,Energy,0.020328331400566668,,1,563206.0,-0.7587554373582155
2024-05-03,Energy,0.020827547999541896,,1,1076175.0,-0.7537309046501652
2024-05-06,Energy,-0.016754344818608935,,1,811162.0,-0.7578569819918233
2024-05-07,Energy,-0.028641406239257816,,1,821110.0,-0.7647922985385954
2024-05-08,Energy,0.003812401877661964,,1,468488.0,-0.7638955922559034
2024-05-09,Energy,-0.024929972819010437,,1,845209.0,-0.7697816687234122
2024-05-10,Energy,-0.023113744111175394,,1,1073097.0,-0.7751028763222412
2024-05-13,Energy,-0.0138985458010773,,1,390446.0,-0.778228619296207
2024-05-14,Energy,0.017440077953926103,,1,948344.0,-0.7743609091287831
2024-05-15,Energy,-0.04100924690709251,,1,401641.0,-0.7836141983182127
2024-05-16,Energy,-0.020785804404472308,,1,492911.0,-0.7881119512678751
2024-05-17,Energy,0.06663449505473129,,1,827994.0,-0.7739928981324777
2024-05-20,Energy,0.054299107895897425,,1,1327141.0,-0.7617209141229341
2024-05-21,Energy,0.033672213172425636,,1,752094.0,-0.7536975299487508
2024-05-22,Energy,0.001345655452772876,,1,820631.0,-0.753366091686895
2024-05-23,Energy,0.020979987255515198,,1,574292.0,-0.7481917154337081
2024-05-24,Energy,-0.010534281022018699,,1,690826.0,-0.7508443346670018
2024-05-27,Energy,-0.0748553574560219,,1,855065.0,-0.7694949710576964
2024-05-28,Energy,-0.01567704548294313,,1,1211699.0,-0.7731086088804721
2024-05-29,Energy,-0.01300907605330559,,1,589428.0,-0.7760602562433863
2024-05-30,Energy,0.0009142065177936143,,1,584082.0,-0.775855529070051
2024-05-31,Energy,0.013521605164715123,,1,1020315.0,-0.7728247360342823
2024-06-03,Energy,0.04590211025936952,,1,749963.0,-0.7623969120195264
2024-06-04,Energy,0.0010126753485870665,,1,736596.0,-0.7621562972295804
2024-06-05,Energy,-0.02769014259579039,,1,876039.0,-0.7687422232748042
2024-06-06,Energy,-0.005300318538675741,,1,595784.0,-0.7699679631559937
2024-06-07,Energy,0.017988871305175014,,1,404202.0,-0.7658299464491396
2024-06-10,Energy,-0.0029795147170670333,,1,988809.0,-0.7665276595699907
2024-06-11,Energy,-0.022145269568500048,,1,783852.0,-0.7716979674856019
2024-06-12,Energy,0.014674941852300893,,1,505246.0,-0.768347648433691
2024-06-13,Energy,-0.03155146793601182,,1,981344.0,-0.7756566201764371
2024-06-14,Energy,-0.024226043254475194,,1,1391286.0,-0.7810915725998979
2024-06-17,Energy,0.011667401998347371,,1,1050730.0,-0.7785374799765948
2024-06-18,Energy,-0.02163770688325517,,1,1411249.0,-0.7833294210704883
2024-06-19,Energy,-0.009642542685445288,,1,505344.0,-0.7854186763764963
2024-06-20,Energy,0.0005725831884413335,,1,766346.0,-0.785295810718036
2024-06-21,Energy,-0.0010305712728548855,,1,792026.0,-0.7855170786876715
2024-06-24,Energy,-0.02669645150410971,,1,740311.0,-0.7912430115949459
2024-06-25,Energy,0.009249542933320143,,1,661230.0,-0.7893121048680627
2024-06-26,Energy,-0.025306812013651925,,1,314307.0,-0.7946439438237187
2024-06-27,Energy,0.0458943251072661,,1,1341840.0,-0.7852192662188184
2024-06-28,Energy,-0.01099674706255338,,1,451456.0,-0.7875811556221197
2024-07-01,Energy,0.016984938963568563,,1,978349.0,-0.7839732345156496
2024-07-02,Energy,0.02045740217283787,,1,755899.0,-0.7795538880940389
2024-07-03,Energy,-0.009706949020855782,,1,723871.0,-0.781693747264156
2024-07-04,Energy,-0.026679913319471282,,1,720834.0,-0.7875181391642468
2024-07-05,Energy,0.02036080202039292,,1,799551.0,-0.7831918380628454
2024-07-08,Energy,-0.0393086633631069,,1,961759.0,-0.791714277114807
2024-07-09,Energy,-0.03507211602439153,,1,1043781.0,-0.7990192981540607
2024-07-10,Energy,0.016959654010249237,,1,718317.0,-0.7956107349880166
2024-07-11,Energy,-0.005434902185262103,,1,502492.0,-0.7967215706510743
2024-07-12,Energy,-0.019466349385947268,,1,517945.0,-0.8006786595794071
2024-07-15,Energy,-0.013693601072119477,,1,1009282.0,-0.8034080865002868
2024-07-16,Energy,-0.021922799033435636,,1,697398.0,-0.8077179315115396
2024-07-17,Energy,0.06060192017944699,,1,616873.0,-0.796065268945063
2024-07-18,Energy,0.02836560406591837,,1,616586.0,-0.7902805371086691
2024-07-19,Energy,-0.02272179406589092,,1,737177.0,-0.7950457395560951
2024-07-22,Energy,-0.008536311267879126,,1,495382.0,-0.7967952929189224
2024-07-23,Energy,0.016677801325028607,,1,738436.0,-0.7934062851859135
2024-07-24,Energy,-0.026921741138798416,,1,1117269.0,-0.798968147697041
2024-07-25,Energy,-0.015358537674029171,,1,716582.0,-0.8020557029743159
2024-07-26,Energy,-0.008133458521418224,,1,427900.0,-0.8036656747037256
2024-07-29,Energy,-0.024303956081040856,,1,988082.0,-0.808437375522927
2024-07-30,Energy,0.030528465600969,,1,1081110.0,-0.8025892625311474
2024-07-31,Energy,-0.019673394262884614,,1,1065580.0,-0.8064730018010989
2024-08-01,Energy,-0.003096478151806248,,1,729237.0,-0.8070722539228065
2024-08-02,Energy,0.0033664403353648176,,1,1443098.0,-0.8064227741766012
2024-08-05,Energy,0.04410608033084218,,1,1002361.0,-0.7978848415042128
2024-08-06,Energy,-0.0022609443052165057,,1,1752423.0,-0.7983418126208118
2024-08-07,Energy,0.05937680435564041,,1,1254461.0,-0.7863679938820847
2024-08-08,Energy,-0.009923756470010425,,1,1047274.0,-0.7884880258849987
2024-08-09,Energy,-0.005989516610113488,,1,599483.0,-0.7897548803671983
2024-08-12,Energy,0.026108201590772095,,1,575974.0,-0.7842657584003492
2024-08-13,Energy,0.05336406022549278,,1,852529.0,-0.7727533033389244
2024-08-14,Energy,-0.007201476256396777,,1,684488.0,-0.7743898150292737
2024-08-15,Energy,0.03440299901466015,,1,666476.0,-0.7666281480580286
2024-08-16,Energy,0.023625542188094872,,1,731055.0,-0.7611146115244597
2024-08-19,Energy,-0.020960288051265596,,1,710967.0,-0.7661217180781454
2024-08-20,Energy,-0.0003701345914151055,,1,586472.0,-0.7662082845204655
2024-08-21,Energy,-0.0009961860393266075,,1,867137.0,-0.7664411845635364
2024-08-22,Energy,-0.02846638597202744,,1,614924.0,-0.7730897599509203
2024-08-23,Energy,0.004683369657445091,,1,710567.0,-0.7720270554177109
2024-08-26,Energy,0.0023498684684017945,,1,496587.0,-0.7714913489835883
2024-08-27,Energy,0.010520706195533469,,1,754575.0,-0.7690872766031069
2024-08-28,Energy,0.00206779230006493,,1,758722.0,-0.7686097970516798
2024-08-29,Energy,-0.018367788432557486,,1,561322.0,-0.772859923344801
2024-08-30,Energy,0.06794930012954259,,1,872811.0,-0.7574259141047097
2024-09-02,Energy,0.006146576072880494,,1,702033.0,-0.7559349140324448
2024-09-03,Energy,0.03617020737406884,,1,685291.0,-0.7471070292602284
2024-09-04,Energy,0.012276687644999118,,1,642796.0,-0.7440023412508403
2024-09-05,Energy,0.04191141104433105,,1,913998.0,-0.7332731181486178
2024-09-06,Energy,-0.02138302782282897,,1,761836.0,-0.7389765464843424
2024-09-09,Energy,-0.0023334183074096293,,1,952722.0,-0.7395856233894391
2024-09-10,Energy,-0.012290727385523503,,1,539344.0,-0.7427863054996307
2024-09-11,Energy,-0.015725632691784952,,1,702668.0,-0.7468311535826404
2024-09-12,Energy,0.00754819948120411,,1,603728.0,-0.7449201846274558
2024-09-13,Energy,-0.006694506449119064,,1,737362.0,-0.7466278180965075
2024-09-16,Energy,-0.03943502738285043,,1,860593.0,-0.7566195570279243
2024-09-17,Energy,-0.008261206556739342,,1,510281.0,-0.7586301731391873
2024-09-18,Energy,-0.010569884058997947,,1,874959.0,-0.7611814242244465
2024-09-19,Energy,0.02454927478743585,,1,1458195.0,-0.7553186013833884
2024-09-20,Energy,-0.03998312929973946,,1,836749.0,-0.7651017293815174
2024-09-23,Energy,-0.014088035647745079,,1,570268.0,-0.7684109845915843
2024-09-24,Energy,-0.020672357883204318,,1,690646.0,-0.7731984755999259
2024-09-25,Energy,0.020784920609171254,,1,684228.0,-0.7684844239212314
2024-09-26,Energy,-0.014990657970745946,,1,607201.0,-0.7719549947371285
2024-09-27,Energy,0.02913272741320516,,1,958778.0,-0.7653114217608623
2024-09-30,Energy,-0.0011736910311901383,,1,412248.0,-0.7655868736402643
2024-10-01,Energy,0.013710156686858932,,1,801996.0,-0.762373032948416
2024-10-02,Energy,0.030786232202219432,,1,1142002.0,-0.7550573939632567
2024-10-03,Energy,-0.03319661517652006,,1,1127539.0,-0.7631886593961924
2024-10-04,Energy,-0.006721168360696694,,1,984732.0,-0.7647803082861129
2024-10-07,Energy,0.011806192925742254,,1,602946.0,-0.7620032592258051
2024-10-08,Energy,0.005617717257851984,,1,1117703.0,-0.7606662608278454
2024-10-09,Energy,-0.035826477693461256,,1,877546.0,-0.7692407456955892
2024-10-10,Energy,0.01944186844905227,,1,1151387.0,-0.7647543546300015
2024-10-11,Energy,0.001454685179562487,,1,986219.0,-0.7644121462761251
2024-10-14,Energy,0.003686603626816609,,1,788689.0,-0.7635436272401528
2024-10-15,Energy,-0.00600524014394177,,1,671486.0,-0.7649636045421411
2024-10-16,Energy,-0.08808078000663833,,1,1823951.0,-0.785665793584018
2024-10-17,Energy,0.015253943013606719,,1,435214.0,-0.782396351813482
2024-10-18,Energy,0.0164340300763981,,1,707078.0,-0.7788202469144507
2024-10-21,Energy,-0.01155234520077808,,1,481787.0,-0.7813753917735179
2024-10-22,Energy,-0.04102543402412706,,1,825694.0,-0.790344561214364
2024-10-23,Energy,-0.014712286227666738,,1,824898.0,-0.7934290720389654
2024-10-24,Energy,0.0277169549372418,,1,634001.0,-0.7877035549373252
2024-10-25,Energy,-0.011175589422662946,,1,618759.0,-0.7900760928432367
2024-10-28,Energy,0.000755952876032584,,1,478730.0,-0.7899174002618734
2024-10-29,Energy,-0.009116216824948786,,1,835149.0,-0.7918325587922351
2024-10-30,Energy,0.008875329240424668,,1,633610.0,-0.7899850042143794
2024-10-31,Energy,-0.03637680796749321,,1,893687.0,-0.7976246793863669
2024-11-01,Energy,-0.005475631656361557,,1,616598.0,-0.7987328120983852
2024-11-04,Energy,0.030524953157002876,,1,834495.0,-0.7925891406156468
2024-11-05,Energy,-0.025293383009718062,,1,953431.0,-0.79783526292243
2024-11-06,Energy,-0.00748718567837825,,1,837833.0,-0.7993489078465503
2024-11-07,Energy,0.029323110604596803,,1,822676.0,-0.7934651936784015
2024-11-08,Energy,0.02083324853174795,,1,731178.0,-0.7891624027278472
2024-11-11,Energy,0.01267365670006737,,1,850246.0,-0.7864903194005529
2024-11-12,Energy,0.010912185870875613,,1,611831.0,-0.7841604620806204
2024-11-13,Energy,0.01047325422955736,,1,690433.0,-0.7818999197272005
2024-11-14,Energy,-0.006257885049153256,,1,802419.0,-0.7832647649587589
2024-11-15,Energy,0.03068702051203842,,1,1229401.0,-0.7766138063553668
2024-11-18,Energy,-0.01285792904648797,,1,613579.0,-0.7794860901832146
2024-11-19,Energy,-0.027434184166390763,,1,589092.0,-0.7855357093963791
2024-11-20,Energy,-0.03823613650815272,,1,861962.0,-0.7937359952880233
2024-11-21,Energy,-0.01696408542482364,,1,1071519.0,-0.7972350754840235
2024-11-22,Energy,-0.017317297703626555,,1,952636.0,-0.80074641604572
2024-11-25,Energy,-0.019591028795639787,,1,756515.0,-0.8046499987466027
2024-11-26,Energy,-0.03246114707375569,,1,1125152.0,-0.8109912838681477
2024-11-27,Energy,0.01050115437082999,,1,425398.0,-0.8090064741626146
2024-11-28,Energy,-0.02610879619454587,,1,1036804.0,-0.8139930852031807
2024-11-29,Energy,0.015337041109859895,,1,675723.0,-0.8111402895042237
2024-12-02,Energy,0.02012083193845693,,1,909288.0,-0.8073402750093925
2024-12-03,Energy,0.07146580994232199,,1,1166423.0,-0.7935716917196738
2024-12-04,Energy,-0.012471803498082412,,1,780474.0,-0.7961462250169875
2024-12-05,Energy,-0.004295292020977448,,1,734288.0,-0.7970218365101183
2024-12-06,Energy,-0.020559764579079154,,1,670121.0,-0.801195019766164
2024-12-09,Energy,-0.032348736663770916,,1,1293525.0,-0.8076261097191946
2024-12-10,Energy,-0.011519415824772117,,1,814335.0,-0.8098421445551682
2024-12-11,Energy,-0.021382434865922506,,1,807491.0,-0.8139081825134609
2024-12-12,Energy,-0.03269464906952391,,1,1225930.0,-0.8199923891808931
2024-12-13,Energy,0.00669308713961958,,1,622774.0,-0.8187875825558861
2024-12-16,Energy,-0.029589251442702746,,1,717067.0,-0.82414952234018
2024-12-17,Energy,0.01582023360171947,,1,985011.0,-0.8213675267046278
2024-12-18,Energy,0.023858781892859282,,1,1295293.0,-0.8171055734852914
2024-12-19,Energy,-0.023842067942220213,,1,770854.0,-0.8214661548285085
2024-12-20,Energy,0.03890417242771105,,1,890176.0,-0.8145204433317745
2024-12-23,Energy,0.01125420781775155,,1,455653.0,-0.8124330178550859
2024-12-24,Energy,-0.0018890348491227282,,1,1048767.0,-0.8127873384209024
2024-12-25,Energy,-0.049179560007101664,,1,588588.0,-0.8219943747451208
2024-12-26,Energy,-0.04736507802026202,,1,689584.0,-0.8304256250733637
2024-12-27,Energy,0.043732355377876564,,1,849674.0,-0.8230097382460908
2024-12-30,Energy,0.03671743489567736,,1,648617.0,-0.8165111098329728
2024-12-31,Energy,0.04447984629640933,,1,449643.0,-0.8083495522012447
2025-01-01,Energy,0.0516231720053113,,1,565850.0,-0.7984559481696346
2025-01-02,Energy,0.03824424239566837,,1,815012.0,-0.7907480485980289
2025-01-03,Energy,0.006740492040307355,,1,1134514.0,-0.7893375874851852
2025-01-06,Energy,0.015651775634488496,,1,1136470.0,-0.7860403466698833
2025-01-07,Energy,-0.01884077586945354,,1,841044.0,-0.7900715125433819
2025-01-08,Energy,0.006746540140543988,,1,759081.0,-0.7886552215761122
2025-01-09,Energy,0.02080293143532619,,1,958039.0,-0.7842586306413459
2025-01-10,Energy,0.021335801378653985,,1,1124166.0,-0.7796556156355507
2025-01-13,Energy,-0.0033464090895324317,,1,742603.0,-0.7803929780862154
2025-01-14,Energy,-0.05613778853767715,,1,867944.0,-0.7927212306438005
2025-01-15,Energy,-0.04182181425297504,,1,849218.0,-0.8013900048344007
2025-01-16,Energy,0.013328355267246739,,1,999388.0,-0.7987428602592075
2025-01-17,Energy,-0.013879113094251272,,1,490441.0,-0.8015361308626954
2025-01-20,Energy,0.01857421019761829,,1,753099.0,-0.7978498212407066
2025-01-21,Energy,-0.03361503489272066,,1,881225.0,-0.8046451065532699
2025-01-22,Energy,0.03788038473835509,,1,447962.0,-0.7972449880289874
2025-01-23,Energy,-0.025863108376909638,,1,1007194.0,-0.8024888628775553
2025-01-24,Energy,0.04106682404858408,,1,1101130.0,-0.7943777077617121
2025-01-27,Energy,-0.04288246254142103,,1,446858.0,-0.8031952980063016
2025-01-28,Energy,0.01685878213530634,,1,658778.0,-0.799877410412186
2025-01-29,Energy,-0.025692617941472373,,1,682173.0,-0.8050190836479237
2025-01-30,Energy,-0.00011420791789451545,,1,543887.0,-0.8050413520124096
2025-01-31,Energy,0.02997220083522989,,1,617618.0,-0.7991980122603606
2025-02-03,Energy,0.025132363419935633,,1,652637.0,-0.7941513837290425
2025-02-04,Energy,-0.022688122214097994,,1,910402.0,-0.798821702292601
2025-02-05,Energy,-0.01685129533477636,,1,1084205.0,-0.8022118172022159
2025-02-06,Energy,-0.04347214387752096,,1,946894.0,-0.8108100935420746
2025-02-07,Energy,-0.04954960798596986,,1,619854.0,-0.8201843792419671
2025-02-10,Energy,-0.022986401998767114,,1,962034.0,-0.8243176933863691
2025-02-11,Energy,-0.02356495806936687,,1,911017.0,-0.828457639575249
2025-02-12,Energy,-0.0416291256367205,,1,331226.0,-0.8355987980493904
2025-02-13,Energy,-0.005560123582553644,,1,1046880.0,-0.8365128890493563
2025-02-14,Energy,-0.0007668942152645464,,1,740564.0,-0.8366382663690146
2025-02-17,Energy,-0.00023666211583217578,,1,747670.0,-0.8366769279025417
2025-02-18,Energy,-0.02201933064167938,,1,448608.0,-0.8402731926284706
2025-02-19,Energy,-0.01592255014558297,,1,1206999.0,-0.8428164507284376
2025-02-20,Energy,-0.008651719755272791,,1,805746.0,-0.8441763587468742
2025-02-21,Energy,0.02278356008347826,,1,956906.0,-0.8406261414539573
2025-02-24,Energy,-0.01863152477204255,,1,503864.0,-0.8435955194474738
2025-02-25,Energy,-0.04640895619913965,,1,942879.0,-0.8508540881347852
2025-02-26,Energy,-0.008772405369521619,,1,854524.0,-0.8521624565328738
2025-02-27,Energy,-0.011961543191537083,,1,701796.0,-0.8539308216943866
2025-02-28,Energy,-0.044644688108622654,,1,546096.0,-0.8604520346021235
2025-03-03,Energy,-0.010938283087759237,,1,719753.0,-0.8619784497519664
2025-03-04,Energy,-0.024401735428975058,,1,572027.0,-0.8653464151046159
2025-03-05,Energy,-0.0020280945971391517,,1,579204.0,-0.8656195053126275
2025-03-06,Energy,0.011770323368595514,,1,1040823.0,-0.8640378034357253
2025-03-07,Energy,-0.014744244680023555,,1,760793.0,-0.8660424633291025
2025-03-10,Energy,0.014300334255812563,,1,722559.0,-0.8641268257786234
2025-03-11,Energy,-0.0083547955051958,,1,511412.0,-0.8652620183638848
2025-03-12,Energy,-0.007202031706116996,,1,715292.0,-0.8662324055796463
2025-03-13,Energy,-0.008439094787171864,,1,695758.0,-0.8673612829884116
2025-03-14,Energy,-0.005244915797122274,,1,537095.0,-0.8680569618905758
2025-03-17,Energy,-0.038030693826945794,,1,1095095.0,-0.8730748471755123
2025-03-18,Energy,-0.05057733680403842,,1,1115949.0,-0.8794943833788205
2025-03-19,Energy,0.031125672134705518,,1,615219.0,-0.8757435650654791
2025-03-20,Energy,0.0059969286692636015,,1,813735.0,-0.8749984080884798
2025-03-21,Energy,-0.014912263866964648,,1,425389.0,-0.876862464810855
2025-03-24,Energy,0.02960952694191432,,1,850334.0,-0.8732164206451111
2025-03-25,Energy,0.07954466345457156,,1,1111502.0,-0.8631314634937605
2025-03-26,Energy,-0.04145616328999502,,1,569890.0,-0.8688055078924258
2025-03-27,Energy,-0.0009483038632028817,,1,715085.0,-0.8689299201361224
2025-03-28,Energy,0.018627437553365267,,1,778768.0,-0.8664884204083434
2025-03-31,Energy,-0.045063401845289563,,1,1917147.0,-0.8725049063704815
2025-04-01,Energy,-0.04219201433128139,,1,1734513.0,-0.8778841811880662
2025-04-02,Energy,0.02654693886902959,,1,844090.0,-0.8746423800111244
2025-04-03,Energy,-0.0013714415795588186,,1,584089.0,-0.8748143006634916
2025-04-04,Energy,-0.01910019567845911,,1,807636.0,-0.8772053720169637
2025-04-07,Energy,-0.045355192289531665,,1,1130603.0,-0.8827747459812558
2025-04-08,Energy,0.009177737936333585,,1,441433.0,-0.8816988833203516
2025-04-09,Energy,-0.03872396303466896,,1,423066.0,-0.8862799713896145
2025-04-10,Energy,-0.02811780659473928,,1,545798.0,-0.8894775291600294
2025-04-11,Energy,-0.02636527707479419,,1,962835.0,-0.8923914847267161
2025-04-14,Energy,-0.00926309312477469,,1,933235.0,-0.8933882724247113
2025-04-15,Energy,-0.030395477409024818,,1,884488.0,-0.896628786781763
2025-04-16,Energy,-0.026203349386793362,,1,1068440.0,-0.8993374587982573
2025-04-17,Energy,0.02633046500598013,,1,725315.0,-0.8966869672797317
2025-04-18,Energy,0.00478605682346811,,1,663830.0,-0.8961925052345278
2025-04-21,Energy,0.0005579439525293939,,1,798118.0,-0.8961345864705961
2025-04-22,Energy,0.012224815563001146,,1,1229618.0,-0.8948648509468243
2025-04-23,Energy,-0.02922845142279329,,1,873450.0,-0.8979377885437532
2025-04-24,Energy,0.010208505980829452,,1,710875.0,-0.8968958858476854
2025-04-25,Energy,0.011964661427399603,,1,829788.0,-0.8956622800300811
2025-04-28,Energy,-0.028248818961820188,,1,1179992.0,-0.8986096973924004
2025-04-29,Energy,0.016674482103486765,,1,669092.0,-0.8969190666061029
2025-04-30,Energy,0.006665812792795434,,1,633004.0,-0.8962319484015925
2025-05-01,Energy,0.007404318731047299,,1,629429.0,-0.8954636166734581
2025-05-02,Energy,0.0463265616090045,,1,1032532.0,-0.8906208054708986
2025-05-05,Energy,0.003523896744174637,,1,567815.0,-0.890235364483417
2025-05-06,Energy,-0.025469191445221084,,1,926008.0,-0.8930309809993038
2025-05-07,Energy,0.0037441630401737758,,1,461690.0,-0.8926304715519178
2025-05-08,Energy,0.0004995722761100829,,1,657630.0,-0.8925768327122061
2025-05-09,Energy,-0.0306071243203605,,1,761603.0,-0.8958647469482705
2025-05-12,Energy,-0.05598128849886819,,1,1417518.0,-0.9016943725922619
2025-05-13,Energy,-0.0016746179944990836,,1,954470.0,-0.9018589969648795
2025-05-14,Energy,0.026278623075672636,,1,688251.0,-0.8992799865378511
2025-05-15,Energy,0.026539731817155632,,1,655951.0,-0.8966069043919453
2025-05-16,Energy,0.007964119521463475,,1,593718.0,-0.8957834694208288
2025-05-19,Energy,0.04365973061610462,,1,573335.0,-0.8912334037699972
2025-05-20,Energy,0.004969585808419552,,1,1169782.0,-0.8906928788369424
2025-05-21,Energy,-0.0053355915787361985,,1,574854.0,-0.8912760969921159
2025-05-22,Energy,0.005789397660665774,,1,1210188.0,-0.8906466510823836
2025-05-23,Energy,-0.020191009621681077,,1,775609.0,-0.8928546056025423
2025-05-26,Energy,-0.035002615862417374,,1,765218.0,-0.8966049746840636
2025-05-27,Energy,-0.02700252889514476,,1,790153.0,-0.8993969018427714
2025-05-28,Energy,-0.013158412002968856,,1,1060787.0,-0.9007206788570994
2025-05-29,Energy,0.02414539267863014,,1,589142.0,-0.8983235406632362
2025-05-30,Energy,-0.039986890122068464,,1,925937.0,-0.9023892660707363
2025-06-02,Energy,-0.026873726571022383,,1,758203.0,-0.9050124302447482
2025-06-03,Energy,0.022457657964805255,,1,855122.0,-0.9028792318922767
2025-06-04,Energy,-0.009761399129239456,,1,687170.0,-0.9038272664735144
2025-06-05,Energy,-0.005394671383002758,,1,647304.0,-0.9043460867668949
2025-06-06,Energy,-0.01025892200883427,,1,856574.0,-0.9053273928025931
2025-06-09,Energy,0.0537114616246015,,1,544724.0,-0.9002423886942087
2025-06-10,Energy,0.015665314979240952,,1,1129081.0,-0.8986796542915267
2025-06-11,Energy,0.007116821777738647,,1,748871.0,-0.8979585754486606
2025-06-12,Energy,0.0056057423962627695,,1,612095.0,-0.8973865575088782
2025-06-13,Energy,0.011483982416463423,,1,820165.0,-0.8962081465396173
2025-06-16,Energy,0.051371620977177734,,1,665166.0,-0.8908761907831318
2025-06-17,Energy,-0.010235293218106345,,1,749159.0,-0.8919931049675431
2025-06-18,Energy,0.0048090177617228225,,1,738695.0,-0.8914736978909436
2025-06-19,Energy,0.0009392323236152578,,1,1038274.0,-0.8913717664800402
2025-06-20,Energy,0.025178025277262872,,1,830083.0,-0.8886367220706504
2025-06-23,Energy,0.04739774001904107,,1,579477.0,-0.8833583543756868
2025-06-24,Energy,-0.01617723196727583,,1,886078.0,-0.885245293333996
2025-06-25,Energy,0.012693952354116744,,1,914826.0,-0.8837886025551672
2025-06-26,Energy,0.005017034010320165,,1,444219.0,-0.8832055660217997
2025-06-27,Energy,-0.0384805443354056,,1,554379.0,-0.8876998794166264
2025-06-30,Energy,0.02702838646410055,,1,1402441.0,-0.8846645883575339
2025-07-01,Energy,0.043475683316102076,,1,726429.0,-0.8796503025258338
2025-07-02,Energy,0.022857254896097468,,1,691536.0,-0.8768994388139985
2025-07-03,Energy,-0.017392719497923537,,1,739099.0,-0.8790404923447436
2025-07-04,Energy,-0.0374828718623097,,1,651561.0,-0.8835744020707137
2025-07-07,Energy,0.017905422198194465,,1,439491.0,-0.8814897525851125
2025-07-08,Energy,-0.029794692829987812,,1,552246.0,-0.8850207290040449
2025-07-09,Energy,-0.027032546139573843,,1,633554.0,-0.8881289114523377
2025-07-10,Energy,0.005935158066336266,,1,621299.0,-0.8874649388587542
2025-07-11,Energy,0.02053207691112946,,1,598249.0,-0.8851543603282035
2025-07-14,Energy,-0.009187756293213667,,1,466228.0,-0.8862095340768462
2025-07-15,Energy,-0.005597753168215092,,1,611336.0,-0.8868465050179802
2025-07-16,Energy,-0.0029708598276111386,,1,1000751.0,-0.8871826681905761
2025-07-17,Energy,-0.025265352875298075,,1,624242.0,-0.8900330378891907
2025-07-18,Energy,-0.010406859345768904,,1,693053.0,-0.8911774485965595
2025-07-21,Energy,-0.044711599761793286,,1,1241505.0,-0.8960430789599673
2025-07-22,Energy,0.020521264206733836,,1,613132.0,-0.8939097515171862
2025-07-23,Energy,0.0774334440945883,,1,2188717.0,-0.8856948181923112
2025-07-24,Energy,0.0017973310864358716,,1,932641.0,-0.8854893739357076
2025-07-25,Energy,0.03315268058309062,,1,798752.0,-0.8816930397264284
2025-07-28,Energy,-0.0071222466818194885,,1,673023.0,-0.882535651081673
2025-07-29,Energy,-0.03719744648070167,,1,1180243.0,-0.886905024913953
2025-07-30,Energy,0.06254389666475646,,1,684753.0,-0.879831624478868
2025-07-31,Energy,-0.023313441908355048,,1,667040.0,-0.8826331629208013
2025-08-01,Energy,0.026388433764801267,,1,1240693.0,-0.8795360359143526
2025-08-04,Energy,0.006121633242237801,,1,645871.0,-0.8787985997073142
2025-08-05,Energy,0.03304501172026364,,1,678288.0,-0.8747934980141301
2025-08-06,Energy,-0.0017281429394293557,,1,584936.0,-0.8750098727465075
2025-08-07,Energy,-0.032134940371928655,,1,435885.0,-0.8790264230328784
2025-08-08,Energy,-0.018296596234092855,,1,1015302.0,-0.8812398277256397
2025-08-11,Energy,0.06534514117660639,,1,838128.0,-0.8734794275022135
2025-08-12,Energy,0.008994413288938352,,1,1004834.0,-0.8723414491836153
2025-08-13,Energy,0.0604984530136754,,1,797250.0,-0.8646183043452564
2025-08-14,Energy,-0.010058796814362725,,1,644297.0,-0.8659800813142313
2025-08-15,Energy,0.019921667720533387,,1,616510.0,-0.8633101810262406
2025-08-18,Energy,-0.03546372960031752,,1,964250.0,-0.8681577118054423
2025-08-19,Energy,0.0009570641484282216,,1,559286.0,-0.8680315302781646
2025-08-20,Energy,0.06176508607793818,,1,944256.0,-0.8598804863862216
2025-08-21,Energy,-0.02159899254581088,,1,764541.0,-0.8629069267162883
2025-08-22,Energy,-0.01900848237220709,,1,548796.0,-0.8655128579831534
2025-08-25,Energy,0.023075902937272463,,1,663489.0,-0.8624094457476614
2025-08-26,Energy,0.0033091393609649966,,1,719066.0,-0.8619541394288881
2025-08-27,Energy,0.052700095724946605,,1,748962.0,-0.8546791093623578
2025-08-28,Energy,-0.006548195756306607,,1,1278050.0,-0.8556306990017339
2025-08-29,Energy,0.0020387802846775216,,1,766363.0,-0.855336361717146
2025-09-01,Energy,0.008916058817285855,,1,687198.0,-0.8540465322094934
2025-09-02,Energy,-0.02969301942898739,,1,693294.0,-0.858380331364325
2025-09-03,Energy,-0.0358713692150463,,1,733986.0,-0.8634604227860678
2025-09-04,Energy,-0.03839843406237298,,1,659672.0,-0.8687033287386213
2025-09-05,Energy,-0.09157566558737262,,1,706878.0,-0.8807269087987886
2025-09-08,Energy,-0.002225816024641114,,1,855165.0,-0.8809923887564927
2025-09-09,Energy,-0.03592923139238413,,1,1248152.0,-0.8852682407583156
2025-09-10,Energy,-0.01481199133066835,,1,647630.0,-0.8869676465815557
2025-09-11,Energy,0.028412369975994833,,1,876265.0,-0.8837561295369735
2025-09-12,Energy,-0.0260924166975135,,1,627119.0,-0.8867892130436266
2025-09-15,Energy,0.019256050245385792,,1,774600.0,-0.8846092204416749
2025-09-16,Energy,-0.04367804661853858,,1,542202.0,-0.889649264290573
2025-09-17,Energy,-0.01885952126949808,,1,580588.0,-0.8917304263377897
2025-09-18,Energy,0.04840107684523587,,1,622587.0,-0.8864900623829641
2025-09-19,Energy,-0.011729477960241042,,1,703502.0,-0.8878214746945114
2025-09-22,Energy,0.0358350354796233,,1,553470.0,-0.8838015532601374
2025-09-23,Energy,0.06543326783108716,,1,433605.0,-0.8761983091730517
2025-09-24,Energy,-0.011480722105889907,,1,486821.0,-0.8776196419816752
2025-09-25,Energy,-0.018325188445246887,,1,710670.0,-0.8798622851043578
2025-09-26,Energy,-0.05975958893429678,,1,659972.0,-0.8870416655620271
2025-09-29,Energy,0.00822159239578979,,1,611360.0,-0.8861129681785709
2025-09-30,Energy,0.01064630160714719,,1,793012.0,-0.8849004924886571
2025-10-01,Energy,0.021499510367954056,,1,590659.0,-0.8824259094335706
2025-10-02,Energy,0.038705572181400694,,1,773469.0,-0.8778751369844892
2025-10-03,Energy,-0.028310966873670962,,1,1462018.0,-0.8813326099357729
2025-10-06,Energy,0.05200633708841651,,1,731968.0,-0.8751611536466901
2025-10-07,Energy,-0.0076804080200764124,,1,682784.0,-0.8761199669234391
2025-10-08,Energy,0.010214009838700244,,1,820058.0,-0.8748546550467766
2025-10-09,Energy,-0.0017370734767701013,,1,558322.0,-0.8750720417062361
2025-10-10,Energy,-0.021253562694699246,,1,632287.0,-0.8777272059001534
2025-10-13,Energy,-0.03310489259194427,,1,758331.0,-0.8817750336157457
2025-10-14,Energy,0.005962108019045731,,1,765868.0,-0.8810701635956147
2025-10-15,Energy,-0.026599143704594153,,1,579804.0,-0.8842335954048989
2025-10-16,Energy,-0.005979196269838893,,1,854296.0,-0.8849257854594266
2025-10-17,Energy,-0.011294872252395671,,1,1167213.0,-0.886225534012207
2025-10-20,Energy,-0.009911634974723138,,1,411762.0,-0.8873532249885221
2025-10-21,Energy,-0.049752911607600536,,1,917482.0,-0.8929577300285495
2025-10-22,Energy,-0.08767371105016941,,1,872322.0,-0.9023425230761807
2025-10-23,Energy,0.023393421828116212,,1,694894.0,-0.9000579805238322
2025-10-24,Energy,0.03133495815912757,,1,856438.0,-0.8969263015252078
2025-10-27,Energy,-0.07088896569164971,,1,1302002.0,-0.9042330894000987
2025-10-28,Energy,0.011725475204966918,,1,793744.0,-0.9031101768644033
2025-10-29,Energy,0.006154360483692001,,1,964012.0,-0.9025138819656258
2025-10-30,Energy,-0.03657687162671164,,1,778584.0,-0.9060796191903555
2025-10-31,Energy,0.025023946866419955,,1,851472.0,-0.903729360571301
2025-11-03,Energy,0.03168703413689378,,1,660303.0,-0.9006788295333432
2025-11-04,Energy,0.02950176586109432,,1,781511.0,-0.8977486796171861
2025-11-05,Energy,0.04850567924685256,,1,749438.0,-0.8927889098681302
2025-11-06,Energy,0.027858311721451257,,1,794224.0,-0.88980218989924
2025-11-07,Energy,-0.022919903330566815,,1,461732.0,-0.8923279130539895
2025-11-10,Energy,0.0006132271666723366,,1,508955.0,-0.8922618856051819
2025-11-11,Energy,0.010817541678729725,,1,1046731.0,-0.8910964240623283
2025-11-12,Energy,0.04224345223362613,,1,1215119.0,-0.8864959610541341
2025-11-13,Energy,-0.006829986947224587,,1,430910.0,-0.8872711921585916
2025-11-14,Energy,-0.017398923352848428,,1,630070.0,-0.8892325520458823
2025-11-17,Energy,-0.04572255635508915,,1,644994.0,-0.8942971229272738
2025-11-18,Energy,0.024337443763664313,,1,821826.0,-0.8917245851008588
2025-11-19,Energy,0.005930561358711062,,1,704551.0,-0.8910824511091596
2025-11-20,Energy,-0.023892181678670688,,1,932950.0,-0.8936847289752551
2025-11-21,Energy,0.02149405147184691,,1,503793.0,-0.8913995830676058
2025-11-24,Energy,-0.009299112423346245,,1,810422.0,-0.8924094705538824
2025-11-25,Energy,-0.03659564418408234,,1,712703.0,-0.8963468152870696
2025-11-26,Energy,0.03702713918612899,,1,632206.0,-0.8925088343896184
2025-11-27,Energy,-0.0570659348155349,,1,949179.0,-0.8986429182395863
2025-11-28,Energy,0.004118252296542169,,1,667266.0,-0.8982255042048557
2025-12-01,Energy,-0.0029407891878395764,,1,694800.0,-0.8985248015416878
2025-12-02,Energy,-0.04530147651953198,,1,1203979.0,-0.9031217778619619
2025-12-03,Energy,0.009153473548321411,,1,745023.0,-0.902235005618213
2025-12-04,Energy,-0.019094078801561887,,1,1345134.0,-0.9041017381249731
2025-12-05,Energy,0.046807469905175036,,1,402432.0,-0.8996129831182992
2025-12-08,Energy,0.027967357395299874,,1,767204.0,-0.8968054235393206
2025-12-09,Energy,0.006262939216703289,,1,518110.0,-0.8961591221794539
2025-12-10,Energy,-0.06894853596472794,,1,648485.0,-0.9033187986784728
2025-12-11,Energy,-0.015274125601050348,,1,609832.0,-0.9047955194907182
2025-12-12,Energy,-0.017411038735323126,,1,985101.0,-0.9064531283886417
2025-12-15,Energy,0.03368786180367067,,1,691824.0,-0.9033017343056324
2025-12-16,Energy,0.005065725325336112,,1,511663.0,-0.9028118874521884
2025-12-17,Energy,0.008917300928073635,,1,888356.0,-0.9019452318059681
2025-12-18,Energy,0.028337273893180637,,1,540196.0,-0.8991666269831216
2025-12-19,Energy,0.04534064182782016,,1,1331675.0,-0.8945947771328723
2025-12-22,Energy,0.040576164006981275,,1,540565.0,-0.8903178375226233
2025-12-23,Energy,0.015274456415429682,,1,681070.0,-0.8886425021123124
2025-12-24,Energy,-0.007404677705555751,,1,1292519.0,-0.8894670684942679
2025-12-25,Energy,0.012189873628624781,,1,667532.0,-0.8881196860274116
2025-12-26,Energy,-0.0007830495408528426,,1,807943.0,-0.8882072938558984
2025-12-29,Energy,0.02192281064238122,,1,732082.0,-0.8857564835279018
2025-12-30,Energy,-0.015609554895209654,,1,742798.0,-0.8875397739696949
2025-12-31,Energy,0.025179288927440258,,1,597246.0,-0.8847081054456325
2026-01-01,Energy,0.001421159571245889,,1,816696.0,-0.8845442572661996
2026-01-02,Energy,0.010834415171541156,,1,1091427.0,-0.8832933618154829
2026-01-05,Energy,-0.03303395314052482,,1,435685.0,-0.8871486434324585
2026-01-06,Energy,-0.007454208906270465,,1,549972.0,-0.8879898610196689
2026-01-07,Energy,0.012511164479580339,,1,623977.0,-0.8865884837475053
2026-01-08,Energy,-0.004922328186987346,,1,551986.0,-0.8871467324506839
2026-01-09,Energy,-0.06493125256782428,,1,1028474.0,-0.8944744364690328
2026-01-12,Energy,-0.03408105958024554,,1,652367.0,-0.8980708594869707
2026-01-13,Energy,0.009608129648166042,,1,748267.0,-0.8970915110899954
2026-01-14,Energy,0.04183647652328104,,1,1249654.0,-0.8927861825096657
2026-01-15,Energy,-0.006316713490293169,,1,422158.0,-0.8934634214769527
2026-01-16,Energy,-0.01342360471921411,,1,812110.0,-0.8948935263951836
2026-01-19,Energy,0.02930450184056066,,1,744339.0,-0.8918134335459764
2026-01-20,Energy,0.00043367604617228217,,1,685687.0,-0.8917665156235877
2026-01-21,Energy,0.0207330386137885,,1,574717.0,-0.8895225066127066
2026-01-22,Energy,-0.008066921893848722,,1,648583.0,-0.8904137199228901
2026-01-23,Energy,-0.011129819021976073,,1,731810.0,-0.8916333953874399
2026-01-26,Energy,0.02291967720727639,,1,717898.0,-0.8891496677896715
2026-01-27,Energy,0.01877591236704035,,1,924255.0,-0.887068351666233
2026-01-28,Energy,-0.008762882495043645,,1,524690.0,-0.8880579584305535
2026-01-29,Energy,-0.031036336054080627,,1,510315.0,-0.8915322292512826
2026-01-30,Energy,-0.0461450019045746,,1,442681.0,-0.8965374747390672
2026-02-02,Energy,-0.04249309740378715,,1,835006.0,-0.9009339179026218
2026-02-03,Energy,-0.01742430694406083,,1,937243.0,-0.902660075724832
2026-02-04,Energy,0.008908884609205137,,1,512564.0,-0.9017928855715958
2026-02-05,Energy,-0.046046743869671,,1,553181.0,-0.90631500341586
2026-02-06,Energy,-0.04423744833969023,,1,1416915.0,-0.910459388612455
2026-02-09,Energy,0.010599153106555903,,1,1074458.0,-0.9095103339631038
2026-02-10,Energy,0.04362322647737016,,1,1197712.0,-0.9055628827677147
2026-02-11,Energy,0.030317179194994548,,1,859944.0,-0.9026998157619247
2026-02-12,Energy,-0.05092612060565305,,1,1011155.0,-0.9076549366793852
2026-02-13,Energy,0.010992065495159409,,1,672758.0,-0.9066398736952104
2026-02-16,Energy,0.026630267807993713,,1,500093.0,-0.9041536685291257
2026-02-17,Energy,-0.013599024593560105,,1,489355.0,-0.9054570851480006
2026-02-18,Energy,-0.006435508895816677,,1,724247.0,-0.9060655169175671
2026-02-19,Energy,0.009377783862802636,,1,963239.0,-0.905184619637956
2026-02-20,Energy,0.013655606316995694,,1,702721.0,-0.9038898581309357
2026-02-23,Energy,0.01058701576199228,,1,879211.0,-0.9028723385440807
2026-02-24,Energy,0.020211650801853942,,1,732901.0,-0.9009092281675328
2026-02-25,Energy,0.006110424167413253,,1,791978.0,-0.9003037415205601
2026-02-26,Energy,-0.017218620064552992,,1,940748.0,-0.9020203735171751
2026-02-27,Energy,-0.012240608921465501,,1,1097044.0,-0.9032197038072226
2026-03-02,Energy,-0.021470239227954213,,1,823102.0,-0.9052975999190338
2026-03-03,Energy,-0.012650867515872632,,1,1318327.0,-0.9064956674358933
2026-03-04,Energy,0.015704924640401297,,1,693093.0,-0.9050271889394229
2026-03-05,Energy,-0.02129260583617043,,1,1123368.0,-0.9070494075704889
2026-03-06,Energy,0.029795228688378694,,1,920964.0,-0.9042799234123313
2026-03-09,Energy,-0.027268686811170006,,1,443416.0,-0.9068900842023417
2026-03-10,Energy,0.005766272756668744,,1,1103560.0,-0.9063531870315019
2026-03-11,Energy,0.023304066126048406,,1,576616.0,-0.9041708355095903
2026-03-12,Energy,0.012574195662256482,,1,683637.0,-0.9029658608451374
2026-03-13,Energy,-0.05108813454536287,,1,1063793.0,-0.9079231540017745
2026-03-16,Energy,0.003826045657031596,,1,574274.0,-0.9075708637850298
2026-03-17,Energy,-0.020323131113333948,,1,737242.0,-0.9094493132390189
2026-03-18,Energy,-0.03652599968887904,,1,959294.0,-0.9127567675954782
2026-03-19,Energy,0.006310772690130362,,1,565181.0,-0.9122061953870211
2026-03-20,Energy,-0.034493807056912185,,1,729801.0,-0.9152345379441335
2026-03-23,Energy,0.0069187402623682726,,1,651690.0,-0.9146480677289492
2026-03-24,Energy,0.040497243405046346,,1,1063056.0,-0.9111915497526775
2026-03-25,Energy,0.008510913282103738,,1,1165334.0,-0.9104357087339044
2026-03-26,Energy,-0.006322866245752401,,1,520001.0,-0.9110020117679756
2026-03-27,Energy,-0.004323775427008791,,1,736021.0,-0.9113868190825465
2026-03-30,Energy,0.02547106388935405,,1,652918.0,-0.9091297470899591
2026-03-31,Energy,-0.008340772863285939,,1,734417.0,-0.9098876752295111
2026-04-01,Energy,-0.012770114937586508,,1,1252212.0,-0.9110384199741234
2026-04-02,Energy,-0.025688291129918328,,1,856832.0,-0.9133236909412056
2026-04-03,Energy,-0.02465573409927857,,1,643873.0,-0.9154607589700662
2026-04-06,Energy,0.024895989485030245,,1,506037.0,-0.9133560709143125
2026-04-07,Energy,-0.013341593966838983,,1,996279.0,-0.9145120390358653
2026-04-08,Energy,0.015524752634224814,,1,647307.0,-0.9131848595886929
2026-04-09,Energy,0.017764208436346962,,1,592398.0,-0.9116426573389956
2026-04-10,Energy,-0.026373200149006792,,1,839158.0,-0.9139729232216287
2026-04-13,Energy,-0.021911327033590222,,1,900022.0,-0.9158578906346634
2026-04-14,Energy,0.016135747425296776,,1,666320.0,-0.9145001948101126
2026-04-15,Energy,0.004025713273262399,,1,540924.0,-0.9141559971094984
2026-04-16,Energy,-0.004826588844328961,,1,1085720.0,-0.9145703308162021
2026-04-17,Energy,0.012932375829846077,,1,905222.0,-0.9134655222272978
2026-04-20,Energy,0.028200804087106457,,1,1035298.0,-0.9110251803728499
2026-04-21,Energy,-0.0009477724812496646,,1,639576.0,-0.9111095082584166
2026-04-22,Energy,-0.01564003192205421,,1,579409.0,-0.9124997583868221
2026-04-23,Energy,0.0033819809373485388,,1,611139.0,-0.9122038342376729
2026-04-24,Energy,-0.022178356630603413,,1,479324.0,-0.9141510089127494
2026-04-27,Energy,0.00408863681847893,,1,649946.0,-0.9138000035669608
2026-04-28,Energy,0.00018468147462802342,,1,579985.0,-0.9137840840245066
2026-04-29,Energy,-0.02248734839784028,,1,740280.0,-0.9157228513644864
2026-04-30,Energy,-0.011090191943465277,,1,744336.0,-0.9166575011193022
2026-05-01,Energy,-0.00885730568243237,,1,748815.0,-0.9173956911082264
2026-05-04,Energy,0.02045848133983541,,1,632078.0,-0.9157057323961739
2026-05-05,Energy,-0.0241303360685452,,1,532973.0,-0.9177397814021062
2026-05-06,Energy,-0.022309404278033296,,1,491362.0,-0.919574957874806
2026-05-07,Energy,-0.010226270986262942,,1,775790.0,-0.9203974061496598
2026-05-08,Energy,0.015766793117312217,,1,774237.0,-0.9191423285208201
2026-05-11,Energy,0.020295837319194154,,1,495981.0,-0.9175012543744698
2026-05-12,Energy,0.007391917286446725,,1,1113126.0,-0.9168914304705703
2026-05-13,Energy,0.01994985022960649,,1,966429.0,-0.9152334269556613
2026-05-14,Energy,0.032353604610388054,,1,573205.0,-0.9124909227672072
2026-05-15,Energy,0.004498368004500541,,1,779073.0,-0.9120972747340799
2026-05-18,Energy,-0.02209297987154879,,1,726451.0,-0.9140393078740341
2026-05-19,Energy,-0.0020146701902029607,,1,772905.0,-0.9142124903179896
2026-05-20,Energy,-0.03762025924403778,,1,831796.0,-0.9174398386721272
2026-05-21,Energy,0.011074919760647894,,1,897166.0,-0.9165254915099948
2026-05-22,Energy,-0.013499361333592641,,1,1151143.0,-0.9176523440622455
2026-05-25,Energy,0.0032387298908218565,,1,784055.0,-0.9173856422475207
2026-05-26,Energy,-0.0022230287052290576,,1,838477.0,-0.9175692963362685
2026-05-27,Energy,-0.010487017373030372,,1,1136239.0,-0.9184337485576612
2026-05-28,Energy,0.006380369077192194,,1,615638.0,-0.917913325769216
2026-05-29,Energy,-0.003328755340909484,,1,541894.0,-0.9181865722244793
2026-06-01,Energy,-0.017347945331022352,,1,913584.0,-0.9196058670968725
2026-06-02,Energy,-0.030307172711940833,,1,536576.0,-0.9220423859677943
2026-06-03,Energy,0.010000230166391955,,1,573828.0,-0.9212627918842495
2026-06-04,Energy,-0.033314161437256073,,1,1226363.0,-0.9238858559465365
2026-06-05,Energy,0.04989121891938231,,1,487440.0,-0.9200884285227038
2026-06-08,Energy,0.035816792520584784,,1,860894.0,-0.9172262523471075
2026-06-09,Energy,-0.043945163977628376,,1,521252.0,-0.9208637582607567
2026-06-10,Energy,0.017528706837407926,,1,845106.0,-0.9194766022790953
2026-06-11,Energy,0.031690452134423674,,1,1346949.0,-0.9169247793979198
2026-06-12,Energy,-0.01611757694269378,,1,549196.0,-0.9182637506580051
2026-06-15,Energy,0.00986580660166414,,1,388862.0,-0.9174573566296516
2026-06-16,Energy,-0.0033388634975293208,,1,797915.0,-0.9177329552485904
2026-06-17,Energy,0.0190352409159551,,1,621612.0,-0.9161669822323036
2026-06-18,Energy,-0.012243531456054946,,1,696384.0,-0.9171933944223984
2026-06-19,Energy,0.02824279673722896,,1,859025.0,-0.9148547042925703
2026-06-22,Energy,-0.003844070291965096,,1,850141.0,-0.9151820087942999
2026-06-23,Energy,-0.008659136669662892,,1,864828.0,-0.9159164593721963
2026-06-24,Energy,0.018109922653370747,,1,742277.0,-0.9143937129550053
2026-06-25,Energy,0.025103118669246305,,1,869903.0,-0.9122447281724811
2026-06-26,Energy,-0.06464076530630891,,1,801035.0,-0.9179172961030752
2026-06-29,Energy,-0.08038092578626044,,1,798229.0,-0.9245151798333495
2026-06-30,Energy,0.009604183622943019,,1,726745.0,-0.9237902097597241
2026-07-01,Energy,-0.018221875083958672,,1,890208.0,-0.9251788950376572
2026-07-02,Energy,-0.03649245687061031,,1,648613.0,-0.9279093009835069
2026-07-03,Energy,-0.010236224161537133,,1,780354.0,-0.9286472375386016
2026-07-06,Energy,0.08083982283981683,,1,768538.0,-0.9228790928620906
2026-07-07,Energy,-0.03674354711025074,,1,631966.0,-0.9257127885466976
2026-07-08,Energy,0.024685553145413763,,1,1045157.0,-0.9238789676403425
2026-07-09,Energy,-0.020977907244488336,,1,843386.0,-0.9254758275965381
2026-07-10,Energy,-0.040128999067981286,,1,891436.0,-0.9284664080414587
2026-07-13,Energy,-0.016834222076262506,,1,561558.0,-0.9296706204144015
2026-07-14,Energy,-0.039275014934441854,,1,736905.0,-0.9324328078479559
2026-07-15,Energy,-0.04334148002277327,,1,960562.0,-0.9353612699568087
2026-07-16,Energy,-0.0199658582556681,,1,841251.0,-0.9366518376786774
2026-07-17,Energy,-0.030094560992102615,,1,1670494.0,-0.9385582728133941
2026-07-20,Energy,-0.003917226812469976,,1,767169.0,-0.9387989539945338
2026-07-21,Energy,0.004805867905508965,,1,589855.0,-0.9385048298517527
2026-07-22,Energy,-0.02174416041182592,,1,663614.0,-0.9398419906960087
2026-07-23,Energy,0.017585752022519774,,1,577965.0,-0.9387840668622203
2026-07-24,Energy,-0.01828146222159388,,1,616796.0,-0.9399031836312381
2026-07-27,Energy,-0.004125623161426617,,1,740461.0,-0.9401511204487771
2026-07-28,Energy,-0.06000915068509738,,1,728847.0,-0.9437426008801008
2026-07-29,Energy,0.00240818110597818,,1,1067503.0,-0.9436071228744687
2026-07-30,Energy,0.06256823806024592,,1,1098148.0,-0.9400787199135763
2026-07-31,Energy,0.02217175970982166,,1,981098.0,-0.9387501596899951
2026-08-03,Energy,-0.004652436260058179,,1,667374.0,-0.9390351206679761
2026-08-04,Energy,-0.03197509351061412,,1,1023312.0,-0.9409844783854809
2026-08-05,Energy,0.04538009501803475,,1,1096227.0,-0.9383063484070752
2026-08-06,Energy,-0.004331863846311235,,1,1160635.0,-0.9385735969059575
2026-08-07,Energy,-0.018539167395575373,,1,637045.0,-0.939712391275426
2026-08-10,Energy,-0.01784432704790828,,1,750461.0,-0.9407881830824437
2026-08-11,Energy,0.0576033991738929,,1,664615.0,-0.9373773811567302
2026-08-12,Energy,-0.0031445075346699936,,1,1581659.0,-0.9375742984535236
2026-08-13,Energy,0.012623273296034299,,1,693440.0,-0.9367862817622058
2026-08-14,Energy,-0.005499581992594815,,1,1058027.0,-0.9371339307887113
2026-08-17,Energy,-0.00167652145592323,,1,747737.0,-0.9372393271025936
2026-08-18,Energy,-0.011648505869055525,,1,956453.0,-0.9379703951691849
2026-08-19,Energy,0.039564277003869996,,1,790662.0,-0.9355162387012179
2026-08-20,Energy,0.001352955565364855,,1,940165.0,-0.9354289950374931
2026-08-21,Energy,-0.03889933013018332,,1,861199.0,-0.9379407638763674
2022-01-03,Financials,,,1,5920216.0,0.0
2022-01-04,Financials,0.013360364430640814,,1,6386099.0,0.013360364430640814
2022-01-05,Financials,0.005688231915425224,,1,4767205.0,0.019124593197422213
2022-01-06,Financials,-0.018201614482111106,,1,7999421.0,0.0005748802428044986
2022-01-07,Financials,-0.03158496182004045,,1,7058780.0,-0.031028239147755987
2022-01-10,Financials,0.0006948666752029098,,1,5099843.0,-0.03035493296192704
2022-01-11,Financials,-0.00137184582815697,,1,4431037.0,-0.03168513650193616
2022-01-12,Financials,-0.0038904036633322647,,1,7549479.0,-0.03545227219414815
2022-01-13,Financials,-0.0055744382181699415,,1,5219332.0,-0.04082908391127804
2022-01-14,Financials,-0.011075741454503851,,1,3835342.0,-0.0514526129885563
2022-01-17,Financials,-0.014504155765647342,,1,7639321.0,-0.06521049204086804
2022-01-18,Financials,0.020890487248735434,,1,4605653.0,-0.04568228374459615
2022-01-19,Financials,-0.013141782613650621,,1,7268975.0,-0.05822371971598017
2022-01-20,Financials,-0.004015114975273515,,1,2565337.0,-0.06200505976230597
2022-01-21,Financials,-0.00047034315150162875,,1,4831748.0,-0.06244623925858994
2022-01-24,Financials,0.010674576587824225,,1,7876702.0,-0.05243824983435308
2022-01-25,Financials,-0.012622963873554105,,1,5601899.0,-0.06439928757465574
2022-01-26,Financials,0.014738462882311065,,1,6733556.0,-0.05060997120191102
2022-01-27,Financials,-0.008553451081807828,,1,4217128.0,-0.05873053237079162
2022-01-28,Financials,-0.002306786573598507,,1,6023118.0,-0.06090184014085687
2022-01-31,Financials,0.02468228568832087,,1,5794773.0,-0.037722751069837024
2022-02-01,Financials,-0.01437833983219583,,1,6047396.0,-0.05155870036774546
2022-02-02,Financials,0.010893246563979053,,1,10260875.0,-0.041227095439390626
2022-02-03,Financials,0.015135342931405171,,1,8332631.0,-0.02671573873552635
2022-02-04,Financials,0.004747694603908226,,1,6931925.0,-0.02209488230025225
2022-02-07,Financials,-0.0016434018848303644,,1,6894340.0,-0.023701973413865263
2022-02-08,Financials,0.031898409777798564,,1,4495331.0,0.007440381103435367
2022-02-09,Financials,-9.305280790994352e-05,,1,4680043.0,0.007346635947171887
2022-02-10,Financials,0.0031654239668286177,,1,3435196.0,0.010535315131503298
2022-02-11,Financials,-0.004917923472592567,,1,3736567.0,0.005565579785334451
2022-02-14,Financials,0.00237301034190196,,1,4160065.0,0.007951797305625785
2022-02-15,Financials,0.014529875847137275,,1,5575187.0,0.022597211780375437
2022-02-16,Financials,-0.004002514295697757,,1,3776623.0,0.01850425182148374
2022-02-17,Financials,-0.0314136841617767,,1,5828193.0,-0.013490719062663081
2022-02-18,Financials,0.007793091570723165,,1,5266143.0,-0.005802761900950193
2022-02-21,Financials,-0.016009750520285748,,1,4019027.0,-0.021719611650873105
2022-02-22,Financials,0.011206824876776045,,1,8803424.0,-0.010756194658259943
2022-02-23,Financials,9.416152168562064e-05,,1,3623070.0,-0.01066304595623091
2022-02-24,Financials,0.014215742113231622,,1,7856627.0,0.0034011130455453564
2022-02-25,Financials,-0.014066074108533444,,1,2856069.0,-0.01071280137113828
2022-02-28,Financials,-0.007888887982364423,,1,5286297.0,-0.018517177263508433
2022-03-01,Financials,-0.004970395318402487,,1,3818702.0,-0.02339553489073032
2022-03-02,Financials,-0.022049751055297273,,1,4721440.0,-0.04492942022588142
2022-03-03,Financials,0.016732402096423238,,1,9741755.0,-0.028948795254636783
2022-03-04,Financials,-0.024190052521157357,,1,5208878.0,-0.052438574898160284
2022-03-07,Financials,0.016521474289120208,,1,4060912.0,-0.03678346317597814
2022-03-08,Financials,0.006459757926982945,,1,6359067.0,-0.030561317516828113
2022-03-09,Financials,-0.00285958034076228,,1,4885224.0,-0.03333350531483148
2022-03-10,Financials,0.005274294455013706,,1,5727676.0,-0.028235021582065922
2022-03-11,Financials,0.004864854159388532,,1,4155986.0,-0.023507526684861335
2022-03-14,Financials,-0.005873400746331581,,1,4230409.0,-0.029242858306417596
2022-03-15,Financials,0.004572033640176665,,1,4313353.0,-0.024804523998152805
2022-03-16,Financials,0.011046936849001376,,1,7074738.0,-0.014031601159328555
2022-03-17,Financials,-0.014011332244939112,,1,5246298.0,-0.027846331978495842
2022-03-18,Financials,0.005290425191646131,,1,3997485.0,-0.02270322572304373
2022-03-21,Financials,-0.039155972077048684,,1,6321826.0,-0.06097023092762199
2022-03-22,Financials,-0.028738237509142395,,1,5995084.0,-0.08795629145937911
2022-03-23,Financials,0.008555014590918564,,1,6565437.0,-0.08015374422525867
2022-03-24,Financials,-0.00613359276553016,,1,4749741.0,-0.08579570656507862
2022-03-25,Financials,-0.012647004858107658,,1,5465002.0,-0.09735765270545294
2022-03-28,Financials,-0.0006788901896277455,,1,6128409.0,-0.09797044773977381
2022-03-29,Financials,-0.005806469832332017,,1,4050582.0,-0.10320805512284481
2022-03-30,Financials,-0.014668119187838169,,1,7339917.0,-0.11636230625699617
2022-03-31,Financials,-0.024393795761985193,,1,5812191.0,-0.13791758368575457
2022-04-01,Financials,-0.029314766879161902,,1,4213877.0,-0.1631893287506313
2022-04-04,Financials,0.011160710735570678,,1,3994043.0,-0.1538499269083784
2022-04-05,Financials,-0.006203425406803964,,1,5328217.0,-0.15909895576976396
2022-04-06,Financials,0.014611087505702391,,1,4769440.0,-0.14681247702887945
2022-04-07,Financials,-0.006355201721744086,,1,6887203.0,-0.1522346558438361
2022-04-08,Financials,0.005421632765333806,,1,5025402.0,-0.1476383834766446
2022-04-11,Financials,-0.0017611316207074568,,1,5933299.0,-0.14913950447178115
2022-04-12,Financials,0.000778556071600045,,1,4187666.0,-0.14847706186690302
2022-04-13,Financials,0.0015050958565510086,,1,5376316.0,-0.1471954382209607
2022-04-14,Financials,-0.00655042950008522,,1,8154081.0,-0.15278167438024537
2022-04-15,Financials,-0.01827185983616164,,1,5437527.0,-0.16826192887659708
2022-04-18,Financials,0.011569500600640659,,1,4723866.0,-0.15863913476315916
2022-04-19,Financials,0.02394136597647889,,1,4457631.0,-0.13849580637023706
2022-04-20,Financials,0.024923271372006894,,1,5759625.0,-0.11702430356428051
2022-04-21,Financials,-0.008158760009728816,,1,8426428.0,-0.12422829036592276
2022-04-22,Financials,-0.010848714788743052,,1,3696352.0,-0.1337292878637928
2022-04-25,Financials,-0.008173899894632908,,1,5439285.0,-0.1408100979464465
2022-04-26,Financials,-0.0025152269268351457,,1,3247069.0,-0.14297115552335649
2022-04-27,Financials,-0.0006704494020113305,,1,4774454.0,-0.1435457499996423
2022-04-28,Financials,-0.01480748570854895,,1,6090267.0,-0.15622768406654863
2022-04-29,Financials,-0.022011676844963968,,1,3575949.0,-0.1748005276156026
2022-05-02,Financials,0.0008607283104362651,,1,4728145.0,-0.17409025506796427
2022-05-03,Financials,-0.05267422466344163,,1,6809147.0,-0.2175944105242401
2022-05-04,Financials,-0.0013910945419743914,,1,5628838.0,-0.21868281066937012
2022-05-05,Financials,-0.01401230278607346,,1,6216841.0,-0.22963086369823482
2022-05-06,Financials,0.011779175249319485,,1,4165121.0,-0.2205565506350694
2022-05-09,Financials,0.01577865640511611,,1,6157551.0,-0.2082579802603216
2022-05-10,Financials,0.016131696477134527,,1,4719274.0,-0.1954858383096877
2022-05-11,Financials,-0.00506625318200582,,1,6778055.0,-0.19956171074132
2022-05-12,Financials,-0.016859191638796567,,1,2830750.0,-0.21305645325496259
2022-05-13,Financials,-0.012066164929961043,,1,5119582.0,-0.2225518438805567
2022-05-16,Financials,0.0044144480213865744,,1,5624975.0,-0.21911983940604463
2022-05-17,Financials,-0.024495703495461374,,1,8672343.0,-0.23824804828544244
2022-05-18,Financials,0.02095092035309487,,1,5879035.0,-0.22228864381625613
2022-05-19,Financials,-0.004829752850762259,,1,5784998.0,-0.2260447974558547
2022-05-20,Financials,0.007592781190184361,,1,6169186.0,-0.22016832495193217
2022-05-23,Financials,-0.026522679377668168,,1,8472996.0,-0.24085155043778195
2022-05-24,Financials,-0.013731711729350948,,1,5003801.0,-0.251275958106954
2022-05-25,Financials,-0.028380564111250117,,1,3838867.0,-0.2725251687795339
2022-05-26,Financials,0.015383233668502028,,1,3494356.0,-0.2613342534629154
2022-05-27,Financials,-0.002281480642131184,,1,6622525.0,-0.2630195050646451
2022-05-30,Financials,0.008656366673741589,,1,5912074.0,-0.25663993166908916
2022-05-31,Financials,0.001062158111340361,,1,5006192.0,-0.2558503657428649
2022-06-01,Financials,0.007118809822775463,,1,4616792.0,-0.2505529060169004
2022-06-02,Financials,-0.004931606239681585,,1,5773816.0,-0.2542488839818987
2022-06-03,Financials,-0.002929531651963968,,1,5789605.0,-0.25643358548076123
2022-06-06,Financials,-0.0012576530701536859,,1,6247065.0,-0.2573687340648445
2022-06-07,Financials,0.006179148312893679,,1,3935998.0,-0.25277990533083916
2022-06-08,Financials,0.0065751898257118135,,1,3236973.0,-0.24786679136680312
2022-06-09,Financials,0.042151782042861186,,1,4615475.0,-0.21616303628929878
2022-06-10,Financials,0.025258007191811815,,1,3865530.0,-0.19636487662268598
2022-06-13,Financials,-0.02648279634535733,,1,3818926.0,-0.21764738193106348
2022-06-14,Financials,-0.002025805128725411,,1,8683085.0,-0.21923227587721927
2022-06-15,Financials,-0.005955159566022439,,1,2778758.0,-0.22388187225837064
2022-06-16,Financials,0.019255030591525335,,1,6563124.0,-0.2089376939660682
2022-06-17,Financials,-0.004607229756263376,,1,7172279.0,-0.21258229976148602
2022-06-20,Financials,0.007056216313164221,,1,7400770.0,-0.20702611013978878
2022-06-21,Financials,-0.03483078041692611,,1,6468553.0,-0.2346460095738655
2022-06-22,Financials,-0.022518040353541324,,1,8548365.0,-0.25188028161502507
2022-06-23,Financials,0.0313988363001807,,1,10068757.0,-0.2283901930445179
2022-06-24,Financials,0.0008652453153774609,,1,4934839.0,-0.22772256127375035
2022-06-27,Financials,-0.014815433900045694,,1,6437404.0,-0.23916418661969574
2022-06-28,Financials,0.0037454791251141373,,1,7990945.0,-0.23631449196304055
2022-06-29,Financials,-0.015631820566183063,,1,4356366.0,-0.24825228679366862
2022-06-30,Financials,-0.004123153504294819,,1,5069378.0,-0.2513518580117209
2022-07-01,Financials,-0.02160619824050969,,1,4756228.0,-0.26752729817990883
2022-07-04,Financials,-0.01167932913797698,,1,6405318.0,-0.276082087949049
2022-07-05,Financials,-0.006111275630329982,,1,3105376.0,-0.28050614984332534
2022-07-06,Financials,0.016871147271561693,,1,8712505.0,-0.2683674631363492
2022-07-07,Financials,0.007052584820081975,,1,6458990.0,-0.2632075626129865
2022-07-08,Financials,0.009661455284165843,,1,6619048.0,-0.25608907542546033
2022-07-11,Financials,-0.0002714241845919174,,1,2654395.0,-0.25629099084157203
2022-07-12,Financials,0.012417562835105311,,1,4091578.0,-0.24705593748931332
2022-07-13,Financials,-0.012947266048473405,,1,8755168.0,-0.2568045045862576
2022-07-14,Financials,-0.0108417647051684,,1,5276077.0,-0.2648620552774744
2022-07-15,Financials,0.006208446350945307,,1,3272754.0,-0.26029799078712046
2022-07-18,Financials,-0.004059962265280492,,1,5829842.0,-0.2633011530320769
2022-07-19,Financials,-9.305959546757059e-05,,1,6608942.0,-0.2633697099287572
2022-07-20,Financials,-0.002340251736129173,,1,6365170.0,-0.2650936102439817
2022-07-21,Financials,0.018856098774664654,,1,5442843.0,-0.25123614276861006
2022-07-22,Financials,0.019635158017695442,,1,8022916.0,-0.23653404611393258
2022-07-25,Financials,-0.009248730079894685,,1,4486898.0,-0.24359513664661414
2022-07-26,Financials,-0.026200353335316895,,1,6835220.0,-0.2634132113310249
2022-07-27,Financials,-0.010524637962847416,,1,5789164.0,-0.2711655206099822
2022-07-28,Financials,-0.013297764118941013,,1,5384848.0,-0.2808573895986619
2022-07-29,Financials,0.01255062813254515,,1,4991110.0,-0.27183169812124697
2022-08-01,Financials,0.013877643355433511,,1,5063758.0,-0.26172643812504204
2022-08-02,Financials,-0.015303094830533381,,1,5691419.0,-0.2730243084532902
2022-08-03,Financials,-0.01116770993420757,,1,5101501.0,-0.2811429621057038
2022-08-04,Financials,-0.022000839932575067,,1,7158022.0,-0.29695842073082124
2022-08-05,Financials,0.0021232549154677205,,1,4617950.0,-0.2954656842418598
2022-08-08,Financials,-0.0005576402467184494,,1,8641324.0,-0.29585856093152085
2022-08-09,Financials,0.01191325803563048,,1,4689436.0,-0.2874699422743179
2022-08-10,Financials,0.007547290248545169,,1,7263128.0,-0.2820922711178495
2022-08-11,Financials,0.009237986550425958,,1,7394222.0,-0.27546024917398937
2022-08-12,Financials,-0.022942707726483325,,1,6053996.0,-0.2920831529134096
2022-08-15,Financials,-0.00925112659595495,,1,5667795.0,-0.29863218128521696
2022-08-16,Financials,0.01430228978863779,,1,4516416.0,-0.28860101549353334
2022-08-17,Financials,-0.007939052107731381,,1,4724744.0,-0.2942488491009174
2022-08-18,Financials,-0.02422209495550287,,1,6174818.0,-0.3113436204929504
2022-08-19,Financials,0.012195376928337387,,1,5511237.0,-0.3029451963707578
2022-08-22,Financials,-0.008517544817281397,,1,7881781.0,-0.30888239190077116
2022-08-23,Financials,0.016002974498820155,,1,4927896.0,-0.29782245444267363
2022-08-24,Financials,-0.0001613753403187923,,1,4790629.0,-0.29793576858305215
2022-08-25,Financials,-0.004031134771275591,,1,3310167.0,-0.3007658841179859
2022-08-26,Financials,0.020496985543466906,,1,6938807.0,-0.28643369255325335
2022-08-29,Financials,-0.01936389718085063,,1,6731713.0,-0.3002511171623714
2022-08-30,Financials,0.021559060943976194,,1,7692095.0,-0.2851651883517957
2022-08-31,Financials,-0.009445956142125733,,1,7556224.0,-0.2919174866314893
2022-09-01,Financials,0.0025417934130587128,,1,6880404.0,-0.29011768716310715
2022-09-02,Financials,0.00268309888509477,,1,6970931.0,-0.28821300272098593
2022-09-05,Financials,-0.006272509685726901,,1,6593342.0,-0.29267769355559303
2022-09-06,Financials,-0.011281466995992417,,1,7006997.0,-0.3006573268112749
2022-09-07,Financials,-0.005415770828378852,,1,3151647.0,-0.3044448064597709
2022-09-08,Financials,-0.015056207797659482,,1,4049680.0,-0.31491722998845384
2022-09-09,Financials,0.029450048206485446,,1,4015258.0,-0.29474150938618127
2022-09-12,Financials,-0.007080107569947924,,1,8056400.0,-0.2997348153643462
2022-09-13,Financials,0.01744304690968268,,1,4483998.0,-0.28752005689952886
2022-09-14,Financials,0.015472701005338596,,1,4678190.0,-0.2764960677676346
2022-09-15,Financials,0.005540650913269829,,1,5489732.0,-0.272487385044757
2022-09-16,Financials,-0.0019147617484474022,,1,3732286.0,-0.2738803983713862
2022-09-19,Financials,0.0030114789391131325,,1,6095521.0,-0.2716937044838045
2022-09-20,Financials,0.008669297741618731,,1,2918166.0,-0.26537980036087927
2022-09-21,Financials,0.0016162170810412047,,1,3803748.0,-0.2641924946461446
2022-09-22,Financials,-0.02331273477122653,,1,6120494.0,-0.28134617986113686
2022-09-23,Financials,-0.02707420277782835,,1,4014844.0,-0.3008031591146374
2022-09-26,Financials,0.022677009921255653,,1,8498993.0,-0.28494746541696947
2022-09-27,Financials,-0.039281405124101276,,1,6108510.0,-0.3130357337129409
2022-09-28,Financials,0.003039937996581532,,1,7637700.0,-0.3109474049375611
2022-09-29,Financials,-0.0033995227795931005,,1,6061267.0,-0.3132898549308136
2022-09-30,Financials,0.002518337320236874,,1,5410517.0,-0.3115604871443006
2022-10-03,Financials,-0.016931303159519184,,1,4199537.0,-0.32321666524345216
2022-10-04,Financials,0.005357449990318841,,1,7236122.0,-0.31959083237321273
2022-10-05,Financials,0.003194415743420942,,1,6210932.0,-0.31741732261617783
2022-10-06,Financials,0.041397803727259985,,1,11323239.0,-0.28915989891021476
2022-10-07,Financials,0.0020574869969458565,,1,6952286.0,-0.2876973546453149
2022-10-10,Financials,0.020273360229125847,,1,5074451.0,-0.2732565865238801
2022-10-11,Financials,-0.02229502283079865,,1,6271194.0,-0.2894593475194627
2022-10-12,Financials,0.015366873082357069,,1,6398784.0,-0.2785405594929391
2022-10-13,Financials,0.003497305151256125,,1,7719285.0,-0.2760173956752314
2022-10-14,Financials,0.004147218209183734,,1,8111825.0,-0.27301488183544353
2022-10-17,Financials,0.004354008211084448,,1,5200641.0,-0.26984958266161885
2022-10-18,Financials,0.025627871151482573,,1,4030184.0,-0.25113738184486956
2022-10-19,Financials,0.003928401087720301,,1,3126648.0,-0.24819554912115582
2022-10-20,Financials,-0.011610560392366631,,1,3962087.0,-0.25692442010133465
2022-10-21,Financials,-0.00909580079555683,,1,4635693.0,-0.26368328755213577
2022-10-24,Financials,0.012332010945569793,,1,8776044.0,-0.25460302179482275
2022-10-25,Financials,0.006804515794377464,,1,8675098.0,-0.24953095628354438
2022-10-26,Financials,-0.02277033046767518,,1,7679266.0,-0.2666193844147282
2022-10-27,Financials,0.00780911520815053,,1,7977889.0,-0.26089233069619844
2022-10-28,Financials,-0.016069678598285564,,1,4568853.0,-0.2727695533914385
2022-10-31,Financials,0.006666991741792971,,1,3488967.0,-0.2679211140095188
2022-11-01,Financials,-0.01193102070771379,,1,4127227.0,-0.2766555623579513
2022-11-02,Financials,-0.0040948663896785975,,1,2962878.0,-0.27961756118381265
2022-11-03,Financials,-0.008032240723823136,,1,3951208.0,-0.285403846345599
2022-11-04,Financials,0.022825409189529022,,1,4947322.0,-0.2690928967331737
2022-11-07,Financials,0.006122569744845929,,1,5769637.0,-0.2646178670164193
2022-11-08,Financials,0.01897067307979694,,1,5932144.0,-0.250667172982864
2022-11-09,Financials,0.04340443200641797,,1,4952598.0,-0.21814280724242174
2022-11-10,Financials,0.0008138230678984559,,1,6407825.0,-0.21750651382315334
2022-11-11,Financials,0.02257237225684605,,1,4705763.0,-0.1998437795646123
2022-11-14,Financials,-0.010344592237747974,,1,5573216.0,-0.20812106939151398
2022-11-15,Financials,0.018877446289387256,,1,4081600.0,-0.1931724174112549
2022-11-16,Financials,-0.011960249850665128,,1,7738820.0,-0.20282227688542442
2022-11-17,Financials,-0.00016138148127153862,,1,5425616.0,-0.20295092660721736
2022-11-18,Financials,0.008141594939115482,,1,6767798.0,-0.19646167590505603
2022-11-21,Financials,0.010494413191899588,,1,3859496.0,-0.1880290127164772
2022-11-22,Financials,-0.018913769578771666,,1,6000928.0,-0.20338644487460544
2022-11-23,Financials,-0.012850114946405533,,1,6645387.0,-0.2136230206258315
2022-11-24,Financials,0.009256633840946327,,1,3000047.0,-0.20634381686681547
2022-11-25,Financials,-0.005384286607197808,,1,7774506.0,-0.21061708922437916
2022-11-28,Financials,-0.020779785964243236,,1,3935520.0,-0.22702029715412786
2022-11-29,Financials,-0.0009473051582858938,,1,5757509.0,-0.22775254481388407
2022-11-30,Financials,-0.0016649436102440518,,1,9259873.0,-0.22903829327992342
2022-12-01,Financials,0.00275927831321221,,1,7236312.0,-0.22691099536225368
2022-12-02,Financials,0.008027413163047337,,1,3529698.0,-0.22070509051021747
2022-12-05,Financials,0.007076588724150623,,1,5217373.0,-0.21519034094093414
2022-12-06,Financials,-0.01137208476763929,,1,8068545.0,-0.22411526291021588
2022-12-07,Financials,-0.006028914346466352,,1,4294304.0,-0.22879300553286075
2022-12-08,Financials,0.013986664758293132,,1,5040658.0,-0.218006391841998
2022-12-09,Financials,-0.008007964097211162,,1,4912447.0,-0.22426856858037592
2022-12-12,Financials,-0.0057936167802936644,,1,6505449.0,-0.22876285921844985
2022-12-13,Financials,-0.022378508299074062,,1,3626534.0,-0.2460219959739839
2022-12-14,Financials,-0.00031487323518719634,,1,6508924.0,-0.24625940346737152
2022-12-15,Financials,0.005276601856046836,,1,4541526.0,-0.2422822144367296
2022-12-16,Financials,-0.02942445413166228,,1,5845010.0,-0.2645776466627807
2022-12-19,Financials,-0.015888874188114688,,1,5277756.0,-0.276262679910083
2022-12-20,Financials,-0.021144314638323558,,1,6860836.0,-0.2915656095215613
2022-12-21,Financials,0.011901750938669187,,1,5546502.0,-0.283133999849699
2022-12-22,Financials,-0.02848032863345662,,1,9011609.0,-0.30355057912013117
2022-12-23,Financials,-0.0010625564325746906,,1,7274742.0,-0.30429059593224994
2022-12-26,Financials,0.01084775293670992,,1,4383402.0,-0.29674371220117735
2022-12-27,Financials,0.0029223594976810485,,1,8188373.0,-0.29468854450922455
2022-12-28,Financials,-0.006464481537317601,,1,6046180.0,-0.29924801739130324
2022-12-29,Financials,0.005294513700848658,,1,5761055.0,-0.2955378764184846
2022-12-30,Financials,0.015619239929649087,,1,7276520.0,-0.2845347134889148
2023-01-02,Financials,-0.0014950855695367027,,1,3961123.0,-0.28560439531428194
2023-01-03,Financials,-0.033363582256808355,,1,3919477.0,-0.30943919183511626
2023-01-04,Financials,0.017275363449959613,,1,5711075.0,-0.29750950288977007
2023-01-05,Financials,0.006098898624304239,,1,4575142.0,-0.2932250845633577
2023-01-06,Financials,-0.00038060254507665814,,1,10050815.0,-0.2934940848949692
2023-01-09,Financials,-0.029497401500960585,,1,4664094.0,-0.31433417353562587
2023-01-10,Financials,-0.004346468959076977,,1,5525790.0,-0.3173143987666531
2023-01-11,Financials,-0.0129765423185354,,1,5930908.0,-0.3261732973613124
2023-01-12,Financials,-0.01807236078132357,,1,8220061.0,-0.33835093663548843
2023-01-13,Financials,-0.0019262810500121352,,1,4022046.0,-0.33962545868800575
2023-01-16,Financials,-0.007900037735066534,,1,3401447.0,-0.3448424424836478
2023-01-17,Financials,-0.006915149852076863,,1,8358347.0,-0.3493729551705941
2023-01-18,Financials,0.011173180782930725,,1,5706025.0,-0.34210338157645115
2023-01-19,Financials,0.003935393956293609,,1,6952190.0,-0.33951429920044107
2023-01-20,Financials,-0.007295181113229021,,1,7121053.0,-0.34433266201047186
2023-01-23,Financials,-0.009192142015607141,,1,7542869.0,-0.35035964929626673
2023-01-24,Financials,-0.006687271350635737,,1,4908170.0,-0.35470397060174474
2023-01-25,Financials,-0.0035859229929727787,,1,4483557.0,-0.357017952470838
2023-01-26,Financials,0.00884693884427823,,1,3039565.0,-0.3513295296183787
2023-01-27,Financials,-0.01547483764024904,,1,4184159.0,-0.36136759982955824
2023-01-30,Financials,0.021921179454480466,,1,5851709.0,-0.3473680243799764
2023-01-31,Financials,0.008857731609042352,,1,4482605.0,-0.3415871855004552
2023-02-01,Financials,-0.04082470652116865,,1,4295904.0,-0.3684666954221758
2023-02-02,Financials,0.0013901479135756123,,1,5494157.0,-0.36758877071646345
2023-02-03,Financials,0.015675511049735746,,1,8442124.0,-0.35767540150385246
2023-02-06,Financials,0.005926067273051228,,1,5393606.0,-0.3538689427220286
2023-02-07,Financials,-0.006051529762002739,,1,3906113.0,-0.3577790240453006
2023-02-08,Financials,-0.0007995010649182177,,1,7913103.0,-0.35829248039948924
2023-02-09,Financials,0.002780285981548447,,1,4307975.0,-0.3565083499784897
2023-02-10,Financials,0.011621183809457092,,1,8692652.0,-0.3490302152337389
2023-02-13,Financials,-0.021045136855751267,,1,5294557.0,-0.3627299634431038
2023-02-14,Financials,-0.008932524957001031,,1,5707498.0,-0.36842239394899723
2023-02-15,Financials,0.02461469386363979,,1,9243400.0,-0.35287630452492125
2023-02-16,Financials,0.0006066105220441376,,1,3599395.0,-0.352483752482182
2023-02-17,Financials,0.022959818878070193,,1,4203747.0,-0.3376168967185652
2023-02-20,Financials,0.044755839701357214,,1,5542356.0,-0.30797138472721375
2023-02-21,Financials,-0.007243146413776769,,1,5279880.0,-0.31298384931015777
2023-02-22,Financials,-0.017788292702266117,,1,12541055.0,-0.32520469368981286
2023-02-23,Financials,-0.0038563598251249998,,1,4176532.0,-0.3278069471992504
2023-02-24,Financials,0.01654658090902239,,1,3825043.0,-0.31668445046460003
2023-02-27,Financials,0.018638472995823552,,1,4297591.0,-0.3039484920469582
2023-02-28,Financials,0.03408555326736806,,1,6368707.0,-0.2802231912957929
2023-03-01,Financials,-0.0004363624629589724,,1,6254592.0,-0.2805372748768198
2023-03-02,Financials,0.0074116002527584435,,1,4456047.0,-0.27520490476144654
2023-03-03,Financials,-0.010528716239067704,,1,5594620.0,-0.2828360666506813
2023-03-06,Financials,-0.03737154691214706,,1,10742641.0,-0.30963759222954523
2023-03-07,Financials,-0.0004789346970155428,,1,5454185.0,-0.3099682307401417
2023-03-08,Financials,-0.01713745997197369,,1,6239053.0,-0.3217936225652227
2023-03-09,Financials,0.009733722879052165,,1,9775472.0,-0.3151921496324668
2023-03-10,Financials,-0.02801743201675988,,1,4738380.0,-0.33437870702468264
2023-03-13,Financials,-0.01094085364587849,,1,4426768.0,-0.34166117217470604
2023-03-14,Financials,0.0041164239733231245,,1,4738715.0,-0.33895117044127654
2023-03-15,Financials,0.005681688637330096,,1,4678255.0,-0.33519529681765237
2023-03-16,Financials,-0.0005953625364699677,,1,3126385.0,-0.33559109663199616
2023-03-17,Financials,0.028035316961067203,,1,6089408.0,-0.3169641824343191
2023-03-20,Financials,0.023581264272004354,,1,6158498.0,-0.3008573343130583
2023-03-21,Financials,-0.010118389300479702,,1,5251653.0,-0.30793153198105394
2023-03-22,Financials,0.024178554509764805,,1,6225563.0,-0.29119831680256847
2023-03-23,Financials,0.026463162884775127,,1,6285373.0,-0.272441182407112
2023-03-24,Financials,-0.0017386720665052424,,1,3650097.0,-0.2737061686000003
2023-03-27,Financials,0.000792856485614335,,1,5890640.0,-0.27313032182531316
2023-03-28,Financials,-0.0006444409811955376,,1,6384557.0,-0.27359874643391735
2023-03-29,Financials,-0.009530338573817132,,1,3433075.0,-0.2805215963208473
2023-03-30,Financials,-0.008045088177445314,,1,8560687.0,-0.2863098635202137
2023-03-31,Financials,0.019841047588543548,,1,3941167.0,-0.27214950355884415
2023-04-03,Financials,0.00665380554365913,,1,3906689.0,-0.2673065278906689
2023-04-04,Financials,-0.00817251080234227,,1,5866190.0,-0.2732944732062881
2023-04-05,Financials,-0.013731921760107624,,1,6587517.0,-0.28327353664285715
2023-04-06,Financials,-0.0112216230139629,,1,7034376.0,-0.2913163708187819
2023-04-07,Financials,-0.0023360642202564508,,1,6421671.0,-0.2929719012883937
2023-04-10,Financials,0.013768078088536084,,1,4801652.0,-0.2832374832145431
2023-04-11,Financials,-0.012746333803174248,,1,5780507.0,-0.29237357751109383
2023-04-12,Financials,0.013596613803977364,,1,5100690.0,-0.282752254327022
2023-04-13,Financials,0.0030589514269472318,,1,5730540.0,-0.280558228311921
2023-04-14,Financials,0.0022498035938238736,,1,5538151.0,-0.2789396256284301
2023-04-17,Financials,0.015452114344070234,,1,4846411.0,-0.2677977182746625
2023-04-18,Financials,0.01272423148135382,,1,5041450.0,-0.2584810069508139
2023-04-19,Financials,-0.020886985670669267,,1,3285477.0,-0.2739691035331613
2023-04-20,Financials,-0.016094668429710635,,1,7247021.0,-0.28565433008152064
2023-04-21,Financials,-0.003317859847882243,,1,5951056.0,-0.28802442889725166
2023-04-24,Financials,0.005436628116469944,,1,2741681.0,-0.28415368248915474
2023-04-25,Financials,0.020517691131420657,,1,7257810.0,-0.2694661688489023
2023-04-26,Financials,0.0010868870906091121,,1,5321440.0,-0.26867216105857095
2023-04-27,Financials,0.025588368737194722,,1,4381152.0,-0.24995867464796195
2023-04-28,Financials,-0.010452546512306427,,1,4086322.0,-0.2577985164873561
2023-05-01,Financials,-0.007924137594583103,,1,4488078.0,-0.263679823165614
2023-05-02,Financials,-0.0044567267012977085,,1,4129767.0,-0.26696140095841603
2023-05-03,Financials,-0.012105567703972198,,1,4396960.0,-0.2758352493487388
2023-05-04,Financials,0.01744988357203603,,1,9446202.0,-0.2631986587629018
2023-05-05,Financials,-0.04130173270394322,,1,6770292.0,-0.29362983081458327
2023-05-08,Financials,-0.007415609601460038,,1,10147254.0,-0.29886799622337956
2023-05-09,Financials,0.017282458199246786,,1,6065801.0,-0.286750711675956
2023-05-10,Financials,-0.004555950674506093,,1,6499674.0,-0.29000024025218696
2023-05-11,Financials,0.016156229079149043,,1,4338445.0,-0.2785293214875605
2023-05-12,Financials,0.03297468731617936,,1,5631186.0,-0.254739051455821
2023-05-15,Financials,0.0013159152692443499,,1,5279508.0,-0.2537583511940602
2023-05-16,Financials,0.017592377043582186,,1,6833632.0,-0.2406301867426417
2023-05-17,Financials,0.03628595340861751,,1,5887800.0,-0.21307572907887462
2023-05-18,Financials,0.006126202540837067,,1,6098281.0,-0.20825487161091127
2023-05-19,Financials,-0.0006046919541886631,,1,5935004.0,-0.20873363351981622
2023-05-22,Financials,0.013608018759146301,,1,5122038.0,-0.1979660659612723
2023-05-23,Financials,0.017820887317960166,,1,5026742.0,-0.18367310959758787
2023-05-24,Financials,-0.00046641347588316506,,1,4415395.0,-0.1840538554599973
2023-05-25,Financials,-0.007120668844867062,,1,7615801.0,-0.1898639377505127
2023-05-26,Financials,0.025793202365265833,,1,5302611.0,-0.1689679343535121
2023-05-29,Financials,-0.00393237419425041,,1,6018237.0,-0.17223586340305497
2023-05-30,Financials,0.017963115085775527,,1,5419036.0,-0.1573666409534864
2023-05-31,Financials,0.004044473921392955,,1,7502547.0,-0.15395863230752704
2023-06-01,Financials,0.027431537693323182,,1,3212515.0,-0.13075041663956022
2023-06-02,Financials,-0.012581330050868034,,1,6124745.0,-0.14168673254439745
2023-06-05,Financials,-0.01261025521789838,,1,3838403.0,-0.1525102819039209
2023-06-06,Financials,0.012890617393233494,,1,6293707.0,-0.14158561620324506
2023-06-07,Financials,-0.01678734961894146,,1,5417140.0,-0.15599611858196938
2023-06-08,Financials,0.0018578483744424723,,1,3477963.0,-0.15442808734285374
2023-06-09,Financials,0.023266449792035626,,1,6379949.0,-0.13475463089146067
2023-06-12,Financials,-0.026573607730220106,,1,6223634.0,-0.15774732192054053
2023-06-13,Financials,0.006126928801256204,,1,5120461.0,-0.1525868997292803
2023-06-14,Financials,0.018232507313717283,,1,5508439.0,-0.13713643418085453
2023-06-15,Financials,-0.0002734130624427733,,1,5661394.0,-0.13737235235085543
2023-06-16,Financials,-0.013748320957233107,,1,7990714.0,-0.1492320341173189
2023-06-19,Financials,-0.0038126583184727725,,1,4960328.0,-0.1524757216795316
2023-06-20,Financials,-0.01242393873885872,,1,7575358.0,-0.1630053113930805
2023-06-21,Financials,0.0011480529824234864,,1,5347345.0,-0.16204439714455265
2023-06-22,Financials,-0.004023450978553944,,1,8045521.0,-0.16541587043484618
2023-06-23,Financials,-0.007560522436448558,,1,5136041.0,-0.17172576247152738
2023-06-26,Financials,0.007084005665785265,,1,4506537.0,-0.1658582630800517
2023-06-27,Financials,0.023725584919486842,,1,4153087.0,-0.14606776246586917
2023-06-28,Financials,0.005015688148108044,,1,5415078.0,-0.1417847046627818
2023-06-29,Financials,0.02020503455725353,,1,4505478.0,-0.12444443496292978
2023-06-30,Financials,0.023721237884196444,,1,8797690.0,-0.10367517312385344
2023-07-03,Financials,-0.008657728441320622,,1,4257469.0,-0.11143531007016083
2023-07-04,Financials,0.004223771957620803,,1,4437014.0,-0.1076822154503031
2023-07-05,Financials,-0.006240030325591395,,1,6535631.0,-0.11325030548595771
2023-07-06,Financials,-0.022047981264163297,,1,8200400.0,-0.13280134613660588
2023-07-07,Financials,0.005433458884500197,,1,6820137.0,-0.12808945790614523
2023-07-10,Financials,-0.015618223792415953,,1,7750773.0,-0.14170715187953375
2023-07-11,Financials,0.007355480195939235,,1,5377151.0,-0.13539399583286738
2023-07-12,Financials,-0.023150188290252283,,1,5650276.0,-0.15540978762621915
2023-07-13,Financials,0.002670730295776025,,1,9933418.0,-0.1531541149585166
2023-07-14,Financials,-0.023372305455224174,,1,9575862.0,-0.1729468556572058
2023-07-17,Financials,0.010189885073965455,,1,6881037.0,-0.16451927916629094
2023-07-18,Financials,-0.0057680184437720605,,1,7641050.0,-0.16933834737347575
2023-07-19,Financials,-0.007209627562836829,,1,7123186.0,-0.1753271085196435
2023-07-20,Financials,0.016957954154433574,,1,3944123.0,-0.1613423434335154
2023-07-21,Financials,-0.00469428587679388,,1,5400470.0,-0.1652792422262005
2023-07-24,Financials,0.0017714852271994985,,1,8488647.0,-0.16380054673496747
2023-07-25,Financials,-0.0028558254062448496,,1,6746540.0,-0.16618858637828982
2023-07-26,Financials,0.007700718996242584,,1,5409515.0,-0.15976763898612922
2023-07-27,Financials,0.01570853018470486,,1,8873535.0,-0.146568823580977
2023-07-28,Financials,0.012608749962925048,,1,6248341.0,-0.13580812326694458
2023-07-31,Financials,-0.006863859532733163,,1,6899530.0,-0.14173981491816934
2023-08-01,Financials,0.018192159367432792,,1,6359156.0,-0.1261262088524383
2023-08-02,Financials,-0.013587709922608271,,1,6597560.0,-0.13800015243552133
2023-08-03,Financials,-0.010987939186055895,,1,6690107.0,-0.14747175433894932
2023-08-04,Financials,-0.0017969620470887904,,1,8001873.0,-0.1490037152404734
2023-08-07,Financials,0.015766179725454244,,1,8667653.0,-0.13558675486926086
2023-08-08,Financials,-0.017382637440600757,,1,4952554.0,-0.15061253690822163
2023-08-09,Financials,0.013443823536780641,,1,6237564.0,-0.13919352174006194
2023-08-10,Financials,-0.0007046326106251444,,1,7907497.0,-0.1398000740560813
2023-08-11,Financials,-0.00637140057085539,,1,5279667.0,-0.14528075235529014
2023-08-14,Financials,0.016528842074513328,,1,3819519.0,-0.1311532328929239
2023-08-15,Financials,-0.011887909715206368,,1,4249686.0,-0.14148200481664175
2023-08-16,Financials,0.0342903816474589,,1,4620210.0,-0.11204309511059307
2023-08-17,Financials,-0.0025272544579671985,,1,4732703.0,-0.1142871881569576
2023-08-18,Financials,0.002354467039040964,,1,4338666.0,-0.11220180653541689
2023-08-21,Financials,0.02318414837567495,,1,7848866.0,-0.09161896149047777
2023-08-22,Financials,0.00274454564336013,,1,5000559.0,-0.08912586826872548
2023-08-23,Financials,0.017890447890982042,,1,8289653.0,-0.07282992207974359
2023-08-24,Financials,-0.02909049533621666,,1,4174440.0,-0.09980175890736243
2023-08-25,Financials,-0.006503931680111874,,1,4941772.0,-0.10565658676598577
2023-08-28,Financials,0.006046103439349526,,1,5661314.0,-0.10024929397927196
2023-08-29,Financials,0.016283815580261596,,1,7208718.0,-0.08559791941422024
2023-08-30,Financials,0.011622803211992272,,1,7859785.0,-0.07497000397493547
2023-08-31,Financials,0.010222292096444985,,1,4726135.0,-0.06551407715759394
2023-09-01,Financials,0.015979362350322823,,1,7608356.0,-0.05058158798521928
2023-09-04,Financials,0.007216667487110806,,1,3324263.0,-0.04372995099956789
2023-09-05,Financials,-0.03193183916661335,,1,7669696.0,-0.07426541240409912
2023-09-06,Financials,0.021678412328178354,,1,3838514.0,-0.05419695630773902
2023-09-07,Financials,-0.012411157589835908,,1,6391361.0,-0.06593546693195018
2023-09-08,Financials,0.004803425376763704,,1,7671103.0,-0.06144875765027613
2023-09-11,Financials,0.0028204304593213436,,1,7092173.0,-0.05880163913871905
2023-09-12,Financials,0.0008216323801537584,,1,3303906.0,-0.05802832008928782
2023-09-13,Financials,-0.016424026177085382,,1,4944738.0,-0.07349928761821445
2023-09-14,Financials,-0.028874205394756713,,1,7261245.0,-0.10025125948591451
2023-09-15,Financials,-0.014874030724787324,,1,6920864.0,-0.11363414989690968
2023-09-18,Financials,0.012468241686599324,,1,6073278.0,-0.10258272625507625
2023-09-19,Financials,-0.0215165423250544,,1,2963783.0,-0.12189204300884382
2023-09-20,Financials,-0.01304836990279401,,1,8022179.0,-0.13334992044625116
2023-09-21,Financials,0.006364782711636874,,1,8299452.0,-0.12783388100286874
2023-09-22,Financials,-0.0152485258159194,,1,5919483.0,-0.1411331285841667
2023-09-25,Financials,-0.008005920439549286,,1,5910345.0,-0.14800914842488644
2023-09-26,Financials,0.0013373999525700953,,1,6292253.0,-0.14686969590039978
2023-09-27,Financials,0.004340165186855538,,1,8460991.0,-0.1431669694546952
2023-09-28,Financials,-0.015544602964470466,,1,6080837.0,-0.15648609872136598
2023-09-29,Financials,0.002221408541661418,,1,5122726.0,-0.15461230973605544
2023-10-02,Financials,0.00607781716072564,,1,6152892.0,-0.14947419792470307
2023-10-03,Financials,-0.01892347193990007,,1,5676197.0,-0.16556909907443595
2023-10-04,Financials,0.0033263939910117557,,1,5443387.0,-0.16279345313968263
2023-10-05,Financials,-0.010600690937873192,,1,3273782.0,-0.17166842099411295
2023-10-06,Financials,0.0019668025165346936,,1,6341590.0,-0.17003925635999906
2023-10-09,Financials,0.010925757490975574,,1,7909662.0,-0.16097130654795866
2023-10-10,Financials,-0.002521531147451017,,1,7374624.0,-0.16308694353210307
2023-10-11,Financials,0.01377174933875791,,1,7464654.0,-0.15156118670009344
2023-10-12,Financials,0.011938560040889223,,1,5494159.0,-0.14143204898649175
2023-10-13,Financials,0.013688235222951262,,1,5861138.0,-0.1296797689181316
2023-10-16,Financials,0.006141442545319675,,1,7846554.0,-0.12433474722291293
2023-10-17,Financials,0.016573109103076078,,1,7338439.0,-0.10982225145086555
2023-10-18,Financials,0.005872079960882681,,1,8565708.0,-0.10459505653198653
2023-10-19,Financials,-0.024815624057538788,,1,4732190.0,-0.12681508898835048
2023-10-20,Financials,-0.011729411388891942,,1,4550756.0,-0.13705703402817915
2023-10-23,Financials,-0.003044836972135201,,1,4922022.0,-0.1396845546758142
2023-10-24,Financials,-0.0011902270404955395,,1,4075737.0,-0.14070852538219503
2023-10-25,Financials,0.005463033153699781,,1,3684801.0,-0.13601418756766637
2023-10-26,Financials,-0.011951921761925721,,1,6425125.0,-0.1463404784012714
2023-10-27,Financials,0.03014904531449991,,1,6626985.0,-0.12060345880143697
2023-10-30,Financials,-0.0014180311971118131,,1,5827044.0,-0.12185047053148879
2023-10-31,Financials,-9.817508528353613e-07,,1,5992589.0,-0.12185133265553827
2023-11-01,Financials,-0.009915359438437688,,1,3577255.0,-0.1305584923326436
2023-11-02,Financials,-0.01488895106041721,,1,4874801.0,-0.14350356439019818
2023-11-03,Financials,-0.0017745698079615346,,1,4961291.0,-0.14502347710545804
2023-11-06,Financials,0.0005259197483713507,,1,5476824.0,-0.14457382806767394
2023-11-07,Financials,-0.0011854579198445903,,1,3490406.0,-0.14558789979803344
2023-11-08,Financials,0.02486257247773116,,1,4384154.0,-0.1243450170309115
2023-11-09,Financials,-0.0017746622260741418,,1,4752940.0,-0.12589900885226035
2023-11-10,Financials,-0.0011708819614887345,,1,7428984.0,-0.12692247793531464
2023-11-13,Financials,0.012304617864154599,,1,6044852.0,-0.11617959266052569
2023-11-14,Financials,-0.002443880313447999,,1,7375559.0,-0.11833954395464619
2023-11-15,Financials,0.00817839902762385,,1,5322306.0,-0.11112897293823043
2023-11-16,Financials,-0.01901085714395534,,1,5698250.0,-0.12802717305310263
2023-11-17,Financials,-0.01889272970043987,,1,6614406.0,-0.14450111997873882
2023-11-20,Financials,0.0019390415927371674,,1,5139902.0,-0.1428422720678375
2023-11-21,Financials,-0.0033492762021438693,,1,4513067.0,-0.14571313004748443
2023-11-22,Financials,-0.01198291674933849,,1,3570762.0,-0.15594997849017833
2023-11-23,Financials,0.0019359489752490688,,1,4530412.0,-0.15431594071597743
2023-11-24,Financials,0.0032405239530062246,,1,6993127.0,-0.15157548126519205
2023-11-27,Financials,-0.010500713720600463,,1,8114198.0,-0.1604845442499645
2023-11-28,Financials,-0.007643288649978208,,1,4371564.0,-0.16690120320438007
2023-11-29,Financials,0.003352913222525178,,1,3235826.0,-0.16410789523293423
2023-11-30,Financials,-0.015153634354007073,,1,7439756.0,-0.17677469854797567
2023-12-01,Financials,-0.008917789549863442,,1,5649620.0,-0.18411604853844776
2023-12-04,Financials,0.008097597171142779,,1,3685054.0,-0.17750934896111192
2023-12-05,Financials,-0.00024243708468019154,,1,2120999.0,-0.17770875119672647
2023-12-06,Financials,-0.007021372530866876,,1,4121508.0,-0.183482364383446
2023-12-07,Financials,-0.013389111090420291,,1,4878778.0,-0.19441480971400338
2023-12-08,Financials,-0.01503600210052769,,1,3986932.0,-0.20652759032729762
2023-12-11,Financials,-0.0018560951038065765,,1,6669346.0,-0.2080003505818967
2023-12-12,Financials,0.03040478896223031,,1,4608571.0,-0.18391976838317892
2023-12-13,Financials,0.008573854515636858,,1,5548424.0,-0.17692281520420905
2023-12-14,Financials,-0.01981558950605755,,1,11637011.0,-0.19323257482992395
2023-12-15,Financials,0.01068856955557873,,1,5761499.0,-0.18460938509081848
2023-12-18,Financials,-0.011233229228771235,,1,5381062.0,-0.193768854779082
2023-12-19,Financials,4.133989721344378e-05,,1,5241683.0,-0.19373552526640825
2023-12-20,Financials,-0.008690927353521394,,1,6758764.0,-0.20074271124404297
2023-12-21,Financials,0.03035906876277572,,1,6924653.0,-0.17647800425555116
2023-12-22,Financials,-0.01684369942259567,,1,4189689.0,-0.19034916121976675
2023-12-25,Financials,0.0048032347149118415,,1,4832471.0,-0.18646021820398007
2023-12-26,Financials,-0.010133286573508093,,1,4545534.0,-0.1947040499518684
2023-12-27,Financials,0.011161244449344077,,1,5116852.0,-0.18571594499931443
2023-12-28,Financials,0.004501817115247997,,1,9447956.0,-0.1820501871038388
2023-12-29,Financials,0.0188725798151137,,1,6853122.0,-0.16661336397519866
2024-01-01,Financials,0.010851575371524369,,1,5433069.0,-0.15756980608075433
2024-01-02,Financials,-0.010256046988186052,,1,8069253.0,-0.1662098097338568
2024-01-03,Financials,0.04371828371769548,,1,6450628.0,-0.12975793363477028
2024-01-04,Financials,0.008418939736061004,,1,3380166.0,-0.12243141812225622
2024-01-05,Financials,-0.008119764637498528,,1,9094354.0,-0.12955706846036685
2024-01-08,Financials,0.0031872977688833792,,1,5191350.0,-0.12678270764673027
2024-01-09,Financials,0.00954646498110101,,1,2817432.0,-0.11844656934438791
2024-01-10,Financials,0.008977687294572378,,1,3424946.0,-0.11053225831050428
2024-01-11,Financials,0.007530794773736638,,1,7729495.0,-0.10383385928998168
2024-01-12,Financials,0.014565226011003851,,1,3497838.0,-0.09078099690713115
2024-01-15,Financials,0.013095235529894333,,1,8395518.0,-0.07887455991337433
2024-01-16,Financials,-0.012559204096930232,,1,5729890.0,-0.09044316231429694
2024-01-17,Financials,0.03163450042294169,,1,7309914.0,-0.06166978614783902
2024-01-18,Financials,0.029553626298234548,,1,5431979.0,-0.0339387256633098
2024-01-19,Financials,0.012090340824718604,,1,6534104.0,-0.022258715599017265
2024-01-22,Financials,0.0006925794313290545,,1,5938418.0,-0.021581552096279877
2024-01-23,Financials,0.0009495992162136258,,1,5342441.0,-0.020652446705021532
2024-01-24,Financials,-0.004727094895647932,,1,3970321.0,-0.025281915525267484
2024-01-25,Financials,-0.0027925469924877655,,1,6051452.0,-0.028003861580590872
2024-01-26,Financials,-0.032583770907778975,,1,3429977.0,-0.059675161078094674
2024-01-29,Financials,0.02299512629024747,,1,7618331.0,-0.03805227265322886
2024-01-30,Financials,0.01771976236458439,,1,6021221.0,-0.021006787517492076
2024-01-31,Financials,-0.024956572031625712,,1,6658241.0,-0.04543910214328439
2024-02-01,Financials,0.01342145127371186,,1,2556911.0,-0.032627509564909896
2024-02-02,Financials,-1.3826527696103597e-06,,1,3844644.0,-0.032628847105163006
2024-02-05,Financials,-0.0028622539394655977,,1,4670271.0,-0.03539770899846162
2024-02-06,Financials,0.0074831475247179036,,1,6744326.0,-0.028179447752216258
2024-02-07,Financials,-0.025944933574163276,,1,4377632.0,-0.05339326742629169
2024-02-08,Financials,-5.4233126847380575e-05,,1,11576311.0,-0.05344460486929392
2024-02-09,Financials,0.0013024061939694853,,1,4999324.0,-0.05221180525974045
2024-02-12,Financials,0.0013168769726010776,,1,3989002.0,-0.05096368481118385
2024-02-13,Financials,-0.0203333197116371,,1,5406240.0,-0.07026074362587209
2024-02-14,Financials,0.006796449050556541,,1,4134213.0,-0.06394181813962296
2024-02-15,Financials,0.015960778778419282,,1,3958503.0,-0.04900160057522007
2024-02-16,Financials,0.006204564589973316,,1,7434516.0,-0.04310106958102777
2024-02-19,Financials,-0.003312946666407912,,1,6348756.0,-0.04627122470264855
2024-02-20,Financials,0.040321660245689506,,1,7052839.0,-0.007815297058571202
2024-02-21,Financials,-0.013710670069592146,,1,8229552.0,-0.021418814168697398
2024-02-22,Financials,0.011678945731192103,,1,6454875.0,-0.009990017605807977
2024-02-23,Financials,0.00375150247905931,,1,3956526.0,-0.006275992702562738
2024-02-26,Financials,0.03020293753659331,,1,7269781.0,0.02373739141845488
2024-02-27,Financials,0.005896818941116377,,1,3911602.0,0.029774185458900204
2024-02-28,Financials,0.0091027010619118,,1,4796696.0,0.03914791203040635
2024-02-29,Financials,0.007675667130518704,,1,5438196.0,0.04712406550252535
2024-03-01,Financials,-0.01571052380777327,,1,5399452.0,0.030673197941755603
2024-03-04,Financials,-0.012877904478471591,,1,3270517.0,0.017400286950140842
2024-03-05,Financials,-0.004007935085582837,,1,4079880.0,0.013322612643991372
2024-03-06,Financials,0.014429168821892047,,1,5584647.0,0.027944015692872304
2024-03-07,Financials,0.003599332094870622,,1,4535481.0,0.03164392758028578
2024-03-08,Financials,-0.002977219394604269,,1,7622972.0,0.028572497270767938
2024-03-11,Financials,0.020631690637433087,,1,8446041.0,0.0497936868326303
2024-03-12,Financials,-0.029528172294229438,,1,4191922.0,0.01879519797444207
2024-03-13,Financials,-0.019261690011986188,,1,5803729.0,-0.0008285193146417846
2024-03-14,Financials,-0.03721626362160002,,1,9631669.0,-0.03801394854301254
2024-03-15,Financials,0.01818114744574295,,1,5458858.0,-0.020523938300724964
2024-03-18,Financials,-0.001332321403931469,,1,4788859.0,-0.021828915222365408
2024-03-19,Financials,0.014562379438768591,,1,7280671.0,-0.007584416729801591
2024-03-20,Financials,-0.0015197080717437306,,1,4986255.0,-0.009092598702221566
2024-03-21,Financials,0.015413051426040436,,1,8255338.0,0.006180308032425197
2024-03-22,Financials,-0.0017812856260805976,,1,4532631.0,0.004388013512481637
2024-03-25,Financials,0.006243141275805719,,1,4761567.0,0.010658549776565884
2024-03-26,Financials,0.004054136444799683,,1,6913894.0,0.014755897436463439
2024-03-27,Financials,0.005163514014920434,,1,5640270.0,0.019995603734599854
2024-03-28,Financials,0.025304884447150622,,1,5989991.0,0.04580647462370546
2024-03-29,Financials,-0.024175123972350998,,1,3259629.0,0.020523973448590027
2024-04-01,Financials,-0.0009085278463820678,,1,4860274.0,0.01959679900081146
2024-04-02,Financials,0.003074359395301096,,1,7048318.0,0.022731405999238508
2024-04-03,Financials,0.0008359776659225826,,1,4270747.0,0.023586386612891364
2024-04-04,Financials,-0.0058353813373568375,,1,6766284.0,0.01761336971527805
2024-04-05,Financials,-0.00788133821013548,,1,5978458.0,0.009593214581396392
2024-04-08,Financials,0.022991406163071826,,1,5425890.0,0.03280518223731854
2024-04-09,Financials,-0.0009434826300763755,,1,8121784.0,0.031830748487624794
2024-04-10,Financials,0.03656719381278206,,1,5400734.0,0.06956190344955981
2024-04-11,Financials,0.008012964113217391,,1,5089132.0,0.07813226459876565
2024-04-12,Financials,-0.004217085025178813,,1,5122425.0,0.07358568917056418
2024-04-15,Financials,0.00837786102763105,,1,5659737.0,0.08258004087568871
2024-04-16,Financials,0.0017427805747423086,,1,6818906.0,0.08446674034153068
2024-04-17,Financials,0.020180119271127506,,1,3674470.0,0.10635140850719371
2024-04-18,Financials,-0.017346316492650393,,1,7356180.0,0.08716028682313848
2024-04-19,Financials,-0.026818137441304235,,1,5942965.0,0.05800467283038779
2024-04-22,Financials,0.005511512687627063,,1,6468904.0,0.06383587900826115
2024-04-23,Financials,0.01260965370526912,,1,11462526.0,0.077250481041796
2024-04-24,Financials,0.004388950636286193,,1,4683191.0,0.08197848022600396
2024-04-25,Financials,0.010169107365914476,,1,3846051.0,0.09298123555903115
2024-04-26,Financials,0.007970527268591487,,1,5848393.0,0.10169287230111324
2024-04-29,Financials,-0.022021610473503928,,1,6385445.0,0.07743182100586243
2024-04-30,Financials,0.004319186399712516,,1,7090488.0,0.08208544987376842
2024-05-01,Financials,0.019803039875351258,,1,4857847.0,0.10351403118615599
2024-05-02,Financials,0.0026823028085489753,,1,4234984.0,0.10647398997127988
2024-05-03,Financials,-0.019473088432909624,,1,3601254.0,0.08492752411585469
2024-05-06,Financials,-0.0048780056319900345,,1,3627983.0,0.07963524154291646
2024-05-07,Financials,0.008438835380233822,,1,4877387.0,0.08874610561699603
2024-05-08,Financials,0.026963005177596422,,1,5624912.0,0.11810197249983512
2024-05-09,Financials,-0.029138157906326345,,1,10888858.0,0.08552254066975995
2024-05-10,Financials,0.005515267371614785,,1,3297064.0,0.09150948771946821
2024-05-13,Financials,-0.013824798542496963,,1,6206858.0,0.0764195889445225
2024-05-14,Financials,0.007705723230515549,,1,4434745.0,0.08471418037683431
2024-05-15,Financials,0.008903475096732949,,1,5915742.0,0.09437190606889256
2024-05-16,Financials,-0.0033721479031069146,,1,4611217.0,0.0906815221406232
2024-05-17,Financials,0.009557912195327756,,1,7563112.0,0.1011061603623098
2024-05-20,Financials,0.017158180126523703,,1,7716398.0,0.11999913820023123
2024-05-21,Financials,-0.0023467773878070863,,1,5246086.0,0.11737074954833959
2024-05-22,Financials,-0.019879825507251647,,1,8793909.0,0.09515761402041156
2024-05-23,Financials,0.021429746970074826,,1,7204723.0,0.1186265645812199
2024-05-24,Financials,0.012504971161001022,,1,8490883.0,0.13261495751123764
2024-05-27,Financials,0.00854349793179443,,1,5456259.0,0.14229145105825425
2024-05-28,Financials,-0.010217660815097007,,1,7390011.0,0.13061990445935612
2024-05-29,Financials,0.014848630183772249,,1,4470500.0,0.1474080612990849
2024-05-30,Financials,0.03065319547308043,,1,4533404.0,0.1825797848894739
2024-05-31,Financials,-0.0016999147137193305,,1,10416921.0,0.18056950011299322
2024-06-03,Financials,0.0015268649372623955,,1,3908703.0,0.18237207028871705
2024-06-04,Financials,-0.015813218962079434,,1,4952607.0,0.16367496184659447
2024-06-05,Financials,-0.010644931765513288,,1,3146939.0,0.15128772128050127
2024-06-06,Financials,-0.015953453803914552,,1,4381488.0,0.1329207058040387
2024-06-07,Financials,0.002070084170506581,,1,4024165.0,0.13526594702356287
2024-06-10,Financials,-0.0049815038781801935,,1,4473377.0,0.12961061530569906
2024-06-11,Financials,0.005688239136067086,,1,5997141.0,0.1360361106161978
2024-06-12,Financials,-0.013222115154030933,,1,6590357.0,0.12101531034249291
2024-06-13,Financials,-0.0023914080632114754,,1,4012854.0,0.11833450529035638
2024-06-14,Financials,-0.014143713959031357,,1,4432894.0,0.1025171019370148
2024-06-17,Financials,0.002918620322312826,,1,7524526.0,0.1057349307564257
2024-06-18,Financials,-0.02429324497827401,,1,9643955.0,0.07887304120252492
2024-06-19,Financials,0.0023804334797741245,,1,7911267.0,0.08144122671022913
2024-06-20,Financials,-0.004053725438747491,,1,3328712.0,0.0770573608990035
2024-06-21,Financials,0.0028198223104385356,,1,7765129.0,0.08009447127488856
2024-06-24,Financials,-0.024591431914675277,,1,10091399.0,0.05353340162311504
2024-06-25,Financials,0.009903559614135915,,1,3336392.0,0.06396713247157293
2024-06-26,Financials,-0.00435296264122742,,1,7554788.0,0.05933572329243031
2024-06-27,Financials,0.0033603321085833304,,1,5824030.0,0.06289544313717932
2024-06-28,Financials,-0.027848184575083756,,1,5293572.0,0.033295734652679654
2024-07-01,Financials,-0.018467912556890065,,1,5871882.0,0.014212919379706479
2024-07-02,Financials,-0.005719783214002017,,1,6261307.0,0.008411841348014537
2024-07-03,Financials,0.020681038700548937,,1,8100024.0,0.029266845665024688
2024-07-04,Financials,0.007997957287333213,,1,7689932.0,0.037498877933921815
2024-07-05,Financials,0.002055916915160383,,1,3450322.0,0.03963188942652618
2024-07-08,Financials,-0.013706683458099445,,1,4618604.0,0.025381984205210983
2024-07-09,Financials,-0.01642737948694306,,1,5815768.0,0.00853764523159728
2024-07-10,Financials,0.004250636793423634,,1,8747202.0,0.012824572453971506
2024-07-11,Financials,0.010590977002070456,,1,2453285.0,0.023551374207963383
2024-07-12,Financials,0.0032386400558890305,,1,4530423.0,0.026866288687733553
2024-07-15,Financials,0.02567600357283628,,1,3670160.0,0.05323211118490501
2024-07-16,Financials,-0.010090491508132349,,1,3681816.0,0.04260448151090146
2024-07-17,Financials,0.0027959859222184136,,1,7304353.0,0.04551958896364772
2024-07-18,Financials,-0.025203106671994102,,1,4941745.0,0.019169247235337528
2024-07-19,Financials,0.003269612806006128,,1,2702152.0,0.022501536057585758
2024-07-22,Financials,0.022084669259537115,,1,5479516.0,0.04508314429878624
2024-07-23,Financials,-0.015459118943090822,,1,10386313.0,0.028927079665652
2024-07-24,Financials,0.01270588221873048,,1,3253719.0,0.04200050595154603
2024-07-25,Financials,0.02166101508420981,,1,6734456.0,0.06457129462871669
2024-07-26,Financials,-0.010198912347874955,,1,8889281.0,0.05371382530673463
2024-07-29,Financials,0.0070958524626796304,,1,5422919.0,0.06119082314899704
2024-07-30,Financials,0.02373330220772063,,1,10294158.0,0.08637638565485206
2024-07-31,Financials,0.00356013315768533,,1,4468610.0,0.09024403024714833
2024-08-01,Financials,0.011877270229696757,,1,8612294.0,0.10319315321070732
2024-08-02,Financials,-0.026410883733802626,,1,8361422.0,0.07405684710533222
2024-08-05,Financials,0.009042611459918914,,1,5481636.0,0.08376912585957119
2024-08-06,Financials,0.007847930469705222,,1,3530737.0,0.09227447060453042
2024-08-07,Financials,-0.01971612329762984,,1,4226369.0,0.07073905246723822
2024-08-08,Financials,-0.01430508699463462,,1,2781974.0,0.05542203717314176
2024-08-09,Financials,0.009145264008579401,,1,6617437.0,0.06507415034356279
2024-08-12,Financials,-0.004412309010280779,,1,6295513.0,0.060374714073384794
2024-08-13,Financials,0.01674015015027841,,1,5795967.0,0.07812554600253185
2024-08-14,Financials,0.004760092086063317,,1,5268586.0,0.0832575228818413
2024-08-15,Financials,0.0009581173736863402,,1,8121743.0,0.08429541073469071
2024-08-16,Financials,-0.002434657718968225,,1,5935872.0,0.08165552254330377
2024-08-19,Financials,0.004490278502703671,,1,4624574.0,0.08651245708351074
2024-08-20,Financials,0.012119759390518237,,1,5837364.0,0.09968072663816363
2024-08-21,Financials,0.008096334475266032,,1,10202648.0,0.10858410961702969
2024-08-22,Financials,-0.006211037807397846,,1,6616117.0,0.10169865179951776
2024-08-23,Financials,0.018646564963190393,,1,5062460.0,0.12224154728015679
2024-08-26,Financials,0.009948096405986817,,1,5476482.0,0.13340571438330362
2024-08-27,Financials,0.005874152189863979,,1,6302079.0,0.1400635120424527
2024-08-28,Financials,0.0014850650852296088,,1,4770812.0,0.1417565805591312
2024-08-29,Financials,0.007590925472468202,,1,4730595.0,0.1504235696698557
2024-08-30,Financials,-0.02727408122903996,,1,5810388.0,0.1190468237828779
2024-09-02,Financials,0.0037221294580147557,,1,8595412.0,0.12321206093057802
2024-09-03,Financials,0.024638689545342984,,1,7337526.0,0.15088653419343134
2024-09-04,Financials,0.0034033049632467005,,1,4814809.0,0.1548033520473857
2024-09-05,Financials,0.001362158225212129,,1,7022920.0,0.15637637693187956
2024-09-06,Financials,-0.00879594874928491,,1,5545655.0,0.1462049495855029
2024-09-09,Financials,0.007481439533379541,,1,6110262.0,0.15478021260868724
2024-09-10,Financials,-0.0028028668960036196,,1,5864150.0,0.15154351737860638
2024-09-11,Financials,0.019691182524871342,,1,3030460.0,0.17421877096464078
2024-09-12,Financials,-0.012799243303731389,,1,2243069.0,0.159189659223256
2024-09-13,Financials,-0.006649088284805482,,1,5883397.0,0.15148210484024704
2024-09-16,Financials,-0.008870617466882669,,1,4283637.0,0.14126774756824823
2024-09-17,Financials,0.027545384462671407,,1,3568042.0,0.17270440644986262
2024-09-18,Financials,-0.002723488248368544,,1,4245805.0,0.16951055978008633
2024-09-19,Financials,-0.00808112029273167,,1,7284464.0,0.16005960426288346
2024-09-20,Financials,-0.031145498640267166,,1,6560522.0,0.12392896943568488
2024-09-23,Financials,-0.013513256128978801,,1,7068618.0,0.10874102940092123
2024-09-24,Financials,0.00800713202291825,,1,6322174.0,0.11761886520256071
2024-09-25,Financials,0.007947184714547362,,1,4188360.0,0.1265007887647882
2024-09-26,Financials,-0.009623101119964561,,1,6999375.0,0.11566035776278483
2024-09-27,Financials,-0.008792533527013369,,1,6593963.0,0.10585087666239579
2024-09-30,Financials,0.027923561007714426,,1,5638389.0,0.13673017108231278
2024-10-01,Financials,0.04043139851472022,,1,6150495.0,0.18268976163304784
2024-10-02,Financials,0.017305863385895126,,1,7190434.0,0.20315722907576617
2024-10-03,Financials,0.02342899248753927,,1,4606595.0,0.23134599075711093
2024-10-04,Financials,0.026601081320742237,,1,8065057.0,0.2641011255912107
2024-10-07,Financials,0.03322719505208549,,1,7021282.0,0.3061036602567906
2024-10-08,Financials,-0.004400585648784983,,1,5464047.0,0.30035603923363907
2024-10-09,Financials,-0.013018270552991207,,1,8864720.0,0.2834276524996795
2024-10-10,Financials,0.027529096697589406,,1,3956862.0,0.31875925644970327
2024-10-11,Financials,-0.014304569101850184,,1,4895713.0,0.2998949735371139
2024-10-14,Financials,-0.01526604138153509,,1,4592856.0,0.2800507230794469
2024-10-15,Financials,-0.014922712511674097,,1,6269015.0,0.2609488941385718
2024-10-16,Financials,-0.0018507250327772784,,1,7726514.0,0.25861522445513674
2024-10-17,Financials,-0.029557271376889238,,1,4368627.0,0.22141399270683193
2024-10-18,Financials,-0.02131449852981182,,1,15456486.0,0.19538016595499053
2024-10-21,Financials,-0.009191507628623308,,1,4539293.0,0.18439282004051027
2024-10-22,Financials,-0.01776801978625886,,1,6325151.0,0.1633485049793275
2024-10-23,Financials,0.015999607516631098,,1,5652429.0,0.18196162446405628
2024-10-24,Financials,0.00021337624608874783,,1,5467841.0,0.1822138269985054
2024-10-25,Financials,0.008741849228785181,,1,4360388.0,0.19254856203031157
2024-10-28,Financials,0.007104681651401323,,1,7581803.0,0.20102123991737342
2024-10-29,Financials,-0.002977790623422405,,1,4208534.0,0.1974448501306163
2024-10-30,Financials,0.014888936715027778,,1,3311549.0,0.21527353072394706
2024-10-31,Financials,0.00687467897899352,,1,3928320.0,0.22362814611934212
2024-11-01,Financials,-0.004646888243058256,,1,8430331.0,0.217942082873265
2024-11-04,Financials,-0.02506457445881638,,1,8432042.0,0.18741488285056218
2024-11-05,Financials,0.007899077526742904,,1,3021179.0,0.19679436506660708
2024-11-06,Financials,-0.018745580699770614,,1,7266162.0,0.17435975971522022
2024-11-07,Financials,0.005800126208199474,,1,3025474.0,0.18117119453539932
2024-11-08,Financials,0.0012935451130677844,,1,5366102.0,0.18269909276178709
2024-11-11,Financials,-0.020226855206877947,,1,3978808.0,0.1587768094591886
2024-11-12,Financials,0.00397763308884147,,1,7124174.0,0.16338599843907553
2024-11-13,Financials,0.002974659924279921,,1,6421679.0,0.16684667614510063
2024-11-14,Financials,0.003028908303390976,,1,7295929.0,0.17038094773126078
2024-11-15,Financials,0.002311930562072906,,1,4966607.0,0.1730867872135886
2024-11-18,Financials,-0.009640819056490835,,1,5235751.0,0.16177726976050222
2024-11-19,Financials,0.008959963509174607,,1,3529472.0,0.17218675170334485
2024-11-20,Financials,-0.010168155490738795,,1,4076750.0,0.16026777454784114
2024-11-21,Financials,-0.01595377569421985,,1,7506042.0,0.1417571227274732
2024-11-22,Financials,0.010201382564803074,,1,6201069.0,0.15340462393250487
2024-11-25,Financials,0.014115882274812197,,1,5796029.0,0.16968594781916013
2024-11-26,Financials,0.009178103996436482,,1,8086477.0,0.18042144709141472
2024-11-27,Financials,-0.0029840971350870715,,1,3681303.0,0.17689895483295381
2024-11-28,Financials,-0.028885755250837475,,1,7268483.0,0.14290333966868274
2024-11-29,Financials,0.02226883770201904,,1,4036264.0,0.16835446864886028
2024-12-02,Financials,-0.029119487698606172,,1,9129496.0,0.1343325850714283
2024-12-03,Financials,0.008877011306248184,,1,6514444.0,0.14440206825415314
2024-12-04,Financials,0.03166713779613839,,1,7881380.0,0.18064200624374327
2024-12-05,Financials,0.0023488560457496366,,1,4397010.0,0.1834151643579749
2024-12-06,Financials,0.004468611126079658,,1,10510169.0,0.1887033865281964
2024-12-09,Financials,0.00578573933947113,,1,9985886.0,0.19558091447459525
2024-12-10,Financials,0.003077052708920336,,1,6188542.0,0.1992597799662128
2024-12-11,Financials,0.03526135251663476,,1,8478471.0,0.2415473018266232
2024-12-12,Financials,-0.012493393765809935,,1,5107070.0,0.22603616250602432
2024-12-13,Financials,-0.01437084767075969,,1,3842263.0,0.2084169835758074
2024-12-16,Financials,-0.00478296722177618,,1,6940550.0,0.20263716475312665
2024-12-17,Financials,0.026143631610603624,,1,4411042.0,0.23407846774965324
2024-12-18,Financials,-0.008511737502356564,,1,8188066.0,0.22357431577485776
2024-12-19,Financials,0.006547973870180357,,1,7524828.0,0.2315862484227753
2024-12-20,Financials,0.016128149476707376,,1,6063057.0,0.2514494555307951
2024-12-23,Financials,0.011761667349303062,,1,5887683.0,0.26616858773121477
2024-12-24,Financials,0.015336647097221379,,1,7584953.0,0.28558736852683553
2024-12-25,Financials,0.021316311081823303,,1,6226122.0,0.31299134879721624
2024-12-26,Financials,0.004722782472086573,,1,4841029.0,0.31919232132531694
2024-12-27,Financials,-0.006720022074168441,,1,3490358.0,0.3103273198059373
2024-12-30,Financials,0.0023152496018303825,,1,7235422.0,0.3133610546113854
2024-12-31,Financials,-0.004955703586279392,,1,6104867.0,0.3068524265229682
2025-01-01,Financials,0.03781729839964032,,1,13715959.0,0.3562740547010812
2025-01-02,Financials,-0.007850541715392234,,1,5359669.0,0.34562656865714625
2025-01-03,Financials,0.00733810141865443,,1,6030219.0,0.3555009128895883
2025-01-06,Financials,-0.022327617986658166,,1,6340027.0,0.3252358063260232
2025-01-07,Financials,0.0020999271752084603,,1,6592311.0,0.3280187050092864
2025-01-08,Financials,-0.00417893075545861,,1,4082837.0,0.32246900679909873
2025-01-09,Financials,0.010217107758767385,,1,5427200.0,0.3359808151491952
2025-01-10,Financials,0.010606882457507627,,1,7127922.0,0.3501514066209679
2025-01-13,Financials,0.02130153962204573,,1,5188858.0,0.37891171030486515
2025-01-14,Financials,0.020113881012180146,,1,7243067.0,0.4066469763722391
2025-01-15,Financials,-0.0008774503113945231,,1,5562461.0,0.40541271354479913
2025-01-16,Financials,-0.014006897992459244,,1,6335192.0,0.3857272410288717
2025-01-17,Financials,-0.012253280125895216,,1,7891910.0,0.368747536966461
2025-01-20,Financials,0.004640637805207293,,1,5103957.0,0.3750993985322919
2025-01-21,Financials,0.002473255259017426,,1,3512169.0,0.3785003703513836
2025-01-22,Financials,0.0039705987144649235,,1,5034612.0,0.38397384214979025
2025-01-23,Financials,-0.007887229795316197,,1,4306461.0,0.3730581224260481
2025-01-24,Financials,0.021604161235406538,,1,3032765.0,0.4027218914885249
2025-01-27,Financials,-0.02190623194799024,,1,5562468.0,0.3719935403750536
2025-01-28,Financials,-0.00871491968092708,,1,5870354.0,0.3600367268679343
2025-01-29,Financials,-0.01599139891760415,,1,7671287.0,0.3382878370259965
2025-01-30,Financials,-0.0030106874628189617,,1,3863584.0,0.3342586706134192
2025-01-31,Financials,0.018753166170915714,,1,5845597.0,0.35928024517841783
2025-02-03,Financials,-0.004188650548308859,,1,7654640.0,0.35358669523414576
2025-02-04,Financials,0.0016313022162783852,,1,4558004.0,0.3557948042100061
2025-02-05,Financials,0.010046014141226856,,1,6520534.0,0.3694151379857018
2025-02-06,Financials,-0.004899824814660447,,1,8831324.0,0.36270524371102786
2025-02-07,Financials,0.005835182758013424,,1,3136247.0,0.37065687785338497
2025-02-10,Financials,0.003863377248678912,,1,5916333.0,0.3759522424510291
2025-02-11,Financials,-0.01679437737141376,,1,8023855.0,0.3528439812462636
2025-02-12,Financials,-0.006828673848724209,,1,4950369.0,0.3436058509301232
2025-02-13,Financials,0.005415885957049005,,1,8302379.0,0.3508826669899845
2025-02-14,Financials,0.01928585569607355,,1,6895777.0,0.37693559516788033
2025-02-17,Financials,0.019271924017858266,,1,9693062.0,0.40347179333544014
2025-02-18,Financials,0.031446592137903906,,1,7023683.0,0.44760619839751237
2025-02-19,Financials,0.007372733510919938,,1,9602618.0,0.4582790131270531
2025-02-20,Financials,-0.0060660873723600295,,1,6004034.0,0.4494329652201454
2025-02-21,Financials,-0.0008422732712933811,,1,3584367.0,0.4482121465750091
2025-02-24,Financials,-0.001587090976175043,,1,4481003.0,0.4459137021455928
2025-02-25,Financials,-0.005984830763500759,,1,7446181.0,0.43726015333962454
2025-02-26,Financials,0.005840082358252507,,1,7399204.0,0.4456538710053626
2025-02-27,Financials,0.006535866062769902,,1,5005986.0,0.4551024710793785
2025-02-28,Financials,-0.017436557061150992,,1,9744224.0,0.4297304938125812
2025-03-03,Financials,0.016384755697797626,,1,5084471.0,0.45315627866739194
2025-03-04,Financials,-0.0273507074277749,,1,6698271.0,0.413411426442726
2025-03-05,Financials,-0.003212676296560857,,1,6198292.0,0.4088705930557053
2025-03-06,Financials,0.0172990253846379,,1,3803232.0,0.43324268120864584
2025-03-07,Financials,0.009195947132362603,,1,5357318.0,0.4464227051328862
2025-03-10,Financials,-0.005223656583130065,,1,11179093.0,0.43886708964723
2025-03-11,Financials,0.02955266479570673,,1,4448926.0,0.48138944643314874
2025-03-12,Financials,-0.006466198657414823,,1,6627032.0,0.4718104879835143
2025-03-13,Financials,-0.029820061789421315,,1,4152724.0,0.4279210082895275
2025-03-14,Financials,0.006883527874203654,,1,4157984.0,0.4377501423522494
2025-03-17,Financials,-0.02647912955433218,,1,3805893.0,0.39967977006614475
2025-03-18,Financials,-0.012318206249735342,,1,7411304.0,0.38243822597488775
2025-03-19,Financials,0.009425599082869773,,1,4266804.0,0.3954685344497608
2025-03-20,Financials,-0.006776972403872428,,1,8042760.0,0.3860114827013226
2025-03-21,Financials,0.008795492368710356,,1,4716398.0,0.3982021361203669
2025-03-24,Financials,-0.017202429448607393,,1,5889178.0,0.37414966251886406
2025-03-25,Financials,0.012950331752179967,,1,6333966.0,0.39194535652562945
2025-03-26,Financials,-0.02516978917692425,,1,3568440.0,0.35691038535608066
2025-03-27,Financials,0.019830715991308923,,1,6069532.0,0.3838188898337347
2025-03-28,Financials,-0.006993761269749155,,1,6111245.0,0.37414079087766816
2025-03-31,Financials,0.02300850974893165,,1,8110420.0,0.40575772266098165
2025-04-01,Financials,-0.012453731492448439,,1,4192202.0,0.38825079343952607
2025-04-02,Financials,0.0288938871799016,,1,4583299.0,0.4283627552425766
2025-04-03,Financials,-0.01420539107189267,,1,6848259.0,0.4080723037118297
2025-04-04,Financials,-0.026709922170338074,,1,8892389.0,0.370462802069478
2025-04-07,Financials,0.0007584681888572753,,1,4521840.0,0.37150225450886
2025-04-08,Financials,0.01856510392477495,,1,3927627.0,0.3969643363968802
2025-04-09,Financials,0.011938179178403452,,1,5076219.0,0.4136415469506256
2025-04-10,Financials,0.017503215707387554,,1,4185296.0,0.43838481987982747
2025-04-11,Financials,0.01223321581640735,,1,6295113.0,0.4559808918084616
2025-04-14,Financials,-0.012151028523031737,,1,4040025.0,0.43828922646310775
2025-04-15,Financials,0.011573764278686838,,1,7466307.0,0.4549356469347665
2025-04-16,Financials,0.0015020626326873732,,1,5770034.0,0.457121051402992
2025-04-17,Financials,-0.010498238241705704,,1,7513008.0,0.4418238474583587
2025-04-18,Financials,0.002795748876329718,,1,2626774.0,0.4458548248597558
2025-04-21,Financials,-0.0007282381355733225,,1,3187172.0,0.44480189823779015
2025-04-22,Financials,0.021286498121032782,,1,8449457.0,0.4755566711298935
2025-04-23,Financials,-0.0075846985758935,,1,4441711.0,0.4643650185477244
2025-04-24,Financials,-0.008283578622039212,,1,3557397.0,0.4522348357852204
2025-04-25,Financials,-0.01033237572564627,,1,5228445.0,0.4372297998200152
2025-04-28,Financials,0.028476463007912844,,1,6290725.0,0.4781570210484598
2025-04-29,Financials,-0.009495754144662638,,1,5286105.0,0.4641208053893766
2025-04-30,Financials,0.019504852074474943,,1,6564444.0,0.49267826511765755
2025-05-01,Financials,-0.0153077796828186,,1,6227949.0,0.4698286750979046
2025-05-02,Financials,0.007689226601339083,,1,5996932.0,0.4811305208458785
2025-05-05,Financials,0.004039122826982711,,1,8173955.0,0.48711298894236776
2025-05-06,Financials,0.01855582473333728,,1,5665052.0,0.5147075969238517
2025-05-07,Financials,0.01638787741847425,,1,5580711.0,0.5395304393470715
2025-05-08,Financials,0.0013384246077901008,,1,6884329.0,0.5415909847715354
2025-05-09,Financials,-0.00791662063662113,,1,6512133.0,0.5293867937682639
2025-05-12,Financials,0.02441109426865773,,1,4411502.0,0.5667207989641811
2025-05-13,Financials,-0.00940994255897365,,1,5390303.0,0.5519780462399788
2025-05-14,Financials,-0.03379401100351609,,1,6769529.0,0.4995304830681295
2025-05-15,Financials,-0.027676099983018232,,1,4894488.0,0.45802932749115244
2025-05-16,Financials,-0.024035121918308366,,1,4914887.0,0.4229854148444334
2025-05-19,Financials,0.009021065284155583,,1,3646117.0,0.43582225917014616
2025-05-20,Financials,0.033225640773025145,,1,2495726.0,0.4835283737672469
2025-05-21,Financials,-0.030388399199706373,,1,5256259.0,0.4384463213211165
2025-05-22,Financials,-0.01158712745249546,,1,5793598.0,0.42177886046239554
2025-05-23,Financials,0.001445121424151763,,1,3896578.0,0.4238335035540559
2025-05-26,Financials,0.02322305384421597,,1,8715544.0,0.45689926567229033
2025-05-27,Financials,-0.011667610939083195,,1,4074675.0,0.43990073186298995
2025-05-28,Financials,0.008947862334062862,,1,7276469.0,0.4527847653864163
2025-05-29,Financials,-0.0036254724435309527,,1,6176895.0,0.44751773425312624
2025-05-30,Financials,0.03909737069700059,,1,11567572.0,0.5041118716997031
2025-06-02,Financials,0.002275197979677346,,1,6379892.0,0.507534023991403
2025-06-03,Financials,0.005432380880500354,,1,3549050.0,0.5157235230000377
2025-06-04,Financials,0.0013738157458975664,,1,7424757.0,0.5178058478423624
2025-06-05,Financials,-0.006086602300525601,,1,9131835.0,0.5085675672771339
2025-06-06,Financials,0.014316840060232927,,1,3302854.0,0.5301654878578954
2025-06-09,Financials,-0.017216308612723052,,1,6865405.0,0.503821686590396
2025-06-10,Financials,-0.029820232716068373,,1,7600198.0,0.4589773739327998
2025-06-11,Financials,-0.002131805095340833,,1,5088197.0,0.45586711853306294
2025-06-12,Financials,0.012308628736586114,,1,2702213.0,0.47378684638488977
2025-06-13,Financials,-0.008570056258164205,,1,5058120.0,0.4611564101988288
2025-06-16,Financials,0.0029024562466983816,,1,4566495.0,0.46539735274901384
2025-06-17,Financials,-0.018138406537325236,,1,8991827.0,0.4388173798261321
2025-06-18,Financials,0.016003367996939133,,1,5499806.0,0.46184330383588135
2025-06-19,Financials,0.009861602478198339,,1,4903059.0,0.476259421383727
2025-06-20,Financials,0.0004089557859046078,,1,4525234.0,0.4768631462155981
2025-06-23,Financials,0.0026368897834794236,,1,5989457.0,0.4807574715574514
2025-06-24,Financials,-0.020723366774904717,,1,5822743.0,0.45007119136968576
2025-06-25,Financials,-0.020055263212263363,,1,4507933.0,0.4209896319502464
2025-06-26,Financials,-0.0017100987168124915,,1,5863346.0,0.4185595994040445
2025-06-27,Financials,0.007795553157964985,,1,4666167.0,0.4296180561689402
2025-06-30,Financials,0.008552801921162922,,1,2539720.0,0.4418452962262711
2025-07-01,Financials,-0.005312758831898301,,1,6690017.0,0.4341851198945139
2025-07-02,Financials,0.011259187004892368,,1,6616535.0,0.4503328783590401
2025-07-03,Financials,0.021358255012347893,,1,6088638.0,0.48130945782782497
2025-07-04,Financials,-0.0012118238408332926,,1,4736439.0,0.4795143717111774
2025-07-07,Financials,0.004744197295948771,,1,5349008.0,0.48653347979276695
2025-07-08,Financials,-0.002993954806591037,,1,6952655.0,0.48208286573578296
2025-07-09,Financials,-0.0017746167346623931,,1,4482420.0,0.4794527366800918
2025-07-10,Financials,0.0026493681104564626,,1,7030146.0,0.48337235158157954
2025-07-11,Financials,0.025581909142929238,,1,3728052.0,0.5213198483048729
2025-07-14,Financials,0.013799575231401295,,1,5902704.0,0.54231341600258
2025-07-15,Financials,0.012452481773553847,,1,5633894.0,0.5615190457044597
2025-07-16,Financials,-0.0066705888618119324,,1,7426218.0,0.5511027941506763
2025-07-17,Financials,-0.013315931354363042,,1,4254123.0,0.5304484158202052
2025-07-18,Financials,0.005938470803914742,,1,4302140.0,0.5395369390544511
2025-07-21,Financials,0.018710983939723702,,1,3745903.0,0.5683431899957103
2025-07-22,Financials,0.02588305271548874,,1,4899625.0,0.6089366994583472
2025-07-23,Financials,-0.03655891584587523,,1,6456524.0,0.5501157180615093
2025-07-24,Financials,0.0366934186168264,,1,3488515.0,0.6069947630088628
2025-07-25,Financials,0.006348937538794619,,1,4808527.0,0.6171974723843761
2025-07-28,Financials,0.013704686916471864,,1,6739094.0,0.6393606574255135
2025-07-29,Financials,-0.025902422621004617,,1,5631462.0,0.5968972448486298
2025-07-30,Financials,-0.0034283484067143544,,1,5568864.0,0.5914225247235665
2025-07-31,Financials,0.012417545169222777,,1,3557801.0,0.6111840858076398
2025-08-01,Financials,-0.01745136388081092,,1,5503658.0,0.5830667260472391
2025-08-04,Financials,-0.043073303435756216,,1,6138189.0,0.5148788125971573
2025-08-05,Financials,0.005130589697825094,,1,5209857.0,0.5226510342265218
2025-08-06,Financials,-0.0006304022949494836,,1,5652664.0,0.5216911515201381
2025-08-07,Financials,0.02166546106227596,,1,5231148.0,0.5546592919122075
2025-08-08,Financials,-0.0022772002999188468,,1,4732218.0,0.5511190213063935
2025-08-11,Financials,-0.0011826871835776132,,1,3959063.0,0.5492845327196909
2025-08-12,Financials,0.010545943385473322,,1,7447535.0,0.5656231996897423
2025-08-13,Financials,0.015567611209704069,,1,3904167.0,0.5899962129634051
2025-08-14,Financials,-0.010483541684688125,,1,5828428.0,0.5733274213863069
2025-08-15,Financials,0.014236520850947176,,1,9681132.0,0.59572613002624
2025-08-18,Financials,-0.007687218926405115,,1,7672383.0,0.5834594339181431
2025-08-19,Financials,0.000361007599216423,,1,6285773.0,0.5840310748068385
2025-08-20,Financials,0.010143606951477313,,1,5985241.0,0.6000988634286053
2025-08-21,Financials,0.012750811308353649,,1,5384931.0,0.6205014221108947
2025-08-22,Financials,0.0048735507627997166,,1,4172465.0,0.6283990180527412
2025-08-25,Financials,-0.01604295816109913,,1,5234410.0,0.6022746807365462
2025-08-26,Financials,-0.02785088271349412,,1,6938633.0,0.5576499165285513
2025-08-27,Financials,-0.0026964292341271623,,1,6106588.0,0.553449823757088
2025-08-28,Financials,0.014637038117061962,,1,7127696.0,0.5761877280403636
2025-08-29,Financials,0.006838038890387921,,1,7929620.0,0.5869657610232557
2025-09-01,Financials,0.003732951024852049,,1,5196558.0,0.5928898264872726
2025-09-02,Financials,8.905387698820988e-06,,1,5708630.0,0.592904011788739
2025-09-03,Financials,0.00473579308631944,,1,3091891.0,0.6004476755949386
2025-09-04,Financials,-0.01475010902934959,,1,11073508.0,0.5768408978841442
2025-09-05,Financials,0.011779882387888518,,1,4928190.0,0.5954158982056319
2025-09-08,Financials,0.01276830736389889,,1,6803888.0,0.6157866587671723
2025-09-09,Financials,-0.005198113083685008,,1,4833219.0,0.607387616995791
2025-09-10,Financials,0.006648295386402436,,1,4820231.0,0.6180740046740245
2025-09-11,Financials,-0.02555261583424795,,1,5404101.0,0.5767279812412061
2025-09-12,Financials,0.0028061232987288687,,1,3740594.0,0.5811524743651248
2025-09-15,Financials,-0.0018765766351513946,,1,2575251.0,0.5781853205751195
2025-09-16,Financials,0.018942561084814846,,1,8065339.0,0.6080801924132717
2025-09-17,Financials,-0.0028562223964869737,,1,6402189.0,0.603487157752354
2025-09-18,Financials,0.013102614610481123,,1,4255428.0,0.6244970320132388
2025-09-19,Financials,-0.005735010021917009,,1,6277858.0,0.6151805252540685
2025-09-22,Financials,-0.034068790903792556,,1,7605648.0,0.5601532776673099
2025-09-23,Financials,-0.0032583465178783744,,1,4420348.0,0.5550697576676662
2025-09-24,Financials,0.003055968518766994,,1,6153848.0,0.5598220018915852
2025-09-25,Financials,0.002369356660494537,,1,7341336.0,0.5635177765409529
2025-09-26,Financials,0.002595332755319646,,1,3527703.0,0.5675756254399342
2025-09-29,Financials,-0.007458751413187414,,1,6465950.0,0.555883468528406
2025-09-30,Financials,-0.0047265443613943026,,1,6096978.0,0.5485295162932464
2025-10-01,Financials,-0.016727607754033147,,1,9949243.0,0.5226263219491503
2025-10-02,Financials,-0.02974013651364904,,1,6937696.0,0.47734320727510715
2025-10-03,Financials,-0.001477851291709853,,1,4785337.0,0.47515991370793675
2025-10-06,Financials,-0.011028627276218672,,1,5095667.0,0.4588909248468329
2025-10-07,Financials,0.016260135138763454,,1,10371307.0,0.4826126884375581
2025-10-08,Financials,-0.032511988351268784,,1,5317533.0,0.4344100019816328
2025-10-09,Financials,0.004465407635972474,,1,6511359.0,0.44081522735759693
2025-10-10,Financials,0.03183535881740074,,1,5496432.0,0.48668409711010074
2025-10-13,Financials,-0.0026200289463068627,,1,7512775.0,0.4827889417416582
2025-10-14,Financials,7.287884686690838e-05,,1,7567151.0,0.48289700568987937
2025-10-15,Financials,0.006488889615786642,,1,5456875.0,0.4925193606713816
2025-10-16,Financials,0.007657761231649074,,1,4879691.0,0.5039487175690165
2025-10-17,Financials,-0.0059942077809724825,,1,4821270.0,0.49493373646398076
2025-10-20,Financials,-0.014962508789082452,,1,3353914.0,0.4725657772930425
2025-10-21,Financials,0.009873731365088068,,1,5718781.0,0.4871054961954562
2025-10-22,Financials,-0.028416184413872503,,1,5991399.0,0.44484763217268264
2025-10-23,Financials,0.01255780498859238,,1,4377766.0,0.46299174697573675
2025-10-24,Financials,-0.005744370435626145,,1,3161479.0,0.45458778043684434
2025-10-27,Financials,0.00016010002961430736,,1,5736004.0,0.4548206599835689
2025-10-28,Financials,-0.00774514530200987,,1,6093079.0,0.44355286258363025
2025-10-29,Financials,0.021509141418213584,,1,6458012.0,0.4746024452496085
2025-10-30,Financials,0.0038372845947296508,,1,4050586.0,0.4802609144961154
2025-10-31,Financials,-0.0046967951696123,,1,6155961.0,0.4733084321831442
2025-11-03,Financials,-0.005117928993877419,,1,5186501.0,0.4657681442411501
2025-11-04,Financials,-0.0021013396713654986,,1,7028882.0,0.4626880674906324
2025-11-05,Financials,0.0359540491341479,,1,4456585.0,0.5152776261371224
2025-11-06,Financials,-0.019579701679840134,,1,8056963.0,0.4856089422552212
2025-11-07,Financials,0.016305689240700527,,1,8891993.0,0.5098328200008406
2025-11-10,Financials,0.008608523887408737,,1,5724289.0,0.5228302518978116
2025-11-11,Financials,0.023137896567938743,,1,6505251.0,0.5580653407567513
2025-11-12,Financials,0.009520046556017459,,1,7012713.0,0.5728981953380727
2025-11-13,Financials,0.00016425450659807161,,1,3963704.0,0.5731565509550769
2025-11-14,Financials,0.01536586096098369,,1,4872388.0,0.5973294557869133
2025-11-17,Financials,0.003549571689388964,,1,5756080.0,0.6029992912018016
2025-11-18,Financials,0.011402396507452783,,1,10237941.0,0.6212773247212504
2025-11-19,Financials,0.021469320709794903,,1,4006763.0,0.6560850475652091
2025-11-20,Financials,0.0014973678907681531,,1,8848044.0,0.6585648161398145
2025-11-21,Financials,-0.006231617154120128,,1,5180758.0,0.6482292751803376
2025-11-24,Financials,-0.009512582205977727,,1,5486025.0,0.6325503587058856
2025-11-25,Financials,0.006850643283278002,,1,7926043.0,0.6437343788553671
2025-11-26,Financials,-0.013016781981878278,,1,10269096.0,0.6223382468096887
2025-11-27,Financials,-0.00511646468207827,,1,6212004.0,0.6140376104675023
2025-11-28,Financials,-0.014353534477948848,,1,7972359.0,0.5908704659769508
2025-12-01,Financials,0.007714874447686482,,1,4183656.0,0.6031438318844955
2025-12-02,Financials,-0.011132586856464899,,1,4751254.0,0.5852966939326354
2025-12-03,Financials,-0.019125814026316523,,1,3797923.0,0.5549766041879454
2025-12-04,Financials,-0.016494822022495415,,1,4845351.0,0.529327541852721
2025-12-05,Financials,-0.008425189129829369,,1,6546489.0,0.5164426680711549
2025-12-08,Financials,-0.007067694783602252,,1,5865115.0,0.5057249141363964
2025-12-09,Financials,0.0038737975031066796,,1,9153005.0,0.5115577875491435
2025-12-10,Financials,-0.002302691393710421,,1,10051226.0,0.5080771364406582
2025-12-11,Financials,0.005651015616813693,,1,5260661.0,0.516599303890044
2025-12-12,Financials,0.0068517216068328946,,1,4485448.0,0.5269906201094152
2025-12-15,Financials,0.011186236419717499,,1,7888576.0,0.5440718981966501
2025-12-16,Financials,-0.028412643519852177,,1,8546000.0,0.5002007337841672
2025-12-17,Financials,-0.01674075881628523,,1,6460930.0,0.47508623512387227
2025-12-18,Financials,0.008410874235501353,,1,6827679.0,0.4874929999340183
2025-12-19,Financials,0.003275097675673022,,1,6416804.0,0.4923646848006822
2025-12-22,Financials,0.01472149085856711,,1,4182825.0,0.5143345178656238
2025-12-23,Financials,-0.022972845675454878,,1,3996715.0,0.47954594468568246
2025-12-24,Financials,-0.006990745903164619,,1,5418840.0,0.46920281493432725
2025-12-25,Financials,-0.004317630705205633,,1,5139686.0,0.4628593397483922
2025-12-26,Financials,0.002604502822046939,,1,5901835.0,0.4666693610270247
2025-12-29,Financials,0.0006504234028947842,,1,5191273.0,0.4676233171037454
2025-12-30,Financials,0.007127822072435341,,1,3302156.0,0.4780842749774181
2025-12-31,Financials,-0.0016003858225882572,,1,2873494.0,0.4757187698591536
2026-01-01,Financials,0.02063373119312173,,1,7139816.0,0.5061683542730717
2026-01-02,Financials,0.025401657439334535,,1,4754068.0,0.5444275268542826
2026-01-05,Financials,-0.016601303216379204,,1,5277028.0,0.5187880171852521
2026-01-06,Financials,0.0007884916831339961,,1,4569333.0,0.5199855689052464
2026-01-07,Financials,0.012045922838798573,,1,4246021.0,0.5382951977843664
2026-01-08,Financials,0.00886604501916799,,1,4173237.0,0.5519337922606926
2026-01-09,Financials,-0.005984283670540824,,1,7449460.0,0.5426465802099065
2026-01-12,Financials,0.003924818777481631,,1,5075157.0,0.5487011884749322
2026-01-13,Financials,-0.023562579764367486,,1,6980548.0,0.5122097931903209
2026-01-14,Financials,-0.00017224811338134582,,1,6791278.0,0.511949317906407
2026-01-15,Financials,-0.021721119105764686,,1,6312264.0,0.47910808669028215
2026-01-16,Financials,0.007709489264514868,,1,7013768.0,0.490511254605678
2026-01-19,Financials,-0.01657231336628795,,1,5681472.0,0.4658100350183738
2026-01-20,Financials,0.0025517115758180164,,1,8175710.0,0.4695503594526804
2026-01-21,Financials,0.004886719128711414,,1,7000459.0,0.47673163930482265
2026-01-22,Financials,0.00124831895360078,,1,7207109.0,0.4785750713995489
2026-01-23,Financials,-0.009335261321628874,,1,4180632.0,0.46477218672438814
2026-01-26,Financials,-0.0030315470076740514,,1,5885100.0,0.4603316609847996
2026-01-27,Financials,0.01777386065294384,,1,3273431.0,0.4862873924342255
2026-01-28,Financials,-0.006234957799214236,,1,8358141.0,0.47702045326489384
2026-01-29,Financials,0.00043440164887842414,,1,4475872.0,0.47766207338521927
2026-01-30,Financials,-0.008211376016026506,,1,4774656.0,0.465528434476032
2026-02-02,Financials,0.015371834021825626,,1,3740696.0,0.4880562943250635
2026-02-03,Financials,0.0012777286793823617,,1,5351310.0,0.4899576265288581
2026-02-04,Financials,-0.011309298228450726,,1,5141199.0,0.4731072513826886
2026-02-05,Financials,0.00022050940758888693,,1,9317251.0,0.4734320853900058
2026-02-06,Financials,-0.003490042800573745,,1,7046868.0,0.4682897443482561
2026-02-09,Financials,0.02093645569300273,,1,4908250.0,0.49903052752529375
2026-02-10,Financials,-0.0005542173228679781,,1,3274576.0,0.49819973883943125
2026-02-11,Financials,-0.020561486164327625,,1,2883926.0,0.4673945256378851
2026-02-12,Financials,0.007569747929176529,,1,4051050.0,0.47850233230961736
2026-02-13,Financials,0.026820316391640064,,1,3905632.0,0.518156232647939
2026-02-16,Financials,0.01801099454619748,,1,6306651.0,0.5454997362744367
2026-02-17,Financials,-0.016377568595008718,,1,5413396.0,0.5201882083300342
2026-02-18,Financials,-0.003904169225655618,,1,5480735.0,0.5142531363098675
2026-02-19,Financials,-0.0003448185748967658,,1,4058260.0,0.5137309937013721
2026-02-20,Financials,-0.00016338102516244568,,1,5643456.0,0.513483678779801
2026-02-23,Financials,0.005810274894602285,,1,3580690.0,0.5222774350020056
2026-02-24,Financials,-0.00503117667118691,,1,5327530.0,0.5146185882839494
2026-02-25,Financials,-0.013576831543407164,,1,7195055.0,0.4940548668583049
2026-02-26,Financials,0.014345697167237326,,1,5037469.0,0.5154881255294912
2026-02-27,Financials,-0.016686073458166417,,1,6464565.0,0.49020057934192707
2026-03-02,Financials,-0.011879621768091653,,1,3084396.0,0.47249756010075394
2026-03-03,Financials,-0.016779001864362875,,1,3053787.0,0.4477905207945536
2026-03-04,Financials,0.009268032925683567,,1,6110442.0,0.46120869101077
2026-03-05,Financials,0.0017059742564213831,,1,7415761.0,0.46370147542089346
2026-03-06,Financials,0.013324495305647055,,1,5218041.0,0.4832045588590079
2026-03-09,Financials,-0.011626579933244785,,1,10614752.0,0.4659599624980806
2026-03-10,Financials,-0.018621621154522372,,1,3690411.0,0.4386614114487435
2026-03-11,Financials,-0.006523428382051222,,1,4480717.0,0.4292764067651369
2026-03-12,Financials,-0.0026148083838490876,,1,5664611.0,0.4255391228338896
2026-03-13,Financials,0.0032404673370529657,,1,6255017.0,0.430158535799124
2026-03-16,Financials,-0.02504187326386842,,1,4863040.0,0.39434468699840264
2026-03-17,Financials,0.007272159092142516,,1,4007627.0,0.4044845833915387
2026-03-18,Financials,-0.013257072452780183,,1,6749555.0,0.38586522951070434
2026-03-19,Financials,-0.009566467561083702,,1,5769956.0,0.3726073947485564
2026-03-20,Financials,0.017663778815467213,,1,5117396.0,0.39685282816986955
2026-03-23,Financials,-0.03253012802760713,,1,6869962.0,0.3514130268337785
2026-03-24,Financials,0.004936158391938283,,1,5249813.0,0.35808381558715885
2026-03-25,Financials,0.00487973693681143,,1,5243595.0,0.3647109073453654
2026-03-26,Financials,-0.012128855383926607,,1,5297124.0,0.3481585261093061
2026-03-27,Financials,-0.006569831235932466,,1,4295626.0,0.33930135211348444
2026-03-30,Financials,0.018371586035782483,,1,4311231.0,0.3639064421316771
2026-03-31,Financials,0.029464445916407955,,1,5009764.0,0.40409318973090635
2026-04-01,Financials,0.016034208229504188,,1,5703042.0,0.4266067123086805
2026-04-02,Financials,0.028312333148663882,,1,3335214.0,0.46699727681968395
2026-04-03,Financials,-0.01022312257208724,,1,7374506.0,0.45199998384583817
2026-04-06,Financials,-0.02351212655585133,,1,5801341.0,0.4178603764665607
2026-04-07,Financials,-0.0006728499300796553,,1,3923117.0,0.41690636921139257
2026-04-08,Financials,0.012148561711560424,,1,9071819.0,0.43411974367726014
2026-04-09,Financials,-0.02761905122424335,,1,5909361.0,0.3945107170149391
2026-04-10,Financials,-0.01373881149540701,,1,3759335.0,0.375351797145546
2026-04-13,Financials,-0.012078168383909627,,1,8948686.0,0.35874006655250934
2026-04-14,Financials,0.005445461105200833,,1,8224042.0,0.3661390327369991
2026-04-15,Financials,0.0035174350212130445,,1,4146479.0,0.37094433801459425
2026-04-16,Financials,-0.011476567547083816,,1,5059933.0,0.35521060271607774
2026-04-17,Financials,0.002802583785263435,,1,4737424.0,0.35900869397686686
2026-04-20,Financials,-0.017003649646590735,,1,3213333.0,0.3359005862778133
2026-04-21,Financials,-0.006262117583354154,,1,6052160.0,0.3275350197268698
2026-04-22,Financials,-0.0187977029958859,,1,7336053.0,0.30258041070940656
2026-04-23,Financials,-0.002132451089220444,,1,6605090.0,0.29980272169379196
2026-04-24,Financials,-0.01185528994552476,,1,5635980.0,0.28439318355612975
2026-04-27,Financials,0.010436753482862438,,1,7373370.0,0.2977980785879739
2026-04-28,Financials,-0.00027759085611256396,,1,3836750.0,0.2974378217082774
2026-04-29,Financials,-0.003276385592264397,,1,9390163.0,0.2931869151223734
2026-04-30,Financials,0.026551724933169485,,1,4615472.0,0.3275232583798766
2026-05-01,Financials,0.005845059028630972,,1,4497303.0,0.3352827101869875
2026-05-04,Financials,-0.005390828600533637,,1,4608375.0,0.3280844299631134
2026-05-05,Financials,-0.008614292302225435,,1,4551549.0,0.3166439224813766
2026-05-06,Financials,-0.01754743095754796,,1,5354210.0,0.2935402041559596
2026-05-07,Financials,-0.0008711546904940359,,1,5040844.0,0.2924133305397665
2026-05-08,Financials,0.0047135393687181,,1,5682155.0,0.29850517165392176
2026-05-11,Financials,-0.028510603102920418,,1,4576149.0,0.2614840060778072
2026-05-12,Financials,-0.020280898415835247,,1,6010103.0,0.23589997709734223
2026-05-13,Financials,-0.007603021231216145,,1,3974192.0,0.22650340333181163
2026-05-14,Financials,-0.016306500550215985,,1,7042055.0,0.20650342491053975
2026-05-15,Financials,0.000760774001657305,,1,6703956.0,0.20742130134912218
2026-05-18,Financials,0.0028375851089612603,,1,5425650.0,0.210847462054073
2026-05-19,Financials,-0.0017148228496713935,,1,4457638.0,0.20877107315867605
2026-05-20,Financials,0.008340412381970808,,1,6064489.0,0.2188527223842167
2026-05-21,Financials,-0.008631890272600251,,1,4236209.0,0.20833171942613604
2026-05-22,Financials,-0.0005724197223788696,,1,5454685.0,0.20764004651876045
2026-05-25,Financials,-0.014888006435514023,,1,5379243.0,0.18966069373440475
2026-05-26,Financials,0.004369725664462143,,1,12017856.0,0.19485918459981777
2026-05-27,Financials,0.0012489808437321503,,1,3743500.0,0.1963515408323404
2026-05-28,Financials,-0.017807040762740867,,1,2550392.0,0.17504806017817098
2026-05-29,Financials,-0.0022045449382540605,,1,4480411.0,0.1724576139248999
2026-06-01,Financials,-0.00045155942402985705,,1,3225510.0,0.17192817964005647
2026-06-02,Financials,0.004315780227442945,,1,4389664.0,0.1769859641057303
2026-06-03,Financials,0.004870614108080984,,1,3704772.0,0.18271860854751698
2026-06-04,Financials,-0.010669512623926458,,1,4239959.0,0.17009957742306647
2026-06-05,Financials,0.01153231259735521,,1,4050887.0,0.1835935315199424
2026-06-08,Financials,0.00793492278383967,,1,7365510.0,0.19298525480000528
2026-06-09,Financials,-0.010720255956085278,,1,5482124.0,0.18019614751671353
2026-06-10,Financials,-0.016972127835047313,,1,7820085.0,0.16016570763062954
2026-06-11,Financials,-0.009577472477275806,,1,5611785.0,0.149054252496718
2026-06-12,Financials,-0.021890743104448163,,1,7588089.0,0.12390060104223855
2026-06-15,Financials,0.003224172243445844,,1,4969799.0,0.12752425016451108
2026-06-16,Financials,0.01781106610908112,,1,9159734.0,0.14760665912378323
2026-06-17,Financials,0.021369537076844303,,1,6604987.0,0.17213048217556226
2026-06-18,Financials,-0.016174331564398736,,1,4471988.0,0.1531720551201161
2026-06-19,Financials,0.011878604926471192,,1,6720466.0,0.16687013037513476
2026-06-22,Financials,0.0013774629217910839,,1,5455642.0,0.16847745071427211
2026-06-23,Financials,-0.03571116028021648,,1,5614873.0,0.12674976518799608
2026-06-24,Financials,-0.0048561755414322505,,1,5627508.0,0.12127807053697559
2026-06-25,Financials,-0.006520170363083055,,1,6883612.0,0.11396714649268547
2026-06-26,Financials,0.018218639034545125,,1,3011257.0,0.13426211183097791
2026-06-29,Financials,-0.012908916649248758,,1,5038511.0,0.11962001677095091
2026-06-30,Financials,0.008533149587609978,,1,6783380.0,0.12917390185533972
2026-07-01,Financials,-0.0014872613283672953,,1,5831749.0,0.12749452517810878
2026-07-02,Financials,-0.0215043881037833,,1,4091862.0,0.10324844532378785
2026-07-03,Financials,-0.00814254256686986,,1,2713399.0,0.09426519789590593
2026-07-06,Financials,0.02301558132097603,,1,9596922.0,0.119450347544793
2026-07-07,Financials,-0.002478341473977852,,1,5132947.0,0.11667596732041385
2026-07-08,Financials,0.013658883068374816,,1,8835443.0,0.13192851378330772
2026-07-09,Financials,0.012839298948115863,,1,7104159.0,0.14646168235966806
2026-07-10,Financials,-0.006588664274320477,,1,4331379.0,0.13890803123122764
2026-07-13,Financials,-0.019076314961213314,,1,2690207.0,0.1171818629156054
2026-07-14,Financials,-0.01710851319411344,,1,4932293.0,0.09806854227368955
2026-07-15,Financials,0.02181991898367386,,1,5678179.0,0.12202830890462235
2026-07-16,Financials,0.002382812475099527,,1,6213461.0,0.12470189195649506
2026-07-17,Financials,-0.025810869216251642,,1,4160829.0,0.09567235851593514
2026-07-20,Financials,0.012583705703025583,,1,5899425.0,0.10945997702243959
2026-07-21,Financials,-0.026603798610966845,,1,6137859.0,0.07994412722680666
2026-07-22,Financials,-0.012238595254264073,,1,7510040.0,0.06672712815645832
2026-07-23,Financials,0.0013295178764587412,,1,4934915.0,0.0681453609426459
2026-07-24,Financials,0.03780035876493759,,1,6852710.0,0.1085216387993817
2026-07-27,Financials,0.012315168296746393,,1,6093407.0,0.12217326934178119
2026-07-28,Financials,-0.007098929149200739,,1,7157396.0,0.11420704080959698
2026-07-29,Financials,0.0005373370023955548,,1,4220842.0,0.11480574548095368
2026-07-30,Financials,0.013865856950567856,,1,2234228.0,0.13026348247546382
2026-07-31,Financials,0.021374280479607766,,1,5341406.0,0.15442205116575258
2026-08-03,Financials,-0.003588842703962425,,1,5082565.0,0.15027901201013294
2026-08-04,Financials,-0.0031548848674590735,,1,3844184.0,0.14665001416178636
2026-08-05,Financials,-0.012297272506359258,,1,3554471.0,0.13254934646821814
2026-08-06,Financials,0.010059707938056217,,1,4672617.0,0.14394246211912476
2026-08-07,Financials,0.015454743648341873,,1,5448037.0,0.16162179961962897
2026-08-10,Financials,-0.02887408059123575,,1,6026096.0,0.12808103816087546
2026-08-11,Financials,-0.005819244575165028,,1,2762434.0,0.12151645869921124
2026-08-12,Financials,-0.01802999694135543,,1,3356883.0,0.10129552037918477
2026-08-13,Financials,0.0023703951551508062,,1,7616749.0,0.1039060259450808
2026-08-14,Financials,-0.018396334501319722,,1,5372183.0,0.08359820143377261
2026-08-17,Financials,-0.019625346866104287,,1,5702330.0,0.06233221086714802
2026-08-18,Financials,0.016913312620728593,,1,3795874.0,0.08029976765661395
2026-08-19,Financials,-0.0023620651995253095,,1,5420224.0,0.07774802917037693
2026-08-20,Financials,-0.000781773201843583,,1,4826098.0,0.0769054746428317
2026-08-21,Financials,0.00656871102412282,,1,4564695.0,0.0839793555060564
2022-01-03,Healthcare,,,1,2829326.0,0.0
2022-01-04,Healthcare,-0.010358025464750065,,1,2173028.0,-0.010358025464750065
2022-01-05,Healthcare,0.030357549636184755,,1,2835003.0,0.01968507989925561
2022-01-06,Healthcare,-0.002519954936663127,,1,3089734.0,0.01711551944832168
2022-01-07,Healthcare,0.03214069869863989,,1,2106015.0,0.0498063229006207
2022-01-10,Healthcare,0.03378474628915362,,1,1848099.0,0.08527376317256752
2022-01-11,Healthcare,0.04839638295171689,,1,2455589.0,0.1377970878225181
2022-01-12,Healthcare,0.030886948289224225,,1,2023647.0,0.17294016763772202
2022-01-13,Healthcare,0.03816042358186156,,1,3775878.0,0.2177000612709572
2022-01-14,Healthcare,0.00549262251611804,,1,1972679.0,0.2243884280453723
2022-01-17,Healthcare,0.003936507049310478,,1,2431263.0,0.2292082417234671
2022-01-18,Healthcare,0.005005277542140973,,1,3182905.0,0.23536077013038015
2022-01-19,Healthcare,0.0002684892986399845,,1,3430602.0,0.2356924512771199
2022-01-20,Healthcare,0.00267243381469906,,1,2505607.0,0.2389947575684812
2022-01-21,Healthcare,0.012354347383946473,,1,2717357.0,0.25430172921037086
2022-01-24,Healthcare,-0.007217759690475778,,1,1758222.0,0.24524848074958228
2022-01-25,Healthcare,-0.021869620108616927,,1,3381912.0,0.21801536953475664
2022-01-26,Healthcare,0.006110497598143638,,1,3473631.0,0.22545804952480086
2022-01-27,Healthcare,-0.010865224324683176,,1,1375679.0,0.2121431729162251
2022-01-28,Healthcare,-0.009201574315674588,,1,4071829.0,0.20098954742939878
2022-01-31,Healthcare,-0.002026418763206417,,1,1903779.0,0.19855583967607315
2022-02-01,Healthcare,-0.0057124974832371,,1,2838738.0,0.1917090924584044
2022-02-02,Healthcare,0.018104815691183607,,1,2519693.0,0.21328476593487156
2022-02-03,Healthcare,-0.002411888052455957,,1,2309601.0,0.21035845890368643
2022-02-04,Healthcare,0.018914810523482206,,1,2319184.0,0.23325215981934355
2022-02-07,Healthcare,0.00357797469814658,,1,1752224.0,0.2376647048436118
2022-02-08,Healthcare,-0.0011550870411207725,,1,2741721.0,0.23623509438179435
2022-02-09,Healthcare,0.002809942299562884,,1,2160974.0,0.23970884366570178
2022-02-10,Healthcare,-0.02048777239878219,,1,1673303.0,0.21430997103592153
2022-02-11,Healthcare,0.005700068274615555,,1,1740952.0,0.2212316207773728
2022-02-14,Healthcare,0.013913153191691618,,1,1650595.0,0.2382228033997862
2022-02-15,Healthcare,0.01618951268097435,,1,2091804.0,0.2582690271772987
2022-02-16,Healthcare,-0.021460660390645092,,1,2874567.0,0.23126574290497937
2022-02-17,Healthcare,-0.024141075869275275,,1,2022963.0,0.20154166319027067
2022-02-18,Healthcare,-0.008358672852772364,,1,3207133.0,0.19149836950868715
2022-02-21,Healthcare,0.02251769545839899,,1,2405079.0,0.21832816693246282
2022-02-22,Healthcare,0.0038183539095844043,,1,2165273.0,0.2229801750518261
2022-02-23,Healthcare,-0.012181125170368068,,1,2432450.0,0.20808290045864108
2022-02-24,Healthcare,-0.02307986413148766,,1,3794195.0,0.18020051125648218
2022-02-25,Healthcare,-0.010723567153092861,,1,1597181.0,0.1675445518199088
2022-02-28,Healthcare,-0.011809221338784148,,1,3973720.0,0.15375675978457592
2022-03-01,Healthcare,0.01530197564833502,,1,3257335.0,0.17141151762690132
2022-03-02,Healthcare,0.016538111754089257,,1,2434895.0,0.19078445221544227
2022-03-03,Healthcare,-0.016603433724063255,,1,3495566.0,0.17101334148343827
2022-03-04,Healthcare,0.012370151235141291,,1,2198278.0,0.18549895361595659
2022-03-07,Healthcare,0.010724533493021715,,1,2625702.0,0.19821287684995315
2022-03-08,Healthcare,-0.01868885776610596,,1,2096155.0,0.17581964682098783
2022-03-09,Healthcare,-0.001079396954951406,,1,3130377.0,0.17455047067463725
2022-03-10,Healthcare,0.005744142438038891,,1,1921079.0,0.18129725587885792
2022-03-11,Healthcare,0.0028905274889057253,,1,2319153.0,0.18471182806954456
2022-03-14,Healthcare,-0.027219276734659736,,1,3096321.0,0.15246482897049507
2022-03-15,Healthcare,0.0023754668724591532,,1,3220498.0,0.1552024709933888
2022-03-16,Healthcare,0.010491660734739838,,1,1882539.0,0.1673224633989845
2022-03-17,Healthcare,0.02565006406073511,,1,3152049.0,0.19726435936470366
2022-03-18,Healthcare,-0.010479348087302776,,1,1793800.0,0.1847178093903994
2022-03-21,Healthcare,-0.008497423158939421,,1,1256150.0,0.17465076084007736
2022-03-22,Healthcare,-0.0030888003316302814,,1,1882842.0,0.17102249918044476
2022-03-23,Healthcare,0.004947052312921141,,1,3043804.0,0.176815608743498
2022-03-24,Healthcare,0.0018264728829477939,,1,2339126.0,0.1789650305410977
2022-03-25,Healthcare,0.009978143722861876,,1,2048225.0,0.1907289130600649
2022-03-28,Healthcare,-0.017813186691334026,,1,2500978.0,0.16951823663295662
2022-03-29,Healthcare,0.006644550664553162,,1,2397521.0,0.1772891598093831
2022-03-30,Healthcare,-0.011659204752555108,,1,2912254.0,0.163562904442202
2022-03-31,Healthcare,-0.0020357496052221258,,1,1448536.0,0.1611941817188327
2022-04-01,Healthcare,0.027713642486343337,,1,2452572.0,0.1933751021282104
2022-04-04,Healthcare,-0.02220094091255287,,1,2585037.0,0.16688105199935022
2022-04-05,Healthcare,-0.00422328640155778,,1,1569814.0,0.1619529791202059
2022-04-06,Healthcare,-0.02021485421588931,,1,1637433.0,0.13846426904157272
2022-04-07,Healthcare,0.002727146341789277,,1,2110054.0,0.14156902770814717
2022-04-08,Healthcare,0.017111594636874505,,1,2461069.0,0.1611030941603
2022-04-11,Healthcare,0.002993685957622283,,1,2364420.0,0.16457907218863954
2022-04-12,Healthcare,-0.0016080229058618167,,1,1985530.0,0.162706402364873
2022-04-13,Healthcare,0.021613650359602277,,1,2078410.0,0.18783673201645845
2022-04-14,Healthcare,0.005578349178683384,,1,2108594.0,0.19446290007491251
2022-04-15,Healthcare,0.01343713592971163,,1,2656620.0,0.21051306042621665
2022-04-18,Healthcare,0.01176099492572269,,1,3511485.0,0.22474989838741033
2022-04-19,Healthcare,-0.04595095503983837,,1,1364792.0,0.16847147087156378
2022-04-20,Healthcare,-0.0009645049786699555,,1,2822909.0,0.1673444743204744
2022-04-21,Healthcare,-0.017056140529193797,,1,2373901.0,0.14743408292048654
2022-04-22,Healthcare,-0.013058843150361432,,1,2840907.0,0.1324499212062491
2022-04-25,Healthcare,0.023962684491996455,,1,3571775.0,0.15958646137110066
2022-04-26,Healthcare,-0.005755278523808749,,1,1893749.0,0.1529127183134722
2022-04-27,Healthcare,0.030679258684896293,,1,3384868.0,0.18828322583971824
2022-04-28,Healthcare,-0.0223527228960827,,1,1710303.0,0.16172186017045975
2022-04-29,Healthcare,-0.017146067924968977,,1,2550825.0,0.14180289824605574
2022-05-02,Healthcare,0.012517739002184669,,1,2252607.0,0.15609568891823788
2022-05-03,Healthcare,-0.005218025566188889,,1,2404627.0,0.15006315205650167
2022-05-04,Healthcare,0.0052059474165415676,,1,1762555.0,0.15605032035180977
2022-05-05,Healthcare,-0.0015371740404409584,,1,2674183.0,0.15427326980992162
2022-05-06,Healthcare,-0.002023574664689498,,1,3780728.0,0.1519375116650059
2022-05-09,Healthcare,-0.004621294225588879,,1,1768602.0,0.14661406949410916
2022-05-10,Healthcare,0.003151777132363476,,1,2494985.0,0.15022794149798702
2022-05-11,Healthcare,0.010578006093889813,,1,3114227.0,0.162395059672515
2022-05-12,Healthcare,0.026209716572753505,,1,2304000.0,0.1928611047321005
2022-05-13,Healthcare,-0.0029866938970046775,,1,3543150.0,0.18929839375062296
2022-05-16,Healthcare,-0.006057902890310274,,1,2089828.0,0.1820937395736797
2022-05-17,Healthcare,-0.008127970036574284,,1,2309846.0,0.17248571707800275
2022-05-18,Healthcare,0.023885516869970314,,1,1857511.0,0.2004911444530686
2022-05-19,Healthcare,0.011360353554455083,,1,2507956.0,0.21412914829304786
2022-05-20,Healthcare,-0.03024816932592611,,1,2549113.0,0.17740396423193738
2022-05-23,Healthcare,-0.030956609880637753,,1,3088098.0,0.14095552903929298
2022-05-24,Healthcare,-0.01307075007928804,,1,2004870.0,0.1260423844676386
2022-05-25,Healthcare,0.003965707889717951,,1,1925539.0,0.1305079396358788
2022-05-26,Healthcare,-0.00027034353988730775,,1,2684612.0,0.13020231411760697
2022-05-27,Healthcare,0.008539490927099491,,1,3641629.0,0.13985366652480113
2022-05-30,Healthcare,-0.0025517193429480667,,1,2841429.0,0.13694507987579962
2022-05-31,Healthcare,0.02272267887588031,,1,4341183.0,0.1627795178253295
2022-06-01,Healthcare,0.0126745844442131,,1,2863054.0,0.177517265014008
2022-06-02,Healthcare,0.001514071943909956,,1,2740931.0,0.17930011086843534
2022-06-03,Healthcare,0.018672003878212884,,1,3023059.0,0.2013200071121477
2022-06-06,Healthcare,-0.026228863338849773,,1,3936033.0,0.1698107488193772
2022-06-07,Healthcare,-0.0010995799014417162,,1,3395810.0,0.16852444843148495
2022-06-08,Healthcare,0.0024771815610773462,,1,1698794.0,0.17141909564880753
2022-06-09,Healthcare,0.009941643073195783,,1,3057328.0,0.18306492618687376
2022-06-10,Healthcare,-0.027293594892318862,,1,2735423.0,0.1507748313602182
2022-06-13,Healthcare,-0.003917001325146274,,1,2228770.0,0.1462672448208353
2022-06-14,Healthcare,0.00670251344052164,,1,1399349.0,0.1539501164356767
2022-06-15,Healthcare,0.007935030785516828,,1,1505998.0,0.16310674613454457
2022-06-16,Healthcare,0.019327466944344618,,1,2214444.0,0.18558665332320423
2022-06-17,Healthcare,0.012504155377316861,,1,1561156.0,0.20041141304963062
2022-06-20,Healthcare,-0.0007102483509080493,,1,2110615.0,0.1995588228231009
2022-06-21,Healthcare,0.011113675219573294,,1,2989415.0,0.2128903299867304
2022-06-22,Healthcare,-0.0029682321712988236,,1,1978930.0,0.2092901898890065
2022-06-23,Healthcare,0.00262600740430341,,1,2412983.0,0.21246579488160644
2022-06-24,Healthcare,0.013039206749661636,,1,1760089.0,0.22827538705796058
2022-06-27,Healthcare,-0.00046045088497603803,,1,2557393.0,0.2277098265689954
2022-06-28,Healthcare,0.0060843192223452025,,1,2769057.0,0.23517960506625135
2022-06-29,Healthcare,0.015714806371674106,,1,1595464.0,0.2545902133941085
2022-06-30,Healthcare,0.011711300975653094,,1,1928886.0,0.26928309698427566
2022-07-01,Healthcare,0.02008820804092415,,1,1692735.0,0.2947807198993242
2022-07-04,Healthcare,0.037683436916360113,,1,3027832.0,0.3435725074781697
2022-07-05,Healthcare,0.01156286977623533,,1,2537757.0,0.35910806141706964
2022-07-06,Healthcare,-0.007145042365565901,,1,2349666.0,0.3493971767388626
2022-07-07,Healthcare,0.008491998791429367,,1,2304008.0,0.36085625593288717
2022-07-08,Healthcare,0.007800955311523694,,1,2632573.0,0.371472234770827
2022-07-11,Healthcare,0.01012602243886529,,1,2666480.0,0.3853597933943971
2022-07-12,Healthcare,0.024290977388444768,,1,2158999.0,0.4190115368106009
2022-07-13,Healthcare,-0.02679457874383162,,1,2084680.0,0.3809897204491237
2022-07-14,Healthcare,0.02459342489545535,,1,2463209.0,0.4149529874203852
2022-07-15,Healthcare,0.030001926981097604,,1,2404256.0,0.4574043036306574
2022-07-18,Healthcare,0.00939584441725394,,1,4454792.0,0.47109784772060737
2022-07-19,Healthcare,0.009782536701550937,,1,2141989.0,0.4854889164075067
2022-07-20,Healthcare,-0.003615512248098307,,1,2574527.0,0.48011811303582097
2022-07-21,Healthcare,0.00036911022493679724,,1,2688175.0,0.4806644397654567
2022-07-22,Healthcare,0.011482916393280362,,1,3676657.0,0.49766678573378664
2022-07-25,Healthcare,0.010448073463875884,,1,1887939.0,0.5133145183355401
2022-07-26,Healthcare,0.011848608888991974,,1,3613949.0,0.5312451901893311
2022-07-27,Healthcare,0.010337457011943219,,1,2303202.0,0.5470743715176583
2022-07-28,Healthcare,0.014703761239442947,,1,5163154.0,0.5698221836961153
2022-07-29,Healthcare,0.01290818487274259,,1,2704054.0,0.5900857386605971
2022-08-01,Healthcare,-0.016192818018397115,,1,1693394.0,0.5643377696608174
2022-08-02,Healthcare,0.01364124477014017,,1,2290887.0,0.5856772840799358
2022-08-03,Healthcare,0.030133207058633982,,1,3801528.0,0.6334588260092888
2022-08-04,Healthcare,-0.000160376822290198,,1,2393894.0,0.6331968570734317
2022-08-05,Healthcare,0.024362704809441027,,1,2461155.0,0.6729859499980184
2022-08-08,Healthcare,-0.014472572364865655,,1,3022785.0,0.6487735397712686
2022-08-09,Healthcare,-0.00021076722978519147,,1,2106675.0,0.6484260323397479
2022-08-10,Healthcare,-0.0100353113104924,,1,2257865.0,0.6318835639328988
2022-08-11,Healthcare,0.022430262072487883,,1,1877046.0,0.6684871399436993
2022-08-12,Healthcare,0.02662838602906481,,1,4235405.0,0.7129162595906504
2022-08-15,Healthcare,-0.0013264974734481516,,1,1624445.0,0.7106440805000751
2022-08-16,Healthcare,0.01908533340819485,,1,2597358.0,0.7432922931191739
2022-08-17,Healthcare,0.02679148804603604,,1,2913197.0,0.7899976877510231
2022-08-18,Healthcare,-0.00026148497497291423,,1,2327202.0,0.78952963025044
2022-08-19,Healthcare,0.0023524745922882673,,1,1614220.0,0.7937394532377511
2022-08-22,Healthcare,0.012055990230029456,,1,1792978.0,0.8153647585612038
2022-08-23,Healthcare,-0.013271293436233456,,1,2839917.0,0.7912725201565409
2022-08-24,Healthcare,0.002036653258785215,,1,1859124.0,0.7949207211720901
2022-08-25,Healthcare,0.034700038336601846,,1,1384589.0,0.8572045390079226
2022-08-26,Healthcare,-0.007767251467916014,,1,2683457.0,0.8427791643260931
2022-08-29,Healthcare,0.013987664473137595,,1,1872615.0,0.8685553409747755
2022-08-30,Healthcare,0.0086845284546615,,1,2895228.0,0.8847828630025807
2022-08-31,Healthcare,-0.0023640724983290395,,1,2213464.0,0.8803270996708343
2022-09-01,Healthcare,0.003829276030648643,,1,2191216.0,0.887527391163383
2022-09-02,Healthcare,0.028430423213150036,,1,2574095.0,0.9411905937205709
2022-09-05,Healthcare,0.009163268784551759,,1,1704972.0,0.9589782448928761
2022-09-06,Healthcare,0.0116735991732837,,1,1886576.0,0.9818465717129383
2022-09-07,Healthcare,0.025991822617996263,,1,2328177.0,1.0333583762609848
2022-09-08,Healthcare,-0.004383060439401065,,1,1678228.0,1.0244460436028704
2022-09-09,Healthcare,-0.016555436082994923,,1,3036166.0,0.9909304565245312
2022-09-12,Healthcare,0.02868314863422583,,1,2312458.0,1.0480366107294312
2022-09-13,Healthcare,0.0024612647913757613,,1,1522728.0,1.0530773711308683
2022-09-14,Healthcare,0.014626804576688857,,1,2061047.0,1.0831073326192215
2022-09-15,Healthcare,-0.01198241445448145,,1,2493419.0,1.0581466772066088
2022-09-16,Healthcare,0.006510737531530086,,1,2082345.0,1.0715467300232917
2022-09-19,Healthcare,-0.01735917571162604,,1,2769563.0,1.035586386341973
2022-09-20,Healthcare,0.001291728266250347,,1,2784467.0,1.0382158108156054
2022-09-21,Healthcare,-0.010144018955601242,,1,4945442.0,1.017540110995086
2022-09-22,Healthcare,-0.013835579800275166,,1,3434391.0,0.9896262737891575
2022-09-23,Healthcare,-0.004603402957864211,,1,1448868.0,0.9804672223153521
2022-09-26,Healthcare,-0.03658511432028455,,1,2325762.0,0.9080116025793685
2022-09-27,Healthcare,-0.018371038079333157,,1,2274212.0,0.8729594487725734
2022-09-28,Healthcare,0.012840140268940647,,1,2881458.0,0.8970085108128509
2022-09-29,Healthcare,0.0058541575897872455,,1,1795551.0,0.908113897584317
2022-09-30,Healthcare,-0.016993671753345763,,1,2092431.0,0.875688036340772
2022-10-03,Healthcare,0.009071296349856928,,1,1651204.0,0.8927029583783004
2022-10-04,Healthcare,-0.013844558175726496,,1,2029912.0,0.8664993221616624
2022-10-05,Healthcare,0.01186876173128959,,1,2041072.0,0.8886523578880126
2022-10-06,Healthcare,-0.0015907200785125752,,1,2135791.0,0.8856480406609899
2022-10-07,Healthcare,-0.004956929740866922,,1,1659946.0,0.87630101580743
2022-10-10,Healthcare,-0.001195816000051475,,1,3146110.0,0.8740573050318146
2022-10-11,Healthcare,0.04139667505090072,,1,3024377.0,0.9516370463149832
2022-10-12,Healthcare,-0.01192572821906257,,1,1565932.0,0.9283623533183767
2022-10-13,Healthcare,0.003908071785706513,,1,2380775.0,0.935898531823999
2022-10-14,Healthcare,0.01282334093477,,1,1516113.0,0.9607232187126988
2022-10-17,Healthcare,-0.015197568422837593,,1,3651867.0,0.9309249934380663
2022-10-18,Healthcare,-0.025350715793023837,,1,4077604.0,0.8819746627117715
2022-10-19,Healthcare,-0.00939158511023419,,1,2360898.0,0.8642999374916096
2022-10-20,Healthcare,0.012471340271713593,,1,1875575.0,0.8875502563806019
2022-10-21,Healthcare,-0.0052281801112681325,,1,1943052.0,0.8776818036711738
2022-10-24,Healthcare,-0.003446162546681175,,1,2058836.0,0.8712110069647774
2022-10-25,Healthcare,0.014902690864303958,,1,2362375.0,0.8990970861434564
2022-10-26,Healthcare,-0.012689675822564528,,1,3656408.0,0.874998159764719
2022-10-27,Healthcare,-0.001158723614659407,,1,3120923.0,0.8728255551195567
2022-10-28,Healthcare,-0.024058494446288492,,1,3350029.0,0.8277681919028457
2022-10-31,Healthcare,0.005421139672701747,,1,2497485.0,0.8376767785604726
2022-11-01,Healthcare,0.003955449899882613,,1,1671449.0,0.8449456169902463
2022-11-02,Healthcare,0.013051000595534434,,1,1925849.0,0.8690240033363146
2022-11-03,Healthcare,-0.018135685885243946,,1,2507216.0,0.8351279710998261
2022-11-04,Healthcare,-0.00281596099328707,,1,1642238.0,0.829960322315519
2022-11-07,Healthcare,-0.020276311705955008,,1,2713457.0,0.7928554764107196
2022-11-08,Healthcare,-0.003687210393718887,,1,3005716.0,0.7862448410636622
2022-11-09,Healthcare,0.024078413262483833,,1,2948590.0,0.8292547825347729
2022-11-10,Healthcare,-0.004886701663702642,,1,2756849.0,0.8203157601456241
2022-11-11,Healthcare,-0.021681541326649345,,1,1420643.0,0.7808485087644756
2022-11-14,Healthcare,-0.010657522731918112,,1,3594687.0,0.7618690753002157
2022-11-15,Healthcare,-0.02561897241424249,,1,1571152.0,0.7167318000625926
2022-11-16,Healthcare,-0.020554346701755044,,1,2367868.0,0.6814454994501782
2022-11-17,Healthcare,0.01104961111613001,,1,2904184.0,0.7000248183320696
2022-11-18,Healthcare,-0.02297290485985304,,1,2779316.0,0.6609703099211381
2022-11-21,Healthcare,0.005286312802573301,,1,1616659.0,0.6697507185351683
2022-11-22,Healthcare,0.0006811500211014732,,1,1682905.0,0.6708880692723327
2022-11-23,Healthcare,-0.008273663154629074,,1,2608088.0,0.6570637042180849
2022-11-24,Healthcare,0.003920787444908758,,1,2753644.0,0.6635606987849971
2022-11-25,Healthcare,-0.014799837959427298,,1,1749375.0,0.6389402700073075
2022-11-28,Healthcare,0.013779058666540278,,1,2735356.0,0.6615233241386935
2022-11-29,Healthcare,-0.010954173964716207,,1,1530707.0,0.6433227085996447
2022-11-30,Healthcare,-0.005941058302604385,,1,2866125.0,0.6335596325778605
2022-12-01,Healthcare,-0.007853019772300573,,1,1833288.0,0.6207312564839946
2022-12-02,Healthcare,0.011346673448439759,,1,2473429.0,0.639121164798998
2022-12-05,Healthcare,0.009016185044083969,,1,2336018.0,0.6538997845305003
2022-12-06,Healthcare,-0.04186075183326077,,1,3722799.0,0.5846662960931857
2022-12-07,Healthcare,0.004352931646057323,,1,2543628.0,0.5915642401618901
2022-12-08,Healthcare,-0.027766456016436236,,1,2113317.0,0.5473721416901023
2022-12-09,Healthcare,-0.00521722520597212,,1,2641604.0,0.5392991527494577
2022-12-12,Healthcare,-0.0014707638050733829,,1,4459803.0,0.5370352072704137
2022-12-13,Healthcare,-0.005389750817219041,,1,2962563.0,0.5287509705059334
2022-12-14,Healthcare,0.00831517778905444,,1,2351062.0,0.5414628066208798
2022-12-15,Healthcare,0.01183843454758371,,1,1882862.0,0.5597113131645957
2022-12-16,Healthcare,-0.012161369128800947,,1,2011468.0,0.5407430881508342
2022-12-19,Healthcare,-0.012745177076666003,,1,2972783.0,0.5211060446627025
2022-12-20,Healthcare,-0.00031050675009713924,,1,1791706.0,0.5206337309682212
2022-12-21,Healthcare,-0.024538814987177582,,1,2508832.0,0.4833191811807305
2022-12-22,Healthcare,-0.007397092191356314,,1,3673748.0,0.47234693244832937
2022-12-23,Healthcare,0.02192981698083507,,1,2603382.0,0.5046352312092153
2022-12-26,Healthcare,-0.023937326174699236,,1,1810475.0,0.4686182869058162
2022-12-27,Healthcare,-0.0051978724019469125,,1,4557643.0,0.4609845964433139
2022-12-28,Healthcare,-0.009250220392730157,,1,4071800.0,0.4474701669358294
2022-12-29,Healthcare,0.03249023532860296,,1,2978260.0,0.49449881329070666
2022-12-30,Healthcare,-0.008375427753146925,,1,3509665.0,0.48198174645282643
2023-01-02,Healthcare,-0.007442614360531619,,1,2203322.0,0.4709519278246308
2023-01-03,Healthcare,-0.016295921248390854,,1,3043611.0,0.44698141104863187
2023-01-04,Healthcare,0.0004172822376307117,,1,2058890.0,0.4475852106896443
2023-01-05,Healthcare,0.004608817072629945,,1,1576307.0,0.4542568661227573
2023-01-06,Healthcare,-0.013966791814931545,,1,5294143.0,0.4339455632281859
2023-01-09,Healthcare,0.016155323754912132,,1,1605354.0,0.457111418049057
2023-01-10,Healthcare,0.00462322344431243,,1,2588348.0,0.4638479697179567
2023-01-11,Healthcare,0.013956699868748146,,1,2650526.0,0.4842784564847866
2023-01-12,Healthcare,-0.005005335778305531,,1,2766780.0,0.4768491444215752
2023-01-13,Healthcare,0.004175230386606499,,1,2301407.0,0.483015329845798
2023-01-16,Healthcare,-0.0031567680494756223,,1,2301656.0,0.47833379443565827
2023-01-17,Healthcare,0.023691044342764478,,1,2606902.0,0.5133570659130406
2023-01-18,Healthcare,0.002135743719953842,,1,2713733.0,0.5165892087626123
2023-01-19,Healthcare,0.00040815734439281215,,1,2336506.0,0.5172082157865956
2023-01-20,Healthcare,-0.00709602289324851,,1,2336220.0,0.5064420715535491
2023-01-23,Healthcare,-0.008023554552767154,,1,1608706.0,0.49435505141185576
2023-01-24,Healthcare,0.004087457132323502,,1,4324388.0,0.5004631636249728
2023-01-25,Healthcare,0.013437479856522216,,1,2852537.0,0.5206256071616369
2023-01-26,Healthcare,-0.01073270712237906,,1,2565980.0,0.5043051778771812
2023-01-27,Healthcare,0.002301498195373508,,1,1949394.0,0.5077673335293567
2023-01-30,Healthcare,0.0032269180990522894,,1,1744604.0,0.5126327752270823
2023-01-31,Healthcare,0.006026050232966096,,1,3076802.0,0.5217479763146315
2023-02-01,Healthcare,-0.027170351707142992,,1,2406993.0,0.4804015485885298
2023-02-02,Healthcare,-0.014592084298346797,,1,2936277.0,0.45879940439612277
2023-02-03,Healthcare,-0.021680331261091257,,1,1657559.0,0.42717215006533227
2023-02-06,Healthcare,0.0007959111561604004,,1,3722589.0,0.42830805230133073
2023-02-07,Healthcare,-0.014210294489854669,,1,3190375.0,0.4080113742558982
2023-02-08,Healthcare,-0.0077066325623897924,,1,2331509.0,0.39716034795084254
2023-02-09,Healthcare,-0.01892346119144206,,1,2839089.0,0.37072123832817305
2023-02-10,Healthcare,-0.006212137493053382,,1,2970541.0,0.36220612953103015
2023-02-13,Healthcare,-0.01779578486061173,,1,1646900.0,0.3379646023140894
2023-02-14,Healthcare,0.012446356773680334,,1,4006768.0,0.354617387105046
2023-02-15,Healthcare,0.007968226921996502,,1,2763726.0,0.365411285837981
2023-02-16,Healthcare,0.0026815312468104757,,1,1905529.0,0.3690726788657033
2023-02-17,Healthcare,-0.004584429595326234,,1,1703457.0,0.3627962615585587
2023-02-20,Healthcare,-0.03247619648297162,,1,3445528.0,0.31853782240192374
2023-02-21,Healthcare,-0.007095454474364438,,1,2540571.0,0.30918219731034324
2023-02-22,Healthcare,-0.01196839192949406,,1,2795564.0,0.2935133916658168
2023-02-23,Healthcare,0.004240950966578394,,1,2383619.0,0.298999118534484
2023-02-24,Healthcare,0.010225593897053464,,1,1781348.0,0.31228215599324805
2023-02-27,Healthcare,0.005484027526885038,,1,2764560.0,0.31947874745975513
2023-02-28,Healthcare,0.020563312793772104,,1,2336325.0,0.3466116016685048
2023-03-01,Healthcare,-0.00886477891360593,,1,2381469.0,0.3346741875372168
2023-03-02,Healthcare,-0.009531028103409112,,1,4900174.0,0.32195337034690485
2023-03-03,Healthcare,0.016945204683922244,,1,3184465.0,0.3443541407900341
2023-03-06,Healthcare,0.0029384289321001678,,1,3110502.0,0.34830442989232013
2023-03-07,Healthcare,-0.003701544858366157,,1,5339748.0,0.34331362056233994
2023-03-08,Healthcare,0.029939326419057943,,1,2855825.0,0.38353152553152237
2023-03-09,Healthcare,0.009551069557575564,,1,2489646.0,0.39674573136697266
2023-03-10,Healthcare,-0.0027943737244791045,,1,1920458.0,0.39284270179546255
2023-03-13,Healthcare,-0.010754990323956548,,1,2104268.0,0.3778626920148589
2023-03-14,Healthcare,0.0215832853632687,,1,1345259.0,0.4076014956880172
2023-03-15,Healthcare,0.003593734769530954,,1,2991660.0,0.4126600421247151
2023-03-16,Healthcare,0.0006614532837179166,,1,1599809.0,0.41359445074835555
2023-03-17,Healthcare,0.011134608022864034,,1,3163430.0,0.42933427086073417
2023-03-20,Healthcare,0.014409663640424952,,1,2404618.0,0.44993049693356935
2023-03-21,Healthcare,0.009103376838495603,,1,2492633.0,0.4631297606367828
2023-03-22,Healthcare,0.014472135579613354,,1,2405524.0,0.48430437290328565
2023-03-23,Healthcare,0.0075206459149195215,,1,3618688.0,0.49546730052185795
2023-03-24,Healthcare,0.00918405308323944,,1,3448675.0,0.5092017515940994
2023-03-27,Healthcare,-0.011489233990733205,,1,2394555.0,0.49186217953081046
2023-03-28,Healthcare,0.029358152933756987,,1,1939997.0,0.5356604975535639
2023-03-29,Healthcare,-0.019556519572338615,,1,3261404.0,0.5056283229766905
2023-03-30,Healthcare,0.0052388934302272094,,1,1770390.0,0.513516149306297
2023-03-31,Healthcare,-0.02121308413288714,,1,1557708.0,0.4814098038945791
2023-04-03,Healthcare,-0.0013093456730095543,,1,2722099.0,0.47947012637789577
2023-04-04,Healthcare,-0.008912655090828836,,1,3455309.0,0.4662841194243046
2023-04-05,Healthcare,0.0024489573264345754,,1,2082923.0,0.4698749866612033
2023-04-06,Healthcare,0.005759210274970172,,1,2681733.0,0.47834030578730413
2023-04-07,Healthcare,-0.015099882333176162,,1,2154545.0,0.45601754112152415
2023-04-10,Healthcare,-0.00020517255521157463,,1,2901394.0,0.4557188062821793
2023-04-11,Healthcare,0.022662507539951804,,1,3463442.0,0.48870904470559884
2023-04-12,Healthcare,-0.020819360953604926,,1,2292639.0,0.4577150737489766
2023-04-13,Healthcare,-0.013456341179228781,,1,1784739.0,0.43809956237450565
2023-04-14,Healthcare,0.014098997380310507,,1,1571917.0,0.4583753243370494
2023-04-17,Healthcare,0.0015137217371810063,,1,3096323.0,0.46058289876646685
2023-04-18,Healthcare,0.0026964055344702587,,1,1673747.0,0.46452122257825335
2023-04-19,Healthcare,0.016694915119046305,,1,2741365.0,0.4889712800792392
2023-04-20,Healthcare,-0.012492438259657734,,1,3058707.0,0.47037039829244565
2023-04-21,Healthcare,-0.008077732948581495,,1,2057582.0,0.4584931388795399
2023-04-24,Healthcare,-0.010059153192356063,,1,2288384.0,0.4438219329655504
2023-04-25,Healthcare,-0.005327801709919977,,1,3201271.0,0.43612953600227655
2023-04-26,Healthcare,0.02179233424950633,,1,1951988.0,0.4674261508764266
2023-04-27,Healthcare,-0.02706724777341185,,1,1921560.0,0.4277069636614703
2023-04-28,Healthcare,-0.01892246952227783,,1,2299922.0,0.40069122215484243
2023-05-01,Healthcare,-0.021677736867856123,,1,3648652.0,0.3703274064078539
2023-05-02,Healthcare,0.02279137693686195,,1,4044409.0,0.4015590548542076
2023-05-03,Healthcare,-0.009605332238559083,,1,2332059.0,0.38809661448037214
2023-05-04,Healthcare,-0.00498184473039065,,1,1913964.0,0.3811813326762501
2023-05-05,Healthcare,-0.0256781441843843,,1,3460537.0,0.34571515927100926
2023-05-08,Healthcare,-0.003948804048491961,,1,1431848.0,0.3404011938019629
2023-05-09,Healthcare,0.014191668751297515,,1,2622046.0,0.35942372353824403
2023-05-10,Healthcare,0.004332268650132587,,1,2334311.0,0.36531311231797536
2023-05-11,Healthcare,-0.0014657828751017954,,1,3457390.0,0.36331185973878766
2023-05-12,Healthcare,-0.024878730705877206,,1,3813189.0,0.3293943911122177
2023-05-15,Healthcare,-0.005002388063614749,,1,1786244.0,0.32274424447828154
2023-05-16,Healthcare,0.002628270105623942,,1,2474740.0,0.32622077363342994
2023-05-17,Healthcare,-0.015670191386750965,,1,2060061.0,0.30543864028950907
2023-05-18,Healthcare,0.010790967103701865,,1,2207454.0,0.31952558571277434
2023-05-19,Healthcare,0.014489698583155075,,1,2932177.0,0.3386451137225135
2023-05-22,Healthcare,-0.008227391681437823,,1,2163857.0,0.3276315560494756
2023-05-23,Healthcare,0.01193092200455026,,1,2563370.0,0.3434714245954815
2023-05-24,Healthcare,-0.001495921116556831,,1,3125635.0,0.34146169732193843
2023-05-25,Healthcare,0.018700904881065572,,1,3884957.0,0.3665482449251487
2023-05-26,Healthcare,0.032954354081972115,,1,2797869.0,0.4115819596585095
2023-05-29,Healthcare,-0.017306673264426697,,1,2544476.0,0.38715217189674056
2023-05-30,Healthcare,0.012632371453504598,,1,1738439.0,0.40467519339467595
2023-05-31,Healthcare,0.021237027825526944,,1,3996749.0,0.4345063195626262
2023-06-01,Healthcare,-0.015330419135790918,,1,2833898.0,0.4125147364307904
2023-06-02,Healthcare,-0.00897415182477157,,1,2497804.0,0.3998386147313333
2023-06-05,Healthcare,-0.009155031937572278,,1,2461048.0,0.387023047506021
2023-06-06,Healthcare,-0.0018661783498632456,,1,2616289.0,0.3844346151240039
2023-06-07,Healthcare,-0.005458964652564902,,1,2991454.0,0.37687703549625473
2023-06-08,Healthcare,-0.002918754809602575,,1,3081330.0,0.37285826902666863
2023-06-09,Healthcare,0.01373316430000271,,1,3941621.0,0.3917119571958292
2023-06-12,Healthcare,-0.030196399601223667,,1,2738753.0,0.34968726680654294
2023-06-13,Healthcare,-0.01538205029287576,,1,4134438.0,0.3289263093888706
2023-06-14,Healthcare,0.011032596062743538,,1,3313009.0,0.3435878165575106
2023-06-15,Healthcare,0.009150076129048168,,1,2356126.0,0.3558817473650735
2023-06-16,Healthcare,-0.016742275469450618,,1,1487017.0,0.3331812016466873
2023-06-19,Healthcare,0.009261367167898493,,1,2462191.0,0.34552828225647736
2023-06-20,Healthcare,0.021588978389688096,,1,3968060.0,0.37457686326482653
2023-06-21,Healthcare,-0.0005203196785723563,,1,1853283.0,0.3738616438731597
2023-06-22,Healthcare,-0.015929484195231658,,1,2507781.0,0.3519767365306472
2023-06-23,Healthcare,0.01432717156755392,,1,2559027.0,0.3713467391902634
2023-06-26,Healthcare,0.027955189259961433,,1,3357343.0,0.40968299682535814
2023-06-27,Healthcare,-0.01397194123484613,,1,2165596.0,0.38998698883395244
2023-06-28,Healthcare,0.000898233185481212,,1,1803725.0,0.3912355212747103
2023-06-29,Healthcare,0.01778525282374388,,1,2918179.0,0.41597899675795413
2023-06-30,Healthcare,0.0021211944439296637,,1,1880063.0,0.4189825635385982
2023-07-03,Healthcare,-0.027809898706382175,,1,1458572.0,0.37952080218046724
2023-07-04,Healthcare,0.007392790283915263,,1,4145509.0,0.3897193101632861
2023-07-05,Healthcare,-0.015461033112935008,,1,3226593.0,0.36823281389116636
2023-07-06,Healthcare,-0.020151812556022053,,1,4356604.0,0.34066044269263296
2023-07-07,Healthcare,-0.02749577546244575,,1,3285252.0,0.3037979441889731
2023-07-10,Healthcare,0.019396201520702094,,1,3030253.0,0.32908667185673957
2023-07-11,Healthcare,-0.013145526421732279,,1,2711542.0,0.3116151278950745
2023-07-12,Healthcare,0.005623884770413312,,1,2245437.0,0.31899150023748724
2023-07-13,Healthcare,0.009570736195263496,,1,2800835.0,0.33161521993005505
2023-07-14,Healthcare,0.0028677668250580712,,1,1994862.0,0.33543398188151285
2023-07-17,Healthcare,0.005033099793074092,,1,1719779.0,0.3421553543793847
2023-07-18,Healthcare,0.0063905696908928,,1,2153944.0,0.35073249170755116
2023-07-19,Healthcare,0.0024865880686397723,,1,3465503.0,0.35409120700535524
2023-07-20,Healthcare,-0.011947549902423416,,1,1671082.0,0.33791313473722595
2023-07-21,Healthcare,-0.013380549795344643,,1,1686035.0,0.32001112141602883
2023-07-24,Healthcare,-0.00141946373013202,,1,2800002.0,0.31813741350580793
2023-07-25,Healthcare,-0.0017598463990928792,,1,2072426.0,0.31581769412514005
2023-07-26,Healthcare,0.007166249066093089,,1,2759080.0,0.32524717144681303
2023-07-27,Healthcare,0.01796995740637808,,1,3311636.0,0.34906180667063524
2023-07-28,Healthcare,0.005793721435056742,,1,2728275.0,0.3568778949771594
2023-07-31,Healthcare,-0.012762639578062673,,1,2005468.0,0.3395605514521256
2023-08-01,Healthcare,-0.034781607491498834,,1,3789031.0,0.29296848214042215
2023-08-02,Healthcare,-0.012088599048432513,,1,3022966.0,0.27733830457756614
2023-08-03,Healthcare,-0.021337190264178907,,1,2504459.0,0.250083494141071
2023-08-04,Healthcare,-0.01146889616038993,,1,2399670.0,0.23574641635494964
2023-08-07,Healthcare,0.004160650264144916,,1,2644760.0,0.24088792500857292
2023-08-08,Healthcare,0.0016235648408793324,,1,2136655.0,0.2429025870150885
2023-08-09,Healthcare,0.030126634826438847,,1,1560713.0,0.2803470593789281
2023-08-10,Healthcare,0.008030150320270657,,1,2994658.0,0.2906284387278575
2023-08-11,Healthcare,0.0309459902168423,,1,3139234.0,0.3305682137663082
2023-08-14,Healthcare,0.011759099053573197,,1,1212067.0,0.34621449718952224
2023-08-15,Healthcare,0.01771376337189845,,1,2866117.0,0.3700610222405567
2023-08-16,Healthcare,-0.005499728057243969,,1,4020023.0,0.3625260591964039
2023-08-17,Healthcare,-0.01699885139185542,,1,1749666.0,0.33936468119859375
2023-08-18,Healthcare,-0.006946868251830662,,1,2331745.0,0.33006029121715197
2023-08-21,Healthcare,7.67576729963082e-05,,1,2211373.0,0.3301623835500507
2023-08-22,Healthcare,-0.009826425453727694,,1,3955689.0,0.31709164204674334
2023-08-23,Healthcare,-0.01581991582403286,,1,3423386.0,0.2962553631370266
2023-08-24,Healthcare,0.006965674567596336,,1,1831499.0,0.3052846561531406
2023-08-25,Healthcare,-0.01588828547255272,,1,2710620.0,0.2845459209132366
2023-08-28,Healthcare,-0.02437426580857638,,1,4999574.0,0.2532360571935748
2023-08-29,Healthcare,-0.01776336576024995,,1,2039050.0,0.2309743667257118
2023-08-30,Healthcare,-0.0034983798321328585,,1,2351544.0,0.22666795082728597
2023-08-31,Healthcare,-0.015655636858383448,,1,2851735.0,0.2074636828433165
2023-09-01,Healthcare,-0.0033976978476578656,,1,1964235.0,0.20336108608699477
2023-09-04,Healthcare,0.009916058020756013,,1,4080638.0,0.2152936844365534
2023-09-05,Healthcare,0.009498242554323966,,1,2083968.0,0.22683683862606974
2023-09-06,Healthcare,-0.010351353443913691,,1,1587006.0,0.21413741689143762
2023-09-07,Healthcare,-0.020685610065451,,1,2118463.0,0.18902224371974752
2023-09-08,Healthcare,-0.008982231292722687,,1,2916762.0,0.17834217091446458
2023-09-11,Healthcare,0.010803077570652686,,1,1897279.0,0.19107189279162484
2023-09-12,Healthcare,0.01455602650926724,,1,2668134.0,0.20840916683754274
2023-09-13,Healthcare,0.005938094767333979,,1,2813419.0,0.21558481498793913
2023-09-14,Healthcare,0.019573423158328218,,1,1720059.0,0.23937797095653623
2023-09-15,Healthcare,0.028054121384638586,,1,2137581.0,0.274147630995198
2023-09-18,Healthcare,-0.007497522984428406,,1,2650935.0,0.2645946798462566
2023-09-19,Healthcare,0.024155145835164316,,1,3091517.0,0.29514114876031594
2023-09-20,Healthcare,-0.003919292995011037,,1,2009794.0,0.29006511112842914
2023-09-21,Healthcare,0.016655487276699743,,1,2565794.0,0.311551774172943
2023-09-22,Healthcare,0.011653574655534849,,1,2219231.0,0.32683604068786654
2023-09-25,Healthcare,-0.03150195667132083,,1,3179221.0,0.2850381092241705
2023-09-26,Healthcare,-0.015258860364595117,,1,2853544.0,0.2654298921523355
2023-09-27,Healthcare,-0.019357444273031432,,1,2208651.0,0.24093440353356854
2023-09-28,Healthcare,-0.028368309346345266,,1,2924688.0,0.20573119249560579
2023-09-29,Healthcare,0.014397244299817924,,1,2152185.0,0.22309039903387573
2023-10-02,Healthcare,0.03351068372309585,,1,2947568.0,0.26407699456065514
2023-10-03,Healthcare,-0.003873062085665291,,1,2720780.0,0.25918114587966046
2023-10-04,Healthcare,0.013992974082817966,,1,4955082.0,0.2768008350195277
2023-10-05,Healthcare,0.02412400504403922,,1,2263636.0,0.30760238480377233
2023-10-06,Healthcare,0.003615181794996536,,1,2262306.0,0.312329605140409
2023-10-09,Healthcare,-0.00013926712233891525,,1,1923653.0,0.3121468407727408
2023-10-10,Healthcare,-0.003680481344718989,,1,1731714.0,0.30731750880374475
2023-10-11,Healthcare,0.00890554914640429,,1,2090505.0,0.3189598891283514
2023-10-12,Healthcare,0.014322990300354999,,1,2973024.0,0.337851338826894
2023-10-13,Healthcare,0.007688254876273337,,1,2980286.0,0.34813708090635864
2023-10-16,Healthcare,0.007136414362134191,,1,2606127.0,0.3577579457326645
2023-10-17,Healthcare,-0.0005552921413426448,,1,2140229.0,0.35700399341555356
2023-10-18,Healthcare,-0.02532977280473947,,1,2166702.0,0.32263139056721335
2023-10-19,Healthcare,0.014692937363627534,,1,1851625.0,0.342064730743985
2023-10-20,Healthcare,-0.020375212825534894,,1,2096443.0,0.3147198762294321
2023-10-23,Healthcare,0.010220427268818222,,1,1631729.0,0.3281568751033046
2023-10-24,Healthcare,0.012411458143403609,,1,3639672.0,0.34464123856652296
2023-10-25,Healthcare,-0.018058168361502314,,1,4271143.0,0.3203594806946697
2023-10-26,Healthcare,-0.009499290276133832,,1,1343554.0,0.3078170027187057
2023-10-27,Healthcare,0.03435756587287364,,1,2809079.0,0.3527504115392779
2023-10-30,Healthcare,-0.0010097141561778988,,1,2541641.0,0.35138452029897116
2023-10-31,Healthcare,-0.0193401822449627,,1,2630096.0,0.3252484973933676
2023-11-01,Healthcare,0.013136856579055944,,1,2031569.0,0.34265809683523374
2023-11-02,Healthcare,-0.012148665144489645,,1,3288823.0,0.3263465932132448
2023-11-03,Healthcare,-0.03059350274228201,,1,2883287.0,0.2857690050765589
2023-11-06,Healthcare,0.008619691484052394,,1,3266584.0,0.29685193722007575
2023-11-07,Healthcare,-0.014461685839967098,,1,1952664.0,0.27809727192304634
2023-11-08,Healthcare,0.005428680579540712,,1,1567023.0,0.285035653761899
2023-11-09,Healthcare,-0.012791665404323083,,1,2762419.0,0.26859790764635116
2023-11-10,Healthcare,0.011631587788638598,,1,1810122.0,0.2833537155776229
2023-11-13,Healthcare,0.0032161330938231814,,1,3234777.0,0.2874811519333731
2023-11-14,Healthcare,-0.04133862705825908,,1,1386662.0,0.23425844874906154
2023-11-15,Healthcare,0.006406067537230831,,1,2067731.0,0.24216519173014572
2023-11-16,Healthcare,-0.004388216859189997,,1,1966549.0,0.2367143014938966
2023-11-17,Healthcare,0.023032793354991643,,1,2259358.0,0.2651992864393684
2023-11-20,Healthcare,0.0066181035782793,,1,2575304.0,0.27357250636418917
2023-11-21,Healthcare,0.01241822632610079,,1,2727611.0,0.2893880179909192
2023-11-22,Healthcare,-0.011150224422726396,,1,2923562.0,0.2750110522223461
2023-11-23,Healthcare,-0.012428146786788052,,1,3037638.0,0.2591650277105497
2023-11-24,Healthcare,-0.00014467059913203517,,1,2218773.0,0.25898286355158473
2023-11-27,Healthcare,-0.005527268078076797,,1,4468421.0,0.25202412775903027
2023-11-28,Healthcare,0.021768021254001235,,1,3771095.0,0.27927821558261123
2023-11-29,Healthcare,-0.0021962015658082423,,1,2140305.0,0.2764686627624444
2023-11-30,Healthcare,-0.019414229615529965,,1,2371507.0,0.2516870070465458
2023-12-01,Healthcare,-0.013030947597098552,,1,2195504.0,0.2353763392497532
2023-12-04,Healthcare,0.015774941815364762,,1,2727013.0,0.2548643291214965
2023-12-05,Healthcare,-0.0024201765435131195,,1,1757040.0,0.25182733590686524
2023-12-06,Healthcare,-0.003279138237150314,,1,1860613.0,0.24772242102338304
2023-12-07,Healthcare,0.017303694541625392,,1,1281942.0,0.2693126286695089
2023-12-08,Healthcare,-0.01443188375122828,,1,2161418.0,0.25099405636858463
2023-12-11,Healthcare,-0.035649665230537586,,1,3557341.0,0.20639653705365224
2023-12-12,Healthcare,-0.013437265246028507,,1,2320698.0,0.19018586679337202
2023-12-13,Healthcare,0.004157630884924268,,1,2296819.0,0.1951342203119526
2023-12-14,Healthcare,-0.0037419228372187474,,1,2566618.0,0.19066212027942564
2023-12-15,Healthcare,-0.02480712854917977,,1,1857235.0,0.16112521200301488
2023-12-18,Healthcare,0.016594598988289633,,1,2469827.0,0.18039361927139774
2023-12-19,Healthcare,0.002894729984689759,,1,3076288.0,0.1838105400748391
2023-12-20,Healthcare,0.0065185854852647385,,1,2609905.0,0.1915273102786743
2023-12-21,Healthcare,0.007010227085296972,,1,3197087.0,0.19988018730206103
2023-12-22,Healthcare,-0.02059855855050019,,1,3622553.0,0.17516438501033438
2023-12-25,Healthcare,0.005134465539813116,,1,2892268.0,0.18119822604878566
2023-12-26,Healthcare,0.01484940802120005,,1,1969052.0,0.1987383204613018
2023-12-27,Healthcare,0.01859118941998683,,1,2223341.0,0.22102429164199466
2023-12-28,Healthcare,0.011857504633707272,,1,4316216.0,0.23550259283800878
2023-12-29,Healthcare,0.008512994782489125,,1,2631218.0,0.24602041996459056
2024-01-01,Healthcare,-0.027651215762049985,,1,2669676.0,0.2115664404882296
2024-01-02,Healthcare,2.7504079221030153e-05,,1,1804119.0,0.21159976350759035
2024-01-03,Healthcare,-0.015103749292372681,,1,2374660.0,0.19330006443687364
2024-01-04,Healthcare,0.02087070681534242,,1,3075970.0,0.21820508022446483
2024-01-05,Healthcare,0.0184316119156811,,1,2475028.0,0.24065856349687342
2024-01-08,Healthcare,-0.015006603241278782,,1,2087987.0,0.22204049267658088
2024-01-09,Healthcare,-0.0004713359056431887,,1,2145076.0,0.22146450111423244
2024-01-10,Healthcare,0.004260799876197208,,1,3381188.0,0.2266689169093592
2024-01-11,Healthcare,0.014742347576514714,,1,2979005.0,0.24475289644374376
2024-01-12,Healthcare,-0.02665810015642811,,1,2959817.0,0.21157014906034255
2024-01-15,Healthcare,-0.035239037028633624,,1,2946850.0,0.16887558371481792
2024-01-16,Healthcare,0.0008804999770406496,,1,1641658.0,0.1699047786394421
2024-01-17,Healthcare,-0.04040996839394151,,1,2840866.0,0.12262896351070118
2024-01-18,Healthcare,0.0028155973755406016,,1,3243950.0,0.1257898346740678
2024-01-19,Healthcare,0.009783704798558057,,1,2222494.0,0.13680423008173626
2024-01-22,Healthcare,0.020130116960559663,,1,3319597.0,0.15968823219454054
2024-01-23,Healthcare,-0.009736589308402377,,1,2830171.0,0.14839682415187516
2024-01-24,Healthcare,0.0028575253189473404,,1,3018669.0,0.15167839715308795
2024-01-25,Healthcare,0.010736632537758695,,1,2447240.0,0.1640435449049955
2024-01-26,Healthcare,-0.01862521137924611,,1,3216597.0,0.14236298782649293
2024-01-29,Healthcare,0.014976257318965125,,1,1572273.0,0.15947130988384428
2024-01-30,Healthcare,0.004675909689450641,,1,2391335.0,0.16489289301637022
2024-01-31,Healthcare,-0.009461456347279129,,1,2973892.0,0.1538713097598401
2024-02-01,Healthcare,0.0025393409142131507,,1,2571417.0,0.15680138238645003
2024-02-02,Healthcare,-0.001971482783950762,,1,3262723.0,0.15452076837662476
2024-02-05,Healthcare,0.012802535386476688,,1,2312980.0,0.16930156136818875
2024-02-06,Healthcare,-0.005524760717726562,,1,2014115.0,0.16284145003476547
2024-02-07,Healthcare,0.0039166177410412395,,1,1444751.0,0.16739585548798974
2024-02-08,Healthcare,-0.009710290172713076,,1,2214004.0,0.1560601029847788
2024-02-09,Healthcare,-0.014802751749345644,,1,2847641.0,0.13894723227297212
2024-02-12,Healthcare,0.003023858376016708,,1,2960361.0,0.14239124740112175
2024-02-13,Healthcare,-0.014142712849038563,,1,1599634.0,0.1262347360278726
2024-02-14,Healthcare,0.013132052765084445,,1,3452904.0,0.14102451000726157
2024-02-15,Healthcare,0.009784102645596704,,1,1794240.0,0.15218841093431434
2024-02-16,Healthcare,-0.012027171103113354,,1,2332823.0,0.1383308437729831
2024-02-19,Healthcare,0.003702737725416627,,1,1990488.0,0.14254578433222664
2024-02-20,Healthcare,-0.012100854822143292,,1,2742341.0,0.12872000366837044
2024-02-21,Healthcare,-0.02551228956160978,,1,2585580.0,0.09992377210080172
2024-02-22,Healthcare,-0.00932935008124225,,1,2941654.0,0.08966219816819287
2024-02-23,Healthcare,-0.0005410538089897221,,1,4066332.0,0.08907263228536189
2024-02-26,Healthcare,0.008646031495613604,,1,2699161.0,0.098488788565112
2024-02-27,Healthcare,0.002669489889647547,,1,1979710.0,0.1014211932800777
2024-02-28,Healthcare,0.014852956578389032,,1,2800767.0,0.11778055443838409
2024-02-29,Healthcare,-0.01549891645723478,,1,4379646.0,0.10045616700762205
2024-03-01,Healthcare,-0.005785694702010513,,1,2892405.0,0.09408926359237135
2024-03-04,Healthcare,0.026690896993213364,,1,3349176.0,0.12329148742829599
2024-03-05,Healthcare,-0.03076312810175985,,1,1581195.0,0.08873552750492286
2024-03-06,Healthcare,-0.006994985651849861,,1,2677301.0,0.0811198381113667
2024-03-07,Healthcare,-0.016950397820260088,,1,2264090.0,0.06279442676400393
2024-03-08,Healthcare,-0.002872376583912817,,1,1920375.0,0.059741680939053854
2024-03-11,Healthcare,-0.00671366774730453,,1,2366054.0,0.05262692739525909
2024-03-12,Healthcare,0.009943554295823276,,1,2484229.0,0.0630937804010594
2024-03-13,Healthcare,0.004373463440231928,,1,1961472.0,0.06774318218318132
2024-03-14,Healthcare,-0.020712541546594965,,1,2624264.0,0.04562750716111874
2024-03-15,Healthcare,-0.009183714785506836,,1,2277573.0,0.03602476236347063
2024-03-18,Healthcare,0.000265608861772737,,1,2884946.0,0.036299939721370356
2024-03-19,Healthcare,0.0121486365571708,,1,2591010.0,0.0488895710532633
2024-03-20,Healthcare,0.039362780758948945,,1,2922313.0,0.09017678127898088
2024-03-21,Healthcare,0.011560748912567753,,1,3241022.0,0.1027800413176585
2024-03-22,Healthcare,-0.01600241997232066,,1,2890285.0,0.0851328919594001
2024-03-25,Healthcare,-0.0012405141725697622,,1,2339336.0,0.08378676922780293
2024-03-26,Healthcare,0.0031756048729683073,,1,1260341.0,0.08722844777342131
2024-03-27,Healthcare,-0.008078627034357022,,1,2790005.0,0.07844513464271685
2024-03-28,Healthcare,0.007824084929419772,,1,1817754.0,0.08688298096788105
2024-03-29,Healthcare,-0.03623137745792071,,1,2522598.0,0.047503713431843675
2024-04-01,Healthcare,0.009156077479860913,,1,2681536.0,0.05709473859246761
2024-04-02,Healthcare,-0.007387602570824936,,1,3560167.0,0.04928534278403629
2024-04-03,Healthcare,-0.0014953688910557261,,1,4076142.0,0.047716274124596225
2024-04-04,Healthcare,0.023820261816232202,,1,1897686.0,0.0726731500833715
2024-04-05,Healthcare,-0.020003890166888638,,1,1667789.0,0.05121551420413328
2024-04-08,Healthcare,0.0046498288755405515,,1,2610512.0,0.056103486456495766
2024-04-09,Healthcare,0.013025053596027014,,1,2609184.0,0.06985929097054266
2024-04-10,Healthcare,0.003004634433739106,,1,1642778.0,0.07307382703544851
2024-04-11,Healthcare,-0.02567104371561979,,1,2502246.0,0.04552690191153408
2024-04-12,Healthcare,0.02196707779126328,,1,2977431.0,0.06849407269868335
2024-04-15,Healthcare,-0.003128768625894951,,1,1629503.0,0.06515100196706891
2024-04-16,Healthcare,-0.00820958944893413,,1,1775235.0,0.05640654953979851
2024-04-17,Healthcare,-0.0047216745701904594,,1,1951885.0,0.05141854159905379
2024-04-18,Healthcare,-0.005873238924570701,,1,2229475.0,0.04524330929451881
2024-04-19,Healthcare,-0.018857564417784745,,1,3038001.0,0.025532566257238987
2024-04-22,Healthcare,0.0029180885953359326,,1,2135605.0,0.02852516114297976
2024-04-23,Healthcare,-0.009329476070081388,,1,2440437.0,0.018929560264619782
2024-04-24,Healthcare,0.011048025497277347,,1,4732426.0,0.03018672002635281
2024-04-25,Healthcare,0.008584756499302015,,1,1797709.0,0.0390306221665937
2024-04-26,Healthcare,0.026390449344931177,,1,2071501.0,0.0664511071687135
2024-04-29,Healthcare,-0.0031332533841338384,,1,2888567.0,0.0631096456281639
2024-04-30,Healthcare,-0.012639968979591854,,1,3259617.0,0.04967197268551904
2024-05-01,Healthcare,-0.02334987022547852,,1,2829566.0,0.025162268343990046
2024-05-02,Healthcare,0.03551242961852874,,1,4445551.0,0.06156827124612718
2024-05-03,Healthcare,0.010906934827717318,,1,2652259.0,0.0731467271957813
2024-05-06,Healthcare,-0.010859039136926207,,1,1332697.0,0.06149338488549794
2024-05-07,Healthcare,0.027474879927966267,,1,2602000.0,0.09065778817955739
2024-05-08,Healthcare,0.022059728009888868,,1,2097538.0,0.11471740233866545
2024-05-09,Healthcare,-0.021446253156730988,,1,3763974.0,0.09081089072989679
2024-05-10,Healthcare,-0.011840134114541212,,1,3229313.0,0.07789554349005257
2024-05-13,Healthcare,-0.0018588445428560085,,1,1457367.0,0.07589190324126727
2024-05-14,Healthcare,-0.016927758913861113,,1,3678884.0,0.05767946448582384
2024-05-15,Healthcare,-0.00128445028398938,,1,3106927.0,0.05632092779729536
2024-05-16,Healthcare,0.011708040336062098,,1,2192759.0,0.06868837582777254
2024-05-17,Healthcare,-0.02179950475472958,,1,2429764.0,0.04539149849759072
2024-05-20,Healthcare,0.004975729564121734,,1,3598251.0,0.05059308388274664
2024-05-21,Healthcare,0.019044139645026714,,1,1366270.0,0.07060072528230887
2024-05-22,Healthcare,0.006698647917276368,,1,2722346.0,0.0777723026009558
2024-05-23,Healthcare,-0.0009475930957163481,,1,3250600.0,0.07675101300825693
2024-05-24,Healthcare,-0.010468269433758448,,1,2345001.0,0.0654792932910142
2024-05-27,Healthcare,0.013618327553490905,,1,2951736.0,0.07998933930851315
2024-05-28,Healthcare,-0.018644495901997127,,1,2543013.0,0.05985348249757494
2024-05-29,Healthcare,0.004168922967207278,,1,1868611.0,0.06427193002263376
2024-05-30,Healthcare,0.0006775032659123159,,1,1835468.0,0.06499297773104296
2024-05-31,Healthcare,0.018354987204522333,,1,3050053.0,0.08454091021020238
2024-06-03,Healthcare,-0.009096728014017175,,1,1982166.0,0.07467513652994562
2024-06-04,Healthcare,-0.0077306508632670745,,1,1512147.0,0.06636719825799875
2024-06-05,Healthcare,-0.019688096337247107,,1,2565320.0,0.045372458127814985
2024-06-06,Healthcare,0.007294231675629259,,1,2045619.0,0.05299764702472132
2024-06-07,Healthcare,-0.006542827344332425,,1,1661438.0,0.04610806522625022
2024-06-10,Healthcare,-0.013585218287322398,,1,2482955.0,0.031896458808023054
2024-06-11,Healthcare,-0.012054517574843882,,1,3045564.0,0.019457444809902524
2024-06-12,Healthcare,0.008898263669206541,,1,2411786.0,0.028528845953356585
2024-06-13,Healthcare,-0.01745603535033946,,1,1784518.0,0.010574810059550854
2024-06-14,Healthcare,-0.016029191720040137,,1,2827764.0,-0.005623887318336851
2024-06-17,Healthcare,0.01467116439446059,,1,3325425.0,0.008964768100740539
2024-06-18,Healthcare,-0.002401909757127396,,1,4567967.0,0.006541325779641616
2024-06-19,Healthcare,0.015620582563446339,,1,3767185.0,0.022264087662503318
2024-06-20,Healthcare,-0.005507016072485604,,1,1755505.0,0.01663446290142101
2024-06-21,Healthcare,0.0002493975984647623,,1,3022701.0,0.016888009094985224
2024-06-24,Healthcare,0.0027790702141750057,,1,2542729.0,0.01971401227221281
2024-06-25,Healthcare,0.022559859180227182,,1,1764444.0,0.04271861679317834
2024-06-26,Healthcare,0.021251622699718364,,1,2704512.0,0.06487807941923918
2024-06-27,Healthcare,0.018798910913812916,,1,4386119.0,0.08489662756831362
2024-06-28,Healthcare,-0.00983703079924314,,1,3441204.0,0.07422446602892907
2024-07-01,Healthcare,-0.015589921870325818,,1,1803361.0,0.057477390532345574
2024-07-02,Healthcare,0.012492684176618418,,1,2432418.0,0.07068812159618076
2024-07-03,Healthcare,0.022390707305701696,,1,2887793.0,0.09466158594253238
2024-07-04,Healthcare,0.01895287961229064,,1,1468597.0,0.11540857519710035
2024-07-05,Healthcare,0.00047717887067033615,,1,1406040.0,0.11594082460134891
2024-07-08,Healthcare,0.011962680085043642,,1,2533560.0,0.12929046767989472
2024-07-09,Healthcare,0.012245159616578905,,1,2545577.0,0.14311880971011615
2024-07-10,Healthcare,0.0026608585758771675,,1,1355653.0,0.14616048719817987
2024-07-11,Healthcare,0.0033587507165813157,,1,2649566.0,0.15001015455587385
2024-07-12,Healthcare,0.0018453952984831545,,1,3253033.0,0.15213237788829925
2024-07-15,Healthcare,-0.012396471197770542,,1,2268235.0,0.13785000204978815
2024-07-16,Healthcare,-0.010756719737697762,,1,2453908.0,0.12561046847419965
2024-07-17,Healthcare,-0.011004792476881797,,1,2863036.0,0.11322335885883539
2024-07-18,Healthcare,-0.025430722608259293,,1,2866835.0,0.08491328441866175
2024-07-19,Healthcare,0.0025631127425138622,,1,1426253.0,0.08769403948247789
2024-07-22,Healthcare,-0.00038448574101379585,,1,1781747.0,0.08727583663371119
2024-07-23,Healthcare,0.01251152790914234,,1,2151293.0,0.10087931860869004
2024-07-24,Healthcare,0.020526016113476597,,1,1914557.0,0.1234759852414451
2024-07-25,Healthcare,0.021547639286093156,,1,3860158.0,0.14768424051801587
2024-07-26,Healthcare,0.023060879095892606,,1,3019874.0,0.17415084802886316
2024-07-29,Healthcare,-0.011898081546987349,,1,1733482.0,0.1601807054905513
2024-07-30,Healthcare,-0.022742732470821814,,1,2338895.0,0.13379502608777027
2024-07-31,Healthcare,0.015223652849982505,,1,3427237.0,0.15105552796796728
2024-08-01,Healthcare,0.022477058125176086,,1,2053121.0,0.17692786997540844
2024-08-02,Healthcare,0.025270806865369755,,1,3243099.0,0.20666978687202797
2024-08-05,Healthcare,0.00806091704508316,,1,3621278.0,0.2163966519248115
2024-08-06,Healthcare,-0.03181764160702649,,1,3683960.0,0.1776937792018809
2024-08-07,Healthcare,0.006142485703178879,,1,2510191.0,0.1849277464033512
2024-08-08,Healthcare,0.009192895630883102,,1,3492056.0,0.19582066350617477
2024-08-09,Healthcare,0.02038714319609558,,1,2118420.0,0.2202000306099252
2024-08-12,Healthcare,0.02324026166442894,,1,5265311.0,0.24855779860424398
2024-08-13,Healthcare,0.014884432442286766,,1,2621949.0,0.26714187280785917
2024-08-14,Healthcare,-0.009169523006021585,,1,3384321.0,0.2555227862532543
2024-08-15,Healthcare,-0.01626944567220301,,1,2196862.0,0.2350961264920941
2024-08-16,Healthcare,0.008847737044528126,,1,2784308.0,0.24602393224401142
2024-08-19,Healthcare,-0.012465866620715027,,1,2851178.0,0.23049116409843862
2024-08-20,Healthcare,0.023971538529618197,,1,1894158.0,0.25998793044897917
2024-08-21,Healthcare,-0.027123149449304496,,1,1893966.0,0.22581308950709156
2024-08-22,Healthcare,0.009376817847042362,,1,2257751.0,0.23730731556191986
2024-08-23,Healthcare,0.0054021125383416635,,1,3305720.0,0.24399138892509886
2024-08-26,Healthcare,-0.0030550537508282627,,1,1360256.0,0.24019092836636524
2024-08-27,Healthcare,-0.014598247976859602,,1,2185809.0,0.22208631365542142
2024-08-28,Healthcare,-0.032863292392624754,,1,3799872.0,0.18192453380073847
2024-08-29,Healthcare,-0.008272063271683061,,1,1653431.0,0.1721475792747842
2024-08-30,Healthcare,-0.007990123714346375,,1,3482797.0,0.1627819751049071
2024-09-02,Healthcare,0.01813203933108576,,1,1755245.0,0.18386558361098682
2024-09-03,Healthcare,-0.012312255005099693,,1,1839118.0,0.1692895286538072
2024-09-04,Healthcare,0.0075430823979223405,,1,2284594.0,0.17810957591547072
2024-09-05,Healthcare,-0.0204975735445434,,1,4347895.0,0.15396118823961258
2024-09-06,Healthcare,0.007984620954929023,,1,1973182.0,0.1631751309244054
2024-09-09,Healthcare,-0.03569022437121694,,1,1536960.0,0.12166114951869367
2024-09-10,Healthcare,0.03393690433633245,,1,1689364.0,0.15972685664769037
2024-09-11,Healthcare,-0.0019993311126907942,,1,3106642.0,0.15740817866097156
2024-09-12,Healthcare,-0.0446374762120918,,1,1763375.0,0.10574439861831197
2024-09-13,Healthcare,-0.011266060959046253,,1,3447354.0,0.09328701481835422
2024-09-16,Healthcare,-0.013803568620639695,,1,2483059.0,0.07819575248725474
2024-09-17,Healthcare,-0.01027088323194314,,1,2383677.0,0.06712172981228104
2024-09-18,Healthcare,-0.00559195031844939,,1,2595569.0,0.061154438115432974
2024-09-19,Healthcare,-0.010380137033311754,,1,1893387.0,0.050139509634287815
2024-09-20,Healthcare,-0.012851475026677384,,1,2527345.0,0.03664366795169549
2024-09-23,Healthcare,-0.018351442103965887,,1,1722279.0,0.01761976169683721
2024-09-24,Healthcare,0.013472863330473484,,1,3641037.0,0.03133001366856769
2024-09-25,Healthcare,0.019568595441729286,,1,1816364.0,0.05151169347296092
2024-09-26,Healthcare,-0.003823269224874415,,1,2694053.0,0.047491481175710115
2024-09-27,Healthcare,-1.5914444038922504e-05,,1,1711894.0,0.0474748109311518
2024-09-30,Healthcare,-0.01783157479170372,,1,2096207.0,0.028796685497607166
2024-10-01,Healthcare,0.0014087247318372853,,1,2096031.0,0.030245976832499855
2024-10-02,Healthcare,0.003962788434558773,,1,5778827.0,0.03432862367424239
2024-10-03,Healthcare,-0.003258037034582384,,1,2347547.0,0.03095874271238297
2024-10-04,Healthcare,0.006632037511739242,,1,1861197.0,0.03779609976710696
2024-10-07,Healthcare,0.005228145929621508,,1,2075442.0,0.043221849221881437
2024-10-08,Healthcare,-0.016671526586017338,,1,1561084.0,0.02582974842746477
2024-10-09,Healthcare,0.019438627351347826,,1,2353306.0,0.045770470633073046
2024-10-10,Healthcare,-0.00306918796158695,,1,4106083.0,0.042560804494022886
2024-10-11,Healthcare,0.027192330027834277,,1,2793262.0,0.07091046196390871
2024-10-14,Healthcare,0.007023248311014418,,1,3126297.0,0.07843173205714438
2024-10-15,Healthcare,0.0319385085705699,,1,1947397.0,0.11287523317422599
2024-10-16,Healthcare,0.019152946283590433,,1,2322964.0,0.13419007273555006
2024-10-17,Healthcare,0.003918210742277939,,1,2511386.0,0.1386340684623275
2024-10-18,Healthcare,-0.011352149132498268,,1,1942305.0,0.12570812470979997
2024-10-21,Healthcare,-0.011006031613546852,,1,2719545.0,0.11331854550161746
2024-10-22,Healthcare,0.008832843176997507,,1,2882794.0,0.12315231362007628
2024-10-23,Healthcare,0.002567389623132188,,1,2769052.0,0.12603588321526127
2024-10-24,Healthcare,-0.009197601059109273,,1,2293025.0,0.11567905438320558
2024-10-25,Healthcare,0.013653969915074393,,1,3371631.0,0.13091250262663245
2024-10-28,Healthcare,0.00089050809365121,,1,2167037.0,0.13191958936343284
2024-10-29,Healthcare,0.013749578623877268,,1,2189673.0,0.14748300675329218
2024-10-30,Healthcare,-0.015407385477838154,,1,3764539.0,0.12980329373897548
2024-10-31,Healthcare,0.016328047817992797,,1,1757180.0,0.1482507759440712
2024-11-01,Healthcare,0.008318011521431634,,1,1435818.0,0.15780193912786689
2024-11-04,Healthcare,0.019511294007997337,,1,1905068.0,0.18039215316522017
2024-11-05,Healthcare,0.015973867245443252,,1,2748236.0,0.1992475807174443
2024-11-06,Healthcare,-0.001097630533790861,,1,3442999.0,0.1979312499552741
2024-11-07,Healthcare,-0.002389921682000584,,1,1928932.0,0.1950682880874599
2024-11-08,Healthcare,0.028919100121760577,,1,4373780.0,0.2296285875630022
2024-11-11,Healthcare,-0.004401668917223378,,1,2385135.0,0.22421616962939694
2024-11-12,Healthcare,0.01229410667162445,,1,2338565.0,0.23926681380794834
2024-11-13,Healthcare,-0.005861036108638196,,1,1841217.0,0.23200342626398296
2024-11-14,Healthcare,-0.029651198632453912,,1,4565837.0,0.19547304795596587
2024-11-15,Healthcare,-0.019454680998216345,,1,2362253.0,0.17221550116601714
2024-11-18,Healthcare,0.006790251864234209,,1,1597672.0,0.18017513965809395
2024-11-19,Healthcare,0.011534008581120414,,1,5049532.0,0.19378728984613547
2024-11-20,Healthcare,0.006843159595792736,,1,2681565.0,0.20195656679398155
2024-11-21,Healthcare,0.018681807136063044,,1,3133524.0,0.22441128756075113
2024-11-22,Healthcare,0.006554667897884281,,1,3942911.0,0.23243689692113279
2024-11-25,Healthcare,-0.012189793884766265,,1,2910234.0,0.21741374517168333
2024-11-26,Healthcare,0.009817359939239712,,1,3220290.0,0.22936553410301164
2024-11-27,Healthcare,0.0029929281748395375,,1,2394595.0,0.23304493684720518
2024-11-28,Healthcare,-0.00898117940964005,,1,2988240.0,0.22197073904923204
2024-11-29,Healthcare,0.007860425009409422,,1,2365615.0,0.23157594840722107
2024-12-02,Healthcare,0.001542892727778522,,1,2331549.0,0.2334761379817254
2024-12-03,Healthcare,-0.009454293090032206,,1,2488950.0,0.22181449305368517
2024-12-04,Healthcare,-0.0025906439018701377,,1,2088979.0,0.218649206788039
2024-12-05,Healthcare,0.022982167712807033,,1,2903639.0,0.24665640724152094
2024-12-06,Healthcare,0.02245704216350841,,1,2897158.0,0.2746526227423516
2024-12-09,Healthcare,0.0032907869121117095,,1,3014629.0,0.27884723291076097
2024-12-10,Healthcare,0.0011877184318365153,,1,2838900.0,0.28036614334079224
2024-12-11,Healthcare,-0.02276019485422065,,1,4545062.0,0.25122476043360886
2024-12-12,Healthcare,0.027896050060158606,,1,3469939.0,0.28612898898717476
2024-12-13,Healthcare,0.016920517138242275,,1,2305546.0,0.30789095658732246
2024-12-16,Healthcare,0.01235063552308402,,1,2773975.0,0.3240442410960702
2024-12-17,Healthcare,-0.03628526707791557,,1,3955536.0,0.2760009421849232
2024-12-18,Healthcare,0.0009250777625540163,,1,1760781.0,0.27718134228153657
2024-12-19,Healthcare,-0.0017753475711608235,,1,4295477.0,0.2749139014875852
2024-12-20,Healthcare,0.011239683701230296,,1,1913146.0,0.2892435304866072
2024-12-23,Healthcare,-0.0069801460085753275,,1,3122971.0,0.28024442240319947
2024-12-24,Healthcare,-0.0034558728327658272,,1,2363804.0,0.27582006048451624
2024-12-25,Healthcare,0.010220865903511234,,1,2370024.0,0.28886004623973816
2024-12-26,Healthcare,-0.012163178090125903,,1,1637128.0,0.27318341196407636
2024-12-27,Healthcare,-0.008956829635256014,,1,3147926.0,0.2617797250486802
2024-12-30,Healthcare,0.0033740647606319563,,1,1602463.0,0.26603705155464685
2024-12-31,Healthcare,0.02177568058398416,,1,1613537.0,0.29360586999678984
2025-01-01,Healthcare,0.013258828646984133,,1,3438016.0,0.3107575685638102
2025-01-02,Healthcare,0.017548209204111487,,1,4204542.0,0.33375901659284035
2025-01-03,Healthcare,0.001284930520478289,,1,1918707.0,0.3354728042602235
2025-01-06,Healthcare,0.024291970078713865,,1,3384660.0,0.36791406966224893
2025-01-07,Healthcare,-0.02771165401785114,,1,3211684.0,0.330006908237618
2025-01-08,Healthcare,0.03276294855566686,,1,2494968.0,0.37358185615088857
2025-01-09,Healthcare,0.034844207728786714,,1,3850278.0,0.4214432276791025
2025-01-10,Healthcare,0.007604879713408952,,1,2273793.0,0.4322531324450418
2025-01-13,Healthcare,0.013641157899704437,,1,2838701.0,0.45179072357707084
2025-01-14,Healthcare,-0.00034313190436752183,,1,1604602.0,0.45129256786134664
2025-01-15,Healthcare,-0.0031000743306416334,,1,1638738.0,0.4467934530254687
2025-01-16,Healthcare,-0.009548615580601716,,1,3410759.0,0.43297857851799715
2025-01-17,Healthcare,-0.0005200867062847836,,1,2759084.0,0.43223330540891913
2025-01-20,Healthcare,0.009200811367541029,,1,2298989.0,0.44541101388629634
2025-01-21,Healthcare,0.007014623374006712,,1,4225582.0,0.45555002776934983
2025-01-22,Healthcare,0.032190309607913026,,1,4523838.0,0.5024046338130517
2025-01-23,Healthcare,0.0018788062074530654,,1,2678747.0,0.5052273609651659
2025-01-24,Healthcare,-0.02365656770801694,,1,1615825.0,0.4696188479845338
2025-01-27,Healthcare,0.026689995832284152,,1,2438844.0,0.5088429689122873
2025-01-28,Healthcare,-0.019352083027222022,,1,1924444.0,0.4796437145028565
2025-01-29,Healthcare,-0.00872138983596804,,1,2461226.0,0.4667391648503372
2025-01-30,Healthcare,0.004634143279285574,,1,1787638.0,0.4735362442935933
2025-01-31,Healthcare,0.006971096101128893,,1,1664971.0,0.48380840706106043
2025-02-03,Healthcare,-0.022959327825121667,,1,1265925.0,0.4497411634136739
2025-02-04,Healthcare,-0.011727608377816057,,1,2541446.0,0.43273916679995894
2025-02-05,Healthcare,-0.02352727454070258,,1,1254267.0,0.3990307190774389
2025-02-06,Healthcare,0.010257826712108953,,1,2186310.0,0.4133817337586525
2025-02-07,Healthcare,0.01928327775763905,,1,3042062.0,0.44063636630829395
2025-02-10,Healthcare,-0.01936628430517784,,1,1989380.0,0.41273659285798914
2025-02-11,Healthcare,0.016266797187789894,,1,1768579.0,0.43571729249377933
2025-02-12,Healthcare,0.015224217938285767,,1,2392369.0,0.4575749654524701
2025-02-13,Healthcare,-0.010323150349810017,,1,1877415.0,0.4425281999379851
2025-02-14,Healthcare,-0.03159066772403929,,1,2702620.0,0.3969577708911878
2025-02-17,Healthcare,-0.016946574534709824,,1,1799877.0,0.3732841219049381
2025-02-18,Healthcare,-0.009297732935364955,,1,2325979.0,0.3605156928950888
2025-02-19,Healthcare,0.025040672382800055,,1,2262535.0,0.394583920632533
2025-02-20,Healthcare,-0.0016335200125193738,,1,2338267.0,0.392305839889042
2025-02-21,Healthcare,-0.01591127722362473,,1,3995438.0,0.3701524756904957
2025-02-24,Healthcare,0.0026432752383320768,,1,2498823.0,0.3737741658022278
2025-02-25,Healthcare,-0.020547514014982116,,1,2883857.0,0.3455465218769862
2025-02-26,Healthcare,0.008532444623293944,,1,1985390.0,0.35702732306296725
2025-02-27,Healthcare,-0.015442640849497757,,1,2612328.0,0.3360712374899504
2025-02-28,Healthcare,-0.013110374112821566,,1,2234716.0,0.3185548437250767
2025-03-03,Healthcare,0.006301289434697432,,1,2400320.0,0.3268634394309107
2025-03-04,Healthcare,0.028392078580420588,,1,3078382.0,0.36453585046872017
2025-03-05,Healthcare,0.03558384326591146,,1,2224066.0,0.4130912803025164
2025-03-06,Healthcare,-0.016442158871654455,,1,2174313.0,0.3898570089716329
2025-03-07,Healthcare,-0.009319405899893995,,1,2074309.0,0.37690436736221367
2025-03-10,Healthcare,0.008551602701877714,,1,2057709.0,0.3886791064703756
2025-03-11,Healthcare,0.019048821729721555,,1,2600027.0,0.41513180720931886
2025-03-12,Healthcare,-0.03450727469515957,,1,2310098.0,0.3662994652080893
2025-03-13,Healthcare,0.001670909254495312,,1,3677985.0,0.3685824276289176
2025-03-14,Healthcare,-0.00756043408517415,,1,5334285.0,0.35823535039470156
2025-03-17,Healthcare,-0.03064969904013093,,1,2150197.0,0.31660584567943717
2025-03-18,Healthcare,-0.021219523350899272,,1,2712561.0,0.2886680971931119
2025-03-19,Healthcare,-0.008856105247397772,,1,3272656.0,0.27725551689540584
2025-03-20,Healthcare,0.0012125911019562619,,1,2163840.0,0.2788043055701177
2025-03-21,Healthcare,0.016466742859618355,,1,1818259.0,0.2998620472377136
2025-03-24,Healthcare,0.005961526557321406,,1,4003450.0,0.3076112093531753
2025-03-25,Healthcare,0.015493546314086615,,1,3001938.0,0.3278707441861075
2025-03-26,Healthcare,0.0006969243620762455,,1,2574547.0,0.3287961696574191
2025-03-27,Healthcare,-0.011060320444568283,,1,3727647.0,0.3140992582154931
2025-03-28,Healthcare,-0.002685197076969348,,1,2965576.0,0.31057064272848534
2025-03-31,Healthcare,0.011443791287832017,,1,2380600.0,0.32556853963182997
2025-04-01,Healthcare,0.016859780668064595,,1,1830026.0,0.3479173344705093
2025-04-02,Healthcare,-0.00210871565483306,,1,2026448.0,0.34507496008589045
2025-04-03,Healthcare,-0.014662507907762357,,1,3498984.0,0.32535278784709787
2025-04-04,Healthcare,0.005661196765987642,,1,2913761.0,0.3328558707634506
2025-04-07,Healthcare,0.007948188723625016,,1,2260402.0,0.3434496607656701
2025-04-08,Healthcare,0.020076111746510916,,1,4205660.0,0.37042090628101376
2025-04-09,Healthcare,-0.010639583375172457,,1,2298442.0,0.3558401987895574
2025-04-10,Healthcare,-0.010463376323343043,,1,3238599.0,0.34165353255530606
2025-04-11,Healthcare,0.012418264149209879,,1,2587177.0,0.35831454051929845
2025-04-14,Healthcare,-0.006279579830804738,,1,4248336.0,0.34978489592676465
2025-04-15,Healthcare,-0.0069585069327013915,,1,2987845.0,0.34039240837080253
2025-04-16,Healthcare,0.02042032335164068,,1,2512513.0,0.3677636547678187
2025-04-17,Healthcare,-0.021763265001698895,,1,2357459.0,0.3379966518894144
2025-04-18,Healthcare,0.033308716434430785,,1,2556424.0,0.38256360295741665
2025-04-21,Healthcare,-0.009576978056612284,,1,1932249.0,0.3693228216700226
2025-04-22,Healthcare,0.014194989933588698,,1,1615541.0,0.3887603453394619
2025-04-23,Healthcare,-0.0014808172470602843,,1,2572894.0,0.3867038450680498
2025-04-24,Healthcare,0.004628023278292703,,1,2017201.0,0.3931215427431227
2025-04-25,Healthcare,-0.003955239117187648,,1,2011582.0,0.3876114139222684
2025-04-28,Healthcare,0.014031860964433207,,1,2369217.0,0.40708218435508625
2025-04-29,Healthcare,-0.005313674231810173,,1,2409599.0,0.3996054080100395
2025-04-30,Healthcare,-0.008939214559143704,,1,2402849.0,0.38709403496969985
2025-05-01,Healthcare,0.029406166353012964,,1,4280238.0,0.4278831529092908
2025-05-02,Healthcare,0.0007396416949427831,,1,2854533.0,0.42893927482468897
2025-05-05,Healthcare,-0.010590294592743743,,1,4533976.0,0.41380638694915395
2025-05-06,Healthcare,-0.02367999683886901,,1,2192212.0,0.38032745617542507
2025-05-07,Healthcare,0.030245552434910117,,1,3221824.0,0.42207622262852507
2025-05-08,Healthcare,-0.008601425570828214,,1,2134924.0,0.4098443398435412
2025-05-09,Healthcare,0.03339926710566288,,1,2170871.0,0.45693210752738267
2025-05-12,Healthcare,0.006676699399892794,,1,4533404.0,0.4666596052553953
2025-05-13,Healthcare,0.002563518854822755,,1,1868609.0,0.4704194148070744
2025-05-14,Healthcare,0.0029967180822469963,,1,1206119.0,0.4748258472559137
2025-05-15,Healthcare,0.03587571147338586,,1,2091357.0,0.5277362738255587
2025-05-16,Healthcare,-0.03495937542630434,,1,1412295.0,0.47432756787650776
2025-05-19,Healthcare,0.003711753869477752,,1,1774741.0,0.4797999089314511
2025-05-20,Healthcare,-0.003994079737647982,,1,1826295.0,0.47388947009941473
2025-05-21,Healthcare,-0.0031567180780949222,,1,2382113.0,0.46923681656403815
2025-05-22,Healthcare,0.0026667890309404196,,1,1272607.0,0.473154961190305
2025-05-23,Healthcare,-0.004010960946800868,,1,3382871.0,0.46724619417238467
2025-05-26,Healthcare,0.0032905704285772774,,1,1343221.0,0.4720742711103709
2025-05-27,Healthcare,-0.00011137763848756421,,1,2247878.0,0.4719103149543764
2025-05-28,Healthcare,-0.02084013952901642,,1,2251002.0,0.4412354986165288
2025-05-29,Healthcare,0.006395678851276676,,1,3048313.0,0.4504531780147396
2025-05-30,Healthcare,0.011773802999032412,,1,2686268.0,0.4675305279920057
2025-06-02,Healthcare,-0.00844298863221804,,1,3417993.0,0.4551401844267362
2025-06-03,Healthcare,0.030282801246164004,,1,2285301.0,0.49920590541703747
2025-06-04,Healthcare,0.021728856058415014,,1,2163449.0,0.5317819347377701
2025-06-05,Healthcare,0.013828999633838768,,1,2752377.0,0.5529649465523796
2025-06-06,Healthcare,0.013634057093381502,,1,3309597.0,0.5741381592976949
2025-06-09,Healthcare,0.000751119102316844,,1,2997413.0,0.5753205245388293
2025-06-10,Healthcare,0.018608252729981123,,1,2715143.0,0.6046344869901743
2025-06-11,Healthcare,0.025508020799188014,,1,2695312.0,0.645565536859414
2025-06-12,Healthcare,0.013251666280075902,,1,2401459.0,0.6673720221958688
2025-06-13,Healthcare,-0.00889642059513629,,1,2710942.0,0.6525383793978514
2025-06-16,Healthcare,-0.0003701532020083942,,1,4304101.0,0.6519266870252756
2025-06-17,Healthcare,0.009485820957157554,,1,2232821.0,0.6675965678127478
2025-06-18,Healthcare,0.013729252704363093,,1,2179277.0,0.6904914225011776
2025-06-19,Healthcare,-0.0009774953403540732,,1,2051537.0,0.6888389750127741
2025-06-20,Healthcare,-0.008840583952642644,,1,2693835.0,0.6739086522716788
2025-06-23,Healthcare,0.02572418766224005,,1,1330818.0,0.7169685925721629
2025-06-24,Healthcare,-0.01696366710580499,,1,2356312.0,0.6878425089366462
2025-06-25,Healthcare,-0.014858815322723928,,1,3176511.0,0.6627631688025135
2025-06-26,Healthcare,-0.021058190584363312,,1,2119898.0,0.6277483850972103
2025-06-27,Healthcare,-0.014894473568251132,,1,2579778.0,0.6035039297996165
2025-06-30,Healthcare,0.020311134283435894,,1,4664253.0,0.6360729134417937
2025-07-01,Healthcare,0.020849252620830594,,1,2740465.0,0.67018381092024
2025-07-02,Healthcare,-0.0009223515088646606,,1,1195988.0,0.6686433143621564
2025-07-03,Healthcare,0.008242789515656268,,1,1567434.0,0.6823975899791508
2025-07-04,Healthcare,9.869116897687213e-05,,1,2166197.0,0.6825636277639897
2025-07-07,Healthcare,-0.018886442958655048,,1,1938554.0,0.6507859857839173
2025-07-08,Healthcare,0.03591035743970239,,1,2667940.0,0.7100663005898693
2025-07-09,Healthcare,0.022358252051433825,,1,2280800.0,0.7483003939631205
2025-07-10,Healthcare,0.005962672123724255,,1,3372079.0,0.7587249359861006
2025-07-11,Healthcare,-0.013485846413400226,,1,1751091.0,0.7350070416159749
2025-07-14,Healthcare,-0.0033469915468865574,,1,2216034.0,0.7291999877138975
2025-07-15,Healthcare,-0.010859129609525175,,1,2573363.0,0.7104223809265229
2025-07-16,Healthcare,0.0018355434315231456,,1,2600776.0,0.7135619354929628
2025-07-17,Healthcare,0.005247660061625803,,1,2478466.0,0.7225541260249715
2025-07-18,Healthcare,-0.005214072163448047,,1,1150408.0,0.7135726045064321
2025-07-21,Healthcare,-0.023103538434387505,,1,2559930.0,0.6739830139781042
2025-07-22,Healthcare,0.03452764765484617,,1,2462837.0,0.7317817096649377
2025-07-23,Healthcare,0.0040843183974599295,,1,3062983.0,0.7388548575621068
2025-07-24,Healthcare,0.007604488442658708,,1,2966629.0,0.7520779592298987
2025-07-25,Healthcare,-0.006520226920144645,,1,2558966.0,0.7406540133539359
2025-07-28,Healthcare,-0.02483254167199067,,1,2756000.0,0.6974291500308065
2025-07-29,Healthcare,-0.0010710704896730316,,1,3514513.0,0.6956110837598977
2025-07-30,Healthcare,-0.004926380208595926,,1,3345907.0,0.687257858875387
2025-07-31,Healthcare,0.011669031666271756,,1,2624751.0,0.7069465242597699
2025-08-01,Healthcare,0.014827293639615213,,1,4641903.0,0.7322559216020901
2025-08-04,Healthcare,0.01256078506906011,,1,2006734.0,0.7540144159179405
2025-08-05,Healthcare,0.016148085214394925,,1,1715410.0,0.7823383901734606
2025-08-06,Healthcare,0.029250681950159008,,1,2531570.0,0.834473003551983
2025-08-07,Healthcare,0.006532035998588537,,1,2128126.0,0.8464558472496233
2025-08-08,Healthcare,0.017930841385142005,,1,1174416.0,0.8795643541713243
2025-08-11,Healthcare,0.008203358936931027,,1,1967130.0,0.8949830952136526
2025-08-12,Healthcare,-0.030264270086711065,,1,2823447.0,0.8376328150103549
2025-08-13,Healthcare,-0.0022155040912067436,,1,2309877.0,0.8335615319905636
2025-08-14,Healthcare,-0.013675808020936708,,1,1925619.0,0.808486096484486
2025-08-15,Healthcare,0.003986403001960737,,1,2393038.0,0.8156954508885159
2025-08-18,Healthcare,-0.012443290394027917,,1,2513182.0,0.7931022251259947
2025-08-19,Healthcare,0.010000204951851055,,1,2980407.0,0.8110336148768749
2025-08-20,Healthcare,0.01603167721069143,,1,2018797.0,0.8400675212082926
2025-08-21,Healthcare,0.019607714426556955,,1,3213283.0,0.8761470396897273
2025-08-22,Healthcare,0.026287481292622372,,1,1816102.0,0.9254662198977799
2025-08-25,Healthcare,-0.026664621525674614,,1,2168250.0,0.8741243918837343
2025-08-26,Healthcare,-0.018999299240250678,,1,4108708.0,0.8385173417488823
2025-08-27,Healthcare,0.04731469214199424,,1,1961181.0,0.9255062237714482
2025-08-28,Healthcare,0.016489574720488065,,1,2010999.0,0.9572570025230922
2025-08-29,Healthcare,0.0038741549231657846,,1,1621903.0,0.9648397193753178
2025-09-01,Healthcare,0.0007823020169448469,,1,1826026.0,0.9663768174507583
2025-09-02,Healthcare,-0.0006461986963708366,,1,2438599.0,0.9651061473147478
2025-09-03,Healthcare,-0.03080597629160242,,1,3152936.0,0.9045691339300874
2025-09-04,Healthcare,-0.012143103631757746,,1,2406487.0,0.8814417535629273
2025-09-05,Healthcare,-0.0015297946216128455,,1,2127930.0,0.8785635340874489
2025-09-08,Healthcare,-0.011235696884572599,,1,1662458.0,0.8574565636400309
2025-09-09,Healthcare,-0.00913508851884115,,1,1928756.0,0.8404885335112766
2025-09-10,Healthcare,0.04138386746238365,,1,1650694.0,0.9166550670481441
2025-09-11,Healthcare,-0.003776335044373025,,1,2945302.0,0.9094171353504752
2025-09-12,Healthcare,0.004736613459082051,,1,3015935.0,0.9184613062527782
2025-09-15,Healthcare,0.004164816906209845,,1,2335581.0,0.9264513463349693
2025-09-16,Healthcare,0.009739542636643117,,1,2743442.0,0.9452141013600173
2025-09-17,Healthcare,-0.007401989887425686,,1,3104370.0,0.9308156462528725
2025-09-18,Healthcare,0.020305291110333634,,1,2553521.0,0.970021420030424
2025-09-19,Healthcare,0.007395111856730363,,1,3625543.0,0.9845899487917038
2025-09-22,Healthcare,-0.020416016221405875,,1,1822639.0,0.9440725282043334
2025-09-23,Healthcare,-0.0014599971811657397,,1,2112236.0,0.9412341877931734
2025-09-24,Healthcare,-0.002498769877608553,,1,2044439.0,0.9363834902793318
2025-09-25,Healthcare,-0.003238221417755094,,1,2862849.0,0.930113051788122
2025-09-26,Healthcare,0.008451404429978382,,1,1557020.0,0.9464252177843633
2025-09-29,Healthcare,0.010466919185524004,,1,3718381.0,0.9667982932395782
2025-09-30,Healthcare,0.008569612855014563,,1,2834581.0,0.9836529931765448
2025-10-01,Healthcare,0.005713536846091216,,1,4015098.0,0.994986667642918
2025-10-02,Healthcare,0.0016436061544629066,,1,2318048.0,0.9982656400079273
2025-10-03,Healthcare,-0.03430035861971559,,1,2183275.0,0.9297244119382
2025-10-06,Healthcare,0.012767483629908982,,1,2952632.0,0.9543621367778568
2025-10-07,Healthcare,0.008114875066578708,,1,3258284.0,0.9702215413526609
2025-10-08,Healthcare,-0.015556686375706619,,1,1972428.0,0.9395714227431762
2025-10-09,Healthcare,0.00477617979569378,,1,1300730.0,0.9488351645847872
2025-10-10,Healthcare,0.010679244205737515,,1,1393242.0,0.9696472512241168
2025-10-13,Healthcare,0.01908831490052698,,1,2670001.0,1.0072444981984403
2025-10-14,Healthcare,0.008467548053519458,,1,3800453.0,1.024240937442098
2025-10-15,Healthcare,0.005435324561897215,,1,1606248.0,1.0352433439285749
2025-10-16,Healthcare,0.015481219431429105,,1,2251655.0,1.0667513927322885
2025-10-17,Healthcare,-0.0046583165319463715,,1,2132556.0,1.0571238105521004
2025-10-20,Healthcare,0.006887989192283728,,1,4240118.0,1.071293257126373
2025-10-21,Healthcare,-0.009713207926962508,,1,4731820.0,1.051174355042189
2025-10-22,Healthcare,0.018108900685871454,,1,2796074.0,1.0883188677270543
2025-10-23,Healthcare,-0.025599035238645707,,1,3291585.0,1.0348599194425807
2025-10-24,Healthcare,0.01339167848681111,,1,3153228.0,1.062110109249454
2025-10-27,Healthcare,0.0005520558856235702,,1,1592868.0,1.0632485092720692
2025-10-28,Healthcare,0.01578034497024272,,1,3015572.0,1.0958072825077214
2025-10-29,Healthcare,-0.012275115130729986,,1,1782932.0,1.0700810068231168
2025-10-30,Healthcare,0.001713440166216662,,1,2229204.0,1.0736279667675297
2025-10-31,Healthcare,0.0012417575446559415,,1,3298994.0,1.076202909940073
2025-11-03,Healthcare,0.007239585430698581,,1,2444264.0,1.0912337582780491
2025-11-04,Healthcare,-0.016565833412753417,,1,3411762.0,1.0565907282112885
2025-11-05,Healthcare,0.010490860442367467,,1,3556385.0,1.0781661345280202
2025-11-06,Healthcare,-0.02939427139616091,,1,1499913.0,1.0170799551633931
2025-11-07,Healthcare,-0.01046409626251188,,1,1253047.0,0.9959730363433803
2025-11-10,Healthcare,-0.024844093578906046,,1,3555484.0,0.946384895447492
2025-11-11,Healthcare,0.013576186918710098,,1,3485534.0,0.9728093806038411
2025-11-12,Healthcare,0.006697210351947591,,1,2572424.0,0.9860217000100404
2025-11-13,Healthcare,0.007595596582055775,,1,2686324.0,1.001106719646525
2025-11-14,Healthcare,0.02394024067482947,,1,3271508.0,1.0490136961308814
2025-11-17,Healthcare,-0.004809392079361707,,1,3079064.0,1.039159185890206
2025-11-18,Healthcare,0.010062951231536221,,1,2195621.0,1.0596791453311583
2025-11-19,Healthcare,0.001328405987725656,,1,3122739.0,1.0624152354406098
2025-11-20,Healthcare,-0.0011182174581275683,,1,2111471.0,1.0601090067184318
2025-11-21,Healthcare,0.021263722787075556,,1,2672147.0,1.10391459354845
2025-11-24,Healthcare,0.03372130890127023,,1,2730139.0,1.1748613474593879
2025-11-25,Healthcare,-0.006665768734522737,,1,1840332.0,1.1603642246875712
2025-11-26,Healthcare,0.013664569764645584,,1,1944991.0,1.1898846723528589
2025-11-27,Healthcare,0.005395394678509247,,1,4637926.0,1.2016999644606203
2025-11-28,Healthcare,0.00558815109989208,,1,1816729.0,1.2140033965386534
2025-12-01,Healthcare,0.004239400492557888,,1,2642179.0,1.2233894436284642
2025-12-02,Healthcare,-0.005084756462881979,,1,2820902.0,1.2120840497854708
2025-12-03,Healthcare,-0.05733973455357755,,1,2692422.0,1.0852437375605692
2025-12-04,Healthcare,0.02493041425386444,,1,3069613.0,1.1372297277582306
2025-12-05,Healthcare,-0.010896201485527057,,1,2661364.0,1.113942042023719
2025-12-08,Healthcare,-0.0036141035982594216,,1,1817908.0,1.1063020364831293
2025-12-09,Healthcare,-0.0032724074283007054,,1,2769848.0,1.099409358052697
2025-12-10,Healthcare,-0.012327484525143761,,1,2056244.0,1.0735289216793604
2025-12-11,Healthcare,0.004127920074272984,,1,3984798.0,1.0820882833397465
2025-12-12,Healthcare,-0.00044456891671196264,,1,2659261.0,1.0811626516071233
2025-12-15,Healthcare,-0.011246561221983753,,1,1956417.0,1.057756728432918
2025-12-16,Healthcare,0.002666630983972018,,1,2608128.0,1.0632440062824342
2025-12-17,Healthcare,-0.00026353916165555713,,1,1770588.0,1.0627002606867277
2025-12-18,Healthcare,0.015176972156984991,,1,2637513.0,1.094005805111376
2025-12-19,Healthcare,-0.021271185463395126,,1,2321303.0,1.049463819269426
2025-12-22,Healthcare,-0.012674349829905451,,1,1891243.0,1.0234881978602712
2025-12-23,Healthcare,0.011922331765783056,,1,1880030.0,1.047612895479308
2025-12-24,Healthcare,-0.010012570259568698,,1,4993084.0,1.0271110274989224
2025-12-25,Healthcare,-0.014249324482220493,,1,2502412.0,0.9982260647066028
2025-12-26,Healthcare,-0.0092179236645904,,1,2107989.0,0.9798065693775424
2025-12-29,Healthcare,-0.0013551421035941091,,1,1955331.0,0.9771236501384066
2025-12-30,Healthcare,-0.0012940832468389951,,1,2699867.0,0.9745650875458334
2025-12-31,Healthcare,-0.003106342432821263,,1,1945862.0,0.9684314122280224
2026-01-01,Healthcare,-0.016260572888640135,,1,1763361.0,0.9364235897731998
2026-01-02,Healthcare,0.01269141755088743,,1,2400365.0,0.9609995501063999
2026-01-05,Healthcare,0.021578578589281472,,1,2456442.0,1.0033151330119163
2026-01-06,Healthcare,-0.030431280303647723,,1,2248428.0,0.9423516886626915
2026-01-07,Healthcare,-0.024696428835574324,,1,1919497.0,0.8943825384099757
2026-01-08,Healthcare,0.016382446474518586,,1,2178560.0,0.9254171589477398
2026-01-09,Healthcare,0.025492622289594813,,1,2183177.0,0.9745010913306993
2026-01-12,Healthcare,-0.033946389112249786,,1,2143520.0,0.9074739089818256
2026-01-13,Healthcare,0.013370777912162568,,1,2638622.0,0.9329783189920662
2026-01-14,Healthcare,0.02658666004728527,,1,4916443.0,0.9843697564378813
2026-01-15,Healthcare,-0.013590654262438218,,1,3623608.0,0.9574008731492953
2026-01-16,Healthcare,0.02565124767507654,,1,4502759.0,1.0076106477458588
2026-01-19,Healthcare,-0.0025927088921006147,,1,1984602.0,1.0024054977675725
2026-01-20,Healthcare,0.005323408203111946,,1,3920537.0,1.0130651196203448
2026-01-21,Healthcare,-0.011289904838778342,,1,2584338.0,0.9903378059855672
2026-01-22,Healthcare,0.016353065043950288,,1,3292940.0,1.0228859295862827
2026-01-23,Healthcare,0.013676340761549,,1,2788486.0,1.0505516068810477
2026-01-26,Healthcare,0.02798192694658197,,1,2283263.0,1.1079299921449892
2026-01-27,Healthcare,0.023416678520706835,,1,3100984.0,1.1572907111152047
2026-01-28,Healthcare,0.00012045723114417761,,1,2701530.0,1.1575505723810386
2026-01-29,Healthcare,0.050216174527201396,,1,1580668.0,1.2658945084749882
2026-01-30,Healthcare,0.02197344147444369,,1,2397866.0,1.3156840088442268
2026-02-02,Healthcare,0.008953067776990453,,1,3114922.0,1.3364164847255022
2026-02-03,Healthcare,-0.015755832030158734,,1,2657508.0,1.2996042990396734
2026-02-04,Healthcare,-0.024318679454590097,,1,2884169.0,1.2436809592189304
2026-02-05,Healthcare,-0.022952732093938333,,1,1992005.0,1.1921823512577077
2026-02-06,Healthcare,-0.014735625683785836,,1,2632934.0,1.1598791726989726
2026-02-09,Healthcare,0.02239943205292705,,1,2420834.0,1.2082592394703755
2026-02-10,Healthcare,0.008094544800156145,,1,2250012.0,1.2261340928146272
2026-02-11,Healthcare,-0.00958883332225513,,1,1959250.0,1.2047880640456379
2026-02-12,Healthcare,-0.001915795911768936,,1,3089989.0,1.2005641400862221
2026-02-13,Healthcare,-0.003874249559842835,,1,2620000.0,1.192038605435087
2026-02-16,Healthcare,0.013123542261079812,,1,2611586.0,1.220805916711433
2026-02-17,Healthcare,-0.01385395359189412,,1,4499359.0,1.1900389746047089
2026-02-18,Healthcare,0.005886617011364725,,1,2739084.0,1.2029308952881688
2026-02-19,Healthcare,0.005089582431658801,,1,3398317.0,1.214142893670986
2026-02-20,Healthcare,-0.0133730109694149,,1,2635816.0,1.1845331364660718
2026-02-23,Healthcare,0.025785234647346167,,1,2262654.0,1.2408618359847527
2026-02-24,Healthcare,-0.004482058139877121,,1,1722184.0,1.2308181629524375
2026-02-25,Healthcare,-0.01568505955487909,,1,2628404.0,1.1958276472104226
2026-02-26,Healthcare,0.013972458956827527,,1,1094167.0,1.2265087588873373
2026-02-27,Healthcare,0.0011431817683396073,,1,2542485.0,1.229054063107546
2026-03-02,Healthcare,0.006830543841561676,,1,2619234.0,1.2442797146108133
2026-03-03,Healthcare,-0.01876918670231098,,1,2310553.0,1.2021564096350739
2026-03-04,Healthcare,0.01332224537613702,,1,2361877.0,1.2314940776808654
2026-03-05,Healthcare,0.03517634513582024,,1,1773493.0,1.3099898835259065
2026-03-06,Healthcare,-0.020025045938972474,,1,3750912.0,1.2637322299897384
2026-03-09,Healthcare,0.005959287992843398,,1,2147969.0,1.2772224622869288
2026-03-10,Healthcare,-0.01235168936565667,,1,1808929.0,1.2490949178162647
2026-03-11,Healthcare,0.04348689828056429,,1,3108069.0,1.3469010797306749
2026-03-12,Healthcare,0.020187203375135132,,1,2559990.0,1.3942784491285223
2026-03-13,Healthcare,0.004800686132307552,,1,2127137.0,1.4057726284761363
2026-03-16,Healthcare,-0.019463171530617607,,1,2150104.0,1.3589486631444405
2026-03-17,Healthcare,-0.015577492548451533,,1,2439907.0,1.3222021579221281
2026-03-18,Healthcare,0.012259410493417278,,1,3624951.0,1.3506709874247949
2026-03-19,Healthcare,-0.02162646263186463,,1,2862523.0,1.2998342891554442
2026-03-20,Healthcare,-0.021122242375497757,,1,2457379.0,1.2512566318764224
2026-03-23,Healthcare,0.0004093997526037896,,1,3019030.0,1.2521782957845602
2026-03-24,Healthcare,0.0024113685807021223,,1,2371317.0,1.2576091277651544
2026-03-25,Healthcare,0.0063742326079963,,1,2684208.0,1.2719996534834652
2026-03-26,Healthcare,-0.006795263325443668,,1,2493026.0,1.2565608175627285
2026-03-27,Healthcare,0.015053368636440467,,1,2912705.0,1.2905296594000477
2026-03-30,Healthcare,-0.013581052156977913,,1,2126909.0,1.2594218566286308
2026-03-31,Healthcare,0.010337067850988868,,1,1710379.0,1.282777653664608
2026-04-01,Healthcare,0.003708205167455736,,1,3099050.0,1.2912426615560797
2026-04-02,Healthcare,0.009919348645994308,,1,3776435.0,1.3139702963486304
2026-04-03,Healthcare,0.019261073020577335,,1,1779957.0,1.3585398471940482
2026-04-06,Healthcare,-0.007049267525156777,,1,2516056.0,1.3419138688424348
2026-04-07,Healthcare,-0.010355396781611792,,1,2104147.0,1.3176624215022117
2026-04-08,Healthcare,-0.026863390378602747,,1,3288722.0,1.25540215110758
2026-04-09,Healthcare,-0.032175951620009746,,1,2756937.0,1.1828324406098765
2026-04-10,Healthcare,-0.0025602474419341714,,1,6384487.0,1.1772438494376343
2026-04-13,Healthcare,-0.0014603005911425493,,1,2142384.0,1.1740644189572391
2026-04-14,Healthcare,-0.017184831990849414,,1,3893994.0,1.136703487180175
2026-04-15,Healthcare,-0.013730253055913466,,1,3969866.0,1.1073660075957386
2026-04-16,Healthcare,0.02474794270607661,,1,2943720.0,1.159518980812451
2026-04-17,Healthcare,0.01434140109492521,,1,2462624.0,1.1904895086883864
2026-04-20,Healthcare,-0.020005331546225524,,1,2546483.0,1.1466680398185467
2026-04-21,Healthcare,-0.0068406222834045405,,1,2390144.0,1.1319834945902918
2026-04-22,Healthcare,0.006791566421530559,,1,3347246.0,1.1464630021034088
2026-04-23,Healthcare,-0.009798981775327786,,1,1849953.0,1.125429850264382
2026-04-24,Healthcare,-0.012727474014037399,,1,2309785.0,1.0983784970764825
2026-04-27,Healthcare,-0.005167797965129561,,1,2178653.0,1.0875345009492192
2026-04-28,Healthcare,0.017793371717343298,,1,1465393.0,1.1246787782973873
2026-04-29,Healthcare,0.01925148382578712,,1,3195683.0,1.1655819974327724
2026-04-30,Healthcare,-0.01155044039873232,,1,3323167.0,1.1405685716428575
2026-05-01,Healthcare,0.00766810732077583,,1,1974778.0,1.1569826811776949
2026-05-04,Healthcare,0.00016445896578876074,,1,3182003.0,1.1573374163186658
2026-05-05,Healthcare,-0.01593389467358719,,1,1521315.0,1.1229626291516555
2026-05-06,Healthcare,-0.00450621484765068,,1,2383553.0,1.1133961034311648
2026-05-07,Healthcare,-0.020047549969054224,,1,2383342.0,1.0710276894432242
2026-05-08,Healthcare,0.01895668002301143,,1,2533532.0,1.1102874986707962
2026-05-11,Healthcare,0.025214237316015575,,1,2574512.0,1.1634967884673024
2026-05-12,Healthcare,-0.00633002877639377,,1,2324901.0,1.149801791538669
2026-05-13,Healthcare,-0.010162596821601921,,1,2141868.0,1.1279542226849038
2026-05-14,Healthcare,0.0172138182426389,,1,2376713.0,1.1645844399028578
2026-05-15,Healthcare,0.01980984529194818,,1,3723541.0,1.2074645227786918
2026-05-18,Healthcare,-0.01764004044557288,,1,2066651.0,1.1685247593147086
2026-05-19,Healthcare,-0.002111447140830225,,1,4622309.0,1.163946033911834
2026-05-20,Healthcare,-0.0006795940469119799,,1,1933758.0,1.1624754290693486
2026-05-21,Healthcare,-0.012118151116573772,,1,2600503.0,1.1362702250340084
2026-05-22,Healthcare,0.006469848052983895,,1,2825156.0,1.1500915687900921
2026-05-25,Healthcare,-0.010979965373271061,,1,2209708.0,1.126483637815415
2026-05-26,Healthcare,-0.008413986055194278,,1,3624135.0,1.1085914341402372
2026-05-27,Healthcare,-0.001360991448260851,,1,2761064.0,1.1057216592304964
2026-05-28,Healthcare,-0.023660323380033654,,1,2351568.0,1.055899603824762
2026-05-29,Healthcare,-0.03277775632905344,,1,3869601.0,0.9885118275735962
2026-06-01,Healthcare,0.01502325235643509,,1,1799329.0,1.0183857425729905
2026-06-02,Healthcare,-0.011628797436043947,,1,2039337.0,0.99491434362481
2026-06-03,Healthcare,0.03457272289781588,,1,3050891.0,1.0638839644318288
2026-06-04,Healthcare,0.031953047760116426,,1,3254233.0,1.1298313473186572
2026-06-05,Healthcare,-0.007871139492968582,,1,2632946.0,1.1130671476874148
2026-06-08,Healthcare,0.03785384431032779,,1,2502734.0,1.1930548625132427
2026-06-09,Healthcare,0.015333419733845943,,1,2264872.0,1.22668189321951
2026-06-10,Healthcare,-0.010102088667525821,,1,3377901.0,1.2041877552998321
2026-06-11,Healthcare,-0.04122021666849818,,1,2819863.0,1.1133306584483225
2026-06-12,Healthcare,0.011325487584944005,,1,1858404.0,1.1372651585834603
2026-06-15,Healthcare,0.0007703846416984295,,1,1770595.0,1.1389116748368702
2026-06-16,Healthcare,0.007199059704810606,,1,3756109.0,1.1543098276873374
2026-06-17,Healthcare,-0.0034096897472144505,,1,1901278.0,1.1469642995555485
2026-06-18,Healthcare,-0.018113202056215694,,1,2671692.0,1.108075901390217
2026-06-19,Healthcare,-0.0065944221869662645,,1,3570980.0,1.0941743588942807
2026-06-22,Healthcare,0.011622478111625867,,1,2843067.0,1.1185138545424578
2026-06-23,Healthcare,-0.005426985016153352,,1,1890488.0,1.1070167115973426
2026-06-24,Healthcare,-0.005524082076771797,,1,1750158.0,1.0953773783453489
2026-06-25,Healthcare,-0.02414761413691313,,1,4388044.0,1.0447790139418487
2026-06-26,Healthcare,0.0017329946381783312,,1,1717404.0,1.0483226050092695
2026-06-29,Healthcare,-0.017600197877607915,,1,2082254.0,1.0122717218439292
2026-06-30,Healthcare,0.015027331212026596,,1,2728698.0,1.042510795496673
2026-07-01,Healthcare,-0.0115288127849843,,1,2262151.0,1.0189630709240824
2026-07-02,Healthcare,-0.004484193458795804,,1,2810837.0,1.0099096499278946
2026-07-03,Healthcare,0.03504064525988215,,1,1661302.0,1.0803381809754318
2026-07-06,Healthcare,-0.004658866133660178,,1,2222734.0,1.0706461638775253
2026-07-07,Healthcare,-0.006812128085514124,,1,2919800.0,1.0565406569894131
2026-07-08,Healthcare,0.0096778774609374,,1,2947390.0,1.0764436054611926
2026-07-09,Healthcare,-0.02841996764903698,,1,2134135.0,1.0174311453689358
2026-07-10,Healthcare,0.02036680461054874,,1,1823525.0,1.0585197713219006
2026-07-13,Healthcare,0.016239159878201903,,1,2610808.0,1.0919484030008366
2026-07-14,Healthcare,0.008694929929070616,,1,1616057.0,1.11013774778016
2026-07-15,Healthcare,-0.053999251589296415,,1,3988439.0,0.9961918886497079
2026-07-16,Healthcare,-0.0039010092737365998,,1,2476474.0,0.9884047255799275
2026-07-17,Healthcare,-0.020186258601104567,,1,2009187.0,0.9482662735857128
2026-07-20,Healthcare,0.018330815463781347,,1,1795280.0,0.9839795831211215
2026-07-21,Healthcare,0.017181144237823354,,1,2030577.0,1.0180666225036221
2026-07-22,Healthcare,0.006502439227493939,,1,1489913.0,1.031188978073486
2026-07-23,Healthcare,-0.019065361702376715,,1,2863464.0,0.992463625520634
2026-07-24,Healthcare,0.024279374945941123,,1,1968814.0,1.040839396950799
2026-07-27,Healthcare,-0.003946797070265573,,1,2663525.0,1.032784617998031
2026-07-28,Healthcare,0.02927808384549091,,1,2984495.0,1.0923006564836015
2026-07-29,Healthcare,0.004532007214002931,,1,3162243.0,1.1017829781526483
2026-07-30,Healthcare,0.008411412051863909,,1,2581714.0,1.119461940825484
2026-07-31,Healthcare,-0.0071291634652647096,,1,3342471.0,1.104351950190932
2026-08-03,Healthcare,0.022875926274593006,,1,3781749.0,1.152490950259296
2026-08-04,Healthcare,0.010044442948481835,,1,2599010.0,1.174111522806299
2026-08-05,Healthcare,0.023453385422866013,,1,2749808.0,1.2251017983029695
2026-08-06,Healthcare,0.003120407749954035,,1,1993822.0,1.2320450231988307
2026-08-07,Healthcare,-0.0004883767380283732,,1,1738729.0,1.2309549443312684
2026-08-10,Healthcare,0.00983066481240269,,1,3531299.0,1.2528867146005616
2026-08-11,Healthcare,0.023447742239620206,,1,2997206.0,1.3057118215795804
2026-08-12,Healthcare,0.016605441994336223,,1,3012113.0,1.3439991854884754
2026-08-13,Healthcare,0.0024886147051355056,,1,1970334.0,1.3498324963303077
2026-08-14,Healthcare,-0.02957624339345344,,1,4137804.0,1.2803332784849961
2026-08-17,Healthcare,0.013289621797953233,,1,2267070.0,1.3106380453293487
2026-08-18,Healthcare,-0.022851126546111544,,1,1961543.0,1.2578373629532678
2026-08-19,Healthcare,0.0008299989014752818,,1,1970648.0,1.259711365484229
2026-08-20,Healthcare,-0.0015927626779986825,,1,3758810.0,1.2561121815582363
2026-08-21,Healthcare,-0.022514699907767888,,1,1786082.0,1.205316492832193
2022-01-03,Technology,,,5,10835747.0,0.0
2022-01-04,Technology,0.0012621864712436092,0.032992626032968715,5,8232923.0,0.0012621864712436537
2022-01-05,Technology,-0.0015830379254919036,0.026408957399016025,5,10120803.0,-0.00032284954330119575
2022-01-06,Technology,0.003225214372561469,0.01854280397884088,5,11793059.0,0.002901323570273062
2022-01-07,Technology,-0.004933595575868277,0.01588863990203365,5,9849823.0,-0.0020465859627256666
2022-01-10,Technology,0.005079738803048328,0.012014065332380988,5,9127086.0,0.003022756718193964
2022-01-11,Technology,0.00886413805972921,0.01237418683707745,5,8573184.0,0.011913688910794251
2022-01-12,Technology,-0.011495434419023764,0.022342782016477977,5,8969376.0,0.00028130146220783914
2022-01-13,Technology,0.0001913114700527796,0.029371428092502025,5,10853871.0,0.000472666748456696
2022-01-14,Technology,0.011730805547527279,0.021193797558805554,5,13075843.0,0.012209017057698945
2022-01-17,Technology,-0.011743697564354071,0.03242411206589238,5,10596892.0,0.00032194048946121434
2022-01-18,Technology,-0.007128563557124545,0.023383853695019392,5,10360840.0,-0.006808918040904111
2022-01-19,Technology,0.011853572412311063,0.016745016338112335,5,12233500.0,0.004963944368359563
2022-01-20,Technology,0.005071888052328677,0.030759028274774183,5,11775402.0,0.010061008990822407
2022-01-21,Technology,-0.008690542106856602,0.020728560871001795,5,11419615.0,0.0012830312616936013
2022-01-24,Technology,-0.01352453939580498,0.03393833869484126,5,10222472.0,-0.012258860540956262
2022-01-25,Technology,0.0004473539369870272,0.02055836541367401,5,10603935.0,-0.011816990653495063
2022-01-26,Technology,0.019337109335884683,0.030453401831489046,5,10788256.0,0.0072916122421018414
2022-01-27,Technology,-0.016980142926652574,0.017009990256806568,5,7646824.0,-0.0098123433025874
2022-01-28,Technology,-0.0084049326412295,0.017199040973101015,5,8838178.0,-0.018134803859306103
2022-01-31,Technology,0.005571586977284415,0.026004324434545693,5,9047110.0,-0.012664256519039907
2022-02-01,Technology,-0.0077259806359028845,0.024296766988132476,5,12460878.0,-0.020292393354308658
2022-02-02,Technology,-0.016391151063339993,0.02075175852695831,5,7419522.0,-0.03635092873274148
2022-02-03,Technology,-0.0038073625084338314,0.010978717018816319,5,8304197.0,-0.040019890077971576
2022-02-04,Technology,-0.0070073809969454,0.018151311111755608,5,8167426.0,-0.04674683645768474
2022-02-07,Technology,-0.00586182054006148,0.021228819382511557,5,11931302.0,-0.05233463543161565
2022-02-08,Technology,6.959539230355638e-06,0.022164699704574388,5,14174556.0,-0.05232804011733383
2022-02-09,Technology,-0.010784845682717425,0.017078280657105517,5,9261997.0,-0.06254853596250676
2022-02-10,Technology,-0.010901453419074735,0.033636263617942606,5,11138038.0,-0.072768119430355
2022-02-11,Technology,-0.004197483231416066,0.008642502066458717,5,11563226.0,-0.07666015970068052
2022-02-14,Technology,0.008146631159555561,0.012515232466706959,5,7443886.0,-0.06913805058683908
2022-02-15,Technology,0.0060914753334466495,0.02592569509166712,5,11358379.0,-0.0634677279831447
2022-02-16,Technology,-0.005515429586767384,0.04283412158537091,5,10142964.0,-0.068633105785189
2022-02-17,Technology,0.004145860421438963,0.015176177179274754,5,10867270.0,-0.06477178864062516
2022-02-18,Technology,-0.015304946207076852,0.012242366196183414,5,10266454.0,-0.07908540610682113
2022-02-21,Technology,-0.0054124465377243915,0.0270930065584691,5,9925253.0,-0.08406980711207812
2022-02-22,Technology,0.005146734477416204,0.024262178978576736,5,13407726.0,-0.07935575760943547
2022-02-23,Technology,0.0026705024234359833,0.015816028090902993,5,8407609.0,-0.07689717492900916
2022-02-24,Technology,0.009022675935252078,0.01874331109275221,5,10866754.0,-0.0685683172834779
2022-02-25,Technology,0.005438945775555171,0.015782030014044116,5,12805501.0,-0.06350231086754854
2022-02-28,Technology,0.0024521764699182657,0.023951379682888806,5,13163299.0,-0.061205853270125066
2022-03-01,Technology,-0.013470571861386272,0.024412449565847986,5,5820939.0,-0.07385194728669864
2022-03-02,Technology,-0.004551739041912683,0.028924797967821502,5,12965487.0,-0.07806753153682511
2022-03-03,Technology,-0.007542736488216462,0.012446280645468419,5,11143080.0,-0.08502142520637379
2022-03-04,Technology,-0.016522939036903737,0.02709691953655562,5,7188866.0,-0.10013956041776195
2022-03-07,Technology,0.016111050787529592,0.016875392443688055,5,8844367.0,-0.08564186317396394
2022-03-08,Technology,-0.019597757110809022,0.022403337271597976,5,11549721.0,-0.10356123185177246
2022-03-09,Technology,-0.003098477138646105,0.0225933590586245,5,9645777.0,-0.10633882688107577
2022-03-10,Technology,0.005672967855789901,0.017810953007923267,5,9036530.0,-0.1012691157720047
2022-03-11,Technology,-0.013075317896879657,0.025852532234459026,5,10157407.0,-0.11302030778702954
2022-03-14,Technology,-0.009031103780878213,0.026539220778022628,5,11322285.0,-0.12103071343893634
2022-03-15,Technology,0.010188789134227027,0.0173338749646693,5,9209905.0,-0.11207508072270378
2022-03-16,Technology,-0.01370747570414883,0.02126847038265851,5,10647771.0,-0.12424628998080567
2022-03-17,Technology,0.007328626381803249,0.014651265519557753,5,12245172.0,-0.11782821823759682
2022-03-18,Technology,0.005068908285886931,0.02305258728862224,5,9446455.0,-0.11335657038344571
2022-03-21,Technology,0.02341590281367927,0.020575349497339954,5,9532213.0,-0.09259501400515713
2022-03-22,Technology,0.0041628415769588535,0.029105601423487906,5,8714255.0,-0.08881763080231808
2022-03-23,Technology,0.005587728137359837,0.03393494442218668,5,7897751.0,-0.08372619143968607
2022-03-24,Technology,-0.0011712316865551075,0.03160100697365605,5,9329848.0,-0.08479936035783242
2022-03-25,Technology,0.0052320459577203104,0.02897892455791959,5,10444510.0,-0.08001098855068967
2022-03-28,Technology,0.006985702424750051,0.019013415687204962,5,8332091.0,-0.07358421908266466
2022-03-29,Technology,0.005531651455537601,0.013393636564998571,5,11474288.0,-0.06845960987972022
2022-03-30,Technology,0.012038911727507063,0.013533241494002476,5,8230124.0,-0.05724487735245465
2022-03-31,Technology,-0.007373555450350256,0.024448115671970812,5,8445932.0,-0.06419633452539808
2022-04-01,Technology,0.007720787354282476,0.019077269007983677,5,8964254.0,-0.05697119341891066
2022-04-04,Technology,0.00571519753378853,0.01342672729254019,5,10023898.0,-0.051581597509246846
2022-04-05,Technology,0.011348124986448526,0.01542924445649323,5,10976241.0,-0.04081882693833405
2022-04-06,Technology,-0.011989054008667987,0.024813790151068917,5,9009256.0,-0.05231850182626785
2022-04-07,Technology,-0.0012177800806771222,0.015688800664443663,5,8696449.0,-0.053472569477570064
2022-04-08,Technology,0.0032921598962830645,0.023307597457474134,5,7857070.0,-0.05035644983007237
2022-04-11,Technology,0.0019504005391526747,0.018324085791012346,5,12404782.0,-0.04850426453781809
2022-04-12,Technology,0.005067937462614603,0.028992741464714974,5,8880369.0,-0.04368214365455125
2022-04-13,Technology,0.0013110194646548169,0.0129585345867305,5,12698106.0,-0.04242839233048534
2022-04-14,Technology,-0.010538447208681268,0.03747394827623375,5,8769531.0,-0.052519710166442524
2022-04-15,Technology,0.0011991650501442797,0.020447684539811595,5,13713954.0,-0.05138352491717346
2022-04-18,Technology,-0.008138388600347702,0.00896260616786452,5,8741854.0,-0.05910373442408956
2022-04-19,Technology,0.003406866706416811,0.014361921497837469,5,7458126.0,-0.05589822626270702
2022-04-20,Technology,0.0020673434484319796,0.011406117301473279,5,10566333.0,-0.053946443646118225
2022-04-21,Technology,0.006459684267433108,0.011645669940539683,5,7671932.0,-0.04783523637198983
2022-04-22,Technology,-0.004136192259665483,0.03594405322243675,5,7683439.0,-0.051773572897234166
2022-04-25,Technology,-0.01810621567488364,0.023718918097410144,5,11083046.0,-0.0689423650949812
2022-04-26,Technology,0.00049369497645404,0.032691727466843776,5,9600489.0,-0.0684827066178394
2022-04-27,Technology,0.0025792048395592237,0.020457633739779237,5,11729941.0,-0.06608013270661506
2022-04-28,Technology,-0.015346253622958494,0.02495510853772883,5,11956295.0,-0.08041230385361908
2022-04-29,Technology,-0.0020469444031472107,0.016714736591229132,5,10693228.0,-0.08229464874144898
2022-05-02,Technology,0.009784664190726277,0.01922324339042905,5,11479762.0,-0.07331521005335162
2022-05-03,Technology,0.016842691261521027,0.014546120511017824,5,12095372.0,-0.05770734423953283
2022-05-04,Technology,0.0005521839462200751,0.00793507006101205,5,9085168.0,-0.05718702536238074
2022-05-05,Technology,0.003788110709046344,0.011358853736244845,5,11004463.0,-0.053615545436528245
2022-05-06,Technology,-0.01202758285776715,0.02048984145906718,5,10786329.0,-0.06499826287909316
2022-05-09,Technology,-0.0021268311809348184,0.029349268568380812,5,9068779.0,-0.06698685372783009
2022-05-10,Technology,-0.002249978893362048,0.026521563184303175,5,12858546.0,-0.06908611361417183
2022-05-11,Technology,-0.010072093214231392,0.020135640235513487,5,8487157.0,-0.07846236505227233
2022-05-12,Technology,-0.019923592181560524,0.02511598609029036,5,7892062.0,-0.0968227050709306
2022-05-13,Technology,0.004131598607316378,0.02030040588546552,5,8327898.0,-0.09309113901704202
2022-05-16,Technology,-0.013568223115565603,0.02290811372253087,5,8570553.0,-0.10539628078834229
2022-05-17,Technology,-0.004207926769867321,0.017484334501193306,5,10812755.0,-0.10916070772683595
2022-05-18,Technology,0.0002916481992887521,0.03253821913021439,5,8139527.0,-0.10890089605138886
2022-05-19,Technology,0.01472191616299876,0.026653529559688274,5,10453705.0,-0.09578220975013407
2022-05-20,Technology,0.0018366615033109878,0.01769894816880641,5,9908363.0,-0.09412146774417318
2022-05-23,Technology,-0.0066337595542772295,0.020750697619887563,5,11770807.0,-0.10013084811253992
2022-05-24,Technology,-0.0011113158980577964,0.010688704233452242,5,11012073.0,-0.10113088700720418
2022-05-25,Technology,-0.0005615855322543828,0.017004489684742136,5,9270795.0,-0.10163567889645131
2022-05-26,Technology,-0.0008557981728074093,0.012360098819783564,5,11895813.0,-0.10240449744096713
2022-05-27,Technology,0.008998034724029668,0.02293451332376313,5,7506459.0,-0.09432790194080809
2022-05-30,Technology,0.019568949936133295,0.024681451049074467,5,15887197.0,-0.0766048499953349
2022-05-31,Technology,0.003019932515234358,0.02923593079851808,5,7764748.0,-0.07381625895742605
2022-06-01,Technology,-0.006770465656376912,0.020993871211216125,5,11142427.0,-0.08008695416764955
2022-06-02,Technology,-0.008686686020610646,0.030330491923063082,5,10420612.0,-0.08807794996305873
2022-06-03,Technology,0.0013058605238783993,0.026111878600092148,5,10786938.0,-0.08688710695706114
2022-06-06,Technology,-0.011799545823460943,0.02066777660175119,5,11231264.0,-0.09766142438051428
2022-06-07,Technology,0.010426587690534528,0.028578041269033815,5,10536283.0,-0.08825311209526576
2022-06-08,Technology,-0.009474730045543533,0.018691359811587954,5,10298925.0,-0.0968916677280276
2022-06-09,Technology,-0.006744393340057653,0.010876832334440235,5,10340479.0,-0.1029825855495532
2022-06-10,Technology,-0.008286687615821298,0.027273387004260092,5,9700375.0,-0.11041588864905572
2022-06-13,Technology,0.006833022253359089,0.009631747822433546,5,10278074.0,-0.10433734061996014
2022-06-14,Technology,0.005443253245390078,0.02271123823182258,5,9270561.0,-0.09946202194251508
2022-06-15,Technology,0.0007491162439321464,0.035072027105870304,5,11604340.0,-0.09878741431487437
2022-06-16,Technology,-0.016621097146522247,0.014205245766300697,5,10748742.0,-0.11376655625121534
2022-06-17,Technology,0.017358212548365427,0.014422914471638383,5,9366430.0,-0.09838312776715419
2022-06-20,Technology,0.012312139701747559,0.010568454830817559,5,8577182.0,-0.0872822948787707
2022-06-21,Technology,0.014808527546358752,0.017004871250616418,5,10597477.0,-0.07376628960043363
2022-06-22,Technology,-0.00019168681607917293,0.012541201933900304,5,6523929.0,-0.07394383639132529
2022-06-23,Technology,0.013487749694176588,0.01771708326778689,5,8352750.0,-0.06145342265382203
2022-06-24,Technology,0.023493473756311167,0.026330747163173376,5,11159616.0,-0.039403703269863866
2022-06-27,Technology,-0.013578751120072164,0.014161788500480228,5,11711524.0,-0.05244740131002534
2022-06-28,Technology,-0.004805438769351733,0.012167658189774399,5,9742029.0,-0.05700080730377011
2022-06-29,Technology,-0.007821731416149169,0.015896742403534,5,10226778.0,-0.06437669371468546
2022-06-30,Technology,0.00038496525414501994,0.01157902344506583,5,8939517.0,-0.06401651125079733
2022-07-01,Technology,-0.004534693643356591,0.028092406738789485,5,10273968.0,-0.06826090962751508
2022-07-04,Technology,0.004874034265357485,0.010581876207431711,5,9575036.0,-0.0637195813746666
2022-07-05,Technology,-0.01549811457340362,0.01280521292455705,5,8332145.0,-0.07823016257535631
2022-07-06,Technology,-0.003269803939218008,0.0183032591214578,5,11201966.0,-0.08124416922081978
2022-07-07,Technology,-0.006552008010878052,0.026725595345209765,5,14252959.0,-0.08726386478412596
2022-07-08,Technology,0.0143019165284906,0.005205968237816528,5,9667725.0,-0.07420998876573148
2022-07-11,Technology,0.0029271772454384283,0.020216045411901442,5,9268963.0,-0.07150003731079235
2022-07-12,Technology,0.020281177835486865,0.02462554798223482,5,8785907.0,-0.052668964447249667
2022-07-13,Technology,0.013471165180055889,0.03667045575312656,5,14381487.0,-0.03990731158712524
2022-07-14,Technology,0.01403527280180561,0.020047581156937028,5,8923190.0,-0.02643214879023159
2022-07-15,Technology,0.004238610807470122,0.020668145571215192,5,9617106.0,-0.022305573574288418
2022-07-18,Technology,-0.0034226795218004202,0.029754687833407564,5,8959003.0,-0.025651908266194123
2022-07-19,Technology,0.0013711043474555096,0.011922221234237253,5,8615560.0,-0.02431597536168284
2022-07-20,Technology,-0.006346290116077102,0.023127505714636457,5,8498969.0,-0.030507949243659294
2022-07-21,Technology,0.010747182925779076,0.012389723400693812,5,10909492.0,-0.02008864082909223
2022-07-22,Technology,-0.010659485514442313,0.0059178070494567215,5,10246389.0,-0.030533991767611957
2022-07-25,Technology,-0.004477911650252087,0.022534940222533804,5,8910277.0,-0.03487517490039915
2022-07-26,Technology,0.011990472747322522,0.01474420497119477,5,10864519.0,-0.023302871987277984
2022-07-27,Technology,0.00697210445496319,0.0056644748107865,5,6358757.0,-0.016493237589910836
2022-07-28,Technology,-0.0003846761463744075,0.004459673426938356,5,7692467.0,-0.016871569181207913
2022-07-29,Technology,-0.002871800081863696,0.01677963120616544,5,8358373.0,-0.019694917489315844
2022-08-01,Technology,0.00776428714130295,0.02760080585716853,5,11086394.0,-0.012083547342624068
2022-08-02,Technology,0.0010460011231118171,0.01012855430011401,5,9511290.0,-0.011050185623603714
2022-08-03,Technology,0.010009441052255008,0.014821956940464991,5,8417513.0,-0.001151350752964575
2022-08-04,Technology,0.009873169954097639,0.017162094332283002,5,8685193.0,0.008710451719472267
2022-08-05,Technology,0.005365362275623764,0.01537229459737929,5,11632374.0,0.014122548724155415
2022-08-08,Technology,0.014275342584390959,0.01846830378169566,5,10868905.0,0.028599495529748387
2022-08-09,Technology,-0.004299142755378393,0.005742156563589411,5,10574973.0,0.024177399460355797
2022-08-10,Technology,0.0048473210255830955,0.03024726634406273,5,11492165.0,0.029141916102686904
2022-08-11,Technology,-0.01217226786334007,0.011474710320999976,5,13044956.0,0.016614925030493888
2022-08-12,Technology,-0.004851137464051214,0.009797235531657726,5,12475747.0,0.011683186281164826
2022-08-15,Technology,0.007233000071306983,0.02871938185338846,5,11384868.0,0.019000690839676482
2022-08-16,Technology,0.002333596475921196,0.038550061886723705,5,9637143.0,0.021378627260781213
2022-08-17,Technology,0.004779632921861321,0.018749176031360434,5,9585929.0,0.02626044217332235
2022-08-18,Technology,-0.0024007202086036685,0.011159782592602339,5,9281474.0,0.023796677990506332
2022-08-19,Technology,0.0034961052479103747,0.020593313745002974,5,9514763.0,0.027375978929222056
2022-08-22,Technology,0.010191815693752914,0.020011361877253456,5,10503765.0,0.03784680555465747
2022-08-23,Technology,0.001014762084229348,0.008132019868923441,5,9581367.0,0.03889997314217286
2022-08-24,Technology,0.010817482552347157,0.027785950021511484,5,11871473.0,0.050138255475272286
2022-08-25,Technology,-0.009002103222406067,0.018912192799113405,5,8207774.0,0.0406848025016866
2022-08-26,Technology,0.011600984374669433,0.00564998579908523,5,9770674.0,0.05275777063446463
2022-08-29,Technology,-0.009769924509723183,0.010463829931166272,5,9037698.0,0.04247240668834151
2022-08-30,Technology,-0.0076077828324256245,0.01619454398911502,5,8723713.0,0.03454150300946046
2022-08-31,Technology,-0.004460115289962508,0.02576423171497848,5,6254435.0,0.02992732863378711
2022-09-01,Technology,-0.0006220603577101302,0.023028314525123376,5,9354908.0,0.029286651671321717
2022-09-02,Technology,0.0025370097114227885,0.04028604806428829,5,12672191.0,0.031897961902449756
2022-09-05,Technology,0.0007557573659321193,0.01437296534136709,5,10070959.0,0.03267782638804784
2022-09-06,Technology,-0.0021005745897261672,0.027402929489631193,5,11311444.0,0.03050860958656343
2022-09-07,Technology,0.009982629373969942,0.01386836204884893,5,8423248.0,0.04079579510275133
2022-09-08,Technology,-0.001746159633492228,0.019818549198501657,5,10361553.0,0.03897839949863435
2022-09-09,Technology,-0.012098520676881552,0.011028968486035006,5,8721621.0,0.026408297849466855
2022-09-12,Technology,-0.010182133985502629,0.015208306103888396,5,8603466.0,0.015957271036932008
2022-09-13,Technology,-0.0025518756983493596,0.017985488165978756,5,10497979.0,0.013364674366411533
2022-09-14,Technology,0.02073387281172403,0.02829216828545428,5,12072244.0,0.034375648636618905
2022-09-15,Technology,-0.004489302596892686,0.03117979304936167,5,13937824.0,0.029732023351031867
2022-09-16,Technology,-0.005559330057241629,0.0216182830783959,5,10848115.0,0.024007403162712215
2022-09-19,Technology,-0.015359825190236287,0.021262862364503136,5,10336171.0,0.008278828456625087
2022-09-20,Technology,0.011153607203233907,0.03685821583171223,5,10033524.0,0.019524774460567107
2022-09-21,Technology,0.0008618658116483324,0.026302905413852763,5,11003353.0,0.020403468007803127
2022-09-22,Technology,0.019871379080849395,0.01791262339583204,5,8370445.0,0.04068029213599944
2022-09-23,Technology,-0.00741404590264263,0.015099656831460924,5,9851127.0,0.03296464068012761
2022-09-26,Technology,-0.005502821355957033,0.02162731918954099,5,8608824.0,0.02728042079544446
2022-09-27,Technology,-0.0006005350105167562,0.01874256110104881,5,9460654.0,0.026663502937138484
2022-09-28,Technology,-0.006537892419761526,0.01692998734975457,5,10004144.0,0.019951287403639828
2022-09-29,Technology,-0.002897201341162825,0.01618020673358286,5,8778442.0,0.01699628316585322
2022-09-30,Technology,-0.0008380146458492943,0.021724225673975806,5,9953267.0,0.016144025385785854
2022-10-03,Technology,0.005539420762245384,0.0164101897602799,5,11982467.0,0.021772874697439493
2022-10-04,Technology,-0.00435676270848131,0.01743216212325044,5,10962915.0,0.017321252740420068
2022-10-05,Technology,0.0004504467692481029,0.02247424767380567,5,9025980.0,0.017779501812004384
2022-10-06,Technology,-0.010779652699184638,0.015011867645164302,5,10993361.0,0.006808192258121792
2022-10-07,Technology,0.0034335027862386403,0.022440997366089215,5,12036308.0,0.010265070991448022
2022-10-10,Technology,-0.0063724430158259345,0.016442431189120636,5,12929370.0,0.003827214395675682
2022-10-11,Technology,-0.0018226270239645403,0.027813621557496022,5,12449340.0,0.001997611787327047
2022-10-12,Technology,0.0006139104972327835,0.03484105181853056,5,8971630.0,0.0026127486394054156
2022-10-13,Technology,-0.016702203751033352,0.010991201158937846,5,11568342.0,-0.014133093771753535
2022-10-14,Technology,-0.004201803087098788,0.009522730120130399,5,9895779.0,-0.01827551238181191
2022-10-17,Technology,0.0030933102644281397,0.028547285900519068,5,14746344.0,-0.015238733947422145
2022-10-18,Technology,-0.022190836471071694,0.015440818691922464,5,8543613.0,-0.037091410165440375
2022-10-19,Technology,0.0015170883427461312,0.02157319214447741,5,10359519.0,-0.0356305927686722
2022-10-20,Technology,0.023679931799147135,0.016760600131033712,5,10234308.0,-0.012794390976250347
2022-10-21,Technology,-0.029511380440253455,0.019983692926906837,5,10421390.0,-0.04192819127690239
2022-10-24,Technology,-0.022171592829876574,0.01511177244791261,5,7467103.0,-0.06317016932169428
2022-10-25,Technology,0.0004536586400144094,0.013150427649398876,5,14738591.0,-0.06274516837478394
2022-10-26,Technology,-0.007738486728699345,0.019812742996060916,5,7045231.0,-0.06999810245072502
2022-10-27,Technology,0.018120216649304854,0.014864736043232525,5,9318893.0,-0.053146266582867585
2022-10-28,Technology,0.0051007243477906306,0.026861053243516054,5,11854310.0,-0.04831662669103021
2022-10-31,Technology,-0.001556489141608597,0.03878323402560326,5,11761533.0,-0.04979791152783497
2022-11-01,Technology,0.0021723401294380775,0.016995567471289757,5,10898865.0,-0.047733749399971104
2022-11-02,Technology,-0.005858355910581659,0.016968294426129734,5,10867008.0,-0.05331246401762124
2022-11-03,Technology,-0.019142794392136443,0.02876369798783135,5,9755977.0,-0.07143470887253012
2022-11-04,Technology,-0.008493349771809577,0.02713639709984004,5,12816505.0,-0.07932133867603797
2022-11-07,Technology,-0.0011545758082420975,0.009976505437565742,5,9104586.0,-0.08038433198556727
2022-11-08,Technology,5.664209377076457e-05,0.01917334449189438,5,8427409.0,-0.08033224302866648
2022-11-09,Technology,-0.007223110740615634,0.017618143476104135,5,9416218.0,-0.08697510508184403
2022-11-10,Technology,0.014823338590596213,0.017992254433294066,5,9654786.0,-0.07344102792282858
2022-11-11,Technology,0.011435866324745025,0.026893746804280288,5,8660485.0,-0.06284502337616105
2022-11-14,Technology,0.011019166504043531,0.021553347018543386,5,8908125.0,-0.0525183566486499
2022-11-15,Technology,0.0037279277105917385,0.021087132738957612,5,9731774.0,-0.04898621357512345
2022-11-16,Technology,-0.004601797309426825,0.01758911611295464,5,7999072.0,-0.053362586258721256
2022-11-17,Technology,-0.003977079022437602,0.02520833188092673,5,9672321.0,-0.0571274380587663
2022-11-18,Technology,0.007913728115307172,0.015358986063660767,5,8710398.0,-0.04966580095618023
2022-11-21,Technology,0.00888625369382543,0.012181842573446903,5,10107311.0,-0.04122089016955843
2022-11-22,Technology,0.012669863400210968,0.016881480933887295,5,8354084.0,-0.029073289817030945
2022-11-23,Technology,-0.001174153697811664,0.02425892435577586,5,9925775.0,-0.030213307004096412
2022-11-24,Technology,-0.014036137611945155,0.02482550356115545,5,14156929.0,-0.04382536648122004
2022-11-25,Technology,-0.007052819680594724,0.026474805023639407,5,8436822.0,-0.050569093754586736
2022-11-28,Technology,0.0026944281491243062,0.011565057066695987,5,9780315.0,-0.048010920395150425
2022-11-29,Technology,-0.006001821689710018,0.02019469076085374,5,9671485.0,-0.053724589101489806
2022-11-30,Technology,-0.008068504504554808,0.012688321107429089,5,7803320.0,-0.06135961651687383
2022-12-01,Technology,-0.0073879402308683504,0.021059497941158436,5,10386901.0,-0.06829423556832648
2022-12-02,Technology,-0.0072894383437067,0.018022886520798146,5,13515585.0,-0.07508584729262724
2022-12-05,Technology,-0.006471692868194379,0.021591093405473594,5,10397447.0,-0.0810716076183956
2022-12-06,Technology,0.000353315902849749,0.03087538380208325,5,8632110.0,-0.0807469356037871
2022-12-07,Technology,0.011452690983435088,0.027646775734540965,5,10076766.0,-0.07021901432168143
2022-12-08,Technology,-0.018104024666423846,0.022574567943711023,5,10571227.0,-0.08705179222077353
2022-12-09,Technology,-0.00010262906521667503,0.024931678980283763,5,8272926.0,-0.08714548724192905
2022-12-12,Technology,0.01344598863438402,0.02307399153974835,5,11000666.0,-0.07487125583853782
2022-12-13,Technology,0.007340026372904473,0.034845067421427615,5,9185885.0,-0.0680807864580607
2022-12-14,Technology,-0.0062154398491132135,0.019865225906141742,5,10052940.0,-0.07387307427406353
2022-12-15,Technology,-0.0036545630632294655,0.01078693523640985,5,9234808.0,-0.0772576635286838
2022-12-16,Technology,0.011794872482712226,0.02516130810585994,5,11459737.0,-0.06637403533560471
2022-12-19,Technology,0.024449263102623898,0.013896612412829145,5,11721227.0,-0.043547568486083876
2022-12-20,Technology,-0.004944317649438879,0.0347684552911063,5,11760291.0,-0.04827657312406686
2022-12-21,Technology,-0.008877525199677128,0.017784080931269017,5,11166520.0,-0.056725521829281034
2022-12-22,Technology,-0.016512233768850516,0.03331262981781574,5,8860339.0,-0.0723010905210264
2022-12-23,Technology,-0.014838759545533686,0.022724676976857237,5,15212976.0,-0.08606699156943876
2022-12-26,Technology,0.004873507465691618,0.018383661920948504,5,8620955.0,-0.08161293222971044
2022-12-27,Technology,0.00763713710357441,0.029340932057557424,5,10641414.0,-0.07459908427899908
2022-12-28,Technology,-0.01326001592440169,0.01780033658601291,5,10763955.0,-0.08686991515791553
2022-12-29,Technology,-0.0025973496700045784,0.015154050378854344,5,9278151.0,-0.08924163328245138
2022-12-30,Technology,0.006666158582774551,0.01207553198359778,5,8828927.0,-0.08317037357932344
2023-01-02,Technology,0.018895670557006604,0.011282692678952367,5,8502675.0,-0.06584626300157481
2023-01-03,Technology,0.008326835671486843,0.020285059254653875,5,12119049.0,-0.05806771834168345
2023-01-04,Technology,-0.015712091524806526,0.01615396526813332,5,7914999.0,-0.07286744456126881
2023-01-05,Technology,-0.0006059608314022968,0.013936357942683913,5,10133329.0,-0.07342925057538263
2023-01-06,Technology,-0.01698433936231103,0.041211532205184975,5,9748117.0,-0.08916644262680118
2023-01-09,Technology,-0.0032208939688459946,0.01867258720213012,5,15088775.0,-0.09210014093836705
2023-01-10,Technology,-0.00047874321168484,0.009243867165350103,5,7707212.0,-0.09253479183278246
2023-01-11,Technology,0.0031920854908290774,0.01273378236144396,5,14673578.0,-0.0896380853083596
2023-01-12,Technology,-0.009818736276048835,0.015300414145830043,5,9497531.0,-0.09857668886447568
2023-01-13,Technology,0.004689371226444661,0.013109275897654588,5,8302534.0,-0.09434958032639029
2023-01-16,Technology,0.014259741720569786,0.011135629765303388,5,14334245.0,-0.0814352392527189
2023-01-17,Technology,-0.0071235030309693805,0.03353100494831706,5,11401256.0,-0.0879786381100438
2023-01-18,Technology,-0.014612007455587283,0.03074393056132464,5,8685331.0,-0.10130510104963475
2023-01-19,Technology,-0.0026937917637966046,0.016325774960149766,5,9925753.0,-0.10372599796659321
2023-01-20,Technology,0.0069529318413265265,0.016118182436147675,5,10364279.0,-0.09749426591930188
2023-01-23,Technology,-0.0004499193340036234,0.022414261791735862,5,9514221.0,-0.09790032069811394
2023-01-24,Technology,0.016030749192664052,0.014355796161089037,5,12721634.0,-0.08343898699244268
2023-01-25,Technology,0.012058232240080114,0.026541382577571528,5,10072181.0,-0.0723868814353944
2023-01-26,Technology,0.0032041881833076323,0.014576066795365862,5,11059827.0,-0.06941463444220863
2023-01-27,Technology,0.010153476752971558,0.0290969560454049,5,9605537.0,-0.05996595756636203
2023-01-30,Technology,-0.0010423237671922658,0.017211226560362593,5,9748439.0,-0.06094577739076046
2023-01-31,Technology,0.011125883555671012,0.030320769845927607,5,10281855.0,-0.05049796945754881
2023-02-01,Technology,-0.005745032235398795,0.01960947104393447,5,9665778.0,-0.05595288923059183
2023-02-02,Technology,-0.007129685743485536,0.01633128380663481,5,8831023.0,-0.06268364845742314
2023-02-03,Technology,-9.787712195385989e-05,0.017909031675903346,5,9160723.0,-0.06277539028427237
2023-02-06,Technology,-0.00888716086760748,0.013636615891346255,5,11051842.0,-0.07110465615989658
2023-02-07,Technology,0.012346134500487627,0.029902962603541645,5,8760486.0,-0.059636389307969995
2023-02-08,Technology,0.0069930655279095925,0.017189167953040773,5,11055919.0,-0.05306036495833899
2023-02-09,Technology,0.004683041873804306,0.014233813720007617,5,8076291.0,-0.04862580699547381
2023-02-10,Technology,0.014887923573716044,0.023401829368784995,5,6629981.0,-0.03446182072001669
2023-02-13,Technology,0.0018596607789751918,0.023502837715329374,5,8045830.0,-0.03266624723740663
2023-02-14,Technology,0.008723596428477665,0.039038335707669326,5,9992724.0,-0.02422761796666084
2023-02-15,Technology,0.0010061143648185888,0.013097782816844527,5,10278826.0,-0.023245879356303845
2023-02-16,Technology,-0.00563637375442958,0.008855664436453655,5,9132703.0,-0.028751230646430925
2023-02-17,Technology,0.010885597985101692,0.023877279297737156,5,8062642.0,-0.01817860699972318
2023-02-20,Technology,0.0017577302477229217,0.014920586323051757,5,8209030.0,-0.01645282983938512
2023-02-21,Technology,-0.006879968379664714,0.020580072653533104,5,8155163.0,-0.023219603269998945
2023-02-22,Technology,0.0030867117514163265,0.010992907787104862,5,11150011.0,-0.020204563740859327
2023-02-23,Technology,-0.0018651836590801052,0.0259437386898765,5,10479446.0,-0.022032062177811063
2023-02-24,Technology,-0.001171444190628823,0.026124213035307254,5,9483398.0,-0.02317769703719419
2023-02-27,Technology,0.01021557094869192,0.0129573556544264,5,6060946.0,-0.013198899497012917
2023-02-28,Technology,-0.018467065428899844,0.013573298715714138,5,8561042.0,-0.03142221998531192
2023-03-01,Technology,0.010044301852775295,0.012382410611203926,5,13470510.0,-0.021693532394953308
2023-03-02,Technology,-0.004420141327316674,0.025479515612306037,5,10517293.0,-0.026017785243195646
2023-03-03,Technology,0.009609926129235901,0.021460939779415097,5,9706333.0,-0.01665788810819313
2023-03-06,Technology,0.005494815202168613,0.031277992203259816,5,8499647.0,-0.011254604922837474
2023-03-07,Technology,-0.005387807261985312,0.023513860354510446,5,12130082.0,-0.01658177454268872
2023-03-08,Technology,0.015383031031444649,0.01761973876245168,5,11413752.0,-0.0014538214635906321
2023-03-09,Technology,0.009001498153274135,0.029691888330986297,5,9806992.0,0.007534590118463802
2023-03-10,Technology,-0.0010388607885279955,0.017267756541318364,5,9660440.0,0.006487901939704166
2023-03-13,Technology,0.005738460825132963,0.021539038469704116,5,10404350.0,0.012263593335955392
2023-03-14,Technology,-0.003306768608811894,0.01596358738777866,5,10647108.0,0.008916271861668879
2023-03-15,Technology,0.00540501671078526,0.03660797871377091,5,11089530.0,0.01436948117086434
2023-03-16,Technology,-0.004682926916564178,0.023290406371920102,5,14035531.0,0.009619263024148061
2023-03-17,Technology,0.012476997231454767,0.007630580757156696,5,7713257.0,0.022216279773723757
2023-03-20,Technology,0.0017033392518915446,0.019786731597021025,5,8997194.0,0.023957460886984805
2023-03-21,Technology,0.008283116601615959,0.03166819757027863,5,9999124.0,0.03243901993060638
2023-03-22,Technology,0.0005391969581783451,0.022060540552351075,5,10219837.0,0.032995707909657446
2023-03-23,Technology,0.008191869638992743,0.024638998370292296,5,8005940.0,0.041457874086492374
2023-03-24,Technology,-0.0018331874383347602,0.031660396897470085,5,8545867.0,0.03954868659416233
2023-03-27,Technology,0.01389278411533803,0.029431464999580378,5,9501278.0,0.05399091207439821
2023-03-28,Technology,0.0026729521361746446,0.023827560811470874,5,14866687.0,0.05680817933433602
2023-03-29,Technology,0.0022834513516815534,0.03562304617308713,5,9522059.0,0.0592213493999052
2023-03-30,Technology,0.0030166135016355343,0.018099095245693725,5,9528477.0,0.06241661082372563
2023-03-31,Technology,-0.006850331026003786,0.027293093999904462,5,10222110.0,0.055138705352058226
2023-04-03,Technology,-0.0029005323935790807,0.015566973175272338,5,7986256.0,0.052078241357465416
2023-04-04,Technology,0.0010509842618529053,0.0229635047182843,5,11752415.0,0.053183959031370076
2023-04-05,Technology,0.0016986758405342917,0.01025429955187139,5,8914751.0,0.05497297717821503
2023-04-06,Technology,0.018887085087054965,0.01995405682644342,5,9700944.0,0.07489834156272379
2023-04-07,Technology,-0.011390187886676029,0.022178055518982106,5,8715358.0,0.0626550474932479
2023-04-10,Technology,0.003322151975415677,0.029486887570307572,5,10383619.0,0.06618534905846296
2023-04-11,Technology,-0.004893883942415256,0.011623194886988361,5,8092427.0,0.06096756169906725
2023-04-12,Technology,0.013824451545784777,0.023195218176281545,5,9273073.0,0.0756348563474254
2023-04-13,Technology,-0.0008668827127681578,0.01964670798620923,5,10724807.0,0.07470240708520692
2023-04-14,Technology,0.0034651365988359606,0.026670999062027714,5,14469042.0,0.07842639772885507
2023-04-17,Technology,-0.009473998098626101,0.013328565755699275,5,11530369.0,0.06820938808726362
2023-04-18,Technology,0.00973844597822251,0.04339277970517786,5,7836126.0,0.07861208750658166
2023-04-19,Technology,0.009205846431537434,0.022895232084374627,5,7564317.0,0.08854162474336724
2023-04-20,Technology,-0.0055386789915131684,0.025385152440035037,5,10279895.0,0.08251254211501347
2023-04-21,Technology,0.012688491709909665,0.008692259128456057,5,9993271.0,0.09624799353151303
2023-04-24,Technology,0.011505108769117723,0.0100444577532484,5,8762429.0,0.1088604459350202
2023-04-25,Technology,0.020805494882808317,0.01658721040579847,5,9613411.0,0.13193083626866975
2023-04-26,Technology,0.004678132854472406,0.01942459366193183,5,15002398.0,0.13722615910280878
2023-04-27,Technology,-0.009191996220047205,0.026284410120770544,5,8686247.0,0.12677278054699692
2023-04-28,Technology,0.000585713384720865,0.019954599290750167,5,11703884.0,0.12743274644610247
2023-05-01,Technology,0.007581619752382096,0.024890353064668608,5,9042599.0,0.13598051282604073
2023-05-02,Technology,-0.002338153845827318,0.025529287707127656,5,6926313.0,0.13332441562119168
2023-05-03,Technology,0.0039026637256731832,0.018873163037977772,5,8975889.0,0.1377473997074563
2023-05-04,Technology,0.01688354525339002,0.025789180573801432,5,12988602.0,0.15695660941734402
2023-05-05,Technology,0.005654371696919602,0.025548584485985282,5,11425800.0,0.16349847212419744
2023-05-08,Technology,0.00865384486157208,0.02980535315720355,5,10946456.0,0.1735672073986363
2023-05-09,Technology,-0.0012235379226513744,0.01234306808084804,5,11072728.0,0.172131303415604
2023-05-10,Technology,-0.002635601644661345,0.022466784909974332,5,9876794.0,0.1690420322245627
2023-05-11,Technology,0.017317695196674678,0.022153503978323743,5,12448942.0,0.1892871458107288
2023-05-12,Technology,-0.011953806099160724,0.02917315888174741,5,7955871.0,0.17507063787348298
2023-05-15,Technology,0.004655303519595177,0.007137417976171068,5,9305656.0,0.1805409483497482
2023-05-16,Technology,0.008554483461185392,0.02199920518533725,5,12139605.0,0.19063986636765828
2023-05-17,Technology,-0.008209511800485547,0.01225145381787928,5,8981660.0,0.18086529433458454
2023-05-18,Technology,0.004061679755511238,0.018121068971712805,5,12673561.0,0.18566159099456914
2023-05-19,Technology,0.0033250325054035245,0.008524354643830258,5,9419309.0,0.18960395432503452
2023-05-22,Technology,0.0035364377805851,0.01168890793286384,5,9354787.0,0.1938109146930429
2023-05-23,Technology,-0.004119529312740911,0.029199537155140915,5,8833718.0,0.18889297563609486
2023-05-24,Technology,0.012827505296144936,0.016714740851383945,5,8141542.0,0.20414350657761626
2023-05-25,Technology,0.004528816684094728,0.019468013898564236,5,13472486.0,0.20959685178024912
2023-05-26,Technology,-0.009360558669432506,0.02566323408049681,5,10287034.0,0.1982743494827992
2023-05-29,Technology,0.0012219307204808239,0.019330729659240348,5,11683959.0,0.19973855772199633
2023-05-30,Technology,-0.0005641816384513776,0.00916536972768253,5,8487789.0,0.1990616872567874
2023-05-31,Technology,0.00971548339451953,0.017936693212780398,5,7996333.0,0.21071115116833528
2023-06-01,Technology,0.009505925402466087,0.01253306870697036,5,9571008.0,0.22222008105527524
2023-06-02,Technology,0.00459644878903962,0.019977107170503248,5,13770630.0,0.22783795306678156
2023-06-05,Technology,0.003861845617918558,0.017446635001066378,5,8789661.0,0.2325796736853465
2023-06-06,Technology,0.02627120638761462,0.02015936886798511,5,9228368.0,0.26496102868191307
2023-06-07,Technology,0.0041512396158727375,0.019186496826433818,5,9955723.0,0.2702121850167125
2023-06-08,Technology,0.0011459807197378602,0.039017770093525944,5,12233334.0,0.27166782369071774
2023-06-09,Technology,0.002925992689047474,0.012804381940753687,5,10761687.0,0.27538871444573365
2023-06-12,Technology,-0.005283112833680059,0.023682283606117113,5,10004375.0,0.2686506919605147
2023-06-13,Technology,0.016567934154167973,0.013343850023141073,5,8099391.0,0.2896696130895562
2023-06-14,Technology,0.011616229229798724,0.02063099030765407,5,9097121.0,0.30465071094591045
2023-06-15,Technology,0.004648053120011708,0.019413317800755597,5,8116408.0,0.31071479675344804
2023-06-16,Technology,0.00448270248054623,0.02535354194931494,5,9699222.0,0.31659034122414353
2023-06-19,Technology,-0.008091734758183144,0.03142646712311771,5,10937452.0,0.3059368413977719
2023-06-20,Technology,-0.023395159062008196,0.013116403974786526,5,7111605.0,0.2753842412683345
2023-06-21,Technology,-0.001111545305481587,0.020477552443238314,5,10087982.0,0.2739665939022675
2023-06-22,Technology,-0.009851812519287084,0.020362544188657676,5,10369336.0,0.26141571386330753
2023-06-23,Technology,6.0649371289356324e-05,0.015639629771936406,5,8572492.0,0.2614922179332879
2023-06-26,Technology,0.00893197716596177,0.024143859562951977,5,12940113.0,0.27275983761890643
2023-06-27,Technology,-0.008887027889831334,0.017969704033257594,5,8830689.0,0.2614487854449301
2023-06-28,Technology,0.005321460177591009,0.02263415022904568,5,12452688.0,0.26816153492274597
2023-06-29,Technology,-0.013326500376538953,0.025954921939277776,5,10881942.0,0.2512613797500858
2023-06-30,Technology,-0.0009897349216329455,0.013117084801616644,5,8496449.0,0.2500229626664565
2023-07-03,Technology,-0.00992181608644931,0.018325892861326545,5,12107456.0,0.23762046472704146
2023-07-04,Technology,-0.009576414115178289,0.026483765957331755,5,8551849.0,0.22576849863939596
2023-07-05,Technology,0.010688440232137353,0.036367248818967385,5,11882384.0,0.23887005197554
2023-07-06,Technology,-0.0034180500179112673,0.020621034783531385,5,10752442.0,0.23463553217219535
2023-07-07,Technology,0.002408742472212566,0.017057373092845586,5,8241078.0,0.23760945121624122
2023-07-10,Technology,0.003031693333188601,0.03069966300552573,5,7870700.0,0.24136150353858477
2023-07-11,Technology,0.002787219665207896,0.02613027122468011,5,8467277.0,0.24482145073287964
2023-07-12,Technology,-0.0117992926151687,0.01555733821660341,5,10111704.0,0.23013343818204368
2023-07-13,Technology,0.007749220711345028,0.018901763602103622,5,9486384.0,0.23966601369892193
2023-07-14,Technology,-0.004160533483611828,0.017124413449174647,5,10678257.0,0.2345083417404321
2023-07-17,Technology,0.0006838470417393383,0.018339013542868238,5,9517196.0,0.23535255661793397
2023-07-18,Technology,0.002422417450574299,0.012871692486586284,5,6992542.0,0.23834509620869682
2023-07-19,Technology,0.004711680297803644,0.011760796800002526,5,11176919.0,0.24417978240038507
2023-07-20,Technology,-0.007747464758584233,0.011105773337576768,5,11694775.0,0.2345405433828951
2023-07-21,Technology,0.004449299789496419,0.015043513813999598,5,9357850.0,0.2400333843626934
2023-07-24,Technology,0.014008639826666692,0.02494681429958433,5,9261987.0,0.25740456541727297
2023-07-25,Technology,-0.012520351655324303,0.022304424210878682,5,10630256.0,0.24166141808523856
2023-07-26,Technology,0.016547869777633138,0.029279396177399216,5,8266302.0,0.2622082695396244
2023-07-27,Technology,-0.002042709228901196,0.019434443489314637,5,7744947.0,0.25962994505864034
2023-07-28,Technology,-0.01448256638097789,0.02046589956443552,5,13813670.0,0.24138727076386113
2023-07-31,Technology,-0.013046497231924881,0.030858641466052,5,9039312.0,0.22519151517209357
2023-08-01,Technology,0.007928480980217544,0.011104253399841045,5,11945809.0,0.23490542279725957
2023-08-02,Technology,-0.018497868037420172,0.019984959205128605,5,12991848.0,0.21206230524766134
2023-08-03,Technology,0.009471572377647109,0.010986089960820738,5,12162514.0,0.22354244109803223
2023-08-04,Technology,0.008134683358884587,0.010679681490955877,5,8041758.0,0.23349557143252153
2023-08-07,Technology,0.03056710131649636,0.01863423450391244,5,9940230.0,0.27119995553794896
2023-08-08,Technology,-0.0031692742759557913,0.008905632088506133,5,6253592.0,0.2671711742192664
2023-08-09,Technology,0.021092449886433863,0.014168008319146393,5,11501565.0,0.29389891870901974
2023-08-10,Technology,-0.004778604247380036,0.023727222605029165,5,8067442.0,0.28771588784039626
2023-08-11,Technology,-0.018430121998248606,0.013326035084115746,5,9470128.0,0.26398312692841475
2023-08-14,Technology,0.012934846397077848,0.015593593888977847,5,11486891.0,0.28033255452373185
2023-08-15,Technology,-0.00036757693211075804,0.03950637224554297,5,12796492.0,0.27986193381125846
2023-08-16,Technology,-0.0016869938505245097,0.011651734496436326,5,6169215.0,0.2777028145993985
2023-08-17,Technology,-0.00610300486406139,0.027079126274519513,5,14347780.0,0.2699049881070734
2023-08-18,Technology,0.0020797210421509725,0.014494142942248078,5,9571585.0,0.27254603623237217
2023-08-21,Technology,-0.011888069207561736,0.030399522424803798,5,11305525.0,0.2574179208838334
2023-08-22,Technology,-0.0004146623982155928,0.026515263601863435,5,9907989.0,0.2568965169532005
2023-08-23,Technology,-0.008879614557935756,0.016244798210220564,5,9009023.0,0.24573576034344402
2023-08-24,Technology,0.006645739581635657,0.01865012482094316,5,11580319.0,0.2540145957942175
2023-08-25,Technology,0.007765696510361519,0.010756387261425875,5,13025671.0,0.263752892564719
2023-08-28,Technology,-0.006366179189808041,0.034966110651426664,5,14145431.0,0.25570761519901364
2023-08-29,Technology,-0.015251603018116034,0.028321477783215494,5,11688643.0,0.23655606114517314
2023-08-30,Technology,0.007748352187598817,0.010016629163479595,5,10233775.0,0.24613733300663587
2023-08-31,Technology,-0.0025474854551623015,0.010625294656363532,5,8874931.0,0.24296281627566674
2023-09-01,Technology,0.006700291275958348,0.03094927263791746,5,8351111.0,0.2512910291898993
2023-09-04,Technology,0.0053382958363389355,0.018041597519521058,5,10373122.0,0.2579707908810722
2023-09-05,Technology,0.005275938336076824,0.02776007460019308,5,12607214.0,0.2646077672023466
2023-09-06,Technology,0.008482043449462195,0.018451820570397938,5,10114904.0,0.27533422523028417
2023-09-07,Technology,-0.004576256293174397,0.019537937037664505,5,7513879.0,0.2694979689561734
2023-09-08,Technology,0.004754859170483039,0.0174744196796937,5,6815699.0,0.2755342530157743
2023-09-11,Technology,0.006020557969028784,0.015140449723738274,5,9995951.0,0.2832136809275374
2023-09-12,Technology,-0.002521192655114457,0.02574693554681317,5,8868008.0,0.27997845202024063
2023-09-13,Technology,0.008179930240342692,0.03037830856082863,5,10152994.0,0.29044858646690797
2023-09-14,Technology,-0.02052975908542278,0.011878139670904786,5,11625754.0,0.26395598787461805
2023-09-15,Technology,-0.002365121754690347,0.02203948424159413,5,10726721.0,0.26096657807072465
2023-09-18,Technology,-0.012157966164589662,0.016894763726970827,5,9412711.0,0.2456357890798624
2023-09-19,Technology,0.016138973177411198,0.01984819905737732,5,6700917.0,0.26573907166864585
2023-09-20,Technology,-0.004633105367714973,0.014944628558100024,5,8329255.0,0.25987476918157126
2023-09-21,Technology,-0.004177931454938477,0.017495303144468666,5,8665078.0,0.25461109875412413
2023-09-22,Technology,-0.003683205495876618,0.03484423738398697,5,11171789.0,0.24999010826000512
2023-09-25,Technology,-0.006890910287114837,0.03655505111004588,5,8335824.0,0.24137653856420438
2023-09-26,Technology,0.006259467311369305,0.032298640718344,5,10342382.0,0.24914689442844784
2023-09-27,Technology,-0.02067359980248098,0.021920384040457402,5,7874078.0,0.2233225314385221
2023-09-28,Technology,-0.0027398523466292566,0.013171700752920948,5,6829942.0,0.21997080833007598
2023-09-29,Technology,-0.0028965784925418124,0.01840414783100671,5,8805544.0,0.21643706712513833
2023-10-02,Technology,-0.015300837910866316,0.009388325508675084,5,11185848.0,0.19782456073228705
2023-10-03,Technology,0.007324498985643935,0.01747632402942129,5,12750583.0,0.2065980255123503
2023-10-04,Technology,0.013417045154030726,0.022501420083460403,5,8446390.0,0.2227870057034138
2023-10-05,Technology,0.004485941759092627,0.009052211642108468,5,6927184.0,0.22827235699477444
2023-10-06,Technology,-0.003289923175768461,0.03992101739002492,5,13626280.0,0.2242314353013415
2023-10-09,Technology,-0.004644358776720536,0.017684554028455705,5,8494606.0,0.21854566529006259
2023-10-10,Technology,-0.010319899237337915,0.023329378578269395,5,12299367.0,0.2059703968081743
2023-10-11,Technology,-0.01668921848112903,0.021181009574671963,5,11250344.0,0.1858436933740688
2023-10-12,Technology,0.003592552881762745,0.01881867994504786,5,11212104.0,0.19010389955202012
2023-10-13,Technology,-0.006094309666921216,0.02306299443961952,5,8649421.0,0.18285103785233958
2023-10-16,Technology,0.016055981789551678,0.020737305107474117,5,10259326.0,0.20184287257584899
2023-10-17,Technology,0.007388925693224424,0.01737114740622237,5,13186328.0,0.21072320025624336
2023-10-18,Technology,0.005290029517622941,0.02441978672669157,5,10680556.0,0.21712796172326998
2023-10-19,Technology,-0.0015663072157729996,0.020237129446900388,5,11177248.0,0.2152215654143037
2023-10-20,Technology,-0.005459015621737229,0.01637937502702544,5,9710699.0,0.20858765190483508
2023-10-23,Technology,-6.228339671034976e-05,0.014642798136262474,5,9183731.0,0.20851237696065228
2023-10-24,Technology,0.019467377858772707,0.02089660312017276,5,7928427.0,0.23203894404994885
2023-10-25,Technology,0.001534191880888791,0.01523665381047738,5,8877662.0,0.23392912819484923
2023-10-26,Technology,-0.008897655410432281,0.02019278822311973,5,7600277.0,0.22295005201127638
2023-10-27,Technology,0.006036191152007042,0.017862104713911992,5,8073603.0,0.23033201229457334
2023-10-30,Technology,-0.010202199169216875,0.023710607402141395,5,7980656.0,0.21777992006088076
2023-10-31,Technology,-0.003816998111751446,0.007554307663245468,5,7883845.0,0.2131316564054797
2023-11-01,Technology,0.02073618730221207,0.023883593602364108,5,10309795.0,0.23828738165494645
2023-11-02,Technology,0.008471830994633866,0.024211828238495874,5,8246154.0,0.24877794307511492
2023-11-03,Technology,0.009317286908260147,0.023483382449309642,5,10584963.0,0.2604131654554527
2023-11-06,Technology,-0.013342887380618973,0.019200810632208364,5,11158900.0,0.2435956145357312
2023-11-07,Technology,0.003685222840613056,0.022785189621428704,5,12602017.0,0.2481785414989044
2023-11-08,Technology,0.0018430185308382808,0.021082776663617263,5,15362257.0,0.2504789576806816
2023-11-09,Technology,0.003102418273451324,0.019103958026327045,5,12862354.0,0.2543584664495566
2023-11-10,Technology,-0.011588500146722946,0.012310496219300915,5,8653148.0,0.2398223331770628
2023-11-13,Technology,0.004899593492854781,0.017197585429484068,5,9033266.0,0.24589695861299332
2023-11-14,Technology,-0.005345334559456916,0.027732909614511515,5,10166764.0,0.23923722254259694
2023-11-15,Technology,0.012443119646469802,0.007337884233144084,5,9715578.0,0.25465719957305333
2023-11-16,Technology,-0.005974408378626705,0.018091124411101875,5,9451074.0,0.24716136508761966
2023-11-17,Technology,0.006615219508036096,0.016203782091273645,5,9383977.0,0.2554116112796161
2023-11-20,Technology,0.001975934116823441,0.0176240233437818,5,9770218.0,0.25789222191299976
2023-11-21,Technology,0.008250670835570828,0.016490113914249375,5,8457931.0,0.2682706765826286
2023-11-22,Technology,0.005048263819655174,0.026775639739436283,5,9408840.0,0.2746732415527502
2023-11-23,Technology,0.005468897631440583,0.011036067430165466,5,11504118.0,0.28164429902433863
2023-11-24,Technology,-0.0011693307372418805,0.022864914825143454,5,11118790.0,0.2801456329512786
2023-11-27,Technology,-0.004541650657632812,0.006826311937739729,5,11676201.0,0.27433165869551956
2023-11-28,Technology,-0.02181662547025822,0.013891938676086416,5,10097028.0,0.24653004217286645
2023-11-29,Technology,0.009560525049962142,0.034077493674973286,5,9605308.0,0.25844752386659064
2023-11-30,Technology,0.004829764877922837,0.018915878463635065,5,12533944.0,0.2645255295180704
2023-12-01,Technology,-0.003125954781247864,0.019450736047643143,5,7786285.0,0.26057267989306343
2023-12-04,Technology,0.01843380218723667,0.032509612379227906,5,10217254.0,0.2838098273168468
2023-12-05,Technology,-0.02032125273656298,0.02273045311893877,5,12740737.0,0.25772120335025783
2023-12-06,Technology,-0.021048972882341664,0.030105916674673185,5,10010032.0,0.23124746384739225
2023-12-07,Technology,0.0006077815959866228,0.010350595247082152,5,11491194.0,0.23199579339602394
2023-12-08,Technology,0.0020344064851345323,0.037383231755618515,5,13301853.0,0.23450217362776726
2023-12-11,Technology,0.012562275132058164,0.026392143727744333,5,10990362.0,0.25001032958400327
2023-12-12,Technology,-0.010418687231408107,0.01871435258405503,5,8799560.0,0.23698686292403814
2023-12-13,Technology,0.01368977186558198,0.014536756830109234,5,12054464.0,0.25392093087819023
2023-12-14,Technology,-0.003860839669944394,0.022605245558008892,5,8470309.0,0.24907974320528203
2023-12-15,Technology,0.005684534961951116,0.0114457802427899,5,10476930.0,0.2561801806757975
2023-12-18,Technology,-0.003018234673330622,0.02765768603011698,5,8232219.0,0.25238873409853113
2023-12-19,Technology,-0.013214208472481514,0.02509750713109118,5,9234540.0,0.2358394082775659
2023-12-20,Technology,0.01109883910720244,0.006961152930099353,5,8933256.0,0.2495557910323789
2023-12-21,Technology,0.016845068018944653,0.026266345552956146,5,9039334.0,0.2706046433257856
2023-12-22,Technology,-0.008902600485022828,0.015396916041756017,5,8780800.0,0.25929295781184125
2023-12-25,Technology,-0.007745239373104651,0.02192344995092677,5,9488821.0,0.24953943241272358
2023-12-26,Technology,-0.0032871061865324736,0.03605753028306065,5,12586964.0,0.2454320636141234
2023-12-27,Technology,0.002775598523674949,0.030818472736909977,5,10493274.0,0.24888888301122836
2023-12-28,Technology,-0.008475917505365648,0.012276276649710061,5,10091006.0,0.2383034038654568
2023-12-29,Technology,0.00238216376749818,0.02873899516371288,5,8652593.0,0.24125324536731463
2024-01-01,Technology,0.002481625733625159,0.017595824013262477,5,9024448.0,0.24433357136296374
2024-01-02,Technology,0.0018210106398553138,0.015012310779098486,5,8841505.0,0.24659951603594488
2024-01-03,Technology,9.396563176276019e-05,0.02048575443779693,5,11835555.0,0.2467166535470242
2024-01-04,Technology,0.006371260559656355,0.016655305150019974,5,8358446.0,0.2546598101908353
2024-01-05,Technology,0.006687025599590335,0.017631330187776927,5,9689415.0,0.26304975246035855
2024-01-08,Technology,-0.004091920533136317,0.013720357003942953,5,10343871.0,0.25788145324389333
2024-01-09,Technology,0.004334808769216036,0.007297824262831076,5,9509485.0,0.2633341287980493
2024-01-10,Technology,-0.004411927586862286,0.028656428272508846,5,12027584.0,0.2577603901037806
2024-01-11,Technology,0.0034677752409303154,0.012733208690940731,5,11192265.0,0.2621220204436052
2024-01-12,Technology,-0.02220494910769146,0.024601147967673133,5,11137108.0,0.23409666521195827
2024-01-15,Technology,-0.0026887031405103735,0.008435951160963809,5,10998807.0,0.23077854563250955
2024-01-16,Technology,0.008132660166534467,0.011099825338006412,5,9852124.0,0.24078804928440034
2024-01-17,Technology,-0.005795372640395091,0.019116795578321456,5,9910271.0,0.23359722017104834
2024-01-18,Technology,-0.0015093425570379849,0.017502833139459887,5,12810569.0,0.23173529938840054
2024-01-19,Technology,-0.00770225845038004,0.011537118891195994,5,7376359.0,0.22224815577005486
2024-01-22,Technology,0.007513219408300386,0.022738174202796415,5,7015655.0,0.23143117433574578
2024-01-23,Technology,-0.017432463372576402,0.02411476611123753,5,11199894.0,0.2099642954932892
2024-01-24,Technology,-0.01736911087724351,0.01323333954730159,5,9979845.0,0.1889482914873606
2024-01-25,Technology,0.011779108378035863,0.03698116423636604,5,10790811.0,0.20295304226867072
2024-01-26,Technology,0.0046533256702648625,0.018709403532321266,5,13201967.0,0.20855077454038273
2024-01-29,Technology,-0.007165365862890449,0.019661187964006177,5,10494306.0,0.1998910660769213
2024-01-30,Technology,-0.015570539549412543,0.009467373910486668,5,11766211.0,0.1812081147775837
2024-01-31,Technology,-0.007408619397859306,0.014446471219268637,5,11186433.0,0.17245699342553378
2024-02-01,Technology,0.005890202427765012,0.009328334946662097,5,7510478.0,0.17936300245465886
2024-02-02,Technology,0.0042927287868614,0.013285126432501081,5,10345631.0,0.18442568796545533
2024-02-05,Technology,-0.006648865829890905,0.01171943817978989,5,10676869.0,0.1765506004806967
2024-02-06,Technology,0.015378603980681005,0.027242643123508985,5,11023529.0,0.19464430622872175
2024-02-07,Technology,0.002556380517093437,0.008066151485523346,5,8557391.0,0.19769827165802134
2024-02-08,Technology,0.006668973706912528,0.021097069774086884,5,7872441.0,0.20568568994052328
2024-02-09,Technology,-0.0016546702903986964,0.034894519755426553,5,8763472.0,0.20369067764981996
2024-02-12,Technology,0.0033784909479105175,0.01865290669909262,5,8083131.0,0.20775733570834398
2024-02-13,Technology,-0.004156032020897427,0.0321776073784782,5,13754143.0,0.20273785754766638
2024-02-14,Technology,0.0029192247166694107,0.00937844188558056,5,10120089.0,0.20624891962909353
2024-02-15,Technology,-0.012587105399992037,0.019414905646278548,5,10678808.0,0.1910657373390956
2024-02-16,Technology,-0.0005468570999513256,0.022113249504356253,5,9204783.0,0.19041439458412301
2024-02-19,Technology,-0.025247249949217655,0.02001120115688903,5,15987522.0,0.1603597048209111
2024-02-20,Technology,0.0025037084897136406,0.017811670321296342,5,8474288.0,0.163264907264993
2024-02-21,Technology,0.009890050351250368,0.024690572239544493,5,8287261.0,0.1747696557696865
2024-02-22,Technology,0.012594730011204503,0.01211093745356825,5,8964233.0,0.18956556240946143
2024-02-23,Technology,0.012275709674464475,0.011379943135215344,5,8043631.0,0.20416832389234107
2024-02-26,Technology,0.010683881631610537,0.020569917618307385,5,11109450.0,0.2170335157293417
2024-02-27,Technology,0.003503935652428991,0.025139661267528493,5,7089655.0,0.2212979228553067
2024-02-28,Technology,0.01897865192916868,0.009764834772128826,5,12928568.0,0.24447651103499424
2024-02-29,Technology,0.01936204208328731,0.014674531320664225,5,11308569.0,0.26857211761331645
2024-03-01,Technology,0.006649208222437997,0.011278551373384326,5,7883397.0,0.2770071177685065
2024-03-04,Technology,-0.010994334542516637,0.010750376738450288,5,7287044.0,0.2629672743025846
2024-03-05,Technology,0.008172417448358971,0.017446412049011782,5,9930225.0,0.2732887700918014
2024-03-06,Technology,-0.00559610907094199,0.015392599536985248,5,10672515.0,0.26616330725556203
2024-03-07,Technology,-0.0058677771334610055,0.020386932848158002,5,7832539.0,0.2587337431540204
2024-03-08,Technology,0.007511334759528854,0.014970824135932852,5,7039613.0,0.26818851367196506
2024-03-11,Technology,-0.0007286838722160959,0.02284815519209969,5,15411932.0,0.2672644051551225
2024-03-12,Technology,-0.007448754270545454,0.008814445202018137,5,11434011.0,0.2578248640053131
2024-03-13,Technology,-0.01802736351520262,0.02225198036400814,5,10387674.0,0.23514959794342905
2024-03-14,Technology,0.0010621161217459374,0.0326632332647761,5,11919170.0,0.23646147024417274
2024-03-15,Technology,-0.006587975490108544,0.021878345817330898,5,11231881.0,0.2283156923837406
2024-03-18,Technology,-0.002944675693004961,0.030192727702913456,5,10219386.0,0.22469870102104172
2024-03-19,Technology,-0.009963735087780945,0.01386434100867604,5,11062543.0,0.21249612760171854
2024-03-20,Technology,0.0016885341104738716,0.013500735368338332,5,11669463.0,0.21454346867199137
2024-03-21,Technology,-0.013095937143892677,0.026353447578825163,5,11487508.0,0.1986378837477376
2024-03-22,Technology,-0.007849322932910607,0.01379799478157246,5,12999111.0,0.18922938791858113
2024-03-25,Technology,-0.002790592289438498,0.03244850726281377,5,8533204.0,0.18591073355828192
2024-03-26,Technology,0.007491024105373767,0.02917624844155019,5,8341305.0,0.1947944194501885
2024-03-27,Technology,0.019004713628610847,0.01854054783822659,5,13305748.0,0.21750114523690178
2024-03-28,Technology,0.021869217094967273,0.021412853496747493,5,10701920.0,0.24412694209545882
2024-03-29,Technology,0.008545714921453085,0.019319158407545722,5,8859812.0,0.25475889626870596
2024-04-01,Technology,-0.004291129401838223,0.011041161958115515,5,10675463.0,0.24937456347670928
2024-04-02,Technology,0.01895517269283804,0.021846686957000195,5,11198857.0,0.2730566740854494
2024-04-03,Technology,0.01922657535213095,0.021584677583562282,5,8681349.0,0.2975331941572865
2024-04-04,Technology,-0.00839844302256516,0.011444744918296137,5,10482662.0,0.28663593555626954
2024-04-05,Technology,-0.013745676248810356,0.015207801484971634,5,13279127.0,0.26895025453602783
2024-04-08,Technology,0.020515499027299454,0.014059488823589948,5,9815570.0,0.29498340224865327
2024-04-09,Technology,0.0033563531377437173,0.026568847089852972,5,9413310.0,0.29932982385411644
2024-04-10,Technology,-0.005147339161045683,0.01377492860247965,5,7619235.0,0.2926417325686774
2024-04-11,Technology,-0.008282845987520427,0.033470359275280165,5,15243277.0,0.28193498018076957
2024-04-12,Technology,0.0014686807291484749,0.01943934128018602,5,9112954.0,0.2838177333821823
2024-04-15,Technology,-0.005850383740288323,0.018026649550157873,5,7830526.0,0.2763069069893094
2024-04-16,Technology,0.010953047867478593,0.019466376920768177,5,10717288.0,0.29028635763515687
2024-04-17,Technology,-0.0017425177299688066,0.030747071639032463,5,13004515.0,0.2880380107802407
2024-04-18,Technology,-0.0097195929801418,0.023168285806707725,5,12757478.0,0.2755188055725053
2024-04-19,Technology,-0.008172998786714935,0.012174267370748034,5,10262184.0,0.2650939919221291
2024-04-22,Technology,0.002552205970346644,0.01713318244645736,5,9298422.0,0.26832277236136237
2024-04-23,Technology,0.003624715774950227,0.019119668469559585,5,9582880.0,0.2729200819220692
2024-04-24,Technology,0.007916526884654895,0.027310123874413922,5,11513356.0,0.2829971879726223
2024-04-25,Technology,-0.001052386341353917,0.012382110719911958,5,10525275.0,0.28164697925600435
2024-04-26,Technology,0.010387176269759046,0.018084048584733534,5,11493897.0,0.29495967234514064
2024-04-29,Technology,0.00423103965782361,0.03603719561171237,5,13023338.0,0.30043869807411516
2024-04-30,Technology,-0.021751496815380578,0.027580984835205886,5,9607212.0,0.2721522098743583
2024-05-01,Technology,-0.00025981038003373145,0.01671430308926567,5,10476665.0,0.27182169152525004
2024-05-02,Technology,-0.007302899164255572,0.018175025029207256,5,10077755.0,0.2625337059571282
2024-05-03,Technology,0.005518013475123351,0.014225512282015068,5,11297343.0,0.269500383959397
2024-05-06,Technology,0.0011367331339527053,0.02421089188403303,5,10185296.0,0.2709434671094093
2024-05-07,Technology,0.014932344515448514,0.024583165097383286,5,10591441.0,0.28992163281994565
2024-05-08,Technology,-0.00012957677425400326,0.028324166013410534,5,9753120.0,0.2897544889357244
2024-05-09,Technology,-0.007183546085446424,0.016812850533509702,5,15182444.0,0.28048947812554315
2024-05-10,Technology,0.015920160489671552,0.03383523183314954,5,12116966.0,0.30087507612263753
2024-05-13,Technology,-0.016556069289967112,0.027743983092097312,5,10442493.0,0.27933769822475996
2024-05-14,Technology,-0.0028349652370615263,0.024720180185103056,5,9100922.0,0.27571082032383054
2024-05-15,Technology,0.010921147865982306,0.017003108701182847,5,9223363.0,0.28964304682682074
2024-05-16,Technology,0.009077729214833585,0.01948812860544978,5,9466651.0,0.3013500771897075
2024-05-17,Technology,0.01150854192773676,0.014403945412098034,5,10409073.0,0.31632671911570864
2024-05-20,Technology,0.007724104917907359,0.012458175302490687,5,7981467.0,0.32649416480040316
2024-05-21,Technology,0.008611262036376433,0.022438793945595812,5,10605908.0,0.3379169536432238
2024-05-22,Technology,0.0012515862433187808,0.02120233428446498,5,12405318.0,0.3395914720971065
2024-05-23,Technology,-0.0031825796610478684,0.014581022667582873,5,6928665.0,0.3353281155238972
2024-05-24,Technology,-0.024117711980557698,0.022507128250576814,5,8275085.0,0.30312305663415096
2024-05-27,Technology,0.006442367972771557,0.02919847160118993,5,12427907.0,0.31151825487879115
2024-05-28,Technology,-0.015603173714619589,0.004846326138302353,5,10401674.0,0.2910544077180226
2024-05-29,Technology,0.0034076192594706843,0.03450422022690901,5,9944399.0,0.2954538295827871
2024-05-30,Technology,0.004993491295802022,0.03828053825642825,5,10322295.0,0.3019226670049222
2024-05-31,Technology,0.025995144550355655,0.025142559364490596,5,9675511.0,0.33576633492709984
2024-06-03,Technology,-0.010834802577112024,0.025370467047142815,5,10150111.0,0.3212935703990123
2024-06-04,Technology,-0.009624107208830158,0.022632381968709436,5,8186905.0,0.30857729942315437
2024-06-05,Technology,-0.005098955547874762,0.04090572553772826,5,10496733.0,0.3019049219424377
2024-06-06,Technology,-0.02371474253362855,0.03641786256814832,5,11801515.0,0.27103058191530893
2024-06-07,Technology,-0.001417132133977006,0.008329755679516753,5,9350690.0,0.2692293636344092
2024-06-10,Technology,0.02030540424846128,0.02976764084760849,5,11078555.0,0.2950015789470233
2024-06-11,Technology,-0.007561058494299245,0.014340943584013109,5,8753430.0,0.28520999625839494
2024-06-12,Technology,0.0010181567162556916,0.01761410977925188,5,11884826.0,0.28651854144788436
2024-06-13,Technology,0.0018717285164600028,0.022113756375326074,5,10147813.0,0.28892655488886687
2024-06-14,Technology,-0.0011864773975133192,0.019609848468259684,5,13101030.0,0.2873972726644365
2024-06-17,Technology,0.004157470812224773,0.024659085707703383,5,9422456.0,0.29274958924927663
2024-06-18,Technology,0.003555200846953732,0.01968201073162568,5,9831921.0,0.2973455736838748
2024-06-19,Technology,0.00942407581243565,0.032361630880244914,5,11231511.0,0.30957185672519927
2024-06-20,Technology,-0.011166800925494779,0.02491245773501064,5,7355414.0,0.29494812850351826
2024-06-21,Technology,0.016614510749743495,0.017415508407265384,5,8667038.0,0.31646305810490016
2024-06-24,Technology,-0.008836523262377782,0.03368457894520627,5,8937383.0,0.30483010166789515
2024-06-25,Technology,0.004837245217207209,0.014322159859693671,5,8626855.0,0.3111418848364562
2024-06-26,Technology,0.0011529131151595262,0.010020447612120956,5,8276975.0,0.3126535175113192
2024-06-27,Technology,0.006397378443248125,0.023185651450473233,5,9040474.0,0.3210510588276998
2024-06-28,Technology,0.010904901328141458,0.02576590864867919,5,9542303.0,0.3354569902736526
2024-07-01,Technology,0.014702789106618198,0.021364951767489336,5,11822090.0,0.3550919327626052
2024-07-02,Technology,-0.0010394403555798125,0.025792320732095378,5,15608383.0,0.3536833955221712
2024-07-03,Technology,-0.0017302780193241053,0.018788544726524588,5,9754957.0,0.3513411468977752
2024-07-04,Technology,0.012302483161002197,0.017828857821900596,5,8143249.0,0.3679659986022543
2024-07-05,Technology,-0.004375950027491871,0.019081335926189914,5,7422392.0,0.3619798477530627
2024-07-08,Technology,0.0014868552915137112,0.018123946314942203,5,10005124.0,0.3640049146966293
2024-07-09,Technology,0.013073297075116374,0.013423641104992385,5,11272396.0,0.3818369561583772
2024-07-10,Technology,0.008012359580871209,0.01681798247664438,5,10343673.0,0.3929087307332546
2024-07-11,Technology,-0.01696974074033346,0.020635517503450163,5,9699459.0,0.36927143069776447
2024-07-12,Technology,-0.002693047724606168,0.012893713520762674,5,9019297.0,0.3655839173869555
2024-07-15,Technology,0.0013333423607753358,0.029039604052196348,5,9525977.0,0.3674047082712011
2024-07-16,Technology,-0.009823844910522395,0.027076271643317634,5,12699100.0,0.3539715364872267
2024-07-17,Technology,0.022508648807776456,0.024861810998843617,5,12280887.0,0.3844476062977431
2024-07-18,Technology,-0.009665728148545428,0.017452725628227594,5,10912535.0,0.3710659120993647
2024-07-19,Technology,-0.0017055670875534723,0.026699662145077296,5,10336996.0,0.3687274672048215
2024-07-22,Technology,0.0033514483796501793,0.017409560527458873,5,8273746.0,0.3733146866569679
2024-07-23,Technology,0.0013391524596188865,0.013660024388086603,5,10740499.0,0.3751537643974354
2024-07-24,Technology,-0.02920844102005531,0.01897935493231913,5,8232279.0,0.3349876667765259
2024-07-25,Technology,0.00642428796393042,0.020725533964433385,5,9508951.0,0.343564011976194
2024-07-26,Technology,0.0008180906758478601,0.019878878516738183,5,9672750.0,0.3446631691667965
2024-07-29,Technology,-0.010765744779646647,0.01915594534715499,5,11727300.0,0.3301868686729559
2024-07-30,Technology,0.007446314744391946,0.021898527023290582,5,9111431.0,0.3400918587659518
2024-07-31,Technology,-0.004465860462999438,0.01648791302859917,5,9355927.0,0.33410719551710155
2024-08-01,Technology,-0.00866551081871234,0.015288605951159712,5,9244047.0,0.3225464751810261
2024-08-02,Technology,0.007587707354208484,0.027385962272606534,5,8552462.0,0.33258157079703965
2024-08-05,Technology,0.003519854654894594,0.020923918224912515,5,10344576.0,0.3372720642420364
2024-08-06,Technology,0.0037194619083655844,0.003220417936820607,5,9064970.0,0.342245996746106
2024-08-07,Technology,-0.0126175984645017,0.014072043181137757,5,7087341.0,0.32531007571857873
2024-08-08,Technology,-0.002039039777347629,0.016103144233348347,5,10189196.0,0.322607715756869
2024-08-09,Technology,-0.008398041815378132,0.017957897181450355,5,9871948.0,0.31150040085460096
2024-08-12,Technology,-0.003836124805178498,0.02747523622513286,5,8295572.0,0.30646932163488105
2024-08-13,Technology,0.001858463671380406,0.02257524479471194,5,11076494.0,0.3088973474069123
2024-08-14,Technology,-0.012314619566091478,0.02215554649451226,5,10127990.0,0.29277877452252987
2024-08-15,Technology,0.0024012169662088077,0.023794546516543277,5,12092245.0,0.29588301684946816
2024-08-16,Technology,0.016848970326353397,0.018807139528351235,5,8895599.0,0.31771731134679015
2024-08-19,Technology,0.023247328259230392,0.011078789648575369,5,11251572.0,0.3483507182365395
2024-08-20,Technology,-0.014575736698650444,0.027673260679210342,5,8332538.0,0.32869751319008755
2024-08-21,Technology,-0.0063445736110880665,0.00929717018238813,5,9162843.0,0.32026749401078325
2024-08-22,Technology,0.0019031392570301841,0.01133417427726724,5,9279557.0,0.32278014690841594
2024-08-23,Technology,-0.0008430329990585684,0.019971686092256125,5,13187414.0,0.3216649995940726
2024-08-26,Technology,0.009204512388022178,0.019023426312881085,5,7996619.0,0.3338302814556515
2024-08-27,Technology,-9.942278510837177e-05,0.03702445697717949,5,9848745.0,0.33369766833420744
2024-08-28,Technology,-0.010808813065372314,0.027475636053575583,5,8687247.0,0.3192819795514601
2024-08-29,Technology,0.005807653220161102,0.023047730041229755,5,8601475.0,0.32694391178830284
2024-08-30,Technology,-0.0019403366381830934,0.034134742968083914,5,10634660.0,0.32436919389944596
2024-09-02,Technology,-0.008561692595064185,0.008209759404733803,5,8009850.0,0.31303035197890594
2024-09-03,Technology,-0.001368296186369955,0.016938610727382335,5,9749063.0,0.31123373755570527
2024-09-04,Technology,0.01256055596743506,0.023705553264073528,5,9139483.0,0.32770356230266273
2024-09-05,Technology,0.010024159619394601,0.02522242748479841,5,9879683.0,0.34101267473842345
2024-09-06,Technology,-0.0018953757962703044,0.009196123843844948,5,9419530.0,0.33847095177223263
2024-09-09,Technology,0.016454686481126378,0.02580663210642878,5,10230988.0,0.36049507164773953
2024-09-10,Technology,0.009367765127073536,0.012446096446505659,5,11567867.0,0.37323986993547664
2024-09-11,Technology,0.010871366970935003,0.013318106076204891,5,10400627.0,0.38816886450066423
2024-09-12,Technology,-0.006025163662322352,0.02017645398944951,5,15824218.0,0.37980491990110754
2024-09-13,Technology,-0.0089100321193319,0.008811619642887798,5,10084875.0,0.3675108137463765
2024-09-16,Technology,0.001014862151942597,0.0279446129407223,5,8187533.0,0.3688986487136199
2024-09-17,Technology,-0.00276988682502326,0.03116923483447585,5,7361843.0,0.365106954381756
2024-09-18,Technology,-0.013963006217788964,0.018735778076927057,5,10351318.0,0.3460459574897765
2024-09-19,Technology,-0.00457478638931097,0.00557539162430948,5,7860247.0,0.3398880847640653
2024-09-20,Technology,0.019669966533693083,0.024568682100614782,5,10504964.0,0.36624363855026854
2024-09-23,Technology,-0.012754592767645456,0.014114834007697688,5,8248371.0,0.34881775731917375
2024-09-24,Technology,0.0015993119067359229,0.011628052228683756,5,9923957.0,0.3509749376184712
2024-09-25,Technology,0.012323340384166982,0.01917010696541314,5,14343636.0,0.3676234616252223
2024-09-26,Technology,0.0003450799453297737,0.02217411590448946,5,8286052.0,0.3680954010545916
2024-09-27,Technology,-0.01752376062993919,0.019587056725351656,5,9747444.0,0.3441212247275902
2024-09-30,Technology,0.012280559056585583,0.0037890328139628384,5,7319417.0,0.36062778480706736
2024-10-01,Technology,0.0007934853399489183,0.01900244812162172,5,9851529.0,0.3617074230074391
2024-10-02,Technology,-0.015104194441603446,0.020507621154402692,5,10712544.0,0.34113992931775994
2024-10-03,Technology,0.007854405914208407,0.01697842385754837,5,8159136.0,0.3516737867103745
2024-10-04,Technology,0.004753697449696159,0.014932179639619191,5,11237328.0,0.35809923494308094
2024-10-07,Technology,-0.012498539626801253,0.02571691043582759,5,9024719.0,0.3411249778380163
2024-10-08,Technology,-0.004569985064706228,0.023339915257344034,5,8127639.0,0.33499605671939214
2024-10-09,Technology,-0.010590690304404071,0.011423721871027477,5,10870130.0,0.3208575269250764
2024-10-10,Technology,-0.002027892370641293,0.025024545589716538,5,10387789.0,0.3181789700235209
2024-10-11,Technology,-0.00019191131595250877,0.012802981267366677,5,10440404.0,0.3179259965627228
2024-10-14,Technology,0.013501860318985459,0.01593643800940642,5,8978181.0,0.3357204492790722
2024-10-15,Technology,0.0022392688630912703,0.022124124111594763,5,7234199.0,0.3387114864909371
2024-10-16,Technology,-0.010038556148055466,0.018458134499812658,5,8509253.0,0.3252727560677511
2024-10-17,Technology,-0.0060793752059783435,0.014522101945566048,5,13823292.0,0.3172159257333542
2024-10-18,Technology,0.006124671902314605,0.008480081943976108,5,8489874.0,0.3252834411029748
2024-10-21,Technology,0.0028315834612923753,0.018708230130871688,5,9960199.0,0.32903609177632664
2024-10-22,Technology,-0.003360909607087836,0.011634408712916527,5,9831661.0,0.3245693216073091
2024-10-23,Technology,-0.010599685844092521,0.015793121095793797,5,8321994.0,0.31052930291954883
2024-10-24,Technology,0.008673602053593844,0.01496985802448897,5,13208505.0,0.3218963125726466
2024-10-25,Technology,0.007335026762979679,0.027009634168076908,5,15221630.0,0.33159245740325116
2024-10-28,Technology,0.0034591335575743453,0.028532653531511343,5,9635846.0,0.3361986135576678
2024-10-29,Technology,-0.019403091009985874,0.020707356223956235,5,9628467.0,0.3102722302513914
2024-10-30,Technology,0.0040887115477105775,0.035674983772647696,5,7755766.0,0.3156295554498647
2024-10-31,Technology,0.00045559760179227917,0.01380042333748574,5,10431772.0,0.31622895312017474
2024-11-01,Technology,-0.009003153346338721,0.029151707021761033,5,8477940.0,0.30437874201634285
2024-11-04,Technology,-0.006385094152225412,0.012583182988137499,5,7140878.0,0.2960501609384072
2024-11-05,Technology,-0.00963661323516416,0.022801282363565784,5,10383405.0,0.28356062680407157
2024-11-06,Technology,0.008009709934365894,0.028790231348426835,5,11379309.0,0.29384157510794506
2024-11-07,Technology,0.005083253575451319,0.012584169832035747,5,8127292.0,0.30041849992068004
2024-11-08,Technology,-0.014412837885139206,0.03433531666603903,5,8517207.0,0.2816757788984874
2024-11-11,Technology,-0.0063336640813334896,0.022509520430691,5,7020193.0,0.27355807505376295
2024-11-12,Technology,-0.007627617547854837,0.020317401704970397,5,9902407.0,0.26384386113227065
2024-11-13,Technology,0.008379834491569427,0.01672788320855579,5,9034101.0,0.27443466351174495
2024-11-14,Technology,0.006972760762453567,0.011638382551057945,5,8360783.0,0.28332099152779056
2024-11-15,Technology,-0.009614868479353689,0.037022146473494805,5,9898180.0,0.27098202897745716
2024-11-18,Technology,-0.0028808892149781106,0.02341613373036752,5,8653497.0,0.267320470557745
2024-11-19,Technology,0.014471677218803847,0.02434234522297522,5,10923438.0,0.28566072334043935
2024-11-20,Technology,0.01822404539288631,0.013384619755768504,5,8829765.0,0.30909066272244656
2024-11-21,Technology,0.0036702796501729916,0.018253784595260426,5,11870002.0,0.31389539154206836
2024-11-22,Technology,-0.007115608521912975,0.030245657529586554,5,9265256.0,0.3045462262971095
2024-11-25,Technology,0.009647957841874754,0.026310227765564097,5,8678032.0,0.31713243329120067
2024-11-26,Technology,0.00822691781574778,0.007274872118082223,5,10577355.0,0.3279683735723431
2024-11-27,Technology,-0.014190201653906076,0.02280339843858811,5,10295285.0,0.30912423456134186
2024-11-28,Technology,0.02374102337326023,0.05829208423229644,5,11036364.0,0.340204183612564
2024-11-29,Technology,-0.0011948257474721613,0.01935683268091087,5,12516056.0,0.3386028731471138
2024-12-02,Technology,0.0019654624746620053,0.023614949049698533,5,11751834.0,0.34123384686275915
2024-12-03,Technology,-0.005272300334271019,0.018162221325173065,5,9398787.0,0.334162459203609
2024-12-04,Technology,-0.00016242927520093708,0.022879334346507203,5,10761329.0,0.33394575216236033
2024-12-05,Technology,-0.005013213092806801,0.02669997847362296,5,9855944.0,0.3272583978525261
2024-12-06,Technology,-0.0043881345815607094,0.02333548640800298,5,9659764.0,0.3214342093782425
2024-12-09,Technology,-0.005495644685634194,0.027987158246773745,5,8664566.0,0.3141720764880578
2024-12-10,Technology,0.0019056225856917796,0.031562413549693955,5,11460944.0,0.31667639247849877
2024-12-11,Technology,0.015887216174441887,0.01858421169428985,5,10433392.0,0.33759471495758886
2024-12-12,Technology,-0.0008752323944758222,0.0272505128015981,5,11044303.0,0.3364240087323782
2024-12-13,Technology,-0.0009926448507008967,0.028703878918109153,5,10588438.0,0.3350974143217569
2024-12-16,Technology,0.0020512966820301903,0.020484025435390123,5,9477727.0,0.33783609521794244
2024-12-17,Technology,-0.0017747004935068978,0.0328750124048015,5,10607612.0,0.3354618368395277
2024-12-18,Technology,-0.020652205226305863,0.016896473412856876,5,11966362.0,0.3078816049132185
2024-12-19,Technology,-0.0048365353617849435,0.00844510201516647,5,9271581.0,0.30155598928202765
2024-12-20,Technology,-0.0069447306254093455,0.018551227763753782,5,8558992.0,0.29251703354257574
2024-12-23,Technology,0.01027525025056073,0.032836646130505256,5,13668071.0,0.3057979695153381
2024-12-24,Technology,-0.010936032213358038,0.01692909792213881,5,12950463.0,0.2915177208565809
2024-12-25,Technology,-0.01278877976700039,0.016068523548888002,5,9397442.0,0.27500078515936766
2024-12-26,Technology,-0.0010921610645664881,0.019898091074773975,5,9466710.0,0.2736082789445249
2024-12-27,Technology,-0.004262568630640939,0.013444439534562055,5,8266705.0,0.2681794362469714
2024-12-30,Technology,0.015467781218790578,0.01986694962976877,5,9079611.0,0.28779535831300884
2024-12-31,Technology,0.008499792323068921,0.013670216484164588,5,9680917.0,0.2987413514132815
2025-01-01,Technology,-0.005326713923312876,0.027122712101108188,5,12938890.0,0.29182332777392617
2025-01-02,Technology,-0.005093657331938317,0.011423141451789234,5,11456844.0,0.2852432224088415
2025-01-03,Technology,0.009889428481872997,0.016848399267669754,5,10547169.0,0.2979535433386655
2025-01-06,Technology,-0.010733834033359414,0.030287597137346224,5,11389114.0,0.28402152542145753
2025-01-07,Technology,-0.008784794676630603,0.032839849393117404,5,7993607.0,0.2727416599602559
2025-01-08,Technology,0.01764006962656508,0.020389366880525606,5,11156758.0,0.29519291145858473
2025-01-09,Technology,-0.007409453648932418,0.014420708291375038,5,7392697.0,0.2855962396147065
2025-01-10,Technology,-0.0062239192808027696,0.0223932451892437,5,10477470.0,0.27759479239164087
2025-01-13,Technology,-0.012188503537801942,0.03461762940397329,5,9108841.0,0.262022823744698
2025-01-14,Technology,5.006437272669917e-05,0.024826459876392346,5,11741142.0,0.2620860061257353
2025-01-15,Technology,-0.008389794527929605,0.02517202238676175,5,11191980.0,0.2514973638577651
2025-01-16,Technology,-0.009507986786953393,0.016426409092164782,5,9481332.0,0.23959814345829855
2025-01-17,Technology,0.009648618476794346,0.012039233718102076,5,10921180.0,0.25155855300907026
2025-01-20,Technology,0.007361339237058906,0.012179068959413742,5,10304007.0,0.2607717000928125
2025-01-21,Technology,0.01275592295779997,0.02863116748793463,5,13254247.0,0.276854006766571
2025-01-22,Technology,0.003724181234324564,0.010360592654007905,5,8102633.0,0.28160924249754316
2025-01-23,Technology,-0.010931234816650615,0.02487071119435025,5,9355995.0,0.2675996709246129
2025-01-24,Technology,0.006857330148424112,0.018556170137293118,5,8125093.0,0.27629202036417655
2025-01-27,Technology,-0.0032789215421303863,0.020434604891949315,5,7258774.0,0.2721071589645554
2025-01-28,Technology,0.00914706917567525,0.02602986992187779,5,8917745.0,0.28374321114647594
2025-01-29,Technology,0.010297410647229933,0.01676391243653146,5,7443608.0,0.296962442157245
2025-01-30,Technology,-0.0016485754516783802,0.015546692637718507,5,8910432.0,0.2948243017133556
2025-01-31,Technology,0.0025714049360707537,0.017609831313529556,5,10225919.0,0.29815381931412577
2025-02-03,Technology,-0.0028645491315017592,0.01911525949104093,5,9547403.0,0.29443519391845374
2025-02-04,Technology,-0.010627432241193224,0.0310170949639709,5,8623572.0,0.2806786716044696
2025-02-05,Technology,-0.007652656164910088,0.028820389729847396,5,9507420.0,0.2708780780729467
2025-02-06,Technology,0.017822907297691492,0.017183485187325417,5,13651966.0,0.2935288202451092
2025-02-07,Technology,-0.0006330126656414192,0.024961590268212767,5,10266256.0,0.2927100001185219
2025-02-10,Technology,-0.001615433817835199,0.013523299493612131,5,8704959.0,0.29062171266767667
2025-02-11,Technology,0.008499355044007206,0.02535003052436175,5,9142863.0,0.3015911648311438
2025-02-12,Technology,-0.017160697513006216,0.013439092638114434,5,9014475.0,0.2792549525658752
2025-02-13,Technology,-0.006597314252762043,0.029243774294722136,5,13304407.0,0.27081530563439604
2025-02-14,Technology,0.0017895948957503238,0.032235715529899726,5,10391272.0,0.27308955021880066
2025-02-17,Technology,0.011760273035230551,0.02388951163398725,5,9842684.0,0.2880614309276728
2025-02-18,Technology,-0.0031720767969423357,0.03431764670416889,5,7461059.0,0.28397560114959086
2025-02-19,Technology,-0.0043818879541479335,0.01621034000498366,5,8709305.0,0.2783493639294936
2025-02-20,Technology,-0.009015232960294028,0.025900137320550354,5,9758682.0,0.26682474660902544
2025-02-21,Technology,0.012796802959526565,0.016089540001838765,5,10691335.0,0.2830360532756335
2025-02-24,Technology,-0.012446341236115788,0.011706408517704325,5,9694186.0,0.2670669487383257
2025-02-25,Technology,-0.014395468969602221,0.027247144973166184,5,9169336.0,0.2488269257953546
2025-02-26,Technology,-0.004869837434933122,0.03603611684269415,5,9915031.0,0.24274534168236395
2025-02-27,Technology,-0.0009170075194820937,0.023400927155138012,5,8010216.0,0.24160573485923997
2025-02-28,Technology,0.002364753536550479,0.003679412102279905,5,8424436.0,0.24454182641174982
2025-03-03,Technology,-0.006546388313206375,0.030692585845888944,5,8567745.0,0.23639457234403127
2025-03-04,Technology,0.012771307433118762,0.023643590541702276,5,9777018.0,0.25218494753607645
2025-03-05,Technology,-0.019061666572961534,0.029075314821959616,5,8506220.0,0.2283162155784626
2025-03-06,Technology,0.0032128932958426447,0.03493252453322463,5,7961930.0,0.23226266451266953
2025-03-07,Technology,0.015580717480480377,0.023927139068281162,5,10367421.0,0.25146220095018523
2025-03-10,Technology,-0.0060553177654403935,0.029849564304887756,5,9048825.0,0.24388419965199448
2025-03-11,Technology,0.002851975924719552,0.021314202256001696,5,8536819.0,0.24743172744254105
2025-03-12,Technology,0.0007997535977287918,0.02510061116442079,5,10738146.0,0.24842936545448446
2025-03-13,Technology,-0.013750289909859093,0.007513798168667653,5,13204445.0,0.23126309974750403
2025-03-14,Technology,-0.006366511737579783,0.01388664531009312,5,9131168.0,0.22342424877091283
2025-03-17,Technology,0.02768891105882949,0.02228658373930387,5,8098140.0,0.25729953398234584
2025-03-18,Technology,0.029324296339566302,0.007524810642319694,5,13915031.0,0.2941689581044429
2025-03-19,Technology,0.008071252670913864,0.01633311614066836,5,13237811.0,0.30461452276415724
2025-03-20,Technology,-0.002349023928307581,0.03552855354803375,5,13626585.0,0.30154995203296653
2025-03-21,Technology,-0.005885824313254328,0.017417118989140775,5,10678079.0,0.29388925768037577
2025-03-24,Technology,0.011080522155636152,0.021649458669994643,5,9928823.0,0.308226226267043
2025-03-25,Technology,-0.010276412233417798,0.02429702477154273,5,10169869.0,0.29478235427135435
2025-03-26,Technology,0.003126376956620458,0.01770324576331308,5,10994492.0,0.29883033198758713
2025-03-27,Technology,0.00986225038465045,0.009957158977720548,5,11869093.0,0.3116397219288274
2025-03-28,Technology,0.008677809585311547,0.03817660077704543,5,9632580.0,0.3230218816802566
2025-03-31,Technology,0.0033404208410311663,0.022003253232936695,5,6457315.0,0.32744133154696176
2025-04-01,Technology,-0.007838954740504755,0.00852987858920397,5,10920988.0,0.3170355790282897
2025-04-02,Technology,0.003262101906259529,0.014794935709909496,5,8467349.0,0.3213318833012495
2025-04-03,Technology,-0.0076407559458870015,0.012228452436544444,5,8508650.0,0.31123590885742547
2025-04-04,Technology,-0.006623165462666836,0.022359494930027143,5,10190150.0,0.3025513764724723
2025-04-07,Technology,0.013368389180679197,0.010090247384110835,5,10210037.0,0.3199643902009859
2025-04-08,Technology,0.0005318993637384084,0.02562713189528602,5,9075301.0,0.3206664784202913
2025-04-09,Technology,-0.0005221148603430592,0.0141486739347321,5,9083045.0,0.31997693882635114
2025-04-10,Technology,-0.0011000826420128674,0.015739119179342145,5,9294415.0,0.31852485510809103
2025-04-11,Technology,-0.00040036705695611907,0.030436621065495738,5,9538177.0,0.3179969611923279
2025-04-14,Technology,-0.002394857574974174,0.026506615918562373,5,11390848.0,0.31484054618602353
2025-04-15,Technology,-0.015408845252574466,0.017518239659382446,5,10622242.0,0.29458037167803264
2025-04-16,Technology,0.021459127999561865,0.011471682754241472,5,9873305.0,0.32236093757959194
2025-04-17,Technology,-0.00046894325121662475,0.02179430541738607,5,9256009.0,0.3217408253422416
2025-04-18,Technology,-0.01774854464620077,0.019874862955042587,5,11417180.0,0.29828184929294843
2025-04-21,Technology,-0.01967291769361832,0.03527005811475802,5,8601441.0,0.2727408573286896
2025-04-22,Technology,-0.005666744812679481,0.013070282978198882,5,11319442.0,0.26552855967753697
2025-04-23,Technology,0.009010462111107431,0.014979815175400415,5,11461806.0,0.2769315568150357
2025-04-24,Technology,0.0027325436689366045,0.015698754651053186,5,8427656.0,0.2804208280562759
2025-04-25,Technology,0.005800847787113939,0.02413064636208608,5,5887855.0,0.2878483543832806
2025-04-28,Technology,0.011863829400356352,0.021372649583215206,5,11745019.0,0.30312716755321345
2025-04-29,Technology,-0.008938381269639039,0.005591322976806723,5,12103338.0,0.291479320086798
2025-04-30,Technology,-0.0009832346394404111,0.01742442969784275,5,9585504.0,0.2902094928831678
2025-05-01,Technology,-0.002400568860013874,0.009092115174205054,5,10413474.0,0.28711225615165814
2025-05-02,Technology,-0.008309824519385578,0.015721663506958427,5,7540658.0,0.27641657916628737
2025-05-05,Technology,0.01623957290087765,0.008777796312216632,5,9145637.0,0.29714503925554725
2025-05-06,Technology,0.0007033431447590832,0.012385016290422386,5,8996714.0,0.29805737732666593
2025-05-07,Technology,-0.01278984093710751,0.02397858391600422,5,9814033.0,0.2814554299434189
2025-05-08,Technology,-0.006924732064712602,0.031684325038283716,5,8299823.0,0.2725816944381896
2025-05-09,Technology,0.00741950827531217,0.011521656046899125,5,13267331.0,0.28202362485108456
2025-05-12,Technology,-0.009713303656922223,0.01975003391185631,5,8370043.0,0.2695709400875579
2025-05-13,Technology,-0.0006571808501140586,0.010685624554785373,5,12049883.0,0.268736602377871
2025-05-14,Technology,0.014903764810023756,0.02234929784329773,5,9801739.0,0.28764555430557937
2025-05-15,Technology,-0.0017202922969158153,0.01627597070443521,5,11623194.0,0.2854304275773496
2025-05-16,Technology,0.0057605045566609505,0.013529366407447091,5,11195276.0,0.29283515541267957
2025-05-19,Technology,0.0053529895250916,0.02259549192030768,5,8847660.0,0.29975568845727385
2025-05-20,Technology,-0.008964489953780208,0.02161541578753736,5,9768595.0,0.2881040416457299
2025-05-21,Technology,-0.005601228484674969,0.016079991770131308,5,12829011.0,0.2808890765964389
2025-05-22,Technology,0.01833656340659322,0.02107080618500717,5,10334323.0,0.30437618036626235
2025-05-23,Technology,0.009361672589683212,0.01568566308683124,5,8011041.0,0.31658732310063287
2025-05-26,Technology,-0.005536688823265501,0.011664713161762182,5,10231873.0,0.3092977887839685
2025-05-27,Technology,-0.020198981364775916,0.029617593260356657,5,9159835.0,0.2828513071473788
2025-05-28,Technology,-0.004453106276379404,0.021452637265185207,5,11637019.0,0.2771386339398594
2025-05-29,Technology,0.003452432796133742,0.01706892876658001,5,11003277.0,0.28154786924488295
2025-05-30,Technology,-0.001944354968560358,0.019107157609892865,5,10230974.0,0.27905608527786874
2025-06-02,Technology,-0.02051380237323286,0.008083984768733798,5,9234566.0,0.25281778152019774
2025-06-03,Technology,-0.002725512673909347,0.025604291778457085,5,7513713.0,0.24940321077856553
2025-06-04,Technology,-0.004424894218062314,0.021036600528362457,5,8286797.0,0.243874733735163
2025-06-05,Technology,0.012611862150647912,0.02487672504538956,5,9087718.0,0.2595623104097047
2025-06-06,Technology,-0.010847292832200673,0.0038864618737133633,5,8086309.0,0.24589946918828742
2025-06-09,Technology,0.02570439932026265,0.025212157104363905,5,8229784.0,0.27792456665720633
2025-06-10,Technology,0.006315383764698268,0.007510815844035689,5,10667801.0,0.2859951507179823
2025-06-11,Technology,-0.02472804049229029,0.015831997035792595,5,10763174.0,0.2541950105581392
2025-06-12,Technology,-0.014161106772183518,0.0183013568197711,5,7053235.0,0.2364342211004855
2025-06-13,Technology,-0.009273389029202139,0.014304334438011948,5,8224755.0,0.22496828555920212
2025-06-16,Technology,0.010807231400290829,0.022093913272480867,5,11767677.0,0.23820680127925775
2025-06-17,Technology,0.01197408531342119,0.01926766998720285,5,9363574.0,0.2530331951534339
2025-06-18,Technology,-0.009889853955670236,0.011655937511113632,5,10920704.0,0.24064087985175964
2025-06-19,Technology,0.009027086505239045,0.03414624617922898,5,10267847.0,0.2518402523961174
2025-06-20,Technology,-0.007169099272965629,0.023945758100526612,5,8001570.0,0.2428656853527953
2025-06-23,Technology,-0.0004567644049218389,0.028197500644880646,5,9236556.0,0.2422979885476273
2025-06-24,Technology,0.017265616696793894,0.015048480705338629,5,11585277.0,0.26374702944108863
2025-06-25,Technology,-0.0016671024694884685,0.034240758089889835,5,10165574.0,0.2616402336474988
2025-06-26,Technology,0.010034420990648062,0.02742157410791504,5,10444773.0,0.27430006289065734
2025-06-27,Technology,0.01097757549603604,0.014739085555037732,5,9510582.0,0.28828878803564284
2025-06-30,Technology,0.00949242874244236,0.014464837537653447,5,8770668.0,0.3005177775557586
2025-07-01,Technology,-0.0008608487785437546,0.019352681720379433,5,10013398.0,0.29939822841547525
2025-07-02,Technology,0.01575245769739588,0.008544263795220282,5,7751608.0,0.3198669440406614
2025-07-03,Technology,-0.0006451239506048756,0.0260378102927035,5,8254806.0,0.319015466263449
2025-07-04,Technology,-0.0028172713126302096,0.023259094438608647,5,10430951.0,0.3152994418294295
2025-07-07,Technology,-0.0012335244676388913,0.02880831106105039,5,9795777.0,0.3136769877856611
2025-07-08,Technology,0.006069433361452603,0.028904024897816485,5,9064082.0,0.3216502627214999
2025-07-09,Technology,0.012367900962855028,0.03311381557216635,5,8983780.0,0.33799630227837074
2025-07-10,Technology,0.008918786094809339,0.02573810579809574,5,10897907.0,0.34992960509403725
2025-07-11,Technology,0.0077281973786039295,0.02321292491110449,5,9118730.0,0.36036212752942465
2025-07-14,Technology,-0.0025506190158918864,0.013746621827446698,5,9613224.0,0.356892362018449
2025-07-15,Technology,-0.020670826724115954,0.023847395737773714,5,9294544.0,0.32884427511988923
2025-07-16,Technology,-0.005433448916223704,0.02278172171319058,5,7514668.0,0.321624067633409
2025-07-17,Technology,0.015489385518011689,0.0250165789262954,5,8310614.0,0.34209521232686546
2025-07-18,Technology,0.0005794001631739487,0.030247438522739957,5,9892792.0,0.34287282251188267
2025-07-21,Technology,0.014653461531354406,0.011296890436672598,5,9997000.0,0.3625505577580619
2025-07-22,Technology,-0.005468164340889281,0.021176713517915658,5,9014223.0,0.3550999073854706
2025-07-23,Technology,-0.013863408419010658,0.02873654272176182,5,9557900.0,0.3363136039208223
2025-07-24,Technology,0.014226179293434926,0.03225339741362629,5,10525277.0,0.35532424084245595
2025-07-25,Technology,0.006875215668237389,0.02170432748681419,5,11816492.0,0.36464238729863796
2025-07-28,Technology,0.004697600034230853,0.025134359036155515,5,11239030.0,0.37105293142392504
2025-07-29,Technology,0.010625058671720167,0.01810175794784615,5,11127605.0,0.3856204492623383
2025-07-30,Technology,0.0022767900213759296,0.025514916250482706,5,10393473.0,0.3887752160746334
2025-07-31,Technology,0.006061410252913202,0.02356093250618727,5,11377272.0,0.3971931524083401
2025-08-01,Technology,-0.006074455136736545,0.02271497387905328,5,10296107.0,0.38870596528668
2025-08-04,Technology,-0.00879541879252126,0.018418998554813642,5,10800577.0,0.37649171474231125
2025-08-05,Technology,0.006461257471190973,0.012834819246727424,5,10999639.0,0.3853855821182224
2025-08-06,Technology,-0.011901999594158209,0.022127725053407214,5,10817491.0,0.3688967234820988
2025-08-07,Technology,0.009288639401001508,0.028990336216351918,5,9472629.0,0.3816119115237364
2025-08-08,Technology,0.006582813229215811,0.015791045748923947,5,11095464.0,0.39070680469255703
2025-08-11,Technology,0.0035308923396067727,0.03301245992054541,5,7604362.0,0.3956172406958849
2025-08-12,Technology,0.008983439367846246,0.01457891415899454,5,9283348.0,0.40815468355839735
2025-08-13,Technology,-0.00014579197937001354,0.014740087900356011,5,11157769.0,0.4079493858998222
2025-08-14,Technology,-0.005818134742563319,0.02020255796677583,5,7664962.0,0.39975774666194774
2025-08-15,Technology,0.0007499796641557532,0.027870549278764783,5,14817065.0,0.40080753650668854
2025-08-18,Technology,-0.006226244030433881,0.03545391398360402,5,10867530.0,0.39208576694472685
2025-08-19,Technology,0.01860571552342547,0.011938522071435899,5,8351460.0,0.41798651870870995
2025-08-20,Technology,-0.011116017339543437,0.04138957163380518,5,12818506.0,0.402224155979505
2025-08-21,Technology,0.002574817883721048,0.034750104857638055,5,7587556.0,0.4058346278133067
2025-08-22,Technology,0.004248402572129217,0.012129387390114592,5,10659664.0,0.411807179262097
2025-08-25,Technology,-0.015227869337417644,0.024992527648002645,5,11780153.0,0.3903083640066656
2025-08-26,Technology,-0.005257505716270705,0.021115084479545687,5,9142440.0,0.3829988098355215
2025-08-27,Technology,0.002194386337038878,0.020193087918904225,5,8068150.0,0.38603364352796543
2025-08-28,Technology,-0.0010539839594856826,0.025309307991026597,5,12044822.0,0.3845727863003796
2025-08-29,Technology,-0.013965369263065552,0.0066652225220520025,5,11548938.0,0.36523671606810315
2025-09-01,Technology,0.004748536525772317,0.03412717821888428,5,10016008.0,0.37171959248067776
2025-09-02,Technology,0.005040789574783755,0.025495876025083058,5,7675329.0,0.378634142301981
2025-09-03,Technology,0.0025578950652383136,0.02521713389110587,5,9743564.0,0.38216054377134423
2025-09-04,Technology,0.016881058717346777,0.017877598341422444,5,7933480.0,0.4054928770675481
2025-09-05,Technology,-0.018713069499268542,0.03543404853413381,5,11434945.0,0.3791917911782561
2025-09-08,Technology,-0.008818566313548293,0.008346823709329737,5,10894600.0,0.36702929690864927
2025-09-09,Technology,-0.00038622004282693465,0.018110519150079222,5,9068241.0,0.36650132279505154
2025-09-10,Technology,-0.009265744187289027,0.029037306067751848,5,8428205.0,0.35383967110644066
2025-09-11,Technology,-0.010895118289456529,0.027722004401469585,5,11088017.0,0.3390894277447771
2025-09-12,Technology,-0.009444110960621055,0.011544648290508238,5,7676037.0,0.32644291860296093
2025-09-15,Technology,-0.007000876899021446,0.011182723620373007,5,10972911.0,0.317156655016243
2025-09-16,Technology,0.017957422799799217,0.009846376584543725,5,9497023.0,0.34080939396393894
2025-09-17,Technology,0.004938326168400353,0.009409472228490758,5,8577143.0,0.34743074808098817
2025-09-18,Technology,-0.003552258195998492,0.03083675927513518,5,8849431.0,0.3426443261625771
2025-09-19,Technology,-0.002923118596312535,0.021646648592610732,5,11702559.0,0.3387196175645377
2025-09-22,Technology,0.004574109739229937,0.022895268669246554,5,8842270.0,0.34484306800533804
2025-09-23,Technology,0.005241284707156524,0.00677987801276772,5,8098545.0,0.3518917734111999
2025-09-24,Technology,-0.001609699725632452,0.021818225172999466,5,9985794.0,0.3497156335944551
2025-09-25,Technology,-0.005490660623499321,0.023217904898228697,5,13201646.0,0.3423048031121565
2025-09-26,Technology,-0.008549957507427753,0.033591418481657066,5,9273639.0,0.3308281540835314
2025-09-29,Technology,-0.007575388785094739,0.019356156828698682,5,10930824.0,0.3207466134101986
2025-09-30,Technology,0.009796960165232193,0.027139371104899907,5,9006607.0,0.33368591537014347
2025-10-01,Technology,0.0017949259467348266,0.02120844804285111,5,8450061.0,0.3360797828244362
2025-10-02,Technology,0.003691310072689813,0.020254016715779716,5,8323209.0,0.34101166758469326
2025-10-03,Technology,-0.015465146229211224,0.018220156810308627,5,9322781.0,0.32027272605041746
2025-10-06,Technology,0.0037647160648980106,0.016646403740341202,5,10261927.0,0.325243177992226
2025-10-07,Technology,0.013237966823818526,0.019230252519030745,5,8607227.0,0.3427867032159788
2025-10-08,Technology,0.008323277329030265,0.00913932528919539,5,11192183.0,0.35396308934057963
2025-10-09,Technology,-0.0039632132470333705,0.02785424854876898,5,8417091.0,0.34859704488891086
2025-10-10,Technology,-0.01736300065730927,0.01097437247490843,5,10235081.0,0.32518135351205935
2025-10-13,Technology,0.004611278295319976,0.0203239997556161,5,8185183.0,0.3312921335248724
2025-10-14,Technology,0.01760179153680137,0.021647306271546946,5,10248810.0,0.3547252601337607
2025-10-15,Technology,-0.010294351979951566,0.0211689412959233,5,9536344.0,0.3407792414698123
2025-10-16,Technology,0.017571882377840665,0.013993274360769943,5,9689466.0,0.3643392565955701
2025-10-17,Technology,0.010629621552006575,0.016989018745449492,5,10851888.0,0.3788416665617269
2025-10-20,Technology,0.0005283969960146572,0.034024678024962215,5,10232142.0,0.37957024235631787
2025-10-21,Technology,0.006617538732572781,0.013931394108762648,5,9011333.0,0.38869960186941577
2025-10-22,Technology,-0.012124389437636097,0.01870303346191255,5,10199485.0,0.3718624670844608
2025-10-23,Technology,-0.006223648484821443,0.026354171733579002,5,8706785.0,0.3633244773198072
2025-10-24,Technology,-0.004615621315412888,0.0193834258002428,5,9413095.0,0.35703188780246564
2025-10-27,Technology,0.0031164315520618934,0.018996349338237097,5,10274507.0,0.3612609847947674
2025-10-28,Technology,0.009835753564248461,0.018773844240923983,5,5984563.0,0.3746500123778349
2025-10-29,Technology,0.006210113126694594,0.017235515819333056,5,11089130.0,0.38318674446431333
2025-10-30,Technology,0.0019824760607310087,0.021513623364506084,5,7092530.0,0.3859288790727342
2025-10-31,Technology,-0.004049712638827851,0.018159754589773983,5,9767258.0,0.3803162653746368
2025-11-03,Technology,-0.009620810967065551,0.019707723025389628,5,12264635.0,0.3670365035107015
2025-11-04,Technology,0.0025702882036956034,0.01118229172059475,5,8624096.0,0.3705501813096963
2025-11-05,Technology,0.0038165517831670213,0.0331698088839635,5,9021649.0,0.37578095704809367
2025-11-06,Technology,-0.0032872577892296474,0.01990549111895362,5,11701621.0,0.37125841038076346
2025-11-07,Technology,0.010891142178693868,0.029764759118379763,5,9268007.0,0.3861929806919502
2025-11-10,Technology,-0.010762536352191265,0.01581913074735645,5,10203943.0,0.3712740283461007
2025-11-11,Technology,0.0032238667040610514,0.01908804313957074,5,8405498.0,0.3756948330282295
2025-11-12,Technology,-0.006838386698959797,0.021316038659960346,5,11715209.0,0.36628729978022156
2025-11-13,Technology,-0.009603954283421534,0.024026895756361782,5,8060736.0,0.35316553901511294
2025-11-14,Technology,0.006862314920749601,0.02247908404309767,5,11234114.0,0.3624513870837405
2025-11-17,Technology,-0.009618246311220413,0.012392049500476171,5,8948415.0,0.349346994055705
2025-11-18,Technology,-0.0024343201463863815,0.03384857452421104,5,9523632.0,0.34606225148360936
2025-11-19,Technology,0.0018208577141476834,0.02250284083611524,5,9994122.0,0.3485132393179462
2025-11-20,Technology,-0.01925734294271624,0.020713327430946754,5,8265996.0,0.32254445740560733
2025-11-21,Technology,0.004253879538950289,0.02801697960786582,5,10027982.0,0.3281704022123173
2025-11-24,Technology,-0.011548349308097361,0.013738549711016653,5,11504716.0,0.31283222646689324
2025-11-25,Technology,-0.009907926748772522,0.024924349172450826,5,10608873.0,0.2998247809336314
2025-11-26,Technology,0.008702342188692813,0.03282859406925523,5,8061732.0,0.31113630096265865
2025-11-27,Technology,0.0069465906307566,0.013907649216677623,5,10092256.0,0.3202442281065707
2025-11-28,Technology,0.006026294673006039,0.028673312224400026,5,10705550.0,0.3282004088654764
2025-12-01,Technology,-0.0010208053383893522,0.02264225945541261,5,7403999.0,0.3268445747976556
2025-12-02,Technology,-0.0038787913623965276,0.017791311120902223,5,9867554.0,0.3216980215216878
2025-12-03,Technology,0.0014578820177531871,0.027292183145070873,5,10126942.0,0.3236249013001642
2025-12-04,Technology,-0.012524057141855404,0.029479879472613095,5,8465867.0,0.3070477474018982
2025-12-05,Technology,-0.007126079937121665,0.03001595859698676,5,9061134.0,0.2977336206722774
2025-12-08,Technology,0.010497043664213224,0.01490700627312272,5,8846468.0,0.3113559871529916
2025-12-09,Technology,0.0016256837644045064,0.01794112131326798,5,11309259.0,0.3134878372906609
2025-12-10,Technology,0.0020917850745181934,0.014666598432218876,5,9374701.0,0.3162353715442665
2025-12-11,Technology,0.015136196353208264,0.025437056433102387,5,11430966.0,0.33615816857499836
2025-12-12,Technology,0.007258932627192993,0.01110725146075754,5,10135800.0,0.345857250699958
2025-12-15,Technology,-0.030519600346166697,0.026067345991970643,5,10163229.0,0.3047822252856045
2025-12-16,Technology,0.0017781411042056884,0.011832895746819614,5,7970398.0,0.3071023121924219
2025-12-17,Technology,0.00608012844242285,0.02573633904872803,5,11220380.0,0.3150496621379397
2025-12-18,Technology,0.006041173871907035,0.009503607222524668,5,9850262.0,0.32299410579710774
2025-12-19,Technology,0.01964969066600979,0.01881528733437862,5,12499296.0,0.3489905307289751
2025-12-22,Technology,0.0035262728614255945,0.016298104686741192,5,9087956.0,0.35374743942780484
2025-12-23,Technology,0.011606248082151271,0.023745523164594457,5,8287891.0,0.36945936805038104
2025-12-24,Technology,-0.006587436972061589,0.020147048323064402,5,9955683.0,0.3604381407775499
2025-12-25,Technology,-0.01566005280845073,0.021624702137622704,5,10471158.0,0.33913360765034284
2025-12-26,Technology,0.012519049069840204,0.013095017505283607,5,8996789.0,0.35589828699558956
2025-12-29,Technology,-0.0069774268268638865,0.01993746843975925,5,11657001.0,0.3464376059134078
2025-12-30,Technology,-0.0048177586602068615,0.020071352096407317,5,10689930.0,0.3399507944770903
2025-12-31,Technology,-0.016330681873330023,0.020741993310930677,5,11095382.0,0.3180684843265691
2026-01-01,Technology,-0.020266191422717662,0.009515859502606645,5,11560990.0,0.2913562561149554
2026-01-02,Technology,-0.0166611914481799,0.012344149153825878,5,15851311.0,0.26984072230401934
2026-01-05,Technology,0.013656475772751841,0.014653613047083373,5,9454223.0,0.2871822713634178
2026-01-06,Technology,-0.009495949274910865,0.010061462589613022,5,10016380.0,0.27495925380698627
2026-01-07,Technology,0.0062459206921952285,0.01336756200756882,5,9030225.0,0.282922548192045
2026-01-08,Technology,-0.0039086630402242585,0.026772022142335053,5,13530967.0,0.27790803624445637
2026-01-09,Technology,-0.011822592000973598,0.0062916065178362495,5,8951915.0,0.26279985091717273
2026-01-12,Technology,-0.012386146003015974,0.020684306402522314,5,13071366.0,0.24715862759112572
2026-01-13,Technology,0.0014564898409049841,0.03314729321900644,5,12176557.0,0.24897510146220925
2026-01-14,Technology,0.00938141722180028,0.027463545605183753,5,7677866.0,0.2606922579886666
2026-01-15,Technology,0.003973116755695005,0.027999608478576615,5,12143672.0,0.2657011355226564
2026-01-16,Technology,-0.008090719467139507,0.018090346170528546,5,10743092.0,0.2554607027059028
2026-01-19,Technology,0.0030009414225051767,0.016218830307313643,5,10163816.0,0.2592282667329804
2026-01-20,Technology,0.015499471721268554,0.010008324667310666,5,9500497.0,0.27874563964383037
2026-01-21,Technology,0.005079612361608232,0.02275253023077433,5,10680107.0,0.2852411718023178
2026-01-22,Technology,-0.01084967353371249,0.035282614736155286,5,10370432.0,0.2712967246761766
2026-01-23,Technology,-0.0022995618897615256,0.028405372358619167,5,12969117.0,0.2683732991775325
2026-01-26,Technology,-0.005639870993684126,0.010304799824351465,5,9783598.0,0.26121983739833765
2026-01-27,Technology,0.005900197127660034,0.02484018840024736,5,8799430.0,0.268661283060303
2026-01-28,Technology,0.004844007557626639,0.02963117851022151,5,10402390.0,0.27480668790351537
2026-01-29,Technology,0.012219126366923927,0.015614132027209586,5,9885894.0,0.2903837119164083
2026-01-30,Technology,0.0092307511260739,0.027147635456315107,5,9674527.0,0.3022949228182481
2026-02-02,Technology,-0.002001009969755385,0.023039438163456483,5,9810492.0,0.2996890176941269
2026-02-03,Technology,0.00866342521955792,0.019160491619488542,5,10393748.0,0.31094877630760065
2026-02-04,Technology,0.008950050079481065,0.01275236617237403,5,12280110.0,0.32268183350718793
2026-02-05,Technology,0.007481737169178104,0.0227816771590032,5,8616105.0,0.33257779134393517
2026-02-06,Technology,0.0001292232271981497,0.02673604381229553,5,8123658.0,0.3327499913466252
2026-02-09,Technology,0.01193795871344241,0.016956601070515935,5,8691618.0,0.34866030571866213
2026-02-10,Technology,-0.010031209034325528,0.022338655691292515,5,11970453.0,0.3351316122757009
2026-02-11,Technology,-0.018466693854289007,0.008209746415643456,5,8598129.0,0.3104761455366223
2026-02-12,Technology,0.0015653931123990495,0.014037031589670576,5,9901301.0,0.31252755586880876
2026-02-13,Technology,0.001216140600859017,0.01885960169667491,5,10999080.0,0.31412377391924706
2026-02-16,Technology,0.024214081679481737,0.025667167029371735,5,11681004.0,0.34594407431787655
2026-02-17,Technology,-0.007631356027390801,0.007514195769423868,5,9063873.0,0.3356726958937999
2026-02-18,Technology,0.01672227953464649,0.01584806801857368,5,7314069.0,0.35800818808133084
2026-02-19,Technology,0.005179117554945023,0.006692239772059084,5,10147868.0,0.36504147212798177
2026-02-20,Technology,-0.00943026844496797,0.024981775463847434,5,7898497.0,0.3521687646073006
2026-02-23,Technology,-0.006774641095802903,0.01700128576980644,5,7552281.0,0.3430083065261309
2026-02-24,Technology,0.0012987544403995077,0.0220673732202869,5,9209694.0,0.3447525445277251
2026-02-25,Technology,-0.008603194284282445,0.01537995285419068,5,13928911.0,0.33318337712286983
2026-02-26,Technology,-0.005520757228599971,0.017501723922140902,5,11109936.0,0.32582319535656934
2026-02-27,Technology,0.001723309394094641,0.024816945724226016,5,15380250.0,0.3281079989240361
2026-03-02,Technology,0.0006803051643899493,0.022101692508424628,5,10464822.0,0.3290115176545718
2026-03-03,Technology,-0.004190302849742533,0.01908067983195904,5,11631943.0,0.32344255690480317
2026-03-04,Technology,-0.01729744558635493,0.012020295233778082,5,11709603.0,0.30055038129007583
2026-03-05,Technology,-0.007403369698947881,0.029299472224141053,5,8877662.0,0.2909219260052778
2026-03-06,Technology,-0.000651380267261703,0.03130096540222529,5,9907997.0,0.29008104493610243
2026-03-09,Technology,0.008149899733824762,0.029739998987216347,5,8919547.0,0.3005950761008396
2026-03-10,Technology,0.00568514251194816,0.01541893985719625,5,11542922.0,0.307989144458811
2026-03-11,Technology,0.004920294786580848,0.01990152021320275,5,12187208.0,0.3144248366271958
2026-03-12,Technology,0.0002473866456728757,0.01706642399452887,5,11158025.0,0.31475000777851814
2026-03-13,Technology,0.0007268585479617507,0.03526410573527213,5,10068413.0,0.3157056450601048
2026-03-16,Technology,0.010588782420405706,0.023087409862913178,5,10656583.0,0.32963736586494563
2026-03-17,Technology,0.005512471696722176,0.012868116301778922,5,11975974.0,0.33696695421118017
2026-03-18,Technology,0.015999734985033598,0.026206321999457133,5,11222705.0,0.35835807116230667
2026-03-19,Technology,0.005925381146157438,0.024471117823754794,5,10504434.0,0.36640686046690263
2026-03-20,Technology,0.014385530985249195,0.022474169943316427,5,11579685.0,0.3860633486966063
2026-03-23,Technology,0.01788521566136103,0.03765747062959126,5,8517121.0,0.41085339060835313
2026-03-24,Technology,0.013502549734578229,0.018531258873094227,5,7390641.0,0.4299035086832408
2026-03-25,Technology,-0.0010614095916934296,0.017335050375158173,5,8949085.0,0.4283857953839283
2026-03-26,Technology,0.0006849468360657695,0.011485370736273584,5,10894863.0,0.42936416371515773
2026-03-27,Technology,-0.011454163919854788,0.026034688047578688,5,10449681.0,0.41299199228279826
2026-03-30,Technology,-0.011133614263363501,0.008986365516841807,5,7453414.0,0.39726028448350026
2026-03-31,Technology,0.012577924922846973,0.014380964823987562,5,14807673.0,0.41483491943940964
2026-04-01,Technology,0.017939601895268376,0.013964288278292943,5,8068582.0,0.4402164946416769
2026-04-02,Technology,-0.009565958288146636,0.028330980450759016,5,11548183.0,0.4264394437280339
2026-04-03,Technology,0.020837541483505917,0.020580975601577713,5,10529569.0,0.4561629348104257
2026-04-06,Technology,0.0024460987429822056,0.019006048283275474,5,9460077.0,0.4597248531348428
2026-04-07,Technology,0.008742921050793573,0.02013110690538567,5,11914870.0,0.47248711228168205
2026-04-08,Technology,0.010698182450902306,0.01687245399221056,5,10567294.0,0.4882400480654736
2026-04-09,Technology,0.0022310353829652963,0.024550319816117085,5,9853052.0,0.49156036427105376
2026-04-10,Technology,0.010206742858036421,0.023960286654562853,5,12423832.0,0.5067843373664074
2026-04-13,Technology,-0.003342896971569931,0.013233418161928431,5,8712460.0,0.5017473125682161
2026-04-14,Technology,0.000615357135894401,0.013677820503038946,5,12499534.0,0.5026714234933154
2026-04-15,Technology,-0.01559587502518749,0.01597937650597941,5,7399916.0,0.47923594776859324
2026-04-16,Technology,-0.0009409218267316888,0.014335437807469334,5,11059227.0,0.47784410237845165
2026-04-17,Technology,0.009004756544863879,0.02510958928274586,5,10147653.0,0.4911517287316325
2026-04-20,Technology,0.0017965357230305345,0.029284355552117804,5,9833799.0,0.4938306360807576
2026-04-21,Technology,0.013282327532502825,0.011207165763557009,5,9174269.0,0.5136721838672693
2026-04-22,Technology,-0.003467766676751616,0.0166799039866728,5,9706554.0,0.5084231219085285
2026-04-23,Technology,0.009543837809830369,0.014440888963326856,5,9077430.0,0.5228192675326213
2026-04-24,Technology,0.0044882968517357515,0.02251165092657318,5,9450435.0,0.5296541324568504
2026-04-27,Technology,2.595976945545253e-05,0.02043671844952618,5,12011407.0,0.5296938419254755
2026-04-28,Technology,-0.010625893375350581,0.00937896908101354,5,13897962.0,0.5134394782642451
2026-04-29,Technology,0.001390962713755739,0.032478844827188845,5,9240975.0,0.5155446161480368
2026-04-30,Technology,0.003935764754842808,0.017969694958055876,5,10847962.0,0.5215094432326641
2026-05-01,Technology,-0.0053541906301169725,0.008683345827163024,5,9191081.0,0.5133629916280733
2026-05-04,Technology,-0.006780466765937421,0.030445137020298878,5,9802826.0,0.5031016841585394
2026-05-05,Technology,0.003327978716415059,0.025219568859982947,5,10364631.0,0.5081039745720266
2026-05-06,Technology,-0.0067703903252394945,0.030965474423679713,5,10234362.0,0.49789352201312886
2026-05-07,Technology,0.008093934300770078,0.02796586903357217,5,9503856.0,0.5100173737698521
2026-05-08,Technology,0.006402226706024705,0.01884864109336972,5,8744384.0,0.5196848473267626
2026-05-11,Technology,0.006930335502226636,0.010031510835455138,5,12842810.0,0.5302167731763869
2026-05-12,Technology,-0.009890306100345313,0.009314703618848725,5,9721766.0,0.5150824608897897
2026-05-13,Technology,-0.00530091232257397,0.021534696831417025,5,11779860.0,0.5070511416031434
2026-05-14,Technology,0.0029618959962299353,0.02439404730495732,5,10883348.0,0.5115148703455714
2026-05-15,Technology,-0.016080686136202903,0.022366870653442044,5,7386841.0,0.48720867412534075
2026-05-18,Technology,-0.014674809292487833,0.025958935439197677,5,10396004.0,0.4653841704544177
2026-05-19,Technology,-0.002115585831493205,0.026159526823692245,5,9796867.0,0.46228402446571004
2026-05-20,Technology,-0.008094471456862418,0.013860537858940274,5,10544047.0,0.45044760816784657
2026-05-21,Technology,-0.006157940874317314,0.03025750826743755,5,8696818.0,0.441515837555454
2026-05-22,Technology,0.012022156687403206,0.018319574206775272,5,11549593.0,0.4588459668219189
2026-05-25,Technology,0.009244433931794926,0.0199029929004186,5,9974870.0,0.4723321719788698
2026-05-26,Technology,-0.013309243938727854,0.024012148851645137,5,10424039.0,0.45273654394316587
2026-05-27,Technology,0.0017813644781723647,0.02128687083914879,5,11442379.0,0.4553243972186891
2026-05-28,Technology,-0.0008482545897752658,0.019991468790656223,5,9350502.0,0.4540899116191366
2026-05-29,Technology,0.019574007955837257,0.022072288370517897,5,8591713.0,0.4825522791176724
2026-06-01,Technology,0.0021864213452023494,0.028829729645855357,5,8951650.0,0.48579376306611355
2026-06-02,Technology,-0.02785812236725498,0.023250023962281215,5,10867521.0,0.44440233860211364
2026-06-03,Technology,0.009907422963773161,0.014113922364165967,5,13077744.0,0.458712643500508
2026-06-04,Technology,0.010143003828011032,0.00475980762623918,5,13360053.0,0.4735083714275017
2026-06-05,Technology,0.00924685636063538,0.009155241651215477,5,10727236.0,0.48713369168428566
2026-06-08,Technology,0.004184142927104895,0.022998761175554154,5,10631595.0,0.4933560716020058
2026-06-09,Technology,-0.01656067547847826,0.025348920532463914,5,9499162.0,0.4686250863263899
2026-06-10,Technology,-0.000796202140206903,0.023547375829796473,5,14084482.0,0.46745576388949517
2026-06-11,Technology,-0.008415746423529713,0.02264244105393658,5,12416125.0,0.45510602829285407
2026-06-12,Technology,0.01843110188409065,0.02320754175219382,5,12984840.0,0.48192523575247415
2026-06-15,Technology,-0.011877266154360178,0.0170807527531425,5,8702333.0,0.4643240153065791
2026-06-16,Technology,-0.015465494412117952,0.02539112815352923,5,9345231.0,0.44167752043032493
2026-06-17,Technology,-0.012592127868970748,0.00935072922857682,5,10025134.0,0.4235237327472454
2026-06-18,Technology,-0.0004795222113603614,0.01926887200840129,5,7493685.0,0.42284112149899444
2026-06-19,Technology,0.000706971409746937,0.03061587560616295,5,9542224.0,0.4238470294925065
2026-06-22,Technology,0.011369866442968867,0.024403972534181806,5,11026555.0,0.4400359800530542
2026-06-23,Technology,-0.002669043676897731,0.019009990582849908,5,8615814.0,0.4361924611259884
2026-06-24,Technology,-0.012472970849804099,0.019440142490647037,5,9891175.0,0.4182788744236554
2026-06-25,Technology,-0.0005566417262818923,0.017174483105955655,5,10345203.0,0.4174894012226471
2026-06-26,Technology,-0.013508338538573538,0.023683370239536743,5,10810217.0,0.3983414745160916
2026-06-29,Technology,0.006293192109879997,0.018299772163297284,5,10479239.0,0.407141506050434
2026-06-30,Technology,-0.004254032396602913,0.03974680162732311,5,10489210.0,0.4011554804970907
2026-07-01,Technology,-0.0011872247821869796,0.014232714433864462,5,9886963.0,0.39949199398694746
2026-07-02,Technology,-0.005668417669575576,0.026640317022182447,5,8498902.0,0.39155908883980217
2026-07-03,Technology,-0.0019441531331056972,0.018242463679687928,5,9709009.0,0.3888536848773325
2026-07-06,Technology,0.009119858910265965,0.031200954845808548,5,8845338.0,0.40151983453041673
2026-07-07,Technology,0.005826645587540402,0.023351402525424725,5,11059339.0,0.4096859938901338
2026-07-08,Technology,-0.008801965995127415,0.011320844011315096,5,11149699.0,0.39727798570810546
2026-07-09,Technology,-0.0038124859077124373,0.024342429418018084,5,8667292.0,0.3919508830784364
2026-07-10,Technology,0.01080937855131514,0.02199125076167263,5,9996848.0,0.40699700709846875
2026-07-13,Technology,0.009125880656314766,0.02320245771305622,5,8058467.0,0.41983709386904144
2026-07-14,Technology,0.005347846452157046,0.019722357822398288,5,9821379.0,0.42743016463412986
2026-07-15,Technology,0.006815587918600041,0.018303112624789026,5,10975383.0,0.4371589404188556
2026-07-16,Technology,-0.009908810516620136,0.017657582809444974,5,9437068.0,0.42291840479597864
2026-07-17,Technology,0.0016801731205079219,0.032862365107549286,5,9716170.0,0.4253091540523928
2026-07-20,Technology,-0.004833316418715583,0.02181117603062548,5,8288556.0,0.4184201839163657
2026-07-21,Technology,0.003883818954746854,0.02775875151533287,5,8822214.0,0.4239290711124555
2026-07-22,Technology,0.0006599300900514305,0.00751549410804666,5,8720313.0,0.4248687647525815
2026-07-23,Technology,0.013922705488175535,0.01830987895274125,5,9323175.0,0.444706792923532
2026-07-24,Technology,-0.006468191614038843,0.028775840431294383,5,9390640.0,0.4353621525607989
2026-07-27,Technology,0.002995382698928539,0.011943544525521505,5,8937122.0,0.4396616115192764
2026-07-28,Technology,0.002480955098699589,0.012250026693618816,5,10766927.0,0.44323334733477715
2026-07-29,Technology,0.0020063084027383436,0.02871326314062613,5,9764085.0,0.44612891852664727
2026-07-30,Technology,0.02079923395514167,0.01962574100702036,5,7332436.0,0.476207292232379
2026-07-31,Technology,-0.01490555721797857,0.016256396795218866,5,11069164.0,0.4542035999724121
2026-08-03,Technology,-0.0045015464233741035,0.014611995051965683,5,14487013.0,0.4476574349580986
2026-08-04,Technology,0.008952483774564191,0.02844247791551626,5,12995278.0,0.46061756465568826
2026-08-05,Technology,-0.02075812022083785,0.01881021969403382,5,12511789.0,0.4302978896518981
2026-08-06,Technology,-0.004545914644613047,0.02193429909274196,5,7797689.0,0.42379587752917036
2026-08-07,Technology,0.002657279625531905,0.011838352586416169,5,9905494.0,0.42757930130544497
2026-08-10,Technology,-0.015995892775134624,0.029509144269043164,5,9006120.0,0.4047438958737615
2026-08-11,Technology,0.002839065357711501,0.03155750220168666,5,10908950.0,0.40873205560499337
2026-08-12,Technology,-0.002197417722495554,0.014999276942851882,5,9233659.0,0.4056364828197594
2026-08-13,Technology,0.010188142314216275,0.03655458292786224,5,11382961.0,0.41995730734878145
2026-08-14,Technology,-0.0018345575221172083,0.015801851371338476,5,8561304.0,0.41735231398949946
2026-08-17,Technology,-0.01054497047173888,0.012357641892060215,5,9754856.0,0.4024063756904295
2026-08-18,Technology,0.0112588802141937,0.02586511566522268,5,8715018.0,0.4181959010859495
2026-08-19,Technology,0.0058952392099367755,0.014765116715988841,5,12359884.0,0.4265565051694029
2026-08-20,Technology,-0.009298411229517467,0.022078980692128998,5,9154972.0,0.41329179614219447
2026-08-21,Technology,0.003446086466600229,0.015152378267279065,5,6330629.0,0.41816212187423707
