date,ticker,sector,predicted_return,predicted_probability,technical_score,fundamental_score,risk_score,final_signal,rank,forward_return
2025-08-27,META,Technology,0.02344731009763154,0.6493911227349398,0.4,0.5375,0.6,0.684847780683735,1.0,0.05610903986389171
2025-08-27,GOOGL,Technology,0.02505071147585445,0.5943373973274865,0.1,0.48750000000000004,0.5,0.6560843493318717,2.0,-0.14360383877584093
2025-08-27,MSFT,Technology,0.004330164431468881,0.4936331903115117,0.7,0.375,0.7,0.6184082975778779,3.0,-0.0810411887166036
2025-08-27,JPM,Financials,-0.00791002212507157,0.46937684809498503,0.5,0.5625,0.9,0.5798442120237463,4.0,0.004101952980422485
2025-08-27,AMZN,Consumer Discretionary,-0.01825363304998314,0.40171671177319046,0.3,0.7,1.0,0.5454291779432976,5.0,0.1602489252301671
2025-08-27,JNJ,Healthcare,-0.022413104953658808,0.31687098550241805,0.8,0.725,0.8,0.5242177463756045,6.0,0.005649042508197422
2025-08-27,AAPL,Technology,-0.003127543733006063,0.43015376371594694,0.2,0.3875,0.2,0.4700384409289867,7.0,0.056393538895042505
2025-08-27,NVDA,Technology,-0.03440897229549359,0.2902549148017876,1.0,0.7375,0.3,0.42006372870044695,8.0,-0.021872449978329156
2025-08-27,TSLA,Consumer Discretionary,-0.027022831745679314,0.36602621387971235,0.6,0.3125,0.4,0.35900655346992805,9.0,0.10628101625565356
2025-08-27,XOM,Energy,-0.057850876080479355,0.23292506056646106,0.9,0.675,0.1,0.32823126514161527,10.0,-0.15786121677797615
2025-08-28,META,Technology,0.019316819631771537,0.6372805965026884,0.4,0.5375,0.5,0.6718201491256722,1.0,0.12747041056245534
2025-08-28,GOOGL,Technology,0.028677164364085024,0.6075240844701746,0.1,0.48750000000000004,0.6,0.6693810211175437,2.0,-0.1448765171151467
2025-08-28,MSFT,Technology,-0.0001760233777053752,0.47978610683063116,0.7,0.375,0.8,0.6249465267076577,3.0,-0.10827939654874552
2025-08-28,JPM,Financials,-0.011318035077402526,0.45372180200478623,0.5,0.5625,0.9,0.5759304505011965,4.0,-0.008038351824476653
2025-08-28,AMZN,Consumer Discretionary,-0.018007447122818508,0.4046403740266657,0.2,0.7,1.0,0.5361600935066664,5.0,0.14930458925413959
2025-08-28,AAPL,Technology,-0.006242309260642875,0.4201182699603111,0.3,0.3875,0.2,0.4775295674900778,6.0,0.0018121420702803537
2025-08-28,JNJ,Healthcare,-0.026769410972995275,0.3056918104719581,0.8,0.725,0.7,0.4764229526179895,7.0,-0.013868363071369294
2025-08-28,NVDA,Technology,-0.031198871787859933,0.3004217390774418,0.9,0.7375,0.3,0.4126054347693605,8.0,-0.024612840253358637
2025-08-28,TSLA,Consumer Discretionary,-0.02188861641908532,0.38139012851224957,0.6,0.3125,0.4,0.39784753212806234,9.0,0.10425027225480776
2025-08-28,XOM,Energy,-0.059955498870823666,0.2253887151555944,1.0,0.675,0.1,0.33634717878889864,10.0,-0.16784445124462377
2025-08-29,META,Technology,0.029170144145683648,0.6938705731150716,0.4,0.5375,0.6,0.730967643278768,1.0,0.16498525518276907
2025-08-29,GOOGL,Technology,0.02717929777290421,0.6394428712592827,0.1,0.48750000000000004,0.5,0.6323607178148207,2.0,-0.18646324243476997
2025-08-29,MSFT,Technology,0.004325721329291451,0.5305507566473865,0.7,0.375,0.7,0.6276376891618466,3.0,-0.11016930656718338
2025-08-29,JPM,Financials,-0.008343899536521008,0.49488615226631993,0.5,0.5625,0.9,0.58622153806658,4.0,-0.012218370464917472
2025-08-29,AMZN,Consumer Discretionary,-0.012024779431864566,0.4621929425385833,0.3,0.7,1.0,0.5605482356346458,5.0,0.1472514798854907
2025-08-29,JNJ,Healthcare,-0.02359377511303947,0.3497821497882084,0.8,0.725,0.8,0.4974455374470521,6.0,-0.009372012082903614
2025-08-29,AAPL,Technology,-0.0019345808948345701,0.470612119151446,0.2,0.3875,0.2,0.4801530297878615,7.0,0.037314196503283936
2025-08-29,NVDA,Technology,-0.026973851332040152,0.34420441543255503,1.0,0.7375,0.3,0.4335511038581388,8.0,-0.015224671286133917
2025-08-29,TSLA,Consumer Discretionary,-0.015813271524888657,0.4367796292465988,0.6,0.3125,0.4,0.4116949073116497,9.0,0.14927122023541495
2025-08-29,XOM,Energy,-0.05065147800198674,0.28386712806068776,0.9,0.675,0.1,0.34096678201517194,10.0,-0.21916567439627943
2025-09-01,META,Technology,0.02945989900618398,0.6896927638442742,0.4,0.5375,0.8,0.7499231909610686,1.0,0.12828457217916367
2025-09-01,JPM,Financials,-0.004894363615139358,0.4918824908797485,0.5,0.5625,1.0,0.630470622719937,2.0,-0.023232214396444073
2025-09-01,GOOGL,Technology,0.02696337936378146,0.6448406193649261,0.1,0.48750000000000004,0.4,0.6237101548412316,3.0,-0.13033048698967087
2025-09-01,MSFT,Technology,-0.0014584295076440347,0.5042078392620196,0.7,0.375,0.6,0.6110519598155049,4.0,-0.13562601002770747
2025-09-01,AMZN,Consumer Discretionary,-0.014018860546806245,0.4506208396609005,0.2,0.7,0.9,0.5376552099152251,5.0,0.11563519592745974
2025-09-01,TSLA,Consumer Discretionary,-0.010064133654992537,0.44644116362112474,0.6,0.3125,0.5,0.49411029090528114,6.0,0.12902325823462446
2025-09-01,NVDA,Technology,-0.02117617566792368,0.3537668578793414,1.0,0.7375,0.3,0.47094171446983535,7.0,-0.023446575694085037
2025-09-01,JNJ,Healthcare,-0.02534098603376006,0.3413873942735577,0.8,0.725,0.7,0.45034684856838947,8.0,0.00021434131295650083
2025-09-01,AAPL,Technology,-0.020930169615200764,0.3946390373335216,0.3,0.3875,0.1,0.3561597593333804,9.0,-0.020601313791367204
2025-09-01,XOM,Energy,-0.05988730724215932,0.2604643356591667,0.9,0.675,0.2,0.3451160839147917,10.0,-0.21970314549225844
2025-09-02,META,Technology,0.024953904295479702,0.668111936986662,0.4,0.5375,0.5,0.6795279842466656,1.0,0.1275918519673893
2025-09-02,GOOGL,Technology,0.03422089877549883,0.6653368840523862,0.1,0.48750000000000004,0.4,0.6638342210130966,2.0,-0.09711172360411024
2025-09-02,JPM,Financials,-0.003343298561440629,0.5116324733844057,0.5,0.5625,1.0,0.6354081183461013,3.0,-0.02785760797077963
2025-09-02,MSFT,Technology,0.0009919679013115825,0.5152231500781939,0.6,0.375,0.7,0.6138057875195484,4.0,-0.09855916487628902
2025-09-02,AMZN,Consumer Discretionary,-0.012653750489263505,0.44919911804927404,0.2,0.7,0.9,0.5372997795123184,5.0,0.1928510742206564
2025-09-02,TSLA,Consumer Discretionary,-0.004959853846558894,0.46316995348252943,0.7,0.3125,0.6,0.5182924883706324,6.0,0.17276923908081554
2025-09-02,JNJ,Healthcare,-0.020456917123457305,0.36256117563953166,0.9,0.725,0.8,0.47564029390988294,7.0,0.00943808856694095
2025-09-02,NVDA,Technology,-0.019236948905188768,0.352622882799734,1.0,0.7375,0.3,0.47065572069993356,8.0,-0.0463145190544515
2025-09-02,AAPL,Technology,-0.017531854950745725,0.4115633311269545,0.3,0.3875,0.2,0.3703908327817387,9.0,-0.05118355958883436
2025-09-02,XOM,Energy,-0.056515378447407005,0.2748079418482734,0.8,0.675,0.1,0.3287019854620684,10.0,-0.18726326208654476
2025-09-03,META,Technology,0.022160847179673003,0.6525841766082254,0.5,0.5375,0.8,0.7156460441520565,1.0,0.1422749405460313
2025-09-03,JPM,Financials,-0.0008339764494948716,0.5182806072802245,0.6,0.5625,1.0,0.6820701518200561,2.0,-0.04862474095996916
2025-09-03,GOOGL,Technology,0.031140135869983862,0.6546038290416419,0.1,0.48750000000000004,0.3,0.6511509572604105,3.0,-0.14169868874489022
2025-09-03,AMZN,Consumer Discretionary,-0.012061038062415146,0.4506856929864474,0.2,0.7,0.9,0.5376714232466118,4.0,0.200156829744909
2025-09-03,TSLA,Consumer Discretionary,-0.008093001847117023,0.45370938070931105,0.9,0.3125,0.6,0.5359273451773278,5.0,0.1421229996740654
2025-09-03,NVDA,Technology,-0.013738699581897188,0.36527137589734066,1.0,0.7375,0.5,0.5288178439743352,6.0,-0.05064204931836014
2025-09-03,MSFT,Technology,-0.001193692789929954,0.505837627199441,0.4,0.375,0.4,0.5264594067998603,7.0,-0.06359182519178141
2025-09-03,JNJ,Healthcare,-0.01715585243164039,0.37781558331158305,0.8,0.725,0.7,0.4944538958278958,8.0,0.047474009791523386
2025-09-03,XOM,Energy,-0.04186871604545216,0.3240546852348319,0.7,0.675,0.1,0.331013671308708,9.0,-0.138901020747906
2025-09-03,AAPL,Technology,-0.027010670697201818,0.39048408041805027,0.3,0.3875,0.2,0.2951210201045126,10.0,-0.050441145428216205
2025-09-04,META,Technology,0.027762113521690432,0.6797038066929525,0.5,0.5375,0.8,0.7574259516732382,1.0,0.1483819580222301
2025-09-04,JPM,Financials,0.0007902639383283699,0.5268734361073056,0.4,0.5625,1.0,0.6642183590268265,2.0,-0.06309938481589772
2025-09-04,GOOGL,Technology,0.02496761531062238,0.631182060172949,0.1,0.48750000000000004,0.4,0.6202955150432373,3.0,-0.14400791731545992
2025-09-04,NVDA,Technology,-0.005258938393331499,0.39355802931856376,1.0,0.7375,0.7,0.590889507329641,4.0,-0.029059360340821128
2025-09-04,MSFT,Technology,0.0002989636016976667,0.5032117472896935,0.9,0.375,0.3,0.5658029368224234,5.0,-0.12315292776624243
2025-09-04,TSLA,Consumer Discretionary,-0.0049158913265398545,0.46896730838693923,0.7,0.3125,0.5,0.5097418270967348,6.0,0.15254564075028032
2025-09-04,AMZN,Consumer Discretionary,-0.010487791508325323,0.4520770610607611,0.2,0.7,0.9,0.5030192652651903,7.0,0.20219051459766013
2025-09-04,JNJ,Healthcare,-0.014213620988239284,0.3895299673071522,0.8,0.725,0.6,0.48738249182678806,8.0,0.062092746811729826
2025-09-04,XOM,Energy,-0.03997990151178099,0.3296184685249073,0.6,0.675,0.1,0.32240461713122687,9.0,-0.06985560378456979
2025-09-04,AAPL,Technology,-0.036982218699065865,0.35773396117490985,0.3,0.3875,0.2,0.2869334902937275,10.0,-0.07377971073000655
2025-09-05,META,Technology,0.03200792144368531,0.7011903110483273,0.7,0.5375,0.8,0.7827975777620819,1.0,0.10224631226884595
2025-09-05,JPM,Financials,0.0013956354727307693,0.5246037674505514,0.8,0.5625,1.0,0.7036509418626379,2.0,-0.0753759471953035
2025-09-05,NVDA,Technology,-0.0012956237048743669,0.4096241456796372,1.0,0.7375,0.6,0.6549060364199093,3.0,-0.04010294331269848
2025-09-05,GOOGL,Technology,0.02350011203621665,0.6250182940425931,0.1,0.48750000000000004,0.4,0.6187545735106483,4.0,-0.12992360927091895
2025-09-05,AMZN,Consumer Discretionary,-0.009016400352006636,0.4507778084095703,0.2,0.7,0.9,0.5376944521023925,5.0,0.23041698983839454
2025-09-05,JNJ,Healthcare,-0.011320919849477471,0.3956416518672729,0.9,0.725,0.7,0.5089104129668183,6.0,0.027234041821004196
2025-09-05,TSLA,Consumer Discretionary,-0.006672902733200451,0.47038771417621694,0.6,0.3125,0.5,0.5000969285440542,7.0,0.1949996805821459
2025-09-05,MSFT,Technology,-0.010710326019180011,0.4618305552045763,0.4,0.375,0.3,0.40045763880114404,8.0,-0.03876465509453564
2025-09-05,AAPL,Technology,-0.032978856115697286,0.36983953558882354,0.5,0.3875,0.2,0.3099598838972059,9.0,-0.10764719420090652
2025-09-05,XOM,Energy,-0.04213769034661475,0.3177683931615377,0.3,0.675,0.1,0.2894420982903845,10.0,-0.005078271476694485
2025-09-08,META,Technology,0.03763261416116876,0.7124392902839581,0.7,0.5375,0.9,0.7956098225709894,1.0,0.10113661704190346
2025-09-08,NVDA,Technology,0.0025824588234090824,0.4265418239109767,1.0,0.7375,0.7,0.7041354559777442,2.0,-0.0014200317854031752
2025-09-08,JPM,Financials,-0.0030443084485382967,0.5061728536581948,0.9,0.5625,1.0,0.6390432134145486,3.0,-0.09710176344694499
2025-09-08,GOOGL,Technology,0.0181838860108732,0.6221549996130701,0.1,0.48750000000000004,0.4,0.6180387499032676,4.0,-0.12640572134652428
2025-09-08,TSLA,Consumer Discretionary,-0.0015570522704939234,0.49388241346262135,0.3,0.3125,0.5,0.5109706033656554,5.0,0.20179920309845256
2025-09-08,AMZN,Consumer Discretionary,-0.013915339100015101,0.4288116497165504,0.4,0.7,0.8,0.5072029124291375,6.0,0.21112321929928957
2025-09-08,JNJ,Healthcare,-0.01662025749933911,0.38035724952806904,0.8,0.725,0.6,0.48508931238201725,7.0,0.052171111311438256
2025-09-08,MSFT,Technology,-0.010358561214131017,0.4662475745470361,0.6,0.375,0.3,0.45656189363675903,8.0,-0.04573736409146889
2025-09-08,AAPL,Technology,-0.028852607290254323,0.3861050283413783,0.5,0.3875,0.2,0.3140262570853446,9.0,-0.08284106737779151
2025-09-08,XOM,Energy,-0.028996713274188977,0.36163643955067054,0.2,0.675,0.1,0.29040910988766766,10.0,0.04899884174526492
2025-09-09,META,Technology,0.03713581673331128,0.7108460646976965,0.9,0.5375,0.9,0.8152115161744241,1.0,0.08798766235854405
2025-09-09,NVDA,Technology,0.009610210462783306,0.46040409023315954,1.0,0.7375,0.6,0.7026010225582897,2.0,0.06843708152874073
2025-09-09,JPM,Financials,-0.006800428531350435,0.4999956217479596,0.8,0.5625,1.0,0.6274989054369898,3.0,-0.07762591128544183
2025-09-09,GOOGL,Technology,0.018089513636191358,0.6287568335286716,0.1,0.48750000000000004,0.4,0.619689208382168,4.0,-0.1386052535205019
2025-09-09,TSLA,Consumer Discretionary,0.0014049563739189906,0.49964511616486024,0.4,0.3125,0.5,0.5224112790412151,5.0,0.2179985708473562
2025-09-09,AMZN,Consumer Discretionary,-0.01878420001539765,0.40800428649380893,0.6,0.7,0.8,0.5220010716234522,6.0,0.20046898073067543
2025-09-09,JNJ,Healthcare,-0.020452755566177407,0.3635939265957631,0.7,0.725,0.7,0.4808984816489408,7.0,0.07048835430334344
2025-09-09,MSFT,Technology,-0.013705826187126681,0.4537184806260112,0.3,0.375,0.3,0.4234296201565029,8.0,-0.038498167655896975
2025-09-09,XOM,Energy,-0.02595079805696862,0.3787216110822927,0.2,0.675,0.1,0.3296804027705732,9.0,0.07973619419192768
2025-09-09,AAPL,Technology,-0.02844459589179392,0.3856085744968363,0.5,0.3875,0.2,0.2789021436242091,10.0,-0.06569073009439819
2025-09-10,META,Technology,0.038995318267183145,0.7148450251189697,0.9,0.5375,0.9,0.8162112562797424,1.0,0.10015758673845054
2025-09-10,NVDA,Technology,0.010446454006359284,0.4564035813541445,1.0,0.7375,0.7,0.711600895338536,2.0,0.05458018776154083
2025-09-10,GOOGL,Technology,0.02292686042864394,0.645481890796328,0.1,0.48750000000000004,0.4,0.623870472699082,3.0,-0.10976873021349332
2025-09-10,JPM,Financials,-0.0059373061157775246,0.5055722493330933,0.5,0.5625,1.0,0.5988930623332733,4.0,-0.11350778898978264
2025-09-10,TSLA,Consumer Discretionary,-0.0052081279488686,0.48134168647575415,0.4,0.3125,0.5,0.5178354216189386,5.0,0.1803735517370686
2025-09-10,AMZN,Consumer Discretionary,-0.018967027548058818,0.4125512957679872,0.6,0.7,0.8,0.4881378239419968,6.0,0.15825666286788298
2025-09-10,XOM,Energy,-0.008574628709676409,0.4300056623609251,0.2,0.675,0.1,0.44750141559023127,7.0,0.10716393287802273
2025-09-10,JNJ,Healthcare,-0.021922148691123383,0.34625105659809374,0.8,0.725,0.6,0.44156276414952345,8.0,0.01195643185308537
2025-09-10,MSFT,Technology,-0.01703533263255104,0.4483762870517671,0.3,0.375,0.3,0.38709407176294175,9.0,0.010344633337688425
2025-09-10,AAPL,Technology,-0.030020277211553766,0.3775961344187243,0.7,0.3875,0.2,0.2968990336046811,10.0,-0.05723070122737184
2025-09-11,META,Technology,0.03103673402324672,0.6923293574758405,1.0,0.5375,0.9,0.8205823393689601,1.0,0.03458451709601751
2025-09-11,NVDA,Technology,0.007177226503832734,0.45923912407463635,0.9,0.7375,0.7,0.7023097810186589,2.0,0.06061382121546277
2025-09-11,GOOGL,Technology,0.025556281800959403,0.6547954173551024,0.1,0.48750000000000004,0.4,0.6261988543387756,3.0,-0.08873073672470178
2025-09-11,JPM,Financials,-0.0056060791551033155,0.5085121360986804,0.4,0.5625,1.0,0.62462803402467,4.0,-0.08619924013564984
2025-09-11,AMZN,Consumer Discretionary,-0.02093404967841541,0.40555163889404316,0.8,0.7,0.8,0.5063879097235108,5.0,0.1786883787640845
2025-09-11,TSLA,Consumer Discretionary,-0.006407153157179575,0.4652177116141841,0.5,0.3125,0.5,0.488804427903546,6.0,0.1730218596479094
2025-09-11,JNJ,Healthcare,-0.021111076276711487,0.3493985727403827,0.7,0.725,0.6,0.43234964318509567,7.0,0.02064401146535033
2025-09-11,MSFT,Technology,-0.015034438105016102,0.45022704504916833,0.3,0.375,0.3,0.42255676126229214,8.0,0.03373329568137162
2025-09-11,XOM,Energy,-0.016533164635509225,0.39168534894174667,0.2,0.675,0.1,0.40292133723543666,9.0,0.07470576982809174
2025-09-11,AAPL,Technology,-0.022780996624005304,0.4130361797383796,0.6,0.3875,0.2,0.29575904493459493,10.0,-0.014399254394076189
2025-09-12,META,Technology,0.026479219695081255,0.6781525037641318,1.0,0.5375,0.9,0.782038125941033,1.0,0.04708344268134734
2025-09-12,NVDA,Technology,0.005144167466299402,0.4506398290458182,0.9,0.7375,0.7,0.7001599572614545,2.0,0.05778773912120805
2025-09-12,GOOGL,Technology,0.026812665923086322,0.6514014801255577,0.1,0.48750000000000004,0.4,0.6603503700313894,3.0,-0.10491117732945443
2025-09-12,JPM,Financials,-0.002569020225646673,0.5162492470782247,0.6,0.5625,1.0,0.6465623117695561,4.0,-0.059746532220401605
2025-09-12,AMZN,Consumer Discretionary,-0.018614605876608882,0.41782243998737867,0.8,0.7,0.8,0.5094556099968447,5.0,0.18532234835543338
2025-09-12,XOM,Energy,-0.008525136297410578,0.43711037157624993,0.2,0.675,0.1,0.4842775928940625,6.0,0.0800454390177967
2025-09-12,TSLA,Consumer Discretionary,-0.009012771501856776,0.46291452517116494,0.4,0.3125,0.6,0.4532286312927913,7.0,0.16567041010402606
2025-09-12,JNJ,Healthcare,-0.02072297688932309,0.3473749264994423,0.7,0.725,0.5,0.42184373162486055,8.0,0.02668072835480695
2025-09-12,MSFT,Technology,-0.013055743367930675,0.47060559233222166,0.3,0.375,0.3,0.3926513980830554,9.0,0.027841673307256842
2025-09-12,AAPL,Technology,-0.022227028515548336,0.4179882101626878,0.5,0.3875,0.2,0.286997052540672,10.0,-0.039519617668237306
2025-09-15,META,Technology,0.02884330611092751,0.6868544119312897,0.8,0.5375,0.9,0.7992136029828224,1.0,0.08771316041739707
2025-09-15,NVDA,Technology,0.006933986711837402,0.4655302104972981,0.6,0.7375,0.6,0.6638825526243246,2.0,0.06523571587218813
2025-09-15,JPM,Financials,-0.0029150597490630098,0.5085203911020766,0.7,0.5625,1.0,0.6546300977755191,3.0,-0.060446880090543886
2025-09-15,GOOGL,Technology,0.018713521258414703,0.6228861653873214,0.1,0.48750000000000004,0.4,0.6182215413468304,4.0,-0.09556312416552604
2025-09-15,TSLA,Consumer Discretionary,-0.008042481496855424,0.47094122692883905,0.4,0.3125,0.7,0.5002353067322097,5.0,0.152177375354843
2025-09-15,AMZN,Consumer Discretionary,-0.02113877284451056,0.40144305070522684,1.0,0.7,0.8,0.4553607626763067,6.0,0.154578323029817
2025-09-15,AAPL,Technology,-0.010259398466769631,0.44406747890687903,0.5,0.3875,0.3,0.4435168697267198,7.0,-0.01639294771224864
2025-09-15,JNJ,Healthcare,-0.019814480268467168,0.3489060748771311,0.9,0.725,0.5,0.44222651871928276,8.0,0.041938848866947875
2025-09-15,XOM,Energy,-0.01117150915882399,0.4238809769284552,0.2,0.675,0.1,0.4109702442321138,9.0,0.02456164033883379
2025-09-15,MSFT,Technology,-0.012464392739409231,0.4733560536494015,0.3,0.375,0.2,0.3483390134123504,10.0,0.00576751809265974
2025-09-16,META,Technology,0.034264953255091324,0.7046955785563781,0.7,0.5375,0.9,0.7936738946390944,1.0,0.11432746780253811
2025-09-16,NVDA,Technology,0.012866044625543162,0.4844916998853414,0.5,0.7375,0.6,0.6586229249713353,2.0,0.09105499459616784
2025-09-16,JPM,Financials,-0.00798915852954559,0.484809586504136,0.9,0.5625,1.0,0.633702396626034,3.0,-0.0778463582313812
2025-09-16,GOOGL,Technology,0.015022055739072039,0.6139380393605052,0.2,0.48750000000000004,0.4,0.6259845098401263,4.0,-0.10857879988493002
2025-09-16,TSLA,Consumer Discretionary,-0.004932029086052678,0.47743231002886566,0.4,0.3125,0.8,0.5468580775072165,5.0,0.14168020379978774
2025-09-16,AMZN,Consumer Discretionary,-0.028396250343259773,0.37847841501251167,1.0,0.7,0.7,0.43961960375312786,6.0,0.14610258702490175
2025-09-16,XOM,Energy,-0.011686713251657833,0.4307104759985997,0.1,0.675,0.1,0.43767761899964996,7.0,0.0777439374536526
2025-09-16,JNJ,Healthcare,-0.017881859360573835,0.36472087487410115,0.8,0.725,0.5,0.4361802187185253,8.0,0.04062629199882317
2025-09-16,AAPL,Technology,-0.01315871994616529,0.42593948691455247,0.6,0.3875,0.3,0.41398487172863807,9.0,-0.042493355743918215
2025-09-16,MSFT,Technology,-0.01746192001937953,0.45132507506296055,0.3,0.375,0.2,0.3428312687657402,10.0,-0.003442282976643063
2025-09-17,META,Technology,0.03440790456055021,0.7005016063800008,0.9,0.5375,0.9,0.8126254015950002,1.0,0.11293419116364722
2025-09-17,NVDA,Technology,0.015858390942150455,0.49694510283690146,0.4,0.7375,0.8,0.7067362757092255,2.0,0.09750540699651467
2025-09-17,GOOGL,Technology,0.013935348435411346,0.6098418820765039,0.2,0.48750000000000004,0.4,0.589960470519126,3.0,-0.12551167575097621
2025-09-17,JPM,Financials,-0.007641347191714852,0.49170119978102694,0.7,0.5625,1.0,0.5454252999452567,4.0,-0.06920404478731101
2025-09-17,AAPL,Technology,-0.002082335762600181,0.44441416919200655,0.8,0.3875,0.3,0.5436035422980017,5.0,-0.0534177463653176
2025-09-17,TSLA,Consumer Discretionary,-0.00383627931104011,0.4785314273689283,0.6,0.3125,0.7,0.48713285684223206,6.0,0.12292666947246844
2025-09-17,XOM,Energy,-0.002327742904190362,0.45871062513323724,0.1,0.675,0.1,0.47967765628330933,7.0,0.06924226889707863
2025-09-17,AMZN,Consumer Discretionary,-0.030221707665755153,0.3762219233135405,1.0,0.7,0.6,0.4290554808283851,8.0,0.10355425642418026
2025-09-17,JNJ,Healthcare,-0.01979579973640732,0.3729633666557052,0.5,0.725,0.5,0.40824084166392627,9.0,0.054084758365390506
2025-09-17,MSFT,Technology,-0.01959894045611446,0.4636484479245007,0.3,0.375,0.2,0.34591211198112526,10.0,-0.053099528405654794
2025-09-18,META,Technology,0.024665863667935953,0.6644046358609138,0.9,0.5375,0.6,0.7736011589652285,1.0,0.08628565258492027
2025-09-18,NVDA,Technology,0.022856283930849354,0.5205039232913525,0.4,0.7375,0.9,0.7226259808228382,2.0,0.16349464709775363
2025-09-18,JPM,Financials,-0.0052767679125199,0.5021220132049324,0.6,0.5625,1.0,0.6080305033012331,3.0,-0.07420654643783886
2025-09-18,GOOGL,Technology,0.019462699996768036,0.6268431010418234,0.2,0.48750000000000004,0.3,0.5842107752604558,4.0,-0.08730807310876598
2025-09-18,AAPL,Technology,0.007747546724498367,0.46818034247029533,0.7,0.3875,0.4,0.5495450856175739,5.0,-0.029174115740124407
2025-09-18,TSLA,Consumer Discretionary,-0.0059816057902802085,0.4643232044656635,0.8,0.3125,0.8,0.5135808011164159,6.0,0.10994679652232664
2025-09-18,AMZN,Consumer Discretionary,-0.028204042477973583,0.3793597258897509,1.0,0.7,0.7,0.43983993147243766,7.0,0.0842414878835358
2025-09-18,JNJ,Healthcare,-0.020312216775086885,0.36674314731841173,0.5,0.725,0.5,0.4066857868296029,8.0,0.04910097510532174
2025-09-18,MSFT,Technology,-0.006982763143890739,0.5033410569732656,0.3,0.375,0.2,0.3908352642433164,9.0,-0.0491270948118836
2025-09-18,XOM,Energy,-0.015937130891662342,0.40102266716024926,0.1,0.675,0.1,0.3602556667900623,10.0,0.013780968929920423
2025-09-19,META,Technology,0.020875810306447036,0.6529784451390525,0.8,0.5375,0.4,0.7407446112847631,1.0,0.1374229266051692
2025-09-19,NVDA,Technology,0.019450162359263244,0.5042818796470703,0.4,0.7375,0.9,0.7185704699117675,2.0,0.13901812996046337
2025-09-19,JPM,Financials,-0.0031108527125673175,0.5113352252620195,0.6,0.5625,1.0,0.6103338063155048,3.0,-0.07444789415794395
2025-09-19,GOOGL,Technology,0.01663953091903132,0.6152131322480207,0.3,0.48750000000000004,0.3,0.5913032830620052,4.0,-0.09979592213012045
2025-09-19,AAPL,Technology,0.009073856107413614,0.48079178142705487,0.5,0.3875,0.6,0.5526979453567638,5.0,0.004872455346906834
2025-09-19,JNJ,Healthcare,-0.018894084932327464,0.3725391917248002,0.7,0.725,0.7,0.5181347979312,6.0,0.036548538303621925
2025-09-19,AMZN,Consumer Discretionary,-0.023998654333676345,0.3926174900933931,1.0,0.7,0.8,0.4881543725233482,7.0,0.11621008415191891
2025-09-19,MSFT,Technology,-0.014827676086585596,0.48545840549257857,0.2,0.375,0.2,0.4113646013731447,8.0,-0.02753282235123944
2025-09-19,TSLA,Consumer Discretionary,-0.022364639407560394,0.39778587057368403,0.9,0.3125,0.5,0.406946467643421,9.0,0.05279088237723473
2025-09-19,XOM,Energy,-0.02924556077752362,0.3649880800410891,0.1,0.675,0.1,0.2812470200102723,10.0,0.01422679321160869
2025-09-22,META,Technology,0.024219503810887062,0.6674744788443955,0.8,0.5375,0.3,0.734368619711099,1.0,0.16015352554038031
2025-09-22,NVDA,Technology,0.018537137531055466,0.5066521657415446,0.4,0.7375,0.9,0.6841630414353862,2.0,0.16389730719502205
2025-09-22,GOOGL,Technology,0.018852557826945365,0.6137210283019245,0.2,0.48750000000000004,0.6,0.6459302570754812,3.0,-0.10320735714755547
2025-09-22,JPM,Financials,-0.004300179941405554,0.5045712864860504,0.5,0.5625,1.0,0.5986428216215126,4.0,-0.056140317511126026
2025-09-22,AAPL,Technology,0.0073961126002765635,0.478635129505025,0.6,0.3875,0.5,0.5521587823762563,5.0,0.03954465844636368
2025-09-22,JNJ,Healthcare,-0.01952093249989989,0.3669809695799152,0.7,0.725,0.7,0.5517452423949788,6.0,0.0654403202948135
2025-09-22,AMZN,Consumer Discretionary,-0.020177376804045896,0.3975327346509424,1.0,0.7,0.8,0.5243831836627355,7.0,0.07988888731086119
2025-09-22,MSFT,Technology,-0.019843441836348542,0.4622438308973145,0.3,0.375,0.2,0.38056095772432863,8.0,-0.11390032096440128
2025-09-22,TSLA,Consumer Discretionary,-0.027030827300677462,0.38346756637548796,0.9,0.3125,0.4,0.35836689159387203,9.0,0.030240635074154643
2025-09-22,XOM,Energy,-0.03437929195684039,0.3447967644600134,0.1,0.675,0.1,0.27619919111500335,10.0,-0.030565569747553756
2025-09-23,META,Technology,0.027004004089962126,0.6769023220447666,0.8,0.5375,0.3,0.7367255805111916,1.0,0.165349382968486
2025-09-23,NVDA,Technology,0.019177593016468174,0.5117181066760796,0.3,0.7375,0.9,0.6754295266690199,2.0,0.1494084379024927
2025-09-23,GOOGL,Technology,0.020681491147815978,0.6250620667004613,0.1,0.48750000000000004,0.6,0.6387655166751154,3.0,-0.09654332761298001
2025-09-23,JPM,Financials,-0.001508003961702554,0.5117956412545559,0.5,0.5625,1.0,0.6004489103136389,4.0,-0.04370495994606938
2025-09-23,AMZN,Consumer Discretionary,-0.01288453244906951,0.4204695944186596,1.0,0.7,0.8,0.6001173986046648,5.0,0.09727003971969594
2025-09-23,AAPL,Technology,0.007157325567764646,0.4743636004034139,0.6,0.3875,0.5,0.5510909001008535,6.0,0.055341923108155555
2025-09-23,JNJ,Healthcare,-0.021158649132293546,0.35452355624332016,0.7,0.725,0.7,0.47863088906083007,7.0,0.056634159824888286
2025-09-23,MSFT,Technology,-0.019799027491510343,0.46229529583380075,0.4,0.375,0.2,0.3905738239584502,8.0,-0.12085193054104015
2025-09-23,TSLA,Consumer Discretionary,-0.027384949993829205,0.384771906946312,0.9,0.3125,0.4,0.3586929767365781,9.0,-0.011710228557506364
2025-09-23,XOM,Energy,-0.05483545713035574,0.2837064517840283,0.2,0.675,0.1,0.2709266129460071,10.0,-0.13537311763313709
2025-09-24,META,Technology,0.027715433540895403,0.6791350312955092,0.8,0.5375,0.3,0.7372837578238773,1.0,0.17097894486635834
2025-09-24,NVDA,Technology,0.015394814293593075,0.4908026758716147,0.5,0.7375,0.7,0.6702006689679036,2.0,0.10741677825124207
2025-09-24,GOOGL,Technology,0.02133692777281844,0.6328921508100422,0.1,0.48750000000000004,0.5,0.6307230377025106,3.0,-0.11931392186000656
2025-09-24,JPM,Financials,-0.002884864631865996,0.5016538501125716,0.6,0.5625,1.0,0.6079134625281428,4.0,-0.07370992945315114
2025-09-24,JNJ,Healthcare,-0.006756765358410686,0.3938073910515982,0.7,0.725,0.9,0.5784518477628996,5.0,0.07846347493171679
2025-09-24,AMZN,Consumer Discretionary,-0.012159610965312432,0.42138090686382484,1.0,0.7,0.8,0.5653452267159562,6.0,0.09554836049747162
2025-09-24,AAPL,Technology,0.006685248175093258,0.47972882354380947,0.4,0.3875,0.4,0.5224322058859524,7.0,0.07653625834437427
2025-09-24,TSLA,Consumer Discretionary,-0.021604206475203884,0.3909602678427535,0.9,0.3125,0.6,0.4152400669606884,8.0,0.024679273633209986
2025-09-24,MSFT,Technology,-0.026305971746065103,0.44414572086608667,0.3,0.375,0.2,0.3060364302165217,9.0,-0.13365207854249728
2025-09-24,XOM,Energy,-0.05090738518178558,0.2944929539052007,0.2,0.675,0.1,0.2736232384763002,10.0,-0.20201674104273748
2025-09-25,META,Technology,0.030344796029587347,0.6828548462455792,0.8,0.5375,0.3,0.7382137115613949,1.0,0.1039365886576189
2025-09-25,NVDA,Technology,0.012738190768038284,0.4844688683193519,0.5,0.7375,0.6,0.6586172170798381,2.0,0.15225227355896265
2025-09-25,GOOGL,Technology,0.018919445668059212,0.6311430484055888,0.1,0.48750000000000004,0.5,0.6302857621013973,3.0,-0.10447085979164972
2025-09-25,JNJ,Healthcare,-0.006092071725517336,0.3985597439741968,0.7,0.725,0.9,0.6146399359935492,4.0,0.05426980951059712
2025-09-25,JPM,Financials,-0.007121995831176566,0.4918491658926962,0.6,0.5625,1.0,0.5704622914731741,5.0,-0.06429477878250556
2025-09-25,AMZN,Consumer Discretionary,-0.010454210702328891,0.4289224139294311,1.0,0.7,0.7,0.5572306034823576,6.0,0.14870802769104974
2025-09-25,AAPL,Technology,0.005535745521506006,0.4801213573269501,0.2,0.3875,0.4,0.5025303393317375,7.0,0.11043981107864198
2025-09-25,TSLA,Consumer Discretionary,-0.017838361786767988,0.39898453848713994,0.9,0.3125,0.8,0.437246134621785,8.0,-0.005221347797568332
2025-09-25,MSFT,Technology,-0.0228628522669862,0.4532153901107598,0.4,0.375,0.2,0.31830384752769003,9.0,-0.1613422147486716
2025-09-25,XOM,Energy,-0.04511350335862915,0.3044332909004538,0.3,0.675,0.1,0.28610832272511344,10.0,-0.16810454100127858
2025-09-26,META,Technology,0.026551138470443846,0.6771388876119598,0.8,0.5375,0.5,0.75678472190299,1.0,0.10058413114478926
2025-09-26,NVDA,Technology,0.013775317321269543,0.48945121752247667,0.5,0.7375,0.7,0.6698628043806191,2.0,0.13447102471466654
2025-09-26,JNJ,Healthcare,-0.006443750773299296,0.3931280704246458,0.7,0.725,0.9,0.6132820176061614,3.0,0.059434542055911255
2025-09-26,GOOGL,Technology,0.014958342879600739,0.6088887369908805,0.1,0.48750000000000004,0.3,0.6047221842477202,4.0,-0.0639132495765864
2025-09-26,JPM,Financials,-0.007106228291290803,0.49363114133100994,0.4,0.5625,1.0,0.5509077853327524,5.0,-0.07207808233901292
2025-09-26,AMZN,Consumer Discretionary,-0.010182031293665645,0.4313423786610892,0.9,0.7,0.6,0.5378355946652723,6.0,0.1201359375503539
2025-09-26,AAPL,Technology,-0.0003245754861428045,0.44907627069974565,0.6,0.3875,0.4,0.5347690676749364,7.0,0.10235768139943402
2025-09-26,TSLA,Consumer Discretionary,-0.01665349688214815,0.4022205936775455,1.0,0.3125,0.8,0.4480551484193864,8.0,0.003725540522876214
2025-09-26,MSFT,Technology,-0.021556930437735884,0.4570238578554759,0.3,0.375,0.2,0.30925596446386905,9.0,-0.15884814895451294
2025-09-26,XOM,Energy,-0.04510956235112336,0.30332280045877374,0.2,0.675,0.1,0.27583070011469346,10.0,-0.08750692024950535
2025-09-29,META,Technology,0.021777523830862705,0.6656557934451026,0.7,0.5375,0.3,0.7239139483612756,1.0,0.10860118861402279
2025-09-29,NVDA,Technology,0.014863987366736742,0.49797100094316876,0.6,0.7375,0.7,0.6819927502357922,2.0,0.17361795410941183
2025-09-29,GOOGL,Technology,0.017104880170498826,0.6012058434430453,0.1,0.48750000000000004,0.4,0.6128014608607614,3.0,-0.06921143202584923
2025-09-29,JPM,Financials,-0.002097298488719441,0.5208899605471566,0.5,0.5625,1.0,0.6027224901367891,4.0,-0.0649552557046087
2025-09-29,JNJ,Healthcare,-0.004806725474410444,0.4000107864611989,0.8,0.725,0.9,0.5900026966152997,5.0,0.049039200595209165
2025-09-29,AAPL,Technology,0.009122040712727328,0.48140588983647875,0.4,0.3875,0.8,0.5628514724591196,6.0,0.11545546465042
2025-09-29,AMZN,Consumer Discretionary,-0.009287650998114396,0.43545639509027484,0.9,0.7,0.5,0.5288640987725687,7.0,0.20269433250852553
2025-09-29,TSLA,Consumer Discretionary,-0.013589344342761397,0.4169926436011842,1.0,0.3125,0.6,0.43174816090029605,8.0,0.023737422718959955
2025-09-29,MSFT,Technology,-0.013887100090533821,0.4956287664676334,0.2,0.375,0.2,0.3089071916169084,9.0,-0.15353498139267574
2025-09-29,XOM,Energy,-0.03748984545308429,0.32716515361206555,0.3,0.675,0.1,0.2917912884030164,10.0,-0.15910609778591533
2025-09-30,META,Technology,0.025666370121773883,0.6791753098270973,0.8,0.5375,0.3,0.7372938274567744,1.0,0.09107660758587333
2025-09-30,NVDA,Technology,0.021284691070128224,0.5248664963495516,0.5,0.7375,0.8,0.723716624087388,2.0,0.21121810180324707
2025-09-30,JPM,Financials,0.0013044357286216659,0.5344684003666825,0.3,0.5625,1.0,0.5861171000916706,3.0,-0.0677911868034008
2025-09-30,JNJ,Healthcare,-0.0037282112853856894,0.41264987796776925,0.7,0.725,0.9,0.5831624694919423,4.0,0.05653926857014313
2025-09-30,GOOGL,Technology,0.01888563861064975,0.6004167763031488,0.1,0.48750000000000004,0.4,0.5776041940757872,5.0,-0.06542730142129138
2025-09-30,AAPL,Technology,0.010828646097767052,0.4916230801699197,0.2,0.3875,0.7,0.5354057700424799,6.0,0.15478033681162562
2025-09-30,AMZN,Consumer Discretionary,-0.006049575263508862,0.4268586253513111,0.9,0.7,0.5,0.5267146563378278,7.0,0.15525813163777014
2025-09-30,TSLA,Consumer Discretionary,-0.014412789033193115,0.4066930409182884,1.0,0.3125,0.6,0.4291732602295721,8.0,0.02292001874242633
2025-09-30,MSFT,Technology,-0.018362854638022043,0.4625226894770525,0.6,0.375,0.2,0.34063067236926314,9.0,-0.1975090224768251
2025-09-30,XOM,Energy,-0.043401607682967316,0.31931455360280725,0.4,0.675,0.1,0.29982863840070184,10.0,-0.15820818672010128
2025-10-01,META,Technology,0.020669387311666947,0.6456794605894444,0.8,0.5375,0.3,0.7289198651473612,1.0,0.04978183827776328
2025-10-01,NVDA,Technology,0.01944417813763339,0.49191682838584333,0.5,0.7375,0.8,0.6804792070964609,2.0,0.1956321303555102
2025-10-01,GOOGL,Technology,0.020657915580063718,0.5766053186118063,0.1,0.48750000000000004,0.4,0.6066513296529517,3.0,-0.030956393546777705
2025-10-01,JNJ,Healthcare,-0.0049422934326267655,0.3725478934712665,0.7,0.725,0.9,0.5731369733678167,4.0,0.03764152432603618
2025-10-01,JPM,Financials,-0.003192283263555234,0.48356936262710487,0.2,0.5625,1.0,0.5633923406567762,5.0,-0.03154015926774756
2025-10-01,AAPL,Technology,0.006802768354618542,0.44570814307581746,0.3,0.3875,0.7,0.5339270357689543,6.0,0.16436862314005318
2025-10-01,AMZN,Consumer Discretionary,-0.010325918716377685,0.38097498286304965,0.9,0.7,0.6,0.5252437457157624,7.0,0.15057881677402207
2025-10-01,TSLA,Consumer Discretionary,-0.014470777958215322,0.3802563110287993,1.0,0.3125,0.5,0.4125640777571998,8.0,0.053129216441955895
2025-10-01,MSFT,Technology,-0.01995595669070139,0.4239637510918852,0.6,0.375,0.2,0.33099093777297134,9.0,-0.1736129172043216
2025-10-01,XOM,Energy,-0.05385056953139162,0.261250604323753,0.4,0.675,0.1,0.2853126510809383,10.0,-0.17085373516629854
2025-10-02,META,Technology,0.026340010623394416,0.661645527025669,0.8,0.5375,0.3,0.7329113817564172,1.0,0.05202014594847748
2025-10-02,NVDA,Technology,0.010439339497573483,0.456392579298902,0.5,0.7375,0.7,0.6265981448247254,2.0,0.20388536055456585
2025-10-02,JNJ,Healthcare,0.0006552667443214105,0.3913420392750959,0.7,0.725,1.0,0.6228355098187739,3.0,0.03771386809178345
2025-10-02,GOOGL,Technology,0.01547526811018951,0.5622884505293937,0.2,0.48750000000000004,0.4,0.6130721126323485,4.0,-0.06867629911409379
2025-10-02,AAPL,Technology,0.010773356344384918,0.45574239695600716,0.3,0.3875,0.8,0.5814355992390019,5.0,0.1510749797942259
2025-10-02,JPM,Financials,-0.0033663398645723064,0.4813626619792762,0.1,0.5625,0.9,0.507840665494819,6.0,0.001974969124737491
2025-10-02,AMZN,Consumer Discretionary,-0.011189838526685914,0.37613083549998994,0.9,0.7,0.5,0.4790327088749975,7.0,0.11647909798648648
2025-10-02,TSLA,Consumer Discretionary,-0.010299354769338258,0.3917154260281748,1.0,0.3125,0.6,0.4604288565070436,8.0,0.07831354002702584
2025-10-02,MSFT,Technology,-0.01629175865215457,0.4382320718550572,0.4,0.375,0.2,0.31455801796376437,9.0,-0.14541189977215674
2025-10-02,XOM,Energy,-0.055548947611343394,0.2446897654569379,0.6,0.675,0.1,0.3011724413642345,10.0,-0.23094791272997506
2025-10-03,META,Technology,0.016233030189895588,0.6264697402413255,0.8,0.5375,0.2,0.6791174350603315,1.0,0.06651506609975066
2025-10-03,GOOGL,Technology,0.019530587064323743,0.5858119192784211,0.1,0.48750000000000004,0.4,0.6439529798196053,2.0,-0.06257762612288131
2025-10-03,NVDA,Technology,0.011876545432646263,0.46327475007825186,0.4,0.7375,0.6,0.6433186875195631,3.0,0.25396715276251336
2025-10-03,TSLA,Consumer Discretionary,-0.00179111092680185,0.4121661174477515,1.0,0.3125,0.8,0.5555415293619379,4.0,0.0682014651948355
2025-10-03,JNJ,Healthcare,-0.00453592917067032,0.3750411384818333,0.7,0.725,0.9,0.5387602846204583,5.0,0.07590643363150029
2025-10-03,AAPL,Technology,0.010998634890044033,0.460516644653999,0.3,0.3875,0.7,0.5376291611634997,6.0,0.1721443201702113
2025-10-03,JPM,Financials,-0.0035045415615021997,0.4830553852559594,0.2,0.5625,1.0,0.5282638463139898,7.0,-0.0012551056380987191
2025-10-03,AMZN,Consumer Discretionary,-0.015755691476438835,0.358117528947062,0.9,0.7,0.5,0.4395293822367655,8.0,0.06714181828311672
2025-10-03,MSFT,Technology,-0.005828003357865276,0.4541767640672732,0.5,0.375,0.3,0.37354419101681824,9.0,-0.16354149317526412
2025-10-03,XOM,Energy,-0.043095901965554885,0.27038431283622455,0.6,0.675,0.1,0.30759607820905616,10.0,-0.18873551211841955
2025-10-06,META,Technology,0.01937064097540169,0.6411284986080727,0.8,0.5375,0.2,0.6827821246520183,1.0,0.05896605279454681
2025-10-06,GOOGL,Technology,0.02065886883611806,0.5948841517618771,0.2,0.48750000000000004,0.4,0.6562210379404694,2.0,-0.07610549779294307
2025-10-06,NVDA,Technology,0.0024878488610576843,0.42969927926543794,0.5,0.7375,0.5,0.5999248198163595,3.0,0.24188011455029135
2025-10-06,AAPL,Technology,0.012134273061657515,0.4631406136342688,0.3,0.3875,0.7,0.5732851534085671,4.0,0.15557130378300044
2025-10-06,TSLA,Consumer Discretionary,0.002411206501926368,0.4279394503518442,1.0,0.3125,0.8,0.5594848625879612,5.0,0.05382822771007367
2025-10-06,JNJ,Healthcare,-0.008575728324674658,0.35912550729516624,0.6,0.725,0.9,0.4897813768237915,6.0,0.07003390974707058
2025-10-06,JPM,Financials,-0.007312427559686559,0.4773859888919259,0.1,0.5625,1.0,0.48184649722298145,7.0,0.004714005192019144
2025-10-06,AMZN,Consumer Discretionary,-0.012971865712921546,0.3812788085640291,0.9,0.7,0.6,0.45531970214100725,8.0,0.06909330897839316
2025-10-06,MSFT,Technology,6.983223718398397e-05,0.47728112135084977,0.4,0.375,0.3,0.4393202803377124,9.0,-0.18157971598324385
2025-10-06,XOM,Energy,-0.04700518184777202,0.250134335656124,0.7,0.675,0.1,0.312533583914031,10.0,-0.2044049318946355
2025-10-07,META,Technology,0.020002114352056462,0.6483100760176426,0.7,0.5375,0.2,0.6745775190044107,1.0,0.056846875731176194
2025-10-07,GOOGL,Technology,0.021759475306767376,0.6038087186729685,0.1,0.48750000000000004,0.5,0.6584521796682422,2.0,-0.06315695236145724
2025-10-07,AAPL,Technology,0.012001865226833212,0.4622470017320039,0.3,0.3875,0.7,0.5730617504330009,3.0,0.15301997229300102
2025-10-07,TSLA,Consumer Discretionary,0.0026860624472717304,0.42996912580744356,1.0,0.3125,0.8,0.559992281451861,4.0,0.04048875184966172
2025-10-07,NVDA,Technology,-0.007612851138289096,0.39277780646635774,0.6,0.7375,0.4,0.5206944516165894,5.0,0.17616388462396526
2025-10-07,MSFT,Technology,0.0026920159537062397,0.4908568475547332,0.4,0.375,0.3,0.5127142118886833,6.0,-0.18792699261037105
2025-10-07,JNJ,Healthcare,-0.011610464290460839,0.34441264111082603,0.5,0.725,0.9,0.5111031602777065,7.0,0.0438372969972356
2025-10-07,AMZN,Consumer Discretionary,-0.011965992113745319,0.3867340256331611,0.9,0.7,0.6,0.4916835064082903,8.0,0.021634106885193738
2025-10-07,JPM,Financials,-0.013401197614061255,0.44627409046664035,0.2,0.5625,1.0,0.41406852261666005,9.0,-0.013438857701887574
2025-10-07,XOM,Energy,-0.03770320713123617,0.26591329467962255,0.8,0.675,0.1,0.3264783236699057,10.0,-0.17459401774925187
2025-10-08,GOOGL,Technology,0.02221040422662593,0.6014023745341943,0.2,0.48750000000000004,0.5,0.6678505936335487,1.0,-0.11310002566696842
2025-10-08,META,Technology,0.01880820052511631,0.6497205294527635,0.6,0.5375,0.2,0.6649301323631909,2.0,0.05181532913453868
2025-10-08,AAPL,Technology,0.007529524741554076,0.44635451956202843,0.3,0.3875,0.7,0.569088629890507,3.0,0.14364745463444417
2025-10-08,TSLA,Consumer Discretionary,-0.0014158354095549545,0.4253992416065004,1.0,0.3125,0.8,0.5588498104016251,4.0,0.058270796278296455
2025-10-08,NVDA,Technology,-0.0052624344491345966,0.4020098493180952,0.9,0.7375,0.4,0.5530024623295239,5.0,0.16537799584745327
2025-10-08,MSFT,Technology,0.004075708463943317,0.4817506756881314,0.5,0.375,0.3,0.5204376689220328,6.0,-0.14414827664486185
2025-10-08,JNJ,Healthcare,-0.005717660849484439,0.3654977076369879,0.4,0.725,1.0,0.516374426909247,7.0,0.07145635894595026
2025-10-08,AMZN,Consumer Discretionary,-0.012332183333114014,0.38921475588467974,0.7,0.7,0.6,0.4723036889711699,8.0,0.058512811157820366
2025-10-08,JPM,Financials,-0.013689235022322567,0.44889457990300363,0.1,0.5625,0.9,0.3947236449757509,9.0,0.05637692434085895
2025-10-08,XOM,Energy,-0.0401441503018529,0.25914184971564214,0.8,0.675,0.1,0.3247854624289106,10.0,-0.14330740650446894
2025-10-09,GOOGL,Technology,0.023442868027168072,0.6021902368218235,0.2,0.48750000000000004,0.6,0.6780475592054558,1.0,-0.1256983716391742
2025-10-09,META,Technology,0.019274676771144576,0.6433125134528282,0.6,0.5375,0.2,0.6633281283632071,2.0,0.1144356851111219
2025-10-09,AAPL,Technology,0.003289649580699162,0.43060942998666235,0.4,0.3875,0.8,0.5851523574966655,3.0,0.13638507550076162
2025-10-09,NVDA,Technology,-0.007237507534229554,0.39450518550212516,0.7,0.7375,0.5,0.5411262963755313,4.0,0.18490446899064117
2025-10-09,TSLA,Consumer Discretionary,-0.0006126385555026387,0.42910505214293576,0.9,0.3125,0.7,0.5397762630357339,5.0,0.03799161969107012
2025-10-09,MSFT,Technology,-0.00023150568662627527,0.4682484099341299,0.5,0.375,0.3,0.5170621024835325,6.0,-0.18557938732908008
2025-10-09,JNJ,Healthcare,-0.0076419156073886715,0.35798779178576834,0.3,0.725,1.0,0.5044969479464421,7.0,0.03501824670386933
2025-10-09,AMZN,Consumer Discretionary,-0.01691424420946276,0.3669317131922877,1.0,0.7,0.4,0.44173292829807187,8.0,0.003181927021180808
2025-10-09,JPM,Financials,-0.011739619834905993,0.4520744415153751,0.1,0.5625,0.9,0.4305186103788438,9.0,0.03108914595508172
2025-10-09,XOM,Energy,-0.040574524321777855,0.26238635919104714,0.8,0.675,0.1,0.32559658979776185,10.0,-0.11790914054935875
2025-10-10,META,Technology,0.021696640847326913,0.6516658244949509,0.6,0.5375,0.2,0.7004164561237378,1.0,0.10579068370832889
2025-10-10,GOOGL,Technology,0.015943370079816978,0.5793701211526477,0.1,0.48750000000000004,0.6,0.6273425302881619,2.0,-0.08716758751445053
2025-10-10,JNJ,Healthcare,-0.005408984477238772,0.3649413706028702,0.5,0.725,1.0,0.5962353426507175,3.0,0.013365735972723947
2025-10-10,TSLA,Consumer Discretionary,0.000186907517971045,0.43283464136538846,0.8,0.3125,0.8,0.575708660341347,4.0,0.008649923136614834
2025-10-10,AAPL,Technology,0.007738080976147063,0.45080115236106283,0.3,0.3875,0.7,0.5702002880902657,5.0,0.19006815737308802
2025-10-10,NVDA,Technology,-0.0056010798204595875,0.3994994270672029,0.9,0.7375,0.5,0.5623748567668008,6.0,0.24696951479794915
2025-10-10,AMZN,Consumer Discretionary,-0.020464310545999488,0.3600570451361358,1.0,0.7,0.4,0.440014261284034,7.0,-0.03713302140978969
2025-10-10,JPM,Financials,-0.016976985166044893,0.42086303126475655,0.2,0.5625,0.9,0.43271575781618915,8.0,0.015570707277852591
2025-10-10,MSFT,Technology,-0.006580871391853576,0.4538072705835059,0.4,0.375,0.3,0.39845181764587645,9.0,-0.17927844566936435
2025-10-10,XOM,Energy,-0.04633801196906547,0.25164220946379456,0.7,0.675,0.1,0.31291055236594867,10.0,-0.11941092261221531
2025-10-13,META,Technology,0.015336668282709723,0.6279092775575202,0.7,0.5375,0.2,0.66947731938938,1.0,0.049411417664149804
2025-10-13,GOOGL,Technology,0.01626410995374556,0.5714459845374302,0.1,0.48750000000000004,0.5,0.6503614961343576,2.0,-0.10003719494863494
2025-10-13,NVDA,Technology,-0.006529630484331623,0.40063661473845696,0.9,0.7375,0.6,0.6076591536846143,3.0,0.2504946329730502
2025-10-13,AAPL,Technology,0.007240888738112325,0.44866337946521406,0.4,0.3875,0.7,0.5796658448663035,4.0,0.1716646134533959
2025-10-13,TSLA,Consumer Discretionary,-0.002902795930762177,0.42679150110833813,0.8,0.3125,0.8,0.5741978752770845,5.0,0.002967446535048879
2025-10-13,JNJ,Healthcare,-0.0072224596635221405,0.35733035329118507,0.6,0.725,1.0,0.5343325883227963,6.0,-0.030319974873799116
2025-10-13,AMZN,Consumer Discretionary,-0.025302686048719228,0.3480098064480157,1.0,0.7,0.4,0.4370024516120039,7.0,-0.04972474040161978
2025-10-13,JPM,Financials,-0.01813724727389792,0.419947703374043,0.2,0.5625,0.9,0.4324869258435108,8.0,0.02700405231584857
2025-10-13,MSFT,Technology,-0.007073125170173328,0.4547890318165765,0.3,0.375,0.3,0.42369725795414415,9.0,-0.1772259586079269
2025-10-13,XOM,Energy,-0.03889673757303713,0.28946356872040746,0.5,0.675,0.1,0.3023658921801019,10.0,-0.08870251614495595
2025-10-14,META,Technology,0.01422529625847349,0.6251369360338258,0.8,0.5375,0.2,0.6787842340084564,1.0,-0.0011796114715059147
2025-10-14,GOOGL,Technology,0.018324477271178148,0.5790495854121066,0.1,0.48750000000000004,0.6,0.6622623963530267,2.0,-0.10301966748112446
2025-10-14,AAPL,Technology,0.005346525592470541,0.4430439323429121,0.3,0.3875,0.8,0.5782609830857279,3.0,0.19922682118186996
2025-10-14,JNJ,Healthcare,-0.007563643173642455,0.3584756797066327,0.6,0.725,1.0,0.5696189199266581,4.0,-0.025407823686861897
2025-10-14,TSLA,Consumer Discretionary,0.000496775830701069,0.4364906928231459,0.7,0.3125,0.7,0.5566226732057864,5.0,-0.06060678928198171
2025-10-14,NVDA,Technology,-0.014787106627472015,0.37120633190480823,0.9,0.7375,0.4,0.5103015829762021,6.0,0.19296898545189145
2025-10-14,MSFT,Technology,-0.00043561657415829144,0.4700265806921549,0.4,0.375,0.3,0.47250664517303875,7.0,-0.17260119318773093
2025-10-14,AMZN,Consumer Discretionary,-0.019416816650090617,0.3654114861868614,1.0,0.7,0.5,0.4513528715467153,8.0,-0.06768866908352722
2025-10-14,JPM,Financials,-0.015899548389600046,0.43239921250122937,0.2,0.5625,0.9,0.4355998031253074,9.0,0.05069019276352371
2025-10-14,XOM,Energy,-0.03529147548218277,0.2902858394600363,0.5,0.675,0.1,0.3025714598650091,10.0,-0.08430399611937744
2025-10-15,META,Technology,0.016653785411247006,0.6351944800668375,0.7,0.5375,0.2,0.6712986200167094,1.0,-0.030882431672187516
2025-10-15,GOOGL,Technology,0.017695185839424858,0.5784268914953484,0.1,0.48750000000000004,0.6,0.6621067228738371,2.0,-0.11594770305331137
2025-10-15,JNJ,Healthcare,-0.002736696008652414,0.37851369605981416,0.8,0.725,1.0,0.6296284240149536,3.0,-0.024184648025195377
2025-10-15,AAPL,Technology,0.0075448898325616515,0.44900426734520893,0.4,0.3875,0.7,0.5797510668363022,4.0,0.22227487550619918
2025-10-15,TSLA,Consumer Discretionary,0.00016633297287159095,0.44359403366114425,0.6,0.3125,0.8,0.558398508415286,5.0,-0.06585484902615535
2025-10-15,AMZN,Consumer Discretionary,-0.01714343032644556,0.37945749408595336,0.9,0.7,0.5,0.47986437352148836,6.0,-0.05257500203749499
2025-10-15,JPM,Financials,-0.015216550468071808,0.44865900275874454,0.2,0.5625,0.9,0.47466475068968617,7.0,0.05385446700707086
2025-10-15,NVDA,Technology,-0.01946504315762535,0.3638082620183802,1.0,0.7375,0.4,0.44845206550459504,8.0,0.1622977879605756
2025-10-15,MSFT,Technology,-0.004017438911470697,0.4564253411484,0.3,0.375,0.3,0.42410633528710007,9.0,-0.11335527283479252
2025-10-15,XOM,Energy,-0.03248498357938059,0.30689186791831335,0.5,0.675,0.1,0.30672296697957835,10.0,-0.019542505938125898
2025-10-16,META,Technology,0.025515964925640455,0.6735105386210164,0.7,0.5375,0.3,0.7258776346552541,1.0,-0.022937923994115206
2025-10-16,JNJ,Healthcare,0.00038321229276718936,0.3906035794927353,0.8,0.725,1.0,0.6676508948731837,2.0,-0.03176224935258409
2025-10-16,GOOGL,Technology,0.017272623597598846,0.5629838697376639,0.2,0.48750000000000004,0.7,0.643245967434416,3.0,-0.14522039700504918
2025-10-16,AAPL,Technology,0.005873475027761565,0.4418827404059758,0.4,0.3875,0.6,0.5679706851014938,4.0,0.16655736213071748
2025-10-16,TSLA,Consumer Discretionary,0.00015870961316531056,0.4540117079799939,0.6,0.3125,0.8,0.5260029269949985,5.0,-0.07168312009841549
2025-10-16,AMZN,Consumer Discretionary,-0.01443866666989691,0.3970626192365191,0.9,0.7,0.5,0.5192656548091298,6.0,-0.04709968085196936
2025-10-16,JPM,Financials,-0.01775011113906489,0.4490551889495835,0.1,0.5625,0.9,0.4297637972373959,7.0,0.04601741573870166
2025-10-16,MSFT,Technology,-0.006855926553095002,0.4495495878643058,0.3,0.375,0.2,0.4123873969660765,8.0,-0.11904399431946433
2025-10-16,NVDA,Technology,-0.02252125740608476,0.35600550114649715,1.0,0.7375,0.4,0.41150137528662434,9.0,0.09732528040622124
2025-10-16,XOM,Energy,-0.021505330122142896,0.33403630508569054,0.5,0.675,0.1,0.34850907627142264,10.0,-0.020381687665903092
2025-10-17,META,Technology,0.026434738593606212,0.6751594449031406,0.8,0.5375,0.3,0.7362898612257851,1.0,-0.005760612022381428
2025-10-17,JNJ,Healthcare,-0.003682898765456461,0.3814450796724863,0.7,0.725,1.0,0.6553612699181215,2.0,-0.003942453234763055
2025-10-17,GOOGL,Technology,0.018215200660463345,0.5751732849811423,0.1,0.48750000000000004,0.7,0.6362933212452856,3.0,-0.13103762695467536
2025-10-17,TSLA,Consumer Discretionary,0.00955201418798049,0.47820867813226203,0.6,0.3125,0.9,0.6120521695330655,4.0,-0.08236060835676218
2025-10-17,AMZN,Consumer Discretionary,-0.014869260491427705,0.38719299748391905,0.9,0.7,0.4,0.5067982493709797,5.0,-0.05947635316396416
2025-10-17,AAPL,Technology,-0.005302835082901883,0.4015625812770104,0.5,0.3875,0.6,0.4978906453192526,6.0,0.16563572412159955
2025-10-17,NVDA,Technology,-0.02500469027965213,0.34923926052556253,1.0,0.7375,0.5,0.4548098151313907,7.0,0.07595426169850938
2025-10-17,JPM,Financials,-0.015123824122347392,0.46422847626522207,0.2,0.5625,0.8,0.43355711906630556,8.0,0.06849515588907162
2025-10-17,MSFT,Technology,-0.010895825780166925,0.43366074574377733,0.3,0.375,0.2,0.4084151864359443,9.0,-0.14724000467496856
2025-10-17,XOM,Energy,-0.02512208876813836,0.3264963217780743,0.4,0.675,0.1,0.3016240804445186,10.0,-0.026429638738078576
2025-10-20,META,Technology,0.025927790167321364,0.6785069422919969,0.9,0.5375,0.4,0.7571267355729993,1.0,-0.0440825266365773
2025-10-20,JNJ,Healthcare,-0.0007700214912253899,0.3902584198306677,0.6,0.725,1.0,0.6475646049576668,2.0,-0.01551401334678637
2025-10-20,GOOGL,Technology,0.01961297468087605,0.5857093894489122,0.1,0.48750000000000004,0.7,0.638927347362228,3.0,-0.12897649326382488
2025-10-20,TSLA,Consumer Discretionary,0.009935792778956301,0.4867693839695167,0.5,0.3125,0.9,0.6041923459923791,4.0,-0.08197960117978931
2025-10-20,XOM,Energy,-0.011523523438493345,0.37332344769694137,0.4,0.675,0.1,0.45333086192423533,5.0,-0.061643113511630876
2025-10-20,JPM,Financials,-0.013558698332842097,0.4636809856755122,0.3,0.5625,0.8,0.44342024641887806,6.0,0.08857567921246257
2025-10-20,MSFT,Technology,-0.008173979475880189,0.4472893167662469,0.2,0.375,0.2,0.4368223291915618,7.0,-0.12106130306908891
2025-10-20,NVDA,Technology,-0.019205243603883065,0.36455958614034023,1.0,0.7375,0.6,0.4336398965350851,8.0,0.08427754767926587
2025-10-20,AAPL,Technology,-0.013259094158822921,0.36666313801058925,0.7,0.3875,0.5,0.4291657845026473,9.0,0.10884717133174848
2025-10-20,AMZN,Consumer Discretionary,-0.01700116089929151,0.38332438201317126,0.8,0.7,0.3,0.4158310955032928,10.0,-0.008371560465911476
2025-10-21,META,Technology,0.030289038645073457,0.6922389162104278,0.9,0.5375,0.5,0.770559729052607,1.0,-0.014173891448940212
2025-10-21,GOOGL,Technology,0.01839147673611171,0.5742838533535171,0.3,0.48750000000000004,0.7,0.6560709633383792,2.0,-0.10868632528469158
2025-10-21,JNJ,Healthcare,0.001058459196240628,0.39305560024674246,0.6,0.725,1.0,0.6482639000616855,3.0,0.0041463029547257335
2025-10-21,TSLA,Consumer Discretionary,0.009540373745245828,0.48250296391076297,0.5,0.3125,0.8,0.5931257409776907,4.0,-0.045362241556866745
2025-10-21,NVDA,Technology,-0.01043429001785363,0.3929359344748269,1.0,0.7375,0.6,0.5457339836187067,5.0,0.05555895275744449
2025-10-21,XOM,Energy,0.000747837992707273,0.4097794254449891,0.1,0.675,0.1,0.4674448563612473,6.0,0.011520167948788185
2025-10-21,JPM,Financials,-0.011215678313536098,0.4643136103965267,0.4,0.5625,0.9,0.4635784025991317,7.0,0.0902234769954473
2025-10-21,MSFT,Technology,-0.002838073272876768,0.4622724707139788,0.2,0.375,0.2,0.4055681176784947,8.0,-0.12829714152801563
2025-10-21,AMZN,Consumer Discretionary,-0.012974447304308022,0.38923926520124924,0.8,0.7,0.3,0.38230981630031224,9.0,-0.023594209850174352
2025-10-21,AAPL,Technology,-0.011675762758749377,0.37322391127434895,0.7,0.3875,0.4,0.35080597781858724,10.0,0.03822335082612138
2025-10-22,META,Technology,0.0329869998762261,0.7012688889356504,0.9,0.5375,0.5,0.7728172222339127,1.0,0.0014972900653300592
2025-10-22,GOOGL,Technology,0.018881109424226453,0.5799490648172726,0.2,0.48750000000000004,0.7,0.6474872662043182,2.0,-0.08517265790935147
2025-10-22,JNJ,Healthcare,-0.0025279813603295894,0.379347325940094,0.6,0.725,1.0,0.6098368314850234,3.0,-0.012404059881256702
2025-10-22,TSLA,Consumer Discretionary,0.0012460940821277598,0.44386911783062394,0.5,0.3125,0.8,0.5834672794576561,4.0,-0.051884132668783
2025-10-22,NVDA,Technology,-0.0061415832679874525,0.4100697337577834,1.0,0.7375,0.6,0.5500174334394459,5.0,0.04500337176995428
2025-10-22,XOM,Energy,-0.0011568428308723218,0.4089444257520946,0.1,0.675,0.1,0.5022361064380236,6.0,0.11530168832648435
2025-10-22,MSFT,Technology,-0.003628094917354656,0.46260251598819463,0.3,0.375,0.2,0.41565062899704863,7.0,-0.07536874446310715
2025-10-22,AMZN,Consumer Discretionary,-0.017197524920693402,0.3777681907593751,0.8,0.7,0.3,0.4144420476898437,8.0,-0.0507497799380211
2025-10-22,AAPL,Technology,-0.007864774490600258,0.3864417463122812,0.7,0.3875,0.4,0.3891104365780703,9.0,0.016742177736495556
2025-10-22,JPM,Financials,-0.017725739392257377,0.4393180227427995,0.4,0.5625,0.9,0.38732950568569996,10.0,0.14620047864485142
2025-10-23,META,Technology,0.026577429433686878,0.6773128322335384,0.7,0.5375,0.4,0.7368282080583846,1.0,-0.006896628144855699
2025-10-23,GOOGL,Technology,0.015791288683263405,0.572496802435214,0.3,0.48750000000000004,0.6,0.6456242006088035,2.0,-0.08796562619774351
2025-10-23,TSLA,Consumer Discretionary,0.0031365220405933413,0.4548636496020035,0.5,0.3125,0.8,0.5862159124005009,3.0,-0.00897828374695897
2025-10-23,JNJ,Healthcare,-0.007071691598077193,0.3588253624623489,0.6,0.725,1.0,0.5347063406155872,4.0,0.01240826802602113
2025-10-23,NVDA,Technology,-0.01030004462978867,0.391924301919129,1.0,0.7375,0.7,0.5204810754797822,5.0,-0.024046111570938833
2025-10-23,AAPL,Technology,-0.004176740431107444,0.3883070000567026,0.9,0.3875,0.5,0.48957675001417567,6.0,-0.013843275505784347
2025-10-23,MSFT,Technology,0.0009267478473633317,0.47819930702328717,0.2,0.375,0.2,0.4795498267558218,7.0,-0.032915866309532915
2025-10-23,XOM,Energy,-0.004098926160299905,0.3905692634914564,0.1,0.675,0.1,0.4626423158728641,8.0,0.06376948936975335
2025-10-23,AMZN,Consumer Discretionary,-0.01479803892255502,0.3772501337057442,0.8,0.7,0.3,0.41431253342643604,9.0,-0.08167056943002238
2025-10-23,JPM,Financials,-0.017892645406695495,0.4362109039070544,0.4,0.5625,0.9,0.38655272597676366,10.0,0.13368022722504214
2025-10-24,META,Technology,0.024874362648465792,0.6756069067343384,0.8,0.5375,0.4,0.7464017266835847,1.0,-0.041288000063084085
2025-10-24,GOOGL,Technology,0.02207285175481275,0.5819612932062767,0.3,0.48750000000000004,0.9,0.6779903233015692,2.0,-0.09901965736478835
2025-10-24,JNJ,Healthcare,-0.006571053375272433,0.35917500014547143,0.6,0.725,1.0,0.6047937500363679,3.0,0.02027267317660919
2025-10-24,TSLA,Consumer Discretionary,-0.0002505013480491691,0.43436549282409154,0.5,0.3125,0.7,0.5360913732060228,4.0,-0.03405027500448665
2025-10-24,MSFT,Technology,0.00024230984762308935,0.47788276054261364,0.1,0.375,0.2,0.5044706901356534,5.0,0.02145299993651162
2025-10-24,NVDA,Technology,-0.0112342068822476,0.39613024133001573,0.9,0.7375,0.6,0.501532560332504,6.0,0.02797269064100716
2025-10-24,AAPL,Technology,-0.00880025993750441,0.37786796791543986,1.0,0.3875,0.5,0.4969669919788599,7.0,-0.029136894660503954
2025-10-24,JPM,Financials,-0.01380090577101615,0.44891032559380145,0.4,0.5625,0.8,0.4147275813984504,8.0,0.13312465383514938
2025-10-24,XOM,Energy,-0.011118423992487313,0.3579598979996446,0.2,0.675,0.1,0.3944899744999112,9.0,0.053619095262731786
2025-10-24,AMZN,Consumer Discretionary,-0.015851928926368004,0.3759681004680361,0.7,0.7,0.3,0.368992025117009,10.0,-0.04710891604501233
2025-10-27,GOOGL,Technology,0.024830243244847144,0.5821869859562011,0.3,0.48750000000000004,0.9,0.7130467464890503,1.0,-0.11937878301750249
2025-10-27,META,Technology,0.02433648642707232,0.6656350501683246,0.7,0.5375,0.4,0.6989087625420811,2.0,-0.04931028705142282
2025-10-27,JNJ,Healthcare,-0.00438971820308779,0.3666894038173814,0.6,0.725,1.0,0.6066723509543454,3.0,0.054095683426276464
2025-10-27,TSLA,Consumer Discretionary,-0.001360542932925935,0.4329759927748332,0.5,0.3125,0.7,0.5707439981937082,4.0,-0.029930244143845375
2025-10-27,AAPL,Technology,-0.006869794823931867,0.38608324473371247,1.0,0.3875,0.5,0.49902081118342806,5.0,-0.037577730463711156
2025-10-27,AMZN,Consumer Discretionary,-0.01084881214328178,0.3847395627228328,0.8,0.7,0.3,0.48618489068070814,6.0,-0.09776325325953483
2025-10-27,MSFT,Technology,-0.002572028141180868,0.47053375659464197,0.2,0.375,0.2,0.4776334391486605,7.0,0.008626718908642639
2025-10-27,NVDA,Technology,-0.015228819358785407,0.3825226851244198,0.9,0.7375,0.6,0.46313067128110497,8.0,0.006936474680383498
2025-10-27,JPM,Financials,-0.016202645235865863,0.45106891955973766,0.4,0.5625,0.8,0.3802672298899344,9.0,0.12216605359750932
2025-10-27,XOM,Energy,-0.014952516983436004,0.34732475419549075,0.1,0.675,0.1,0.34683118854887274,10.0,0.1234624649803473
2025-10-28,META,Technology,0.03082216477200035,0.6852436014187194,0.6,0.5375,0.4,0.7288109003546799,1.0,-0.0644833350541747
2025-10-28,GOOGL,Technology,0.02256570673989934,0.575356652149319,0.3,0.48750000000000004,0.9,0.6763391630373298,2.0,-0.12546228308563168
2025-10-28,JNJ,Healthcare,-0.005267939282108836,0.35908752984777936,0.7,0.725,1.0,0.5797718824619449,3.0,0.030802900017889323
2025-10-28,AAPL,Technology,-0.0037491039807150102,0.3944774816518449,0.9,0.3875,0.6,0.5361193704129612,4.0,-0.047480212224780716
2025-10-28,TSLA,Consumer Discretionary,-0.0006133256589101635,0.43305820183330873,0.5,0.3125,0.7,0.5357645504583272,5.0,-0.04620994823230096
2025-10-28,MSFT,Technology,0.007130524555590043,0.5025986333843008,0.2,0.375,0.2,0.5206496583460751,6.0,-0.029756352340435166
2025-10-28,AMZN,Consumer Discretionary,-0.007863065304506022,0.3950804401324844,0.8,0.7,0.3,0.4887701100331211,7.0,-0.10313774610605098
2025-10-28,NVDA,Technology,-0.0160561071399207,0.3714434497325939,1.0,0.7375,0.5,0.4603608624331485,8.0,-0.020049920104554753
2025-10-28,JPM,Financials,-0.016473246743339956,0.44571546575683024,0.4,0.5625,0.8,0.3789288664392076,9.0,0.13867279921668918
2025-10-28,XOM,Energy,-0.012816535961893742,0.35594020199582355,0.1,0.675,0.1,0.3489850504989559,10.0,0.06980466429243548
2025-10-29,META,Technology,0.03503978610650171,0.7171531447682783,0.7,0.5375,0.5,0.7567882861920696,1.0,-0.05584752031570317
2025-10-29,GOOGL,Technology,0.02874884028197515,0.6179046915560512,0.3,0.48750000000000004,1.0,0.6969761728890128,2.0,-0.1383613721710738
2025-10-29,JNJ,Healthcare,-0.0016606427994719682,0.4022540415342624,0.6,0.725,0.9,0.6055635103835656,3.0,0.057873902100865404
2025-10-29,TSLA,Consumer Discretionary,0.0009509408479115862,0.4649935009452026,0.5,0.3125,0.7,0.5787483752363006,4.0,-0.032097256588476286
2025-10-29,AAPL,Technology,-0.004934943426683683,0.4158692873789795,1.0,0.3875,0.6,0.5164673218447449,5.0,-0.05169279150830908
2025-10-29,AMZN,Consumer Discretionary,-0.006246078375058117,0.4305067357252967,0.8,0.7,0.3,0.49762668393132414,6.0,-0.10752011250077864
2025-10-29,MSFT,Technology,-0.0002764977964770329,0.5003775522154514,0.2,0.375,0.2,0.4850943880538629,7.0,0.0032539205050559072
2025-10-29,JPM,Financials,-0.011476017713420042,0.4865395093432066,0.4,0.5625,0.8,0.42413487733580163,8.0,0.10018686869536064
2025-10-29,NVDA,Technology,-0.014915181402697616,0.4035739074692107,0.9,0.7375,0.4,0.41339347686730266,9.0,-0.03220930125245847
2025-10-29,XOM,Energy,-0.0076027578420289,0.4086566806965268,0.1,0.675,0.1,0.3621641701741317,10.0,0.10263048501407668
2025-10-30,META,Technology,0.03797934582917279,0.7272995594681018,0.8,0.5375,0.5,0.7693248898670255,1.0,-0.0625072629409803
2025-10-30,GOOGL,Technology,0.029186981271297423,0.6177088447516036,0.3,0.48750000000000004,1.0,0.6969272111879009,2.0,-0.11954887711613493
2025-10-30,JNJ,Healthcare,0.0026599695312312013,0.4217217887241164,0.6,0.725,0.9,0.6804304471810291,3.0,0.06176228317982013
2025-10-30,TSLA,Consumer Discretionary,0.0018851251520312748,0.4725096253276381,0.7,0.3125,0.7,0.5656274063319094,4.0,-0.040819276608551336
2025-10-30,AAPL,Technology,-0.001969798206074868,0.4195096317657156,1.0,0.3875,0.6,0.48237740794142886,5.0,-0.04332865110842854
2025-10-30,JPM,Financials,-0.00825838304911089,0.5002902894168341,0.4,0.5625,0.8,0.4625725723542085,6.0,0.09037372713237168
2025-10-30,MSFT,Technology,0.0007749060265369642,0.5058211358371146,0.2,0.375,0.2,0.4514552839592787,7.0,0.006337359194009018
2025-10-30,XOM,Energy,-0.0007310973893610386,0.4321465166178097,0.1,0.675,0.1,0.4380366291544524,8.0,0.07918090713283776
2025-10-30,NVDA,Technology,-0.012811897486077185,0.4104517781866444,0.9,0.7375,0.4,0.41511294454666114,9.0,-0.03328624277986736
2025-10-30,AMZN,Consumer Discretionary,-0.008385445800017254,0.4310355543236087,0.5,0.7,0.3,0.39775888858090214,10.0,-0.09104113985511486
2025-10-31,META,Technology,0.037363588683933746,0.7196085844421635,0.7,0.5375,0.5,0.7574021461105409,1.0,-0.08308472928264865
2025-10-31,GOOGL,Technology,0.029019502160798745,0.622589275996852,0.3,0.48750000000000004,0.9,0.688147318999213,2.0,-0.11238187329237315
2025-10-31,AAPL,Technology,0.006628228152124701,0.4422238666967167,0.9,0.3875,0.7,0.6280559666741791,3.0,-0.020898957276472507
2025-10-31,JNJ,Healthcare,0.0055607453416084635,0.42513434538196526,0.6,0.725,1.0,0.6212835863454912,4.0,0.06637139652335722
2025-10-31,TSLA,Consumer Discretionary,0.0014101613460633972,0.4728857988496628,0.8,0.3125,0.6,0.4957214497124157,5.0,-0.0367278557852021
2025-10-31,MSFT,Technology,0.006375899235543148,0.5268888335888827,0.2,0.375,0.2,0.4917222083972207,6.0,0.03639094448905977
2025-10-31,AMZN,Consumer Discretionary,-0.003880667552046686,0.4482174735986188,0.5,0.7,0.3,0.47205436839965464,7.0,-0.08564595084268356
2025-10-31,JPM,Financials,-0.008907825009632884,0.49904703858409255,0.4,0.5625,0.8,0.42726175964602314,8.0,0.07979458423352903
2025-10-31,NVDA,Technology,-0.01486731817316614,0.4000422846710107,1.0,0.7375,0.4,0.4225105711677527,9.0,-0.02276446529223264
2025-10-31,XOM,Energy,-0.005228782023116743,0.4131879379695601,0.1,0.675,0.1,0.36329698449239006,10.0,0.057170663860830695
2025-11-03,META,Technology,0.01735792131850633,0.6293959621093738,0.6,0.5375,0.5,0.7248489905273434,1.0,-0.10023639829612985
2025-11-03,GOOGL,Technology,0.008000209357940245,0.513372024554471,0.3,0.48750000000000004,0.8,0.6508430061386179,2.0,-0.06624108131862938
2025-11-03,JNJ,Healthcare,-0.014009689340885404,0.3226164160560803,0.8,0.725,1.0,0.65065410401402,3.0,0.06319508033345556
2025-11-03,AAPL,Technology,-0.009273910020720264,0.34797014246032454,0.9,0.3875,0.7,0.6044925356150811,4.0,-0.002924199172146036
2025-11-03,TSLA,Consumer Discretionary,-0.019164627189438926,0.3630172397949608,0.7,0.3125,0.6,0.4932543099487402,5.0,0.007873322477848665
2025-11-03,JPM,Financials,-0.030763983056086783,0.38354189301560243,0.4,0.5625,0.9,0.4083854732539007,6.0,0.09372265878684849
2025-11-03,AMZN,Consumer Discretionary,-0.02996354407171386,0.3308871740795732,0.5,0.7,0.3,0.40772179351989324,7.0,-0.08073857956851427
2025-11-03,NVDA,Technology,-0.038393036832411465,0.29519221390732675,1.0,0.7375,0.4,0.3962980534768318,8.0,-0.04160715268505155
2025-11-03,XOM,Energy,-0.024894389559896375,0.3223616385831819,0.2,0.675,0.1,0.3855904096457955,9.0,0.021687501078922145
2025-11-03,MSFT,Technology,-0.01955339455186149,0.3984709488018636,0.1,0.375,0.2,0.37961773720046593,10.0,0.049398958889787625
2025-11-04,META,Technology,0.018065438231118343,0.6338655074922339,0.8,0.5375,0.5,0.7459663768730584,1.0,-0.1021669945753696
2025-11-04,GOOGL,Technology,0.009809945938600791,0.5203540922359214,0.3,0.48750000000000004,0.8,0.6525885230589805,2.0,-0.06303320336309182
2025-11-04,AAPL,Technology,-0.0061969965325923745,0.3549654612100438,1.0,0.3875,0.7,0.6162413653025108,3.0,-0.003309926817030018
2025-11-04,JNJ,Healthcare,-0.019172872916029836,0.3145987140178195,0.6,0.725,1.0,0.5936496785044549,4.0,0.07560732402475723
2025-11-04,JPM,Financials,-0.027291262793041483,0.39808581204192156,0.4,0.5625,0.9,0.48202145301048044,5.0,0.08382417903521189
2025-11-04,TSLA,Consumer Discretionary,-0.022931329428283027,0.35674328204306244,0.7,0.3125,0.6,0.4566858205107656,6.0,0.012512237589852093
2025-11-04,MSFT,Technology,-0.016378317831501364,0.40879661961998337,0.1,0.375,0.2,0.45219915490499585,7.0,0.010815856526960266
2025-11-04,NVDA,Technology,-0.036718892213068885,0.3037958056753732,0.9,0.7375,0.4,0.4234489514188433,8.0,-0.037856569085740976
2025-11-04,AMZN,Consumer Discretionary,-0.030412383138312515,0.32845922632117586,0.5,0.7,0.3,0.40711480658029386,9.0,-0.088969725219474
2025-11-04,XOM,Energy,-0.038747811167824095,0.2797712609548502,0.2,0.675,0.1,0.26994281523871255,10.0,-0.052547959524235965
2025-11-05,META,Technology,0.01855788846343854,0.6360600884923573,0.7,0.5375,0.5,0.7365150221230894,1.0,-0.10450950520335844
2025-11-05,GOOGL,Technology,0.00562922645030458,0.5147963199675244,0.1,0.48750000000000004,0.8,0.6311990799918812,2.0,0.000962727872555913
2025-11-05,JNJ,Healthcare,-0.016670395568923718,0.318290581804976,0.6,0.725,1.0,0.6295726454512439,3.0,0.003405696452731588
2025-11-05,AAPL,Technology,-0.007222539477487666,0.35481475941145013,1.0,0.3875,0.7,0.6162036898528624,4.0,-0.04973660218903031
2025-11-05,TSLA,Consumer Discretionary,-0.0173736423542825,0.37297464988445,0.8,0.3125,0.6,0.5057436624711125,5.0,0.0015674975746471365
2025-11-05,JPM,Financials,-0.03356986776251673,0.36275408332159137,0.5,0.5625,0.9,0.44818852083039784,6.0,0.026199144873555014
2025-11-05,AMZN,Consumer Discretionary,-0.032333044459387235,0.3122622828341395,0.4,0.7,0.3,0.4280655707085349,7.0,-0.1261225974572482
2025-11-05,NVDA,Technology,-0.036184259286547234,0.3114655137716766,0.9,0.7375,0.4,0.42536637844291914,8.0,-0.021947637378771034
2025-11-05,MSFT,Technology,-0.030633707821560323,0.3562637836837415,0.2,0.375,0.2,0.3790659459209354,9.0,-0.03196653061035759
2025-11-05,XOM,Energy,-0.0648304627225677,0.2168102254504814,0.3,0.675,0.1,0.26420255636262036,10.0,-0.0881074498772847
2025-11-06,META,Technology,0.014977066733730454,0.6159935740838003,0.8,0.5375,0.8,0.7714983935209501,1.0,-0.159208005214048
2025-11-06,AAPL,Technology,-0.006827904270869425,0.35642397973166223,1.0,0.3875,0.7,0.6166059949329155,2.0,-0.06440311561538759
2025-11-06,GOOGL,Technology,0.00790599267079796,0.5243238574246165,0.2,0.48750000000000004,0.5,0.6135809643561542,3.0,0.04305378520767156
2025-11-06,JNJ,Healthcare,-0.02558901706039461,0.29421403741613184,0.5,0.725,1.0,0.5435535093540329,4.0,0.05956619235012184
2025-11-06,TSLA,Consumer Discretionary,-0.018807258238729925,0.37594789372487086,0.7,0.3125,0.6,0.5314869734312178,5.0,0.012796941988196364
2025-11-06,AMZN,Consumer Discretionary,-0.023061939995987504,0.34207057484804765,0.4,0.7,0.3,0.5055176437120119,6.0,-0.12093977649216503
2025-11-06,NVDA,Technology,-0.030857799002498,0.32476446936620124,0.9,0.7375,0.4,0.49869111734155036,7.0,-0.0013466989766601767
2025-11-06,JPM,Financials,-0.035035729464735446,0.3581267181592573,0.6,0.5625,0.9,0.42203167953981435,8.0,0.02942806707337997
2025-11-06,MSFT,Technology,-0.032182413357831924,0.3561952881516153,0.1,0.375,0.2,0.29904882203790384,9.0,-0.06151077281100992
2025-11-06,XOM,Energy,-0.06261252181601039,0.2309775210081867,0.3,0.675,0.1,0.2677443802520467,10.0,-0.1297625443977356
2025-11-07,META,Technology,0.01505905292159033,0.616405671235817,0.7,0.5375,0.7,0.7516014178089542,1.0,-0.161469292017835
2025-11-07,AAPL,Technology,-0.002387678302134158,0.3623060625906206,0.9,0.3875,0.8,0.6180765156476551,2.0,-0.12239425309348873
2025-11-07,GOOGL,Technology,0.0013265908848257974,0.494076322651391,0.2,0.48750000000000004,0.5,0.6060190806628478,3.0,0.04103756956540616
2025-11-07,JNJ,Healthcare,-0.024384515742778383,0.29818221263895994,0.5,0.725,1.0,0.57954555315974,4.0,0.0591035066768526
2025-11-07,TSLA,Consumer Discretionary,-0.015507479046164464,0.3855331186924933,0.6,0.3125,0.6,0.5238832796731233,5.0,0.04172881135195161
2025-11-07,JPM,Financials,-0.032083963392832295,0.3624719710281102,0.8,0.5625,0.9,0.5131179927570275,6.0,0.0043778675246379795
2025-11-07,AMZN,Consumer Discretionary,-0.025152734474165862,0.33479666782115564,0.4,0.7,0.4,0.4786991669552889,7.0,-0.10434002033593992
2025-11-07,NVDA,Technology,-0.04415511173269776,0.2767989252836042,1.0,0.7375,0.3,0.4166997313209011,8.0,-0.029800751237239465
2025-11-07,MSFT,Technology,-0.033255780054876415,0.352839817298919,0.1,0.375,0.2,0.2982099543247298,9.0,-0.054452048693673594
2025-11-07,XOM,Energy,-0.05943946913580944,0.22932425163427148,0.3,0.675,0.1,0.2673310629085679,10.0,-0.0676597832450535
2025-11-10,META,Technology,0.009335962834679612,0.5969068271393273,0.6,0.5375,0.5,0.716726706784832,1.0,-0.11772991352979512
2025-11-10,GOOGL,Technology,0.003181081431277965,0.49655795058065827,0.2,0.48750000000000004,0.7,0.6266394876451645,2.0,0.02193287127161958
2025-11-10,AAPL,Technology,-0.004936740195124572,0.3725930912493133,0.9,0.3875,0.8,0.6206482728123284,3.0,-0.11437002353567238
2025-11-10,TSLA,Consumer Discretionary,-0.0154560660408828,0.3855324560842681,0.7,0.3125,0.6,0.533883114021067,4.0,0.04314240861300278
2025-11-10,AMZN,Consumer Discretionary,-0.02214052754331961,0.346703053598663,0.4,0.7,0.4,0.5166757633996658,5.0,-0.11926475850874618
2025-11-10,JNJ,Healthcare,-0.02729442353686927,0.28869204378215996,0.3,0.725,0.9,0.5121730109455399,6.0,0.08216110873531557
2025-11-10,JPM,Financials,-0.03099643282713014,0.3681689154910869,0.8,0.5625,1.0,0.48954222887277177,7.0,-0.011232596502530723
2025-11-10,NVDA,Technology,-0.043387499987925224,0.2764560908004788,1.0,0.7375,0.3,0.4166140227001197,8.0,-0.01374687690969889
2025-11-10,MSFT,Technology,-0.029592028647746266,0.3653164364601375,0.1,0.375,0.2,0.3363291091150344,9.0,-0.007410723884127113
2025-11-10,XOM,Energy,-0.07039634765248888,0.2023387307854185,0.5,0.675,0.1,0.2805846826963546,10.0,-0.04217205730451523
2025-11-11,META,Technology,0.014011793118375556,0.610814898997624,0.6,0.5375,0.7,0.7402037247494059,1.0,-0.12222284980607756
2025-11-11,AAPL,Technology,-0.0059851021303345565,0.36347078921936277,0.9,0.3875,0.9,0.6283676973048407,2.0,-0.1289965095828539
2025-11-11,GOOGL,Technology,0.004573140011929773,0.5026434701654339,0.2,0.48750000000000004,0.6,0.6181608675413586,3.0,0.02478604323106448
2025-11-11,JNJ,Healthcare,-0.02802363666622803,0.28347806051154023,0.4,0.725,1.0,0.530869515127885,4.0,0.06417243282273222
2025-11-11,AMZN,Consumer Discretionary,-0.020579767350540214,0.35237475163311155,0.3,0.7,0.5,0.5180936879082779,5.0,-0.133975344876755
2025-11-11,NVDA,Technology,-0.032470984540478726,0.31149756973370935,1.0,0.7375,0.4,0.5053743924334274,6.0,0.014152747448867187
2025-11-11,TSLA,Consumer Discretionary,-0.016869221047323378,0.3829481469275859,0.5,0.3125,0.3,0.48323703673189644,7.0,0.11967815801915571
2025-11-11,JPM,Financials,-0.03351740479362521,0.3529465820131317,0.8,0.5625,0.8,0.43073664550328294,8.0,-0.029849552513002475
2025-11-11,XOM,Energy,-0.07108806022428185,0.19527839964080507,0.7,0.675,0.1,0.2988195999102013,9.0,-0.04648789604505921
2025-11-11,MSFT,Technology,-0.03247816514831626,0.35264773752141715,0.1,0.375,0.2,0.2981619343803543,10.0,-0.02396439142564777
2025-11-12,META,Technology,0.010294280241575108,0.5956693040224526,0.3,0.5375,0.6,0.6964173260056132,1.0,-0.10332555436355395
2025-11-12,AAPL,Technology,-0.009975188789236434,0.36561555399012174,1.0,0.3875,1.0,0.6489038884975304,2.0,-0.11628822877800049
2025-11-12,GOOGL,Technology,0.008295314401478668,0.5224681245598624,0.1,0.48750000000000004,0.7,0.6231170311399655,3.0,0.03868373311300766
2025-11-12,AMZN,Consumer Discretionary,-0.021171909569749313,0.3555212631737063,0.2,0.7,0.5,0.5088803157934266,4.0,-0.135892586525032
2025-11-12,JPM,Financials,-0.029701291044196512,0.3686085072456605,0.8,0.5625,0.8,0.5046521268114151,5.0,-0.041211223389751805
2025-11-12,TSLA,Consumer Discretionary,-0.012742243203154723,0.39382745060068836,0.4,0.3125,0.3,0.4759568626501721,6.0,0.08572360916911048
2025-11-12,JNJ,Healthcare,-0.032829693956824765,0.2666069582518754,0.6,0.725,0.9,0.4666517395629689,7.0,0.04406156371245973
2025-11-12,NVDA,Technology,-0.03550152434996763,0.3071667690958107,0.9,0.7375,0.4,0.4242916922739527,8.0,0.025815335135311646
2025-11-12,MSFT,Technology,-0.02952010786218566,0.35445838771931276,0.5,0.375,0.2,0.4086145969298282,9.0,-0.03892192050547483
2025-11-12,XOM,Energy,-0.07998247805289962,0.17834712598314395,0.7,0.675,0.1,0.294586781495786,10.0,-0.14821355945194226
2025-11-13,META,Technology,0.007031344711721935,0.5813488510820012,0.4,0.5375,0.6,0.6678372127705003,1.0,-0.15363236171980155
2025-11-13,GOOGL,Technology,0.008166252705747654,0.5257330755078177,0.1,0.48750000000000004,0.7,0.6589332688769544,2.0,0.07132766490106635
2025-11-13,JPM,Financials,-0.024977310523169767,0.3913198933613275,1.0,0.5625,0.9,0.5753299733403319,3.0,-0.035951442360073305
2025-11-13,AAPL,Technology,-0.014169327378732931,0.3651823869178838,0.8,0.3875,0.8,0.573795596729471,4.0,-0.06772333135778585
2025-11-13,AMZN,Consumer Discretionary,-0.024519488995627878,0.34244461785269503,0.2,0.7,0.5,0.5056111544631738,5.0,-0.14246775697531933
2025-11-13,TSLA,Consumer Discretionary,-0.011707903594040982,0.39969573470973213,0.3,0.3125,0.3,0.502423933677433,6.0,0.07133636172977975
2025-11-13,NVDA,Technology,-0.02709665474153345,0.33511422024723486,0.9,0.7375,0.4,0.5012785550618087,7.0,0.0744071106671198
2025-11-13,JNJ,Healthcare,-0.03150049200232988,0.27393538957992,0.5,0.725,1.0,0.43348384739498,8.0,0.04046838826643162
2025-11-13,MSFT,Technology,-0.02835275228866429,0.36408807141640964,0.6,0.375,0.2,0.3510220178541024,9.0,0.010620714407906462
2025-11-13,XOM,Energy,-0.08542243281349392,0.1712694722498225,0.7,0.675,0.1,0.2928173680624556,10.0,-0.1554556254757926
2025-11-14,META,Technology,2.9319812438776717e-05,0.5536373813005148,0.6,0.5375,0.5,0.6709093453251287,1.0,-0.1620385668600517
2025-11-14,GOOGL,Technology,0.009660782567808977,0.5367411455282561,0.1,0.48750000000000004,0.7,0.661685286382064,2.0,0.08326209856919609
2025-11-14,NVDA,Technology,-0.017137067308813148,0.3838244993995472,0.7,0.7375,0.4,0.5984561248498869,3.0,0.08058568181871162
2025-11-14,JPM,Financials,-0.025314596230054116,0.3893655837099946,1.0,0.5625,1.0,0.5498413959274986,4.0,-0.04403527113499972
2025-11-14,AAPL,Technology,-0.01785986077540974,0.34690041862267973,0.9,0.3875,0.8,0.54422510465567,5.0,-0.09243790601411861
2025-11-14,TSLA,Consumer Discretionary,-0.011467430615456235,0.4016209576994827,0.3,0.3125,0.3,0.5029052394248706,6.0,0.06923699177180587
2025-11-14,AMZN,Consumer Discretionary,-0.024456705916112535,0.3500671760339631,0.2,0.7,0.6,0.48251679400849073,7.0,-0.15067915622331585
2025-11-14,JNJ,Healthcare,-0.03446036554666968,0.2640344866916179,0.5,0.725,0.9,0.4210086216729044,8.0,0.01568996612221185
2025-11-14,MSFT,Technology,-0.026552737377268626,0.3709665076996575,0.4,0.375,0.2,0.3327416269249144,9.0,0.03388330379296334
2025-11-14,XOM,Energy,-0.07939870184870075,0.17943573727205692,0.8,0.675,0.1,0.30485893431801425,10.0,-0.1554660386316068
2025-11-17,META,Technology,0.00018812367243307374,0.5578649268241914,0.5,0.5375,0.5,0.661966231706048,1.0,-0.1795296543360173
2025-11-17,GOOGL,Technology,0.005050382491135809,0.5338195511278415,0.1,0.48750000000000004,0.6,0.6509548877819604,2.0,0.09291042549724526
2025-11-17,NVDA,Technology,-0.015230396798321276,0.38979370125990936,0.8,0.7375,0.4,0.6099484253149774,3.0,0.0050974189082204635
2025-11-17,AAPL,Technology,-0.015374242908504943,0.3572183005583339,0.9,0.3875,0.9,0.5568045751395835,4.0,-0.09243013612599937
2025-11-17,JPM,Financials,-0.02551190106257932,0.38553567587214227,1.0,0.5625,1.0,0.5138839189680355,5.0,-0.03676071058083408
2025-11-17,TSLA,Consumer Discretionary,-0.01519561462512317,0.39474420180335834,0.2,0.3125,0.3,0.49118605045083963,6.0,0.058421860116870894
2025-11-17,AMZN,Consumer Discretionary,-0.023798918949702916,0.3416686642820814,0.3,0.7,0.7,0.46541716607052036,7.0,-0.1765604098132183
2025-11-17,JNJ,Healthcare,-0.02953976565116738,0.2897435196683406,0.6,0.725,0.8,0.42743587991708515,8.0,0.009120201439591247
2025-11-17,MSFT,Technology,-0.023485523725895553,0.37637679898892923,0.4,0.375,0.2,0.4040941997472324,9.0,0.01022995318542419
2025-11-17,XOM,Energy,-0.07158779831844425,0.195480553318139,0.7,0.675,0.1,0.29887013832953474,10.0,-0.08518794972972443
2025-11-18,META,Technology,0.001602084445247727,0.5654977880425296,0.6,0.5375,0.4,0.6988744470106325,1.0,-0.2115715390260413
2025-11-18,GOOGL,Technology,-0.0014809090561985795,0.5003094856692019,0.2,0.48750000000000004,0.6,0.6175773714173005,2.0,0.07947881807568113
2025-11-18,AAPL,Technology,-0.013347538848319828,0.3718240998058868,0.7,0.3875,0.8,0.5654560249514717,3.0,-0.0479399726951506
2025-11-18,NVDA,Technology,-0.01821625704045224,0.3829849888615737,0.8,0.7375,0.2,0.5532462472153935,4.0,0.029667115821468526
2025-11-18,JPM,Financials,-0.026765018076115574,0.3876058427804784,1.0,0.5625,1.0,0.5144014606951196,5.0,-0.07467975348258205
2025-11-18,TSLA,Consumer Discretionary,-0.009263664970752672,0.42653029537978226,0.1,0.3125,0.5,0.5091325738449456,6.0,0.051764876804840654
2025-11-18,AMZN,Consumer Discretionary,-0.02559175354738214,0.3377613698003849,0.4,0.7,0.7,0.4744403424500962,7.0,-0.1501942253471733
2025-11-18,JNJ,Healthcare,-0.030139677386226436,0.28841626612995735,0.5,0.725,0.9,0.42710406653248933,8.0,0.001730784602716362
2025-11-18,MSFT,Technology,-0.019137315361510775,0.39835132116417277,0.3,0.375,0.3,0.4095878302910432,9.0,0.013552489444558447
2025-11-18,XOM,Energy,-0.06790617540747364,0.1948337188535692,0.9,0.675,0.1,0.3187084297133923,10.0,-0.10239907518855906
2025-11-19,META,Technology,0.0064420788906619664,0.5939192618598784,0.8,0.5375,0.4,0.7259798154649697,1.0,-0.21681417991968654
2025-11-19,GOOGL,Technology,-0.007958164253212588,0.4793504961743714,0.2,0.48750000000000004,0.6,0.6123376240435929,2.0,0.07173629115703406
2025-11-19,AAPL,Technology,-0.012601099314831445,0.38001459159083095,0.5,0.3875,0.8,0.5825036478977077,3.0,-0.036818749365449044
2025-11-19,JPM,Financials,-0.019755451497174288,0.40097894215299495,1.0,0.5625,1.0,0.5527447355382487,4.0,-0.10929318678859101
2025-11-19,NVDA,Technology,-0.016847015239705353,0.3948771663248735,0.7,0.7375,0.2,0.5112192915812184,5.0,0.03254423366581438
2025-11-19,TSLA,Consumer Discretionary,-0.013687240247130939,0.41483313565495894,0.1,0.3125,0.5,0.4712082839137397,6.0,0.01225067506623545
2025-11-19,MSFT,Technology,-0.016078549218158315,0.40080564553039655,0.4,0.375,0.3,0.4552014113825992,7.0,0.03443317257927214
2025-11-19,JNJ,Healthcare,-0.028601146550830257,0.30262089948352766,0.6,0.725,0.9,0.44065522487088193,8.0,0.00013819973845197175
2025-11-19,AMZN,Consumer Discretionary,-0.022236498934313592,0.34812034779207474,0.3,0.7,0.7,0.43203008694801864,9.0,-0.12656161632796337
2025-11-19,XOM,Energy,-0.052320323262665544,0.21840600960701098,0.9,0.675,0.1,0.3246015024017528,10.0,-0.09973398049652615
2025-11-20,META,Technology,0.007778233187820312,0.5897262545908566,0.8,0.5375,0.3,0.7149315636477143,1.0,-0.18046131935327592
2025-11-20,AAPL,Technology,-0.011263055099305587,0.3876178766184841,0.5,0.3875,0.7,0.609404469154621,2.0,-0.014646148324602204
2025-11-20,GOOGL,Technology,-0.011552884752613238,0.47027613854826855,0.1,0.48750000000000004,0.6,0.565069034637067,3.0,0.08844486734814061
2025-11-20,AMZN,Consumer Discretionary,-0.01615132033100851,0.3634888506294299,0.4,0.7,0.8,0.5608722126573575,4.0,-0.14028201067700186
2025-11-20,NVDA,Technology,-0.014314880457364456,0.40942489685371786,0.3,0.7375,0.2,0.5448562242134295,5.0,0.08836990003615885
2025-11-20,JPM,Financials,-0.02373129796725336,0.38981943897376437,1.0,0.5625,1.0,0.514954859743441,6.0,-0.1031444864506127
2025-11-20,JNJ,Healthcare,-0.029285265414594648,0.2999059117256431,0.7,0.725,0.9,0.4499764779314108,7.0,0.016453885829535775
2025-11-20,MSFT,Technology,-0.016674281061657525,0.39187430917729005,0.6,0.375,0.4,0.4479685772943225,8.0,0.025984694201691028
2025-11-20,TSLA,Consumer Discretionary,-0.017483586647847146,0.3924819577925335,0.2,0.3125,0.5,0.37062048944813336,9.0,0.02454915548684089
2025-11-20,XOM,Energy,-0.04608450640499024,0.2372109412385301,0.9,0.675,0.1,0.32930273530963255,10.0,-0.05156265844998431
2025-11-21,META,Technology,0.005384787438408144,0.5812786606434801,0.6,0.5375,0.3,0.69281966516087,1.0,-0.17096372643565338
2025-11-21,AAPL,Technology,-0.006330983419172117,0.40938275569948507,0.5,0.3875,0.7,0.6148456889248712,2.0,0.005639133067128821
2025-11-21,GOOGL,Technology,-0.007893029829085265,0.47814576794792024,0.1,0.48750000000000004,0.6,0.56703644198698,3.0,0.13918385607373618
2025-11-21,JPM,Financials,-0.02089274649600758,0.3977155982318067,1.0,0.5625,1.0,0.5519288995579517,4.0,-0.09456487196697905
2025-11-21,NVDA,Technology,-0.013627566423429814,0.39704502549081766,0.3,0.7375,0.2,0.5417612563727044,5.0,0.07380601675470966
2025-11-21,AMZN,Consumer Discretionary,-0.017710561702990416,0.35620154805864096,0.4,0.7,0.8,0.5240503870146602,6.0,-0.14599334607883785
2025-11-21,JNJ,Healthcare,-0.031176380955336466,0.2948517181233101,0.7,0.725,0.9,0.44871292953082753,7.0,-0.025880696129964353
2025-11-21,TSLA,Consumer Discretionary,-0.016873446788274613,0.3962310644453417,0.2,0.3125,0.5,0.4415577661113354,8.0,0.02751851361336155
2025-11-21,MSFT,Technology,-0.023044290721728047,0.36042107520685795,0.8,0.375,0.4,0.3901052688017145,9.0,0.03935997572258465
2025-11-21,XOM,Energy,-0.049065661553826266,0.22972000352871252,0.9,0.675,0.1,0.32743000088217816,10.0,-0.02942156352176306
2025-11-24,META,Technology,0.0013225223053711908,0.5617266429319381,0.6,0.5375,0.3,0.6879316607329846,1.0,-0.15444904230678758
2025-11-24,GOOGL,Technology,-0.004262549864499928,0.4960474348967886,0.1,0.48750000000000004,0.6,0.6065118587241971,2.0,0.1616665338560579
2025-11-24,AMZN,Consumer Discretionary,-0.014699947474075053,0.36466482487122953,0.3,0.7,1.0,0.5711662062178073,3.0,-0.12124610515000311
2025-11-24,AAPL,Technology,-0.011065100270851573,0.40204174946291604,0.4,0.3875,0.7,0.568010437365729,4.0,-0.0007000142623670991
2025-11-24,NVDA,Technology,-0.014011660805479756,0.3948075421274645,0.5,0.7375,0.2,0.5612018855318661,5.0,0.07607749973049138
2025-11-24,JPM,Financials,-0.020582436262113937,0.3993055804833078,1.0,0.5625,0.9,0.5423263951208269,6.0,-0.07241175759746288
2025-11-24,TSLA,Consumer Discretionary,-0.017226981050157866,0.39616915165836186,0.2,0.3125,0.5,0.40654228791459046,7.0,0.011841233040160937
2025-11-24,JNJ,Healthcare,-0.04087496356942485,0.26378292018687804,0.8,0.725,0.8,0.4059457300467195,8.0,-0.06960128735376503
2025-11-24,MSFT,Technology,-0.026759470028314657,0.35473131535575164,0.7,0.375,0.4,0.3786828288389379,9.0,0.08229850028915275
2025-11-24,XOM,Energy,-0.03812322708776684,0.2503579894740259,0.9,0.675,0.1,0.3675894973685065,10.0,0.019440679788705006
2025-11-25,META,Technology,-0.0005876974025074504,0.5629135667408224,0.6,0.5375,0.4,0.6982283916852057,1.0,-0.1569336309928583
2025-11-25,GOOGL,Technology,-0.0035211494959211127,0.5014177640076626,0.2,0.48750000000000004,0.6,0.6178544410019158,2.0,0.16073047513255667
2025-11-25,NVDA,Technology,-0.010962785712407167,0.40733639989579684,0.7,0.7375,0.3,0.5943340999739493,3.0,0.12059432134179371
2025-11-25,JPM,Financials,-0.017836265214347724,0.40638673603658476,1.0,0.5625,1.0,0.5890966840091462,4.0,-0.09988744914127734
2025-11-25,AAPL,Technology,-0.007260770881082486,0.4175927883510695,0.4,0.3875,0.7,0.5718981970877673,5.0,0.024683703757679032
2025-11-25,AMZN,Consumer Discretionary,-0.013942899955847575,0.37406689977484475,0.1,0.7,0.9,0.5435167249437112,6.0,-0.08776570026411179
2025-11-25,JNJ,Healthcare,-0.03615223601715063,0.27944043395236745,0.9,0.725,0.8,0.41986010848809185,7.0,-0.05219088888799295
2025-11-25,TSLA,Consumer Discretionary,-0.021797283984570433,0.38452525725836556,0.3,0.3125,0.5,0.37863131431459135,8.0,-0.0301282757050626
2025-11-25,XOM,Energy,-0.03462119380087933,0.2687318134483349,0.8,0.675,0.1,0.3621829533620838,9.0,0.0743277999233154
2025-11-25,MSFT,Technology,-0.024822092819915022,0.36101913272453157,0.5,0.375,0.2,0.3402547831811329,10.0,0.13303901764904724
2025-11-26,GOOGL,Technology,-0.004693682629048843,0.4985902352544557,0.2,0.48750000000000004,0.6,0.6521475588136139,1.0,0.18470111652432508
2025-11-26,META,Technology,-0.005744062090984218,0.5507771986670901,0.3,0.5375,0.4,0.6301942996667727,2.0,-0.1790126010674472
2025-11-26,JPM,Financials,-0.017390586646076726,0.4085487664624373,1.0,0.5625,1.0,0.5896371916156093,3.0,-0.09439180280468684
2025-11-26,AAPL,Technology,-0.006552227990373265,0.41691990817811947,0.5,0.3875,0.7,0.5817299770445298,4.0,0.02597082988114674
2025-11-26,NVDA,Technology,-0.013799192808437716,0.39819473771459885,0.4,0.7375,0.3,0.5620486844286497,5.0,0.13656120553954487
2025-11-26,AMZN,Consumer Discretionary,-0.014438773265967758,0.3715384702685102,0.1,0.7,0.9,0.5428846175671275,6.0,-0.08581047276764442
2025-11-26,JNJ,Healthcare,-0.035024864915051794,0.2808341140987468,0.9,0.725,0.8,0.45520852852468674,7.0,-0.0743297795125667
2025-11-26,TSLA,Consumer Discretionary,-0.02826677229307048,0.3562550696214485,0.6,0.3125,0.5,0.4015637674053621,8.0,-0.07460947531739326
2025-11-26,MSFT,Technology,-0.02996763260184497,0.33408848938946667,0.7,0.375,0.2,0.3535221223473667,9.0,0.0413264358333747
2025-11-26,XOM,Energy,-0.03541202775402905,0.2603944211773042,0.8,0.675,0.1,0.3250986052943261,10.0,0.02829782222639432
2025-11-27,META,Technology,-0.002315409179981202,0.5587078230860463,0.5,0.5375,0.4,0.6871769557715116,1.0,-0.18091382200128536
2025-11-27,GOOGL,Technology,-0.006665684576603305,0.49565228636202463,0.1,0.48750000000000004,0.7,0.6164130715905062,2.0,0.1754822697382945
2025-11-27,AMZN,Consumer Discretionary,-0.014370335564986047,0.36587244359636495,0.2,0.7,1.0,0.5964681108990912,3.0,-0.06987435840981948
2025-11-27,JPM,Financials,-0.018442443649728642,0.4088408063169509,0.9,0.5625,0.9,0.5697102015792377,4.0,-0.09366465176441674
2025-11-27,AAPL,Technology,-0.011034482748734678,0.4119576143922235,0.4,0.3875,0.6,0.5604894035980559,5.0,-0.0031233990806094347
2025-11-27,NVDA,Technology,-0.014835149478260852,0.40343748828449894,0.3,0.7375,0.3,0.5183593720711248,6.0,0.05114478032584091
2025-11-27,JNJ,Healthcare,-0.03335680625200293,0.28587761143707763,1.0,0.725,0.8,0.5014694028592694,7.0,-0.09241672482102536
2025-11-27,TSLA,Consumer Discretionary,-0.028358013685103198,0.35311550773460937,0.7,0.3125,0.5,0.41077887693365234,8.0,-0.08978984263659773
2025-11-27,MSFT,Technology,-0.035282677491311046,0.3198033110006251,0.8,0.375,0.2,0.3249508277501563,9.0,0.0443508774051522
2025-11-27,XOM,Energy,-0.03751678150183031,0.25268219421564964,0.6,0.675,0.1,0.30317054855391246,10.0,0.10382335431725798
2025-11-28,META,Technology,-0.004075489650484453,0.5374150954370622,0.3,0.5375,0.4,0.6618537738592656,1.0,-0.1476418062339312
2025-11-28,GOOGL,Technology,-0.004448604751867042,0.5086709249900254,0.1,0.48750000000000004,0.6,0.6096677312475063,2.0,0.17264686990800793
2025-11-28,JPM,Financials,-0.019351807954441365,0.40763852561607217,0.9,0.5625,0.9,0.604409631404018,3.0,-0.07807116142146386
2025-11-28,AMZN,Consumer Discretionary,-0.011639770068156176,0.3737914834611546,0.2,0.7,1.0,0.5984478708652886,4.0,-0.05639147077415063
2025-11-28,AAPL,Technology,-0.00748378701995858,0.4185468013658677,0.5,0.3875,0.7,0.5821367003414669,5.0,0.011248237659684968
2025-11-28,JNJ,Healthcare,-0.027720401275158013,0.29786822400134916,1.0,0.725,0.8,0.5394670560003372,6.0,-0.10577979578859387
2025-11-28,NVDA,Technology,-0.02329964089314595,0.36979433909592796,0.4,0.7375,0.3,0.48494858477398206,7.0,0.020660948049858963
2025-11-28,TSLA,Consumer Discretionary,-0.0311354765988315,0.3474615620971796,0.7,0.3125,0.5,0.3743653905242949,8.0,-0.10595460679565849
2025-11-28,XOM,Energy,-0.03985857760128596,0.26064536196285765,0.6,0.675,0.1,0.3401613404907144,9.0,0.0984353719533273
2025-11-28,MSFT,Technology,-0.04298635819109306,0.3048237237740404,0.8,0.375,0.2,0.2862059309435101,10.0,0.05610578719306769
2025-12-01,META,Technology,0.023104619745067168,0.6832059987791663,0.1,0.5375,0.4,0.6783014996947917,1.0,-0.12988693377320637
2025-12-01,AMZN,Consumer Discretionary,0.019023214490199114,0.5388390487012313,0.2,0.7,1.0,0.6747097621753078,2.0,-0.043371081351114116
2025-12-01,AAPL,Technology,0.020841232114326903,0.5843959751957519,0.5,0.3875,0.7,0.6585989937989379,3.0,0.01763396439054321
2025-12-01,JPM,Financials,0.010379906860966886,0.5736145711558495,0.8,0.5625,0.9,0.6359036427889623,4.0,-0.08453422087614271
2025-12-01,GOOGL,Technology,0.017974373432012358,0.6320673178164169,0.4,0.48750000000000004,0.6,0.6005168294541043,5.0,0.1465097003290745
2025-12-01,JNJ,Healthcare,0.003003843070848276,0.4651181538056762,1.0,0.725,0.8,0.5812795384514191,6.0,-0.1107614296702627
2025-12-01,NVDA,Technology,0.010342030537552028,0.5498239376360853,0.3,0.7375,0.3,0.5199559844090214,7.0,0.005359173794477812
2025-12-01,TSLA,Consumer Discretionary,-0.005692813949505155,0.4787734782447092,0.9,0.3125,0.5,0.4271933695611773,8.0,-0.08031311432577781
2025-12-01,XOM,Energy,-0.012911958278286922,0.4037090727133262,0.6,0.675,0.1,0.37592726817833155,9.0,0.12582698243287038
2025-12-01,MSFT,Technology,-0.012993734060695808,0.4646454215438245,0.7,0.375,0.2,0.31616135538595613,10.0,0.03628010073348387
2025-12-02,META,Technology,0.026399265091257743,0.6896320190159682,0.3,0.5375,0.4,0.6999080047539922,1.0,-0.11704196602396999
2025-12-02,GOOGL,Technology,0.02098206638553829,0.6373266873461101,0.6,0.48750000000000004,0.6,0.6918316718365276,2.0,0.11467957259241879
2025-12-02,AMZN,Consumer Discretionary,0.015955433586147413,0.5287513412696924,0.2,0.7,1.0,0.6371878353174231,3.0,0.007421630915593003
2025-12-02,JPM,Financials,0.009240208091453917,0.572871112835842,0.8,0.5625,0.9,0.6357177782089605,4.0,-0.06762924527979408
2025-12-02,AAPL,Technology,0.016904652637954272,0.5763543311630777,0.5,0.3875,0.7,0.6215885827907693,5.0,0.0062413141420838425
2025-12-02,JNJ,Healthcare,0.005567127013654805,0.4735523626443856,1.0,0.725,0.8,0.6183880906610963,6.0,-0.10737338947978636
2025-12-02,NVDA,Technology,0.004607850473824053,0.5297166237032752,0.4,0.7375,0.3,0.48992915592581887,7.0,-0.009787514239768758
2025-12-02,TSLA,Consumer Discretionary,-0.004538197418182956,0.48154750617458414,0.9,0.3125,0.5,0.42788687654364604,8.0,-0.11148913669623539
2025-12-02,XOM,Energy,-0.006064346964900075,0.43612903881885157,0.1,0.675,0.1,0.3340322597047129,9.0,0.1608411420893432
2025-12-02,MSFT,Technology,-0.009938821188725484,0.48709138931260193,0.7,0.375,0.2,0.3217728473281505,10.0,0.07324941084714909
2025-12-03,GOOGL,Technology,0.02123047652610361,0.621513718561694,0.9,0.48750000000000004,0.8,0.7378784296404235,1.0,0.10088550977282118
2025-12-03,JPM,Financials,0.015226427233376116,0.5926592710996261,0.7,0.5625,1.0,0.7106648177749064,2.0,-0.050970435256279756
2025-12-03,META,Technology,0.02892746767205146,0.6976177127958328,0.3,0.5375,0.4,0.7019044281989583,3.0,-0.14663635142255693
2025-12-03,AMZN,Consumer Discretionary,0.014674025679978832,0.5242253584434567,0.1,0.7,0.9,0.6160563396108641,4.0,0.040221961301098785
2025-12-03,AAPL,Technology,0.007799563632413858,0.5331993479559078,0.4,0.3875,0.6,0.520799836988977,5.0,0.037579517707162724
2025-12-03,NVDA,Technology,0.0026730808688103687,0.5262423480033561,0.6,0.7375,0.3,0.509060587000839,6.0,-0.03016582647303978
2025-12-03,XOM,Energy,0.0037210011232794373,0.472237563231039,0.2,0.675,0.1,0.45805939080775976,7.0,0.17927582652063911
2025-12-03,TSLA,Consumer Discretionary,0.0008699181638981881,0.5043778606554096,1.0,0.3125,0.7,0.4285944651638524,8.0,-0.09519427330540009
2025-12-03,JNJ,Healthcare,-0.006127484130293544,0.436947478834057,0.8,0.725,0.5,0.41923686970851426,9.0,-0.05601854748606094
2025-12-03,MSFT,Technology,0.0018713004742117742,0.5409687372556736,0.5,0.375,0.2,0.38524218431391843,10.0,0.01854361273011418
2025-12-04,GOOGL,Technology,0.021842542208177072,0.6229194067734231,0.9,0.48750000000000004,0.8,0.7382298516933559,1.0,0.06245981839341219
2025-12-04,META,Technology,0.0222573968563919,0.675847733123778,0.2,0.5375,0.4,0.6864619332809446,2.0,-0.14101225973299591
2025-12-04,JPM,Financials,0.013574460797158145,0.5896173407783758,0.6,0.5625,1.0,0.6649043351945939,3.0,-0.015143379652727829
2025-12-04,AMZN,Consumer Discretionary,0.01577324236009573,0.5318733186385429,0.1,0.7,0.9,0.6529683296596357,4.0,0.04155648510737309
2025-12-04,AAPL,Technology,0.007843638072440205,0.5452924843720215,0.4,0.3875,0.6,0.5238231210930053,5.0,0.026158927713404223
2025-12-04,XOM,Energy,0.005610921074774329,0.4867709341703979,0.3,0.675,0.2,0.48169273354259945,6.0,0.20393988875690594
2025-12-04,TSLA,Consumer Discretionary,0.002969583352041563,0.5071566937508353,1.0,0.3125,0.5,0.47928917343770877,7.0,-0.10572256092010623
2025-12-04,NVDA,Technology,-0.008196957497003441,0.4901230439650093,0.7,0.7375,0.3,0.4400307609912524,8.0,-0.06566738266301886
2025-12-04,JNJ,Healthcare,-0.008570226501166194,0.416809294074619,0.8,0.725,0.7,0.43420232351865473,9.0,-0.09395627216717606
2025-12-04,MSFT,Technology,0.0011471078630842244,0.5350611539484231,0.5,0.375,0.1,0.3737652884871058,10.0,0.05964747575433704
2025-12-05,GOOGL,Technology,0.01759288644351198,0.6068634658199918,0.9,0.48750000000000004,0.8,0.734215866454998,1.0,0.03273301417627161
2025-12-05,META,Technology,0.020576115060354408,0.6688261322482533,0.3,0.5375,0.3,0.6847065330620634,2.0,-0.12765328629420658
2025-12-05,AMZN,Consumer Discretionary,0.016921469886049152,0.5372826803159905,0.1,0.7,0.9,0.6543206700789975,3.0,0.05425205402957434
2025-12-05,JPM,Financials,0.012492806596561396,0.5866109015890867,0.4,0.5625,1.0,0.6441527253972716,4.0,0.018454280779848897
2025-12-05,TSLA,Consumer Discretionary,0.004159486895646941,0.5048381362581699,1.0,0.3125,0.7,0.4987095340645425,5.0,-0.11317466615030625
2025-12-05,AAPL,Technology,0.009348076839695671,0.5476525492703552,0.2,0.3875,0.5,0.4944131373175888,6.0,0.06523453961746806
2025-12-05,NVDA,Technology,0.00177774190019122,0.5216555678188247,0.7,0.7375,0.4,0.49291389195470625,7.0,-0.10058685654640376
2025-12-05,MSFT,Technology,0.005914518377376079,0.5500493637499532,0.6,0.375,0.2,0.4675123409374883,8.0,0.025181211374990298
2025-12-05,JNJ,Healthcare,-0.009860880549672666,0.4078153236585586,0.8,0.725,0.6,0.42195383091463967,9.0,-0.07234942532809718
2025-12-05,XOM,Energy,-0.002082735667549544,0.44321226862742924,0.5,0.675,0.1,0.3758030671568573,10.0,0.1625670510963375
2025-12-08,GOOGL,Technology,0.015658381044376894,0.605453598669831,0.8,0.48750000000000004,0.8,0.7238633996674579,1.0,0.04554422632472055
2025-12-08,META,Technology,0.015667356221617162,0.6554659258909172,0.2,0.5375,0.3,0.6713664814727294,2.0,-0.14304993492388707
2025-12-08,AMZN,Consumer Discretionary,0.012073331835919155,0.5260959400652855,0.1,0.7,0.9,0.6515239850163214,3.0,0.07881265605835641
2025-12-08,JPM,Financials,0.011118144532112937,0.588028409991134,0.4,0.5625,1.0,0.6445071024977835,4.0,0.008675623897973717
2025-12-08,TSLA,Consumer Discretionary,0.005585358020949225,0.5139856629597489,1.0,0.3125,0.6,0.5259964157399373,5.0,-0.14372654074183988
2025-12-08,NVDA,Technology,-0.001461375732633859,0.5052954291482487,0.9,0.7375,0.4,0.5088238572870623,6.0,-0.08193516965154801
2025-12-08,AAPL,Technology,0.00880082403380027,0.5439847773137302,0.3,0.3875,0.5,0.5034961943284326,7.0,0.07713236875934326
2025-12-08,JNJ,Healthcare,-0.007585562530667856,0.4070073724571825,0.7,0.725,0.7,0.4567518431142956,8.0,-0.048894651235855124
2025-12-08,MSFT,Technology,-0.001137377163046962,0.5136023992570052,0.6,0.375,0.2,0.4234005998142513,9.0,0.014450089015406675
2025-12-08,XOM,Energy,-0.01070471430512909,0.4122377500863225,0.5,0.675,0.1,0.3330594375215806,10.0,0.09357836853511259
2025-12-09,GOOGL,Technology,0.017681048346754127,0.6126560911516941,0.8,0.48750000000000004,0.7,0.7506640227879234,1.0,0.03516362150607022
2025-12-09,TSLA,Consumer Discretionary,0.016431738238722543,0.5283930020013774,1.0,0.3125,0.9,0.6995982505003443,2.0,-0.15362985209587476
2025-12-09,JPM,Financials,0.012172045608476692,0.5926851895461984,0.3,0.5625,1.0,0.6356712973865496,3.0,0.005575560144325031
2025-12-09,META,Technology,0.013480937992557212,0.6471440885490937,0.2,0.5375,0.3,0.5992860221372734,4.0,-0.12336579327368169
2025-12-09,AMZN,Consumer Discretionary,0.010573071310246346,0.5244121914871817,0.1,0.7,0.8,0.5711030478717953,5.0,0.12323493992311119
2025-12-09,NVDA,Technology,-0.002760929294497545,0.5031932331589002,0.9,0.7375,0.4,0.5432983082897251,6.0,-0.10041959042030113
2025-12-09,AAPL,Technology,0.007854115472008151,0.5407030346716282,0.4,0.3875,0.5,0.47767575866790707,7.0,0.054525036429360796
2025-12-09,JNJ,Healthcare,-0.012942930334859836,0.38673837389681687,0.7,0.725,0.6,0.4416845934742042,8.0,-0.07481040740700762
2025-12-09,MSFT,Technology,-0.009256814922378499,0.49307910893724427,0.6,0.375,0.2,0.3832697772343111,9.0,-0.012150597077007164
2025-12-09,XOM,Energy,-0.014927771362726229,0.4122222172777408,0.5,0.675,0.1,0.3330555543194352,10.0,0.07867095628662701
2025-12-10,GOOGL,Technology,0.017117530036676473,0.6114050665868102,0.8,0.48750000000000004,0.8,0.7253512666467026,1.0,0.04076153253463177
2025-12-10,TSLA,Consumer Discretionary,0.018045450087140764,0.5411356096774721,0.9,0.3125,0.7,0.707783902419368,2.0,-0.118746814744905
2025-12-10,JPM,Financials,0.010786099824635258,0.5895727821492073,0.3,0.5625,1.0,0.6348931955373018,3.0,0.020037477270578252
2025-12-10,META,Technology,0.013290837849553283,0.6438855589254674,0.2,0.5375,0.3,0.5984713897313669,4.0,-0.12576480613240892
2025-12-10,AMZN,Consumer Discretionary,0.008963867149616936,0.5215774034108757,0.1,0.7,0.9,0.5803943508527188,5.0,0.1328964360665159
2025-12-10,AAPL,Technology,0.006244117295232684,0.5273372251475137,0.5,0.3875,0.5,0.4843343062868784,6.0,0.040694876105575206
2025-12-10,JNJ,Healthcare,-0.008202116160972816,0.41378822413066463,0.7,0.725,0.6,0.4484470560326661,7.0,-0.08639685774158101
2025-12-10,NVDA,Technology,-0.008362840227029973,0.4680070258535331,1.0,0.7375,0.4,0.4395017564633833,8.0,-0.09082169460512457
2025-12-10,MSFT,Technology,0.0003385042248789357,0.5239086784793864,0.6,0.375,0.2,0.4259771696198466,9.0,0.008508343676446595
2025-12-10,XOM,Energy,-0.006536132783538533,0.4288205266395306,0.4,0.675,0.1,0.3972051316598827,10.0,0.17304620445631946
2025-12-11,TSLA,Consumer Discretionary,0.020797585263651122,0.5555186232709881,0.8,0.3125,0.7,0.7013796558177471,1.0,-0.0965437164512567
2025-12-11,GOOGL,Technology,0.015126101284803958,0.5955080101226818,0.9,0.48750000000000004,0.8,0.6963770025306704,2.0,0.03143134613026821
2025-12-11,META,Technology,0.016435473862399727,0.6572944156066005,0.2,0.5375,0.3,0.6368236039016502,3.0,-0.12228701688576504
2025-12-11,JPM,Financials,0.010568343683721672,0.5892433939798513,0.3,0.5625,1.0,0.6348108484949628,4.0,0.02329849966303965
2025-12-11,AMZN,Consumer Discretionary,0.009635726406661691,0.527247423897552,0.1,0.7,0.9,0.581811855974388,5.0,0.13264560432984696
2025-12-11,NVDA,Technology,-0.006124197043880621,0.4723055930229083,1.0,0.7375,0.4,0.5105763982557271,6.0,-0.07585398610244254
2025-12-11,AAPL,Technology,0.0027144103236291664,0.5055072253735909,0.5,0.3875,0.5,0.4788768063433977,7.0,-0.013673195840660624
2025-12-11,JNJ,Healthcare,-0.008739606780362988,0.41868948294264813,0.7,0.725,0.6,0.449672370735662,8.0,-0.07524710918631228
2025-12-11,MSFT,Technology,-0.0020479799370493653,0.5196804929725031,0.6,0.375,0.2,0.4249201232431258,9.0,-0.043057753173084135
2025-12-11,XOM,Energy,-0.010945428125412375,0.42425072957528037,0.4,0.675,0.1,0.3260626823938201,10.0,0.18537769383987923
2025-12-12,GOOGL,Technology,0.014589875097335277,0.5910868151654839,1.0,0.48750000000000004,0.8,0.7402717037913711,1.0,0.0004911184741247521
2025-12-12,TSLA,Consumer Discretionary,0.01991656627806751,0.5611716576683771,0.8,0.3125,0.7,0.7027929144170942,2.0,-0.07158048539470585
2025-12-12,META,Technology,0.014128622097499249,0.651768669072784,0.2,0.5375,0.4,0.610442167268196,3.0,-0.15368393020021698
2025-12-12,JPM,Financials,0.010682869493344233,0.587970257923595,0.4,0.5625,1.0,0.6094925644808987,4.0,0.01025282008567241
2025-12-12,AAPL,Technology,0.01197429726577844,0.5479826409277672,0.6,0.3875,0.5,0.5694956602319419,5.0,-0.02248912717366547
2025-12-12,AMZN,Consumer Discretionary,0.009242590383102732,0.5231622767173651,0.1,0.7,0.9,0.5457905691793412,6.0,0.12034364200080971
2025-12-12,NVDA,Technology,-0.0010739352447951245,0.48639135699160413,0.9,0.7375,0.3,0.49409783924790107,7.0,-0.0722220722355632
2025-12-12,MSFT,Technology,0.0015946991357107506,0.5320786791777756,0.7,0.375,0.2,0.43801966979444396,8.0,-0.06530793831768
2025-12-12,JNJ,Healthcare,-0.0060062998013126565,0.43436304044781865,0.5,0.725,0.6,0.43359076011195463,9.0,-0.051250948691616394
2025-12-12,XOM,Energy,-0.006936453964335806,0.4423140712066855,0.3,0.675,0.1,0.32057851780167135,10.0,0.12805016045191264
2025-12-15,GOOGL,Technology,0.018650334973499973,0.6034110534551277,1.0,0.48750000000000004,0.8,0.743352763363782,1.0,0.008837917836886477
2025-12-15,TSLA,Consumer Discretionary,0.02242909958861332,0.5720667720300221,0.7,0.3125,0.7,0.6955166930075054,2.0,-0.03411691478085377
2025-12-15,AMZN,Consumer Discretionary,0.016841276069538065,0.5489248801042537,0.1,0.7,0.9,0.6572312200260634,3.0,0.1092091688527066
2025-12-15,JPM,Financials,0.010243029023586975,0.5917521901389928,0.3,0.5625,1.0,0.6004380475347482,4.0,0.002998105388543504
2025-12-15,AAPL,Technology,0.01407578332147918,0.5529482529589947,0.6,0.3875,0.5,0.5707370632397487,5.0,-0.009183397475213462
2025-12-15,NVDA,Technology,-0.0015097890055059005,0.4867545865118401,0.9,0.7375,0.3,0.5291886466279601,6.0,-0.041163310434244926
2025-12-15,META,Technology,0.008632823732921716,0.6285898020260444,0.2,0.5375,0.4,0.49964745050651105,7.0,-0.1266546303720636
2025-12-15,JNJ,Healthcare,-0.007438658694518973,0.42911016109867944,0.5,0.725,0.6,0.4322775402746698,8.0,-0.07303235478449432
2025-12-15,MSFT,Technology,-0.004525996755188663,0.5027862022703703,0.8,0.375,0.2,0.40569655056759263,9.0,-0.05871772023970179
2025-12-15,XOM,Energy,-0.01197553014353096,0.41545018842519293,0.4,0.675,0.1,0.32386254710629825,10.0,0.054094815259613904
2025-12-16,GOOGL,Technology,0.020780611691548108,0.6061320578676451,1.0,0.48750000000000004,0.9,0.7540330144669113,1.0,-0.02190685608241505
2025-12-16,TSLA,Consumer Discretionary,0.02291845898515093,0.5821190377790042,0.6,0.3125,0.7,0.688029759444751,2.0,-0.07066034147234168
2025-12-16,AAPL,Technology,0.019022227762716795,0.5662182601116296,0.7,0.3875,0.5,0.6190545650279073,3.0,0.03321762589790778
2025-12-16,JPM,Financials,0.006861063291778839,0.575725164835241,0.3,0.5625,1.0,0.5964312912088102,4.0,0.008004968359041964
2025-12-16,META,Technology,0.01844797844009447,0.6575368052268467,0.1,0.5375,0.4,0.5668842013067117,5.0,-0.1312831289719889
2025-12-16,AMZN,Consumer Discretionary,0.00667029817087664,0.505600190107586,0.2,0.7,0.8,0.5414000475268965,6.0,0.09147624019248823
2025-12-16,NVDA,Technology,0.0021369340422594846,0.4953181976438308,0.9,0.7375,0.3,0.5313295494109578,7.0,-0.06171931871560821
2025-12-16,JNJ,Healthcare,-0.008737122378801416,0.42626423197029173,0.5,0.725,0.6,0.43156605799257286,8.0,-0.06313634591629447
2025-12-16,MSFT,Technology,-0.006442796820717179,0.5042557991441992,0.8,0.375,0.2,0.4060639497860498,9.0,-0.04683387806395145
2025-12-16,XOM,Energy,-0.020376890905485154,0.401596619498366,0.4,0.675,0.1,0.3203991548745916,10.0,0.05885880703135382
2025-12-17,GOOGL,Technology,0.02370761511680878,0.614645375781946,1.0,0.48750000000000004,0.9,0.7911613439454864,1.0,0.031313182502723746
2025-12-17,TSLA,Consumer Discretionary,0.023381010918666498,0.5931640142861678,0.5,0.3125,0.7,0.645791003571542,2.0,-0.05792437161204689
2025-12-17,META,Technology,0.022855245582460354,0.6683834385392913,0.1,0.5375,0.4,0.6045958596348229,3.0,-0.1285860804698754
2025-12-17,JPM,Financials,0.010362453002546198,0.5869128516387542,0.2,0.5625,1.0,0.5892282129096885,4.0,0.024990459476044835
2025-12-17,AAPL,Technology,0.013267250225603025,0.5492819578994248,0.7,0.3875,0.5,0.5798204894748562,5.0,0.013622360165771008
2025-12-17,NVDA,Technology,0.005256621633629553,0.5092159789501354,0.9,0.7375,0.3,0.5698039947375338,6.0,-0.05065427878023454
2025-12-17,AMZN,Consumer Discretionary,0.0038865608729199246,0.4978810246507802,0.3,0.7,0.8,0.514470256162695,7.0,0.06626504763600138
2025-12-17,JNJ,Healthcare,-0.016268826294330976,0.4065109780109861,0.4,0.725,0.6,0.4166277445027466,8.0,-0.03797473910376559
2025-12-17,MSFT,Technology,-0.011655352744633396,0.47781222463026646,0.8,0.375,0.2,0.39945305615756665,9.0,-0.07728923207089444
2025-12-17,XOM,Energy,-0.017428201408066522,0.41722018224318574,0.6,0.675,0.1,0.34430504556079644,10.0,0.09340748507179697
2025-12-18,GOOGL,Technology,0.023734734112800894,0.6123992564885283,1.0,0.48750000000000004,0.9,0.7905998141221321,1.0,0.012260392315770252
2025-12-18,TSLA,Consumer Discretionary,0.018143110248417964,0.5587447080055731,0.6,0.3125,0.7,0.6471861770013932,2.0,-0.04288705721545061
2025-12-18,META,Technology,0.01706059578126153,0.6531423072044887,0.2,0.5375,0.4,0.6107855768011222,3.0,-0.13455966023521304
2025-12-18,NVDA,Technology,0.012729211727702734,0.5310813509470832,0.9,0.7375,0.3,0.6102703377367709,4.0,-0.0942818351437632
2025-12-18,JPM,Financials,0.007864772556189899,0.5763023985260167,0.3,0.5625,1.0,0.5615755996315042,5.0,-0.005636942993417993
2025-12-18,AAPL,Technology,0.01337742606956028,0.553075547208767,0.5,0.3875,0.5,0.5607688868021918,6.0,0.04658114621441234
2025-12-18,AMZN,Consumer Discretionary,0.004831880640055844,0.5013799839668753,0.1,0.7,0.8,0.49534499599171883,7.0,0.10297361307528852
2025-12-18,JNJ,Healthcare,-0.015343431866149062,0.40327005288058376,0.4,0.725,0.6,0.4508175132201459,8.0,-0.06523617634136225
2025-12-18,MSFT,Technology,-0.01789640995207918,0.4654066467253742,0.8,0.375,0.2,0.3613516616813436,9.0,-0.05024536960264525
2025-12-18,XOM,Energy,-0.024707368897323424,0.38981829044845007,0.7,0.675,0.1,0.34745457261211254,10.0,0.05656069350386872
2025-12-19,GOOGL,Technology,0.015173150834340145,0.6043715301588231,1.0,0.48750000000000004,0.9,0.7885928825397057,1.0,-0.028752329657172893
2025-12-19,TSLA,Consumer Discretionary,0.008088161589845379,0.5491099134225008,0.5,0.3125,0.7,0.6347774783556251,2.0,-0.03138293994065244
2025-12-19,NVDA,Technology,0.006339778673917756,0.5220467486036307,0.8,0.7375,0.3,0.6330116871509077,3.0,-0.13807687902289234
2025-12-19,META,Technology,0.006641378280998722,0.6392234258494583,0.3,0.5375,0.4,0.6173058564623647,4.0,-0.13575846719814644
2025-12-19,AMZN,Consumer Discretionary,0.000286718749096488,0.5112184537451862,0.1,0.7,0.8,0.5678046134362966,5.0,0.07576474494157481
2025-12-19,JPM,Financials,-0.0018730119501333747,0.5655585521901939,0.2,0.5625,1.0,0.5488896380475485,6.0,-0.0012419418751199451
2025-12-19,AAPL,Technology,-0.005593051333037563,0.5081210948968978,0.6,0.3875,0.5,0.45453027372422444,7.0,0.027677697726739225
2025-12-19,JNJ,Healthcare,-0.024694981258620873,0.39224429195513466,0.4,0.725,0.6,0.44806107298878367,8.0,-0.020421522512404033
2025-12-19,MSFT,Technology,-0.0328119713113447,0.4261747122939581,0.9,0.375,0.2,0.3615436780734896,9.0,-0.07587699536364012
2025-12-19,XOM,Energy,-0.03628749578014312,0.3728313542986906,0.7,0.675,0.1,0.3432078385746727,10.0,-0.00283429278156222
2025-12-22,GOOGL,Technology,0.011823044739380374,0.593028874574742,1.0,0.48750000000000004,0.9,0.7507572186436855,1.0,-0.05884121443282586
2025-12-22,META,Technology,0.015688208003153764,0.6733108551675164,0.1,0.5375,0.4,0.6758277137918792,2.0,-0.10423879003599423
2025-12-22,NVDA,Technology,0.010799990627047097,0.5471924039269096,0.7,0.7375,0.3,0.6642981009817274,3.0,-0.15016512699824147
2025-12-22,AMZN,Consumer Discretionary,-0.001865914754704906,0.5077511872500484,0.2,0.7,0.8,0.5769377968125122,4.0,0.07582641871955653
2025-12-22,TSLA,Consumer Discretionary,0.007483863880699588,0.5516304505868267,0.5,0.3125,0.6,0.5554076126467067,5.0,-0.044312554648482716
2025-12-22,JPM,Financials,-0.005389657351335664,0.5486134129886346,0.4,0.5625,1.0,0.5296533532471586,6.0,-0.03204343708392965
2025-12-22,AAPL,Technology,-0.004823772035616001,0.5143765117662847,0.6,0.3875,0.5,0.49109412794157115,7.0,0.04992579998166735
2025-12-22,JNJ,Healthcare,-0.01860153547864144,0.41146855811781086,0.3,0.725,0.7,0.45286713952945273,8.0,-0.010418988415644703
2025-12-22,MSFT,Technology,-0.028246854130706385,0.44357351879693036,0.9,0.375,0.2,0.36589337969923263,9.0,-0.08896229182239679
2025-12-22,XOM,Energy,-0.04035659881603012,0.35031681737928827,0.8,0.675,0.1,0.3475792043448221,10.0,-0.01363572699126503
2025-12-23,GOOGL,Technology,0.010845437305149083,0.5915445588871778,1.0,0.48750000000000004,1.0,0.7603861397217945,1.0,-0.04087911994270621
2025-12-23,META,Technology,0.014850173274566314,0.6780396692262042,0.1,0.5375,0.4,0.6770099173065511,2.0,-0.09198477919014181
2025-12-23,NVDA,Technology,0.0033279511750943,0.50845815838478,0.7,0.7375,0.3,0.6196145395961951,3.0,-0.16759384628428886
2025-12-23,JPM,Financials,-0.0032894968529059805,0.5576993901540034,0.2,0.5625,0.9,0.5719248475385008,4.0,-0.00675584646012839
2025-12-23,TSLA,Consumer Discretionary,0.008823271375565768,0.5572193569985223,0.3,0.3125,0.6,0.5718048392496307,5.0,-0.0082266923156602
2025-12-23,AMZN,Consumer Discretionary,-0.007286995463520542,0.4857345853615669,0.4,0.7,0.8,0.5564336463403918,6.0,0.07461679383536657
2025-12-23,JNJ,Healthcare,-0.020496052278041618,0.39453989835623116,0.5,0.725,0.7,0.4686349745890578,7.0,-0.01687222029868929
2025-12-23,AAPL,Technology,-0.008831069734225363,0.49261396666381224,0.6,0.3875,0.5,0.45065349166595303,8.0,0.034278855877602155
2025-12-23,MSFT,Technology,-0.021236763494406105,0.4606419610253411,0.9,0.375,0.2,0.3701604902563353,9.0,-0.06744440892886827
2025-12-23,XOM,Energy,-0.040988682596962374,0.3430036044549403,0.8,0.675,0.1,0.34575090111373513,10.0,-0.028053912583649532
2025-12-24,GOOGL,Technology,0.010516049634021744,0.5945833869361351,1.0,0.48750000000000004,1.0,0.7261458467340337,1.0,-0.06093526411930772
2025-12-24,META,Technology,0.01478580715055227,0.6765806904331769,0.1,0.5375,0.4,0.6766451726082943,2.0,-0.09325908978039177
2025-12-24,NVDA,Technology,0.002624939347726972,0.5060812855577932,0.7,0.7375,0.3,0.6190203213894482,3.0,-0.12998686985735686
2025-12-24,TSLA,Consumer Discretionary,0.011686638756312222,0.5694685002721751,0.2,0.3125,0.6,0.5998671250680438,4.0,-0.01750682904618528
2025-12-24,JPM,Financials,-0.0016685179637616352,0.5634576535631393,0.4,0.5625,0.9,0.5933644133907847,5.0,0.005124428223227895
2025-12-24,AMZN,Consumer Discretionary,-0.00682724844184893,0.48796126110316784,0.5,0.7,0.8,0.531990315275792,6.0,0.04459506184190931
2025-12-24,AAPL,Technology,-0.005845202043825238,0.5012006803213582,0.6,0.3875,0.5,0.48780017008033955,7.0,0.02904645150044649
2025-12-24,JNJ,Healthcare,-0.021409033368095597,0.39918522252865235,0.3,0.725,0.7,0.41479630563216313,8.0,-0.01814070419158409
2025-12-24,MSFT,Technology,-0.01104801319593217,0.4911637419913858,0.8,0.375,0.2,0.4027909354978465,9.0,-0.02783952771039422
2025-12-24,XOM,Energy,-0.05078283842605448,0.31379218870264475,0.9,0.675,0.1,0.3484480471756612,10.0,-0.0005015529551553044
2025-12-25,GOOGL,Technology,0.01023683886780984,0.5948789270566508,1.0,0.48750000000000004,1.0,0.7262197317641627,1.0,-0.06940697906381743
2025-12-25,META,Technology,0.014485631223913163,0.678747595570063,0.1,0.5375,0.5,0.6871868988925158,2.0,-0.1504841789596696
2025-12-25,TSLA,Consumer Discretionary,0.01426972173657175,0.5866696657737718,0.2,0.3125,0.6,0.604167416443443,3.0,-0.019514235471831176
2025-12-25,NVDA,Technology,0.004641354901340896,0.5123586158127994,0.6,0.7375,0.2,0.6005896539531999,4.0,-0.07055160993331278
2025-12-25,JPM,Financials,-0.0009011201092780021,0.5694844345589566,0.4,0.5625,0.9,0.5948711086397391,5.0,0.010743159799533109
2025-12-25,AMZN,Consumer Discretionary,-0.008770670169899821,0.48057136053311716,0.5,0.7,0.8,0.49514284013327925,6.0,0.06755361039963192
2025-12-25,AAPL,Technology,-0.0019831175781930025,0.5061750597816851,0.7,0.3875,0.4,0.48904376494542123,7.0,0.04763017187898955
2025-12-25,MSFT,Technology,-0.0043739687928834045,0.5146447843846813,0.8,0.375,0.3,0.4536611960961704,8.0,-0.015083477590991712
2025-12-25,JNJ,Healthcare,-0.01892229387679871,0.4092471855768484,0.3,0.725,0.7,0.41731179639421206,9.0,0.012340878399711874
2025-12-25,XOM,Energy,-0.04966927338115194,0.31051070609188003,0.9,0.675,0.1,0.34762767652297005,10.0,-0.020504356968827797
2025-12-26,GOOGL,Technology,0.01302408068125753,0.6021159294439472,1.0,0.48750000000000004,0.9,0.7180289823609868,1.0,-0.05793555567340036
2025-12-26,META,Technology,0.01729763974142072,0.6858028462006259,0.1,0.5375,0.5,0.6889507115501565,2.0,-0.1716952103207351
2025-12-26,NVDA,Technology,0.00936361251563909,0.5330606764877429,0.5,0.7375,0.3,0.6057651691219358,3.0,-0.07693868549853489
2025-12-26,TSLA,Consumer Discretionary,0.01420847542958013,0.5910848986481808,0.2,0.3125,0.6,0.6052712246620453,4.0,0.03263697654615405
2025-12-26,JPM,Financials,-8.786656299466416e-05,0.5687240425740001,0.4,0.5625,1.0,0.6046810106435,5.0,-0.00129352555732698
2025-12-26,AMZN,Consumer Discretionary,-0.007802610863444682,0.4814543256874333,0.6,0.7,0.8,0.5053635814218583,6.0,0.058678529281186886
2025-12-26,MSFT,Technology,-0.0042155442331793915,0.518731472144747,0.9,0.375,0.2,0.48968286803618677,7.0,-0.07743228616765852
2025-12-26,AAPL,Technology,-0.004542909990593418,0.4991448665919156,0.7,0.3875,0.4,0.45228621664797886,8.0,0.05849729158979611
2025-12-26,JNJ,Healthcare,-0.01836880199000985,0.41720830465851505,0.3,0.725,0.7,0.4193020761646287,9.0,0.03573330778761208
2025-12-26,XOM,Energy,-0.05252266533281444,0.30814247766748,0.8,0.675,0.1,0.33703561941687,10.0,-0.03064691472022618
2025-12-29,GOOGL,Technology,0.005654122988686763,0.5561972269530648,1.0,0.48750000000000004,1.0,0.7865493067382662,1.0,-0.07060025989446517
2025-12-29,JPM,Financials,-0.007945779569280519,0.5240167372911388,0.4,0.5625,0.9,0.6535041843227847,2.0,-0.004968343057764835
2025-12-29,META,Technology,0.00165187536657936,0.6135185256666209,0.1,0.5375,0.6,0.6458796314166553,3.0,-0.15473325695516604
2025-12-29,NVDA,Technology,-0.009361791033186219,0.4564443923839178,0.5,0.7375,0.3,0.5866110980959796,4.0,-0.07752550826163662
2025-12-29,AMZN,Consumer Discretionary,-0.02149451925595331,0.4094957819866772,0.6,0.7,0.8,0.5223739454966693,5.0,0.03387447610162253
2025-12-29,AAPL,Technology,-0.017787940620374483,0.4343057394218092,0.8,0.3875,0.4,0.4810764348554524,6.0,0.03192672642058825
2025-12-29,TSLA,Consumer Discretionary,-0.011971744333175566,0.46045206821746076,0.3,0.3125,0.5,0.46761301705436514,7.0,0.0016052950582630121
2025-12-29,JNJ,Healthcare,-0.029089138499363114,0.36342213006206886,0.2,0.725,0.7,0.39585553251551725,8.0,0.0661599197386693
2025-12-29,MSFT,Technology,-0.023221879117185817,0.4342909362364716,0.7,0.375,0.2,0.3785727340591179,9.0,-0.052515698216291096
2025-12-29,XOM,Energy,-0.06115901478916595,0.27073213551649833,0.9,0.675,0.1,0.33768303387912463,10.0,-0.029701328937983162
2025-12-30,GOOGL,Technology,0.004644069287859497,0.5580081437356059,0.9,0.48750000000000004,0.9,0.7670020359339014,1.0,-0.03490923381257305
2025-12-30,META,Technology,-0.0006255611520035128,0.6027928169205096,0.2,0.5375,0.6,0.6531982042301274,2.0,-0.15654176506187567
2025-12-30,JPM,Financials,-0.011039237999683817,0.5171057198375515,0.5,0.5625,1.0,0.6367764299593878,3.0,0.005549830679939971
2025-12-30,NVDA,Technology,-0.006716381949346038,0.4798866740655823,0.4,0.7375,0.3,0.6174716685163957,4.0,-0.043234766351382126
2025-12-30,AMZN,Consumer Discretionary,-0.01896371191156971,0.4113346494720785,0.8,0.7,0.8,0.5428336623680197,5.0,0.020925017353467412
2025-12-30,AAPL,Technology,-0.01485059343764047,0.4478769480389276,0.7,0.3875,0.5,0.4844692370097319,6.0,0.055336615351365914
2025-12-30,TSLA,Consumer Discretionary,-0.01231286341843563,0.45921837618659944,0.3,0.3125,0.4,0.4573045940466499,7.0,0.004377036033941906
2025-12-30,JNJ,Healthcare,-0.028543052012413708,0.3658295976679868,0.1,0.725,0.7,0.3864573994169967,8.0,0.0925396811287078
2025-12-30,MSFT,Technology,-0.02239555632293847,0.431301574021617,0.6,0.375,0.2,0.3678253935054043,9.0,-0.09088643076008085
2025-12-30,XOM,Energy,-0.05703127493484903,0.2665367317921414,1.0,0.675,0.1,0.3466341829480354,10.0,0.004191902507244993
2025-12-31,GOOGL,Technology,0.004767755030819779,0.5598496391292066,0.8,0.48750000000000004,0.8,0.7124624097823018,1.0,-0.026584215525989774
2025-12-31,META,Technology,0.004950769017345361,0.6212149378068167,0.1,0.5375,0.5,0.6728037344517043,2.0,-0.16673290912257455
2025-12-31,NVDA,Technology,-0.005627159298684308,0.48859178506512524,0.4,0.7375,0.3,0.6196479462662814,3.0,0.0059611574440689985
2025-12-31,JPM,Financials,-0.012961524413347246,0.5165273847648276,0.5,0.5625,0.9,0.5916318461912069,4.0,0.0008820673913796373
2025-12-31,AMZN,Consumer Discretionary,-0.013552517719446213,0.427744817022806,0.9,0.7,0.7,0.5819362042557014,5.0,0.030512642119773004
2025-12-31,AAPL,Technology,-0.010810995262243864,0.45585105689203725,0.7,0.3875,0.6,0.5664627642230093,6.0,0.058130698788672275
2025-12-31,JNJ,Healthcare,-0.018775947171954722,0.38257231965647137,0.2,0.725,1.0,0.4306430799141179,7.0,0.09607607304892385
2025-12-31,TSLA,Consumer Discretionary,-0.013886056769433592,0.4542227329900328,0.3,0.3125,0.4,0.3860556832475083,8.0,-0.01194807994259639
2025-12-31,MSFT,Technology,-0.017616407038848814,0.44930755757415225,0.6,0.375,0.1,0.3623268893935381,9.0,-0.038114161187509876
2025-12-31,XOM,Energy,-0.059215382763996204,0.25629562782668025,1.0,0.675,0.2,0.35407390695667007,10.0,-0.029055407562421975
2026-01-01,GOOGL,Technology,0.0017848109074398032,0.5430648193932475,0.8,0.48750000000000004,0.8,0.7082662048483119,1.0,0.0020871615325153137
2026-01-01,META,Technology,0.002129367346844366,0.5912914785016099,0.1,0.5375,0.6,0.6753228696254026,2.0,-0.1258610282222664
2026-01-01,NVDA,Technology,-0.005770991675938544,0.47986936399564784,0.3,0.7375,0.3,0.607467340998912,3.0,0.029245120996457707
2026-01-01,JNJ,Healthcare,-0.016536809105028007,0.37240999571491307,0.2,0.725,1.0,0.5331024989287283,4.0,0.17014403276319134
2026-01-01,AAPL,Technology,-0.014008319551528077,0.43435176765040817,0.7,0.3875,0.5,0.5160879419126021,5.0,0.07714733497471671
2026-01-01,JPM,Financials,-0.0197673086322291,0.4694029972840354,0.5,0.5625,0.9,0.5098507493210088,6.0,-0.0189263576060269
2026-01-01,TSLA,Consumer Discretionary,-0.012948729586208185,0.44150689653367825,0.4,0.3125,0.4,0.49787672413341955,7.0,-0.009366341410590673
2026-01-01,AMZN,Consumer Discretionary,-0.02202810689187633,0.39223981117147194,0.9,0.7,0.7,0.468059952792868,8.0,0.04039921964277182
2026-01-01,MSFT,Technology,-0.020158387670417097,0.4207972119055908,0.6,0.375,0.1,0.35519930297639773,9.0,0.006366959874198885
2026-01-01,XOM,Energy,-0.060679243425740784,0.23445189413761972,1.0,0.675,0.2,0.34861297353440496,10.0,-0.060525113949462916
2026-01-02,GOOGL,Technology,0.006399523317915698,0.5616097171183175,0.7,0.48750000000000004,0.8,0.7379024292795793,1.0,0.05594807673019586
2026-01-02,NVDA,Technology,0.00248684668835641,0.5085347864282824,0.3,0.7375,0.3,0.6496336966070706,2.0,0.0349698476346203
2026-01-02,META,Technology,0.0019789823743190833,0.5847010464820683,0.1,0.5375,0.5,0.5936752616205171,3.0,-0.10556283674974976
2026-01-02,AAPL,Technology,-0.004140455913269934,0.45895757011123345,0.8,0.3875,0.6,0.5772393925278083,4.0,0.06429438317131275
2026-01-02,AMZN,Consumer Discretionary,-0.021087472984263382,0.3949132323204113,0.9,0.7,0.7,0.5387283080801029,5.0,0.04941169979298099
2026-01-02,TSLA,Consumer Discretionary,-0.011001717035095901,0.44713913868918626,0.4,0.3125,0.4,0.4642847846722966,6.0,-0.009667977182486909
2026-01-02,JNJ,Healthcare,-0.021765664638626836,0.35006724101734277,0.2,0.725,1.0,0.45751681025433566,7.0,0.18086921984178006
2026-01-02,JPM,Financials,-0.0230230525730742,0.45875505038335573,0.6,0.5625,0.9,0.44718876259583895,8.0,-0.05108630285744431
2026-01-02,MSFT,Technology,-0.01569454466335702,0.4377996359107862,0.5,0.375,0.1,0.4194499089776965,9.0,0.06856638180200059
2026-01-02,XOM,Energy,-0.051060845139467195,0.25859770861819137,1.0,0.675,0.2,0.35464942715454784,10.0,-0.11348208747684874
2026-01-05,GOOGL,Technology,0.009527295463937359,0.5754593712077016,0.7,0.48750000000000004,0.8,0.7413648428019253,1.0,0.02079636172082555
2026-01-05,META,Technology,0.0031064337237881766,0.5890774042446417,0.1,0.5375,0.5,0.6297693510611605,2.0,-0.0828273681283459
2026-01-05,NVDA,Technology,-0.006011432016132089,0.4603710497006631,0.4,0.7375,0.2,0.6025927624251659,3.0,-0.00617618597163605
2026-01-05,AAPL,Technology,-0.007380248000786132,0.44792724041624316,0.8,0.3875,0.6,0.5744818101040607,4.0,0.06226197752095475
2026-01-05,AMZN,Consumer Discretionary,-0.017077911013405785,0.40693682276608145,0.9,0.7,0.9,0.5617342056915203,5.0,0.06252777714755897
2026-01-05,JPM,Financials,-0.021764960707893174,0.4572625341549043,0.6,0.5625,0.7,0.46181563353872607,6.0,-0.020234372744883822
2026-01-05,TSLA,Consumer Discretionary,-0.008256533843284274,0.46759812357995906,0.2,0.3125,0.4,0.44939953089498974,7.0,0.0365877517032791
2026-01-05,JNJ,Healthcare,-0.02777269318464843,0.32885101613737994,0.3,0.725,1.0,0.427212754034345,8.0,0.1662750638801287
2026-01-05,MSFT,Technology,-0.012695840128706027,0.4436876698375709,0.5,0.375,0.1,0.4209219174593927,9.0,0.03983818665751504
2026-01-05,XOM,Energy,-0.042287104138951884,0.2894164589732527,1.0,0.675,0.3,0.37235411474331315,10.0,-0.12215426459595013
2026-01-06,GOOGL,Technology,0.010286434594346545,0.5802178833651057,0.6,0.48750000000000004,0.9,0.7425544708412765,1.0,0.01909198901510889
2026-01-06,META,Technology,0.002348550233755859,0.5951494867474435,0.1,0.5375,0.5,0.631287371686861,2.0,-0.06334784415602168
2026-01-06,NVDA,Technology,0.00046425152493022336,0.4853636839563342,0.4,0.7375,0.3,0.6188409209890836,3.0,-0.015685805005622555
2026-01-06,AAPL,Technology,-0.006349723985352164,0.4522107747662559,0.7,0.3875,0.6,0.565552693691564,4.0,0.1197522342799815
2026-01-06,AMZN,Consumer Discretionary,-0.01906879445227716,0.39464374619010073,1.0,0.7,0.7,0.5486609365475251,5.0,0.06400821059937822
2026-01-06,JPM,Financials,-0.02342675965382158,0.450077377670179,0.8,0.5625,0.8,0.4900193444175448,6.0,-0.019755412808304618
2026-01-06,TSLA,Consumer Discretionary,-0.009377607468376467,0.46605890662350413,0.2,0.3125,0.4,0.44901472665587605,7.0,0.02145845361664045
2026-01-06,JNJ,Healthcare,-0.028808306498333956,0.32524976359846497,0.3,0.725,1.0,0.4263124408996162,8.0,0.1839278707672909
2026-01-06,MSFT,Technology,-0.014990384343483877,0.4434300644112013,0.5,0.375,0.1,0.4208575161028003,9.0,0.06924055954614317
2026-01-06,XOM,Energy,-0.03793973083258954,0.30424017657642316,0.9,0.675,0.2,0.3560600441441058,10.0,-0.13097220339793736
2026-01-07,GOOGL,Technology,0.012472402387681797,0.5898405285644043,0.6,0.48750000000000004,0.9,0.7449601321411011,1.0,0.01258907202721149
2026-01-07,META,Technology,-0.00026976135176831834,0.5920712798308818,0.1,0.5375,0.5,0.6305178199577205,2.0,-0.03503783410684924
2026-01-07,NVDA,Technology,-0.0006623569032748592,0.48183289135857327,0.4,0.7375,0.2,0.6079582228396434,3.0,0.004113144866447316
2026-01-07,AMZN,Consumer Discretionary,-0.022304895565825753,0.3803996723832012,1.0,0.7,1.0,0.5750999180958002,4.0,0.07240747948991144
2026-01-07,AAPL,Technology,-0.004947727105950342,0.4520977264828675,0.7,0.3875,0.6,0.5655244316207169,5.0,0.10715126031928146
2026-01-07,JPM,Financials,-0.023879054246125,0.4497802929620677,0.8,0.5625,0.7,0.47994507324051694,6.0,-0.042376746996005354
2026-01-07,TSLA,Consumer Discretionary,-0.00955212939283557,0.4658567657686985,0.3,0.3125,0.3,0.4489641914421747,7.0,0.010368545110827743
2026-01-07,MSFT,Technology,-0.022108841235977894,0.42035963952422134,0.5,0.375,0.1,0.4150899098810553,8.0,0.04961817581338046
2026-01-07,XOM,Energy,-0.028996463871999965,0.3146209386018525,0.9,0.675,0.4,0.41365523465046317,9.0,-0.134064002726496
2026-01-07,JNJ,Healthcare,-0.02978493054352857,0.3246916063887229,0.2,0.725,0.8,0.36117290159718074,10.0,0.18438642340006584
2026-01-08,GOOGL,Technology,0.011320227079296363,0.5940141733073092,0.7,0.48750000000000004,1.0,0.7660035433268272,1.0,0.054492912766131774
2026-01-08,META,Technology,0.0010672585345713216,0.5976491009990845,0.1,0.5375,0.5,0.6319122752497712,2.0,-0.003078226752281532
2026-01-08,AAPL,Technology,-0.005042020880507214,0.45959220974033405,0.6,0.3875,0.6,0.5923980524350836,3.0,0.1333991878954055
2026-01-08,NVDA,Technology,-0.013547886186466006,0.43819820848951296,0.5,0.7375,0.2,0.5720495521223783,4.0,-0.05188939823177263
2026-01-08,AMZN,Consumer Discretionary,-0.01932384271641332,0.39156260531408726,1.0,0.7,0.9,0.5678906513285218,5.0,0.11800776472481989
2026-01-08,JPM,Financials,-0.024156398964563314,0.4505515580953626,0.8,0.5625,0.8,0.4901378895238407,6.0,-0.05058315455347728
2026-01-08,TSLA,Consumer Discretionary,-0.01444925963965849,0.44538151826616956,0.2,0.3125,0.3,0.43384537956654246,7.0,-0.019334251054750284
2026-01-08,XOM,Energy,-0.026269135117949302,0.3236580261629869,0.9,0.675,0.4,0.4159145065407468,8.0,-0.16985127131387368
2026-01-08,MSFT,Technology,-0.017501159440026802,0.43954694294443897,0.4,0.375,0.1,0.4098867357361098,9.0,0.0687738877317019
2026-01-08,JNJ,Healthcare,-0.03257679038855818,0.3135503106151762,0.3,0.725,0.7,0.3583875776537941,10.0,0.13854929622407464
2026-01-09,GOOGL,Technology,0.013932839966379514,0.609004895467601,0.4,0.48750000000000004,1.0,0.7397512238669003,1.0,0.10743840023158402
2026-01-09,META,Technology,0.0037476719650625465,0.6034277095956887,0.1,0.5375,0.6,0.6433569273989221,2.0,0.026228630402783226
2026-01-09,AAPL,Technology,-0.0020076322514040795,0.47165743109130537,0.7,0.3875,0.5,0.5954143577728264,3.0,0.11052187557892501
2026-01-09,AMZN,Consumer Discretionary,-0.020305971374399975,0.3936955552424436,1.0,0.7,0.9,0.5684238888106108,4.0,0.14532485136502515
2026-01-09,NVDA,Technology,-0.012135782331573901,0.44514835003085057,0.6,0.7375,0.2,0.5487870875077127,5.0,-0.035440831387427596
2026-01-09,JPM,Financials,-0.023430379589832732,0.45939900718889526,0.9,0.5625,0.8,0.5023497517972239,6.0,-0.04820082371137313
2026-01-09,MSFT,Technology,-0.009148719186710749,0.478511461602462,0.2,0.375,0.1,0.4696278654006155,7.0,0.051799997306100076
2026-01-09,TSLA,Consumer Discretionary,-0.017508905087197747,0.4307422002498214,0.3,0.3125,0.4,0.4151855500624554,8.0,-0.035807416742058784
2026-01-09,XOM,Energy,-0.030172202267979897,0.3218775294812143,0.8,0.675,0.3,0.3954693823703036,9.0,-0.15147942933023273
2026-01-09,JNJ,Healthcare,-0.03754605386208325,0.29445335709019915,0.5,0.725,0.7,0.3736133392725498,10.0,0.09388603641811
2026-01-12,GOOGL,Technology,0.01240157807288407,0.5990999524392285,0.5,0.48750000000000004,1.0,0.7472749881098072,1.0,0.12234775924970176
2026-01-12,META,Technology,0.006858931574450037,0.6095271968485776,0.1,0.5375,0.8,0.6648817992121445,2.0,0.02936727955402696
2026-01-12,AAPL,Technology,-0.0018061534851046045,0.4787287241544701,0.7,0.3875,0.6,0.6071821810386175,3.0,0.10223559252417092
2026-01-12,NVDA,Technology,-0.005393721387027923,0.4630181587277919,0.4,0.7375,0.3,0.5782545396819481,4.0,0.008461310910184094
2026-01-12,AMZN,Consumer Discretionary,-0.018993691981045467,0.4041250627957866,1.0,0.7,0.7,0.5510312656989466,5.0,0.13296768001240644
2026-01-12,TSLA,Consumer Discretionary,-0.01231022450606404,0.44435509174522103,0.8,0.3125,0.4,0.5035887729363052,6.0,-0.045458484592285076
2026-01-12,JPM,Financials,-0.021072379368626798,0.4661423122306151,0.9,0.5625,0.9,0.4790355780576538,7.0,-0.032072462602389606
2026-01-12,XOM,Energy,-0.0202157038968101,0.36091363484203487,0.6,0.675,0.2,0.41022840871050875,8.0,-0.11222967660235272
2026-01-12,MSFT,Technology,-0.013956739992464362,0.45850391105276794,0.2,0.375,0.1,0.394625977763192,9.0,0.12639954365036443
2026-01-12,JNJ,Healthcare,-0.04068831152554636,0.28720207688257476,0.3,0.725,0.5,0.33180051922064363,10.0,0.15768778229270897
2026-01-13,GOOGL,Technology,0.011340482194618015,0.6028674837367863,0.2,0.48750000000000004,0.9,0.7082168709341966,1.0,0.1217034478774277
2026-01-13,AMZN,Consumer Discretionary,-0.013314700941544669,0.42255840331598915,1.0,0.7,0.8,0.6706396008289972,2.0,0.17401726238873794
2026-01-13,META,Technology,0.009725730703393899,0.6169845375202417,0.1,0.5375,0.7,0.6567461343800605,3.0,0.05832919739412601
2026-01-13,NVDA,Technology,-0.007472474608367372,0.4551086839945754,0.3,0.7375,0.3,0.601277170998644,4.0,0.051204202218772865
2026-01-13,JPM,Financials,-0.02006598309666914,0.46281571268243765,0.9,0.5625,1.0,0.5232039281706095,5.0,-0.00926462347617285
2026-01-13,AAPL,Technology,-0.015328991018244227,0.4195513902857917,0.8,0.3875,0.5,0.48738784757144793,6.0,0.009045887351405213
2026-01-13,MSFT,Technology,-0.013627538252852041,0.45581114657499444,0.4,0.375,0.1,0.4489527866437486,7.0,0.08560029068928143
2026-01-13,TSLA,Consumer Discretionary,-0.01881819872703834,0.4215861028860028,0.6,0.3125,0.4,0.4078965257215007,8.0,0.0010164924302888956
2026-01-13,XOM,Energy,-0.024396453412044536,0.34886437078281446,0.7,0.675,0.2,0.3822160926957036,9.0,-0.08231946428761194
2026-01-13,JNJ,Healthcare,-0.04012167302011915,0.2880331373882497,0.5,0.725,0.6,0.3620082843470624,10.0,0.15166014587034948
2026-01-14,META,Technology,0.004138201113960683,0.5892630039178312,0.1,0.5375,0.9,0.7048157509794578,1.0,0.007871234697121476
2026-01-14,GOOGL,Technology,0.00113110403140205,0.5490904688693284,0.6,0.48750000000000004,0.7,0.6797726172173321,2.0,0.0615008545447675
2026-01-14,AMZN,Consumer Discretionary,-0.014591112080106878,0.4238186701633797,1.0,0.7,0.8,0.635954667540845,3.0,0.17923005303969952
2026-01-14,NVDA,Technology,-0.007089158023212121,0.452358187875117,0.3,0.7375,0.3,0.6005895469687793,4.0,0.025189016211462967
2026-01-14,JPM,Financials,-0.02040775373779813,0.46185058293050224,0.9,0.5625,1.0,0.5229626457326256,5.0,-0.02946844298340434
2026-01-14,MSFT,Technology,-0.014506331767338983,0.45845979096436296,0.2,0.375,0.2,0.47461494774109075,6.0,0.06412838491794814
2026-01-14,AAPL,Technology,-0.019297989437761766,0.405201822588986,0.7,0.3875,0.5,0.4388004556472465,7.0,0.01971189976381882
2026-01-14,TSLA,Consumer Discretionary,-0.017542092304914242,0.42606709261168285,0.4,0.3125,0.4,0.42401677315292075,8.0,-0.00833214303988905
2026-01-14,XOM,Energy,-0.03552675082686005,0.3178906114435904,0.8,0.675,0.1,0.37447265286089765,9.0,-0.09246600377001613
2026-01-14,JNJ,Healthcare,-0.04187814587005615,0.2830373797007953,0.5,0.725,0.6,0.3607593449251988,10.0,0.11107723592977248
2026-01-15,META,Technology,0.0010673070985960807,0.5821325545774151,0.1,0.5375,0.9,0.7030331386443538,1.0,-0.00022068393246610363
2026-01-15,GOOGL,Technology,-0.002604660499711136,0.5385589305950994,0.5,0.48750000000000004,0.7,0.6671397326487749,2.0,0.047059622618492725
2026-01-15,JPM,Financials,-0.019072682482111455,0.4708782346748292,0.8,0.5625,1.0,0.6552195586687072,3.0,-0.00040954030751083614
2026-01-15,AMZN,Consumer Discretionary,-0.02028131207689879,0.39915864566956727,1.0,0.7,0.8,0.6297896614173919,4.0,0.18741600906510913
2026-01-15,NVDA,Technology,-0.005267375603029202,0.47336755821986054,0.2,0.7375,0.2,0.5858418895549651,5.0,0.06433166538593182
2026-01-15,MSFT,Technology,-0.021153458068253833,0.43806546761742726,0.3,0.375,0.3,0.4195163669043568,6.0,0.06459889581661726
2026-01-15,AAPL,Technology,-0.024500359467858973,0.3875480085117997,0.9,0.3875,0.5,0.41938700212794994,7.0,-0.007427613460686322
2026-01-15,TSLA,Consumer Discretionary,-0.024458254834609963,0.3903660372687011,0.7,0.3125,0.4,0.4100915093171753,8.0,-0.03416683002650689
2026-01-15,XOM,Energy,-0.033541415130283955,0.32723376054645786,0.6,0.675,0.1,0.35680844013661445,9.0,-0.13320791224173245
2026-01-15,JNJ,Healthcare,-0.0414813490772146,0.28828350291701393,0.4,0.725,0.6,0.3520708757292535,10.0,0.12422762770392382
2026-01-16,META,Technology,0.0011632977290029183,0.5854295246662595,0.1,0.5375,0.9,0.7038573811665648,1.0,0.021507005811326474
2026-01-16,JPM,Financials,-0.017635170062775603,0.47048426977263125,0.9,0.5625,1.0,0.6651210674431578,2.0,0.018547312512292358
2026-01-16,GOOGL,Technology,-0.000804967774124107,0.5499825296937959,0.4,0.48750000000000004,0.7,0.6599956324234489,3.0,0.05490066465411014
2026-01-16,AMZN,Consumer Discretionary,-0.02308607951695208,0.3983241850203366,1.0,0.7,0.8,0.5945810462550842,4.0,0.2159829937786495
2026-01-16,NVDA,Technology,-0.0012710139617193579,0.4912120368888897,0.2,0.7375,0.1,0.5803030092222224,5.0,0.08169946388158467
2026-01-16,MSFT,Technology,-0.022611553056166515,0.4309412884542797,0.3,0.375,0.4,0.46273532211356994,6.0,0.03947437179791957
2026-01-16,XOM,Energy,-0.023439400746084874,0.37120012914759887,0.5,0.675,0.3,0.4478000322868997,7.0,-0.11175664920689066
2026-01-16,AAPL,Technology,-0.024539076870793507,0.3926146699287233,0.7,0.3875,0.5,0.40065366748218084,8.0,0.018097361168504023
2026-01-16,JNJ,Healthcare,-0.04077199900208172,0.28627612422274584,0.8,0.725,0.6,0.39156903105568647,9.0,0.0918644050310764
2026-01-16,TSLA,Consumer Discretionary,-0.029487005373391127,0.38003834330177094,0.6,0.3125,0.2,0.30750958582544274,10.0,-0.03409813817161589
2026-01-19,GOOGL,Technology,0.001579948884211704,0.5579962717558107,0.4,0.48750000000000004,0.7,0.6619990679389527,1.0,0.10516965690763258
2026-01-19,NVDA,Technology,0.005050385067295786,0.5108429985700509,0.1,0.7375,0.2,0.6552107496425128,2.0,0.08993856145737755
2026-01-19,META,Technology,0.0001016793827405822,0.585523003745398,0.2,0.5375,0.9,0.6438807509363494,3.0,0.02778334587735576
2026-01-19,JPM,Financials,-0.019808898658810498,0.46731408919457906,0.6,0.5625,1.0,0.5993285222986448,4.0,0.054365640398323256
2026-01-19,AMZN,Consumer Discretionary,-0.02423462824221869,0.4024670586813187,1.0,0.7,0.8,0.5606167646703297,5.0,0.23616110470167273
2026-01-19,MSFT,Technology,-0.013451789885976907,0.47601133710344457,0.3,0.375,0.4,0.5090028342758611,6.0,0.031750727719115135
2026-01-19,AAPL,Technology,-0.022775376066389602,0.39609118528188497,0.9,0.3875,0.5,0.49152279632047124,7.0,0.07149002139152971
2026-01-19,JNJ,Healthcare,-0.03236023777104129,0.31720393119404217,0.8,0.725,0.6,0.43430098279851054,8.0,0.1090690268216643
2026-01-19,XOM,Energy,-0.0294429497731601,0.3617800723415135,0.5,0.675,0.3,0.41044501808537837,9.0,-0.11406439253614309
2026-01-19,TSLA,Consumer Discretionary,-0.03408727715065178,0.36385361526365095,0.7,0.3125,0.1,0.2684634038159127,10.0,-0.005301774288572814
2026-01-20,META,Technology,0.0020368939420376134,0.5957210484066253,0.2,0.5375,0.8,0.6714302621016563,1.0,0.008908701104793026
2026-01-20,NVDA,Technology,0.0059999414148407225,0.5012332298074589,0.1,0.7375,0.3,0.6628083074518647,2.0,0.043121540762897315
2026-01-20,GOOGL,Technology,-0.002748775729234712,0.5418079979690604,0.4,0.48750000000000004,0.7,0.6229519994922651,3.0,0.07675366988834953
2026-01-20,AMZN,Consumer Discretionary,-0.021280448539200976,0.4057430340431408,1.0,0.7,0.9,0.6064357585107851,4.0,0.19649319329109116
2026-01-20,JPM,Financials,-0.019520147099090668,0.4625190089429522,0.6,0.5625,1.0,0.598129752235738,5.0,0.034458056201771115
2026-01-20,MSFT,Technology,-0.01662970366168283,0.46182449094124967,0.5,0.375,0.4,0.5254561227353124,6.0,0.02046174086544772
2026-01-20,AAPL,Technology,-0.0230941964204628,0.40103844181094267,0.9,0.3875,0.5,0.45775961045273567,7.0,0.054865004405691975
2026-01-20,JNJ,Healthcare,-0.03442621403705224,0.31461901656258257,0.8,0.725,0.6,0.39865475414064566,8.0,0.08791263295930518
2026-01-20,XOM,Energy,-0.030280895844614984,0.36280530622541496,0.3,0.675,0.2,0.3807013265563538,9.0,-0.12649107254830805
2026-01-20,TSLA,Consumer Discretionary,-0.030415464891299128,0.37720206629362146,0.7,0.3125,0.1,0.30680051657340535,10.0,-0.012154053104371676
2026-01-21,META,Technology,-0.0032569149358512087,0.5808502692520155,0.1,0.5375,0.9,0.7027125673130039,1.0,0.057233118285316964
2026-01-21,GOOGL,Technology,-0.004945804666693704,0.551323334505229,0.3,0.48750000000000004,0.8,0.6603308336263074,2.0,0.08285188266042609
2026-01-21,NVDA,Technology,-0.008467766194193139,0.4546759619725073,0.2,0.7375,0.1,0.5711689904931269,3.0,0.04191861215956827
2026-01-21,MSFT,Technology,-0.018421543705709018,0.46417018387639,0.8,0.375,0.4,0.5560425459690975,4.0,0.005704240789008663
2026-01-21,JPM,Financials,-0.024506632134672163,0.4599977022548224,0.5,0.5625,1.0,0.5524994255637056,5.0,0.02540847369039101
2026-01-21,AAPL,Technology,-0.023672383434393943,0.41655719899200894,1.0,0.3875,0.5,0.5416392997480023,6.0,0.07770000128727683
2026-01-21,AMZN,Consumer Discretionary,-0.030627903867462163,0.3868235484797659,0.7,0.7,0.7,0.5167058871199415,7.0,0.2580498608111832
2026-01-21,JNJ,Healthcare,-0.04162973757404025,0.3057547167986926,0.9,0.725,0.6,0.40643867919967314,8.0,0.10681256652175675
2026-01-21,XOM,Energy,-0.0355484836358994,0.35764777204951614,0.4,0.675,0.3,0.3644119430123791,9.0,-0.14974099970630894
2026-01-21,TSLA,Consumer Discretionary,-0.03393029643326218,0.37849907637025887,0.6,0.3125,0.2,0.34212476909256473,10.0,0.04435601820890578
2026-01-22,NVDA,Technology,-0.0025110766626097875,0.46906883023841056,0.5,0.7375,0.3,0.6947672075596028,1.0,0.030020450675876553
2026-01-22,GOOGL,Technology,-0.005195541709038759,0.5521031062658758,0.3,0.48750000000000004,0.9,0.670525776566469,2.0,0.12772058022752408
2026-01-22,META,Technology,-0.014026018961526885,0.5355439349300256,0.1,0.5375,0.5,0.5813859837325065,3.0,0.12624772064731138
2026-01-22,MSFT,Technology,-0.02183828319540921,0.4482730443264666,0.9,0.375,0.4,0.5620682610816167,4.0,-0.012479148655987204
2026-01-22,JPM,Financials,-0.02242842788691516,0.4750966968008106,0.2,0.5625,1.0,0.5612741742002026,5.0,0.023776893701140445
2026-01-22,AAPL,Technology,-0.025162734117803877,0.4136049974699454,1.0,0.3875,0.6,0.5159012493674864,6.0,0.08718421020407496
2026-01-22,AMZN,Consumer Discretionary,-0.03500967306921978,0.3664639562093873,0.8,0.7,0.7,0.4866159890523468,7.0,0.20892232041018377
2026-01-22,JNJ,Healthcare,-0.03822301467351002,0.31502207540435856,0.7,0.725,0.8,0.4087555188510896,8.0,0.0945465887559056
2026-01-22,TSLA,Consumer Discretionary,-0.02811281905206537,0.4067733326571209,0.6,0.3125,0.1,0.3741933331642802,9.0,0.08715929250537391
2026-01-22,XOM,Energy,-0.03633840994030287,0.36087302373250524,0.4,0.675,0.2,0.3552182559331264,10.0,-0.1347878557851615
2026-01-23,NVDA,Technology,-0.00228246089085434,0.48176319196955714,0.3,0.7375,0.4,0.6879407979923893,1.0,-0.01079671006195937
2026-01-23,GOOGL,Technology,-0.008119940794191512,0.5400202109255564,0.5,0.48750000000000004,0.9,0.6875050527313892,2.0,0.07497460488854091
2026-01-23,META,Technology,-0.014611658951870233,0.5332411402623393,0.1,0.5375,0.6,0.5908102850655848,3.0,0.17990638647565738
2026-01-23,JPM,Financials,-0.023061535453336446,0.4728154378303479,0.2,0.5625,1.0,0.5607038594575869,4.0,0.03325533656147894
2026-01-23,JNJ,Healthcare,-0.03430880450719201,0.3279179251926756,0.8,0.725,0.8,0.526979481298169,5.0,0.06533926243817545
2026-01-23,MSFT,Technology,-0.023043929262148204,0.4385156994081793,0.6,0.375,0.3,0.5196289248520448,6.0,0.029058171344821915
2026-01-23,AAPL,Technology,-0.030687550415278132,0.3883991584978646,1.0,0.3875,0.5,0.4995997896244661,7.0,0.04986769794320667
2026-01-23,AMZN,Consumer Discretionary,-0.03800972782824111,0.3598773515453669,0.7,0.7,0.7,0.43996933788634174,8.0,0.2524053768004302
2026-01-23,TSLA,Consumer Discretionary,-0.035095000721422236,0.3661546651033539,0.9,0.3125,0.1,0.3590386662758385,9.0,0.013915274154503665
2026-01-23,XOM,Energy,-0.044639630209868254,0.337395599876281,0.4,0.675,0.2,0.31434889996907034,10.0,-0.11310184338907614
2026-01-26,GOOGL,Technology,-0.005508466693810428,0.5514450918494774,0.4,0.48750000000000004,0.9,0.7153612729623694,1.0,0.08455263524108636
2026-01-26,NVDA,Technology,-0.005921085144570591,0.47157644132185533,0.2,0.7375,0.3,0.6303941103304639,2.0,-0.029495380058849552
2026-01-26,JPM,Financials,-0.021778879196931562,0.48006603148776394,0.3,0.5625,1.0,0.6075165078719409,3.0,0.04241897623135249
2026-01-26,META,Technology,-0.017379863579863132,0.5233599666040688,0.1,0.5375,0.5,0.5783399916510172,4.0,0.14726680463148378
2026-01-26,MSFT,Technology,-0.024698434964402383,0.4306513828815911,0.7,0.375,0.4,0.5026628457203978,5.0,0.04205865776297735
2026-01-26,AMZN,Consumer Discretionary,-0.03753670426841041,0.36699850394475336,0.6,0.7,0.8,0.4767496259861883,6.0,0.2590261340946829
2026-01-26,AAPL,Technology,-0.02988571279953804,0.38952464028767037,0.9,0.3875,0.6,0.4648811600719176,7.0,0.0706754052115468
2026-01-26,JNJ,Healthcare,-0.04155530835869766,0.3014492085866164,1.0,0.725,0.7,0.460362302146654,8.0,0.06306274133160028
2026-01-26,TSLA,Consumer Discretionary,-0.027889030663641637,0.3877750698238365,0.8,0.3125,0.2,0.43444376745595914,9.0,0.018591547596788383
2026-01-26,XOM,Energy,-0.051877316454359584,0.31721641024567604,0.5,0.675,0.1,0.30930410256141905,10.0,-0.12379458392936071
2026-01-27,GOOGL,Technology,-0.008238493130437993,0.538304189504138,0.5,0.48750000000000004,0.9,0.7220760473760345,1.0,0.04914937073590919
2026-01-27,NVDA,Technology,-0.010215520463807862,0.45485628926641297,0.4,0.7375,0.4,0.6562140723166033,2.0,-0.010230730801006893
2026-01-27,META,Technology,-0.021165649025762463,0.5063130015835227,0.1,0.5375,0.6,0.5840782503958806,3.0,0.14352676554531807
2026-01-27,JPM,Financials,-0.02631166832523392,0.4619900311346944,0.3,0.5625,1.0,0.5329975077836735,4.0,0.01906172116775018
2026-01-27,AAPL,Technology,-0.02388461399695819,0.40528829963770036,0.9,0.3875,0.5,0.5288220749094251,5.0,0.04600298928823232
2026-01-27,MSFT,Technology,-0.021507090546544726,0.44507902221459017,0.2,0.375,0.3,0.4812697555536475,6.0,0.060413062857317845
2026-01-27,AMZN,Consumer Discretionary,-0.03631431782072207,0.3701221162810484,0.6,0.7,0.8,0.47753052907026206,7.0,0.26711683745069714
2026-01-27,JNJ,Healthcare,-0.04075762040219665,0.3002880408200088,1.0,0.725,0.7,0.46007201020500216,8.0,0.03408323758053977
2026-01-27,TSLA,Consumer Discretionary,-0.03214122751556786,0.37161107396578497,0.8,0.3125,0.2,0.39540276849144623,9.0,0.08650908382850431
2026-01-27,XOM,Energy,-0.05529937631720193,0.3048933700773896,0.7,0.675,0.1,0.3262233425193474,10.0,-0.12255976695207127
2026-01-28,GOOGL,Technology,-0.006858325506680821,0.5452599229716542,0.6,0.48750000000000004,0.9,0.7338149807429134,1.0,0.02520856478993383
2026-01-28,MSFT,Technology,-0.01867391526741146,0.4485125668560532,0.4,0.375,0.4,0.5821281417140134,2.0,0.014278725787577384
2026-01-28,NVDA,Technology,-0.0193164946110971,0.41896214121678876,0.3,0.7375,0.1,0.5722405353041973,3.0,-0.055900690301845746
2026-01-28,META,Technology,-0.020122841688167414,0.5044885232269808,0.1,0.5375,0.5,0.5386221308067451,4.0,0.1806378731040561
2026-01-28,AAPL,Technology,-0.02953264786633985,0.38173789399200214,0.9,0.3875,0.6,0.5329344734980006,5.0,0.06367647507246588
2026-01-28,JPM,Financials,-0.02967412207046065,0.45878406890214374,0.2,0.5625,1.0,0.522196017225536,6.0,0.01153295714744984
2026-01-28,JNJ,Healthcare,-0.032826896977732806,0.32939143638647705,1.0,0.725,0.7,0.5023478590966192,7.0,0.01774098615317299
2026-01-28,AMZN,Consumer Discretionary,-0.03442658543517824,0.3852236307889659,0.8,0.7,0.8,0.46630590769724145,8.0,0.20272592825666713
2026-01-28,TSLA,Consumer Discretionary,-0.030458415692252848,0.38082619689151437,0.7,0.3125,0.2,0.3877065492228786,9.0,0.11778003312234664
2026-01-28,XOM,Energy,-0.04715189804000319,0.33345416519026433,0.5,0.675,0.3,0.33336354129756607,10.0,-0.1093939588586973
2026-01-29,GOOGL,Technology,0.00014712237657931847,0.584690421283845,0.6,0.48750000000000004,0.9,0.7436726053209611,1.0,0.008631041456468092
2026-01-29,META,Technology,-0.011120573876619584,0.5507989205297308,0.1,0.5375,0.6,0.6301997301324327,2.0,0.1375661479672612
2026-01-29,AAPL,Technology,-0.017002575873028135,0.43095121671419967,0.9,0.3875,0.7,0.5902378041785499,3.0,0.055495087162788614
2026-01-29,TSLA,Consumer Discretionary,-0.015496903063646593,0.44275719397686153,0.5,0.3125,0.3,0.5331892984942154,4.0,0.10735867169257562
2026-01-29,MSFT,Technology,-0.01794851734336131,0.45323215648998993,0.8,0.375,0.4,0.5183080391224976,5.0,-0.00010297277599291554
2026-01-29,AMZN,Consumer Discretionary,-0.024220791005066696,0.43456761107733893,0.7,0.7,0.8,0.5036419027693347,6.0,0.19506362401370003
2026-01-29,JPM,Financials,-0.023208333581389975,0.4962360549424203,0.2,0.5625,1.0,0.49655901373560507,7.0,0.025598580910732194
2026-01-29,NVDA,Technology,-0.021097638908523585,0.42319650314312274,0.3,0.7375,0.2,0.4782991257857807,8.0,-0.06816873463861972
2026-01-29,JNJ,Healthcare,-0.032819701532879636,0.33767657429026754,1.0,0.725,0.5,0.4494191435725668,9.0,-0.01738198730803242
2026-01-29,XOM,Energy,-0.04074998122621799,0.36031771055531703,0.4,0.675,0.1,0.31007942763882934,10.0,-0.09669364635685007
2026-01-30,META,Technology,-0.010098295211303298,0.5590828632743803,0.2,0.5375,0.6,0.6772707158185951,1.0,0.12013045998192906
2026-01-30,GOOGL,Technology,-0.014031641124194525,0.5257935224226115,0.7,0.48750000000000004,0.8,0.6589483806056529,2.0,-0.04664350323435329
2026-01-30,AAPL,Technology,-0.01642891326543342,0.4374910396134311,0.8,0.3875,0.7,0.5818727599033577,3.0,0.04771426118613631
2026-01-30,TSLA,Consumer Discretionary,-0.011351717390991351,0.4657652770333321,0.4,0.3125,0.3,0.563941319258333,4.0,0.10555341397412055
2026-01-30,JPM,Financials,-0.01715316660854714,0.5195333038625084,0.1,0.5625,1.0,0.5273833259656271,5.0,0.016834982034801937
2026-01-30,MSFT,Technology,-0.017060414523838628,0.4429059253272154,0.9,0.375,0.4,0.5257264813318039,6.0,0.0032607845679861747
2026-01-30,AMZN,Consumer Discretionary,-0.029030474517583033,0.4175306856064201,0.6,0.7,0.9,0.499382671401605,7.0,0.18279154186404822
2026-01-30,NVDA,Technology,-0.026867150222623405,0.40730627003659003,0.5,0.7375,0.2,0.4593265675091475,8.0,-0.03137135284588344
2026-01-30,JNJ,Healthcare,-0.02911316961056678,0.34760161576777227,1.0,0.725,0.5,0.45190040394194303,9.0,-0.03741008937567436
2026-01-30,XOM,Energy,-0.039258398091099,0.36443437452527583,0.3,0.675,0.1,0.30110859363131903,10.0,-0.06458598464809129
2026-02-02,META,Technology,-0.013690767793895919,0.5344422248954758,0.2,0.5375,0.3,0.641110556223869,1.0,0.11852852194638852
2026-02-02,AAPL,Technology,-0.017461355750592635,0.4273463403160395,0.7,0.3875,0.7,0.6043365850790098,2.0,0.001963419105452502
2026-02-02,TSLA,Consumer Discretionary,-0.017414188316438733,0.4247137147174147,0.5,0.3125,0.4,0.5736784286793537,3.0,0.1361567430845083
2026-02-02,GOOGL,Technology,-0.022779408356837824,0.48320035938507877,0.6,0.48750000000000004,0.8,0.5683000898462698,4.0,-0.01035683826397138
2026-02-02,MSFT,Technology,-0.019173570451321266,0.4295697913615427,0.8,0.375,0.5,0.5573924478403858,5.0,0.025650507629800146
2026-02-02,JPM,Financials,-0.02418166723565733,0.47407556008380713,0.3,0.5625,1.0,0.5360188900209517,6.0,-0.010455743027763864
2026-02-02,AMZN,Consumer Discretionary,-0.030865898317352168,0.4038484919041672,0.9,0.7,0.9,0.5259621229760418,7.0,0.1766246856696554
2026-02-02,JNJ,Healthcare,-0.03154552729798766,0.3371005097631103,1.0,0.725,0.6,0.45927512744077753,8.0,-0.039435079626017555
2026-02-02,NVDA,Technology,-0.026695920321154046,0.39573239197201127,0.4,0.7375,0.2,0.4464330979930029,9.0,-0.03122460478234179
2026-02-02,XOM,Energy,-0.03335804789611096,0.3745100247849175,0.1,0.675,0.1,0.2836275061962294,10.0,-0.04404819413492722
2026-02-03,META,Technology,-0.012647368571140908,0.54187200259236,0.2,0.5375,0.2,0.63296800064809,1.0,0.0751874529896035
2026-02-03,MSFT,Technology,-0.014809861168456903,0.4510664949377924,0.7,0.375,0.5,0.6227666237344481,2.0,0.021487744383431817
2026-02-03,GOOGL,Technology,-0.016537934975541645,0.5080444834607596,0.4,0.48750000000000004,0.7,0.6145111208651899,3.0,0.009364165718060091
2026-02-03,NVDA,Technology,-0.021533020556543145,0.41207955878068786,0.5,0.7375,0.3,0.5405198896951721,4.0,-0.053447926904713006
2026-02-03,TSLA,Consumer Discretionary,-0.017996452871459324,0.43753139149115094,0.6,0.3125,0.4,0.5168828478727877,5.0,0.17318540715738928
2026-02-03,AMZN,Consumer Discretionary,-0.02769906708873316,0.405892748240286,0.8,0.7,0.9,0.5164731870600715,6.0,0.1603756778379235
2026-02-03,JPM,Financials,-0.02466367168771634,0.47672689758027303,0.3,0.5625,1.0,0.5016817243950682,7.0,-0.028300875799092906
2026-02-03,AAPL,Technology,-0.02237449656484749,0.3954609402334968,0.9,0.3875,0.6,0.5013652350583742,8.0,-0.015004828736885467
2026-02-03,JNJ,Healthcare,-0.02785292544562478,0.3440339269175872,1.0,0.725,0.8,0.44600848172939683,9.0,-0.04237593808869444
2026-02-03,XOM,Energy,-0.027723469092731365,0.4060252143412453,0.1,0.675,0.1,0.32650630358531135,10.0,-0.03940409590024363
2026-02-04,MSFT,Technology,-0.010753895480475357,0.4676390247751223,0.6,0.375,0.6,0.6619097561937806,1.0,-0.008348534383039397
2026-02-04,GOOGL,Technology,-0.016550814075362116,0.5110582469646302,0.5,0.48750000000000004,0.7,0.6252645617411575,2.0,0.010056028438262254
2026-02-04,META,Technology,-0.011949947894880887,0.5612296378511719,0.4,0.5375,0.2,0.622807409462793,3.0,0.01566525920173678
2026-02-04,NVDA,Technology,-0.01687630288426912,0.4279008184500472,0.7,0.7375,0.3,0.5994752046125118,4.0,-0.09187991833054221
2026-02-04,JPM,Financials,-0.022543853623182078,0.4815655215397512,0.3,0.5625,1.0,0.5028913803849377,5.0,-0.008077185392136421
2026-02-04,AAPL,Technology,-0.021268149230861247,0.4034563387398687,0.9,0.3875,0.5,0.4933640846849672,6.0,-0.01934531082101043
2026-02-04,JNJ,Healthcare,-0.02902396770581501,0.33564212952674516,1.0,0.725,0.8,0.4789105323816863,7.0,-0.005431646370216869
2026-02-04,AMZN,Consumer Discretionary,-0.03315533177712325,0.392486977283637,0.8,0.7,0.9,0.4431217443209093,8.0,0.14218859473893253
2026-02-04,TSLA,Consumer Discretionary,-0.01972499218852669,0.44039385697217703,0.2,0.3125,0.4,0.4425984642430443,9.0,0.19470433095663742
2026-02-04,XOM,Energy,-0.027046790974052937,0.40640433308815366,0.1,0.675,0.1,0.36160108327203844,10.0,-0.032933493532029234
2026-02-05,MSFT,Technology,-0.005939376503162071,0.4876221294442548,0.7,0.375,0.7,0.6869055323610636,1.0,-0.06972942515530511
2026-02-05,NVDA,Technology,-0.009165015595264583,0.45093703506365646,0.6,0.7375,0.5,0.6852342587659142,2.0,-0.060276920005185364
2026-02-05,AAPL,Technology,-0.020972548853687524,0.4018129476096451,0.9,0.3875,0.8,0.5579532369024114,3.0,-0.028022120205240975
2026-02-05,META,Technology,-0.01995343563143638,0.5401255822573963,0.4,0.5375,0.2,0.547531395564349,4.0,0.013858033966690497
2026-02-05,JPM,Financials,-0.021308137776114434,0.4877457295259777,0.3,0.5625,1.0,0.5394364323814944,5.0,-0.006604043759870226
2026-02-05,TSLA,Consumer Discretionary,-0.01887720614054713,0.4489481585624109,0.2,0.3125,0.4,0.5147370396406027,6.0,0.27015773032671864
2026-02-05,JNJ,Healthcare,-0.02721403835696344,0.3503183368963521,0.8,0.725,0.6,0.477579584224088,7.0,0.0537398415786936
2026-02-05,AMZN,Consumer Discretionary,-0.030377435829060738,0.39190295817570536,1.0,0.7,0.9,0.4629757395439263,8.0,0.10453361752372015
2026-02-05,XOM,Energy,-0.02589865831300381,0.41104773306332965,0.1,0.675,0.1,0.3977619332658324,9.0,-0.007839079696921103
2026-02-05,GOOGL,Technology,-0.028816546093350943,0.458021900951329,0.5,0.48750000000000004,0.3,0.3620054752378322,10.0,-0.02451968738193644
2026-02-06,NVDA,Technology,-0.010389865034743685,0.4435126455910715,0.7,0.7375,0.5,0.7283781613977679,1.0,-0.023203206535046372
2026-02-06,MSFT,Technology,-0.011959429602791357,0.4688499152758546,0.5,0.375,0.6,0.6172124788189637,2.0,-0.04616016365086473
2026-02-06,AAPL,Technology,-0.016779099691818254,0.42395905500675723,0.6,0.3875,0.8,0.5684897637516892,3.0,-0.0033243126838026216
2026-02-06,JPM,Financials,-0.021821196861363967,0.48497651044353146,0.3,0.5625,1.0,0.5387441276108829,4.0,0.010157950478208999
2026-02-06,TSLA,Consumer Discretionary,-0.012376272446647036,0.46843570905288984,0.2,0.3125,0.4,0.5196089272632225,5.0,0.25383231675889695
2026-02-06,AMZN,Consumer Discretionary,-0.030439068174249746,0.3930589108451653,1.0,0.7,0.9,0.4982647277112913,6.0,0.10995751656408825
2026-02-06,JNJ,Healthcare,-0.02801292825998783,0.3511169756930117,0.8,0.725,0.7,0.4877792439232529,7.0,0.04808280879943405
2026-02-06,XOM,Energy,-0.018801178442162482,0.4289156053962248,0.1,0.675,0.1,0.4722289013490562,8.0,0.06901298868038785
2026-02-06,META,Technology,-0.022026180547863927,0.5391647179406358,0.4,0.5375,0.2,0.44229117948515895,9.0,-0.029099542675468548
2026-02-06,GOOGL,Technology,-0.03201664643012405,0.4380125990436417,0.9,0.48750000000000004,0.3,0.3620031497609104,10.0,-0.07201911147101447
2026-02-09,NVDA,Technology,-0.013592882270243056,0.42797925717378427,0.7,0.7375,0.6,0.6994948142934461,1.0,-0.01678538852882283
2026-02-09,MSFT,Technology,-0.014347145472574657,0.4487904974762462,0.6,0.375,0.7,0.5971976243690614,2.0,-0.11541472953739129
2026-02-09,TSLA,Consumer Discretionary,-0.011276040969057561,0.4653420190745169,0.2,0.3125,0.4,0.5888355047686292,3.0,0.2342465712210462
2026-02-09,JNJ,Healthcare,-0.029637083957284045,0.3263382888177762,0.9,0.725,0.9,0.5115845722044441,4.0,0.03122967701613355
2026-02-09,JPM,Financials,-0.024472736457070106,0.4709594913733834,0.4,0.5625,1.0,0.5102398728433458,5.0,-0.022061301901441732
2026-02-09,XOM,Energy,-0.016978574377510026,0.4306424218771691,0.1,0.675,0.1,0.5076606054692923,6.0,0.02895634248107104
2026-02-09,AAPL,Technology,-0.017203552548446854,0.4252403260732918,0.5,0.3875,0.5,0.49381008151832295,7.0,0.019317499441482422
2026-02-09,AMZN,Consumer Discretionary,-0.031945254884483555,0.38394670060553204,1.0,0.7,0.8,0.485986675151383,8.0,0.10029773425480193
2026-02-09,META,Technology,-0.019509865366859745,0.5468642615662219,0.3,0.5375,0.3,0.4792160653915555,9.0,0.008147587576658566
2026-02-09,GOOGL,Technology,-0.03520611518430857,0.4320842353456137,0.8,0.48750000000000004,0.2,0.3405210588364035,10.0,-0.08240323772334346
2026-02-10,NVDA,Technology,-0.012450532297522106,0.4297125399615698,0.7,0.7375,0.7,0.7099281349903923,1.0,-0.03415842951639203
2026-02-10,AAPL,Technology,-0.006035478779951387,0.47334222140286647,0.3,0.3875,0.8,0.6558355553507167,2.0,0.060656103073158496
2026-02-10,JPM,Financials,-0.020194543909772406,0.4826340508176257,0.4,0.5625,1.0,0.5831585127044064,3.0,-0.03973991307514746
2026-02-10,META,Technology,-0.017551608349742127,0.5537165442332734,0.6,0.5375,0.3,0.5809291360583183,4.0,0.02242266698104256
2026-02-10,TSLA,Consumer Discretionary,-0.0135291520699255,0.4474618720883999,0.2,0.3125,0.6,0.5343654680220999,5.0,0.2316358367251603
2026-02-10,JNJ,Healthcare,-0.032336304035893916,0.31170412460501395,0.9,0.725,0.9,0.5079260311512536,6.0,0.010314214707797031
2026-02-10,MSFT,Technology,-0.0224414603812417,0.42603897873855406,0.5,0.375,0.5,0.4565097446846385,7.0,-0.08654827084672723
2026-02-10,AMZN,Consumer Discretionary,-0.034167116527698625,0.3654787647817205,1.0,0.7,0.4,0.4063696911954301,8.0,0.0624397882920511
2026-02-10,XOM,Energy,-0.025452862840206904,0.39284828038701664,0.1,0.675,0.1,0.3932120700967542,9.0,-0.008368576751907386
2026-02-10,GOOGL,Technology,-0.03287126148846598,0.4416078870448366,0.8,0.48750000000000004,0.2,0.3779019717612092,10.0,-0.07206272972537331
2026-02-11,NVDA,Technology,-0.005984210909635869,0.45590257145345564,0.6,0.7375,0.6,0.696475642863364,1.0,-0.013222959156287795
2026-02-11,AAPL,Technology,-0.00559676720481528,0.47377333354211815,0.4,0.3875,0.9,0.6759433333855295,2.0,0.0667909785993075
2026-02-11,JPM,Financials,-0.022084074087897067,0.48439566658675254,0.3,0.5625,1.0,0.573598916646688,3.0,-0.025976735095272208
2026-02-11,TSLA,Consumer Discretionary,-0.0148060390569893,0.4457746228479086,0.2,0.3125,0.7,0.5439436557119771,4.0,0.2438289603666668
2026-02-11,MSFT,Technology,-0.019771643615212595,0.4403116602608614,0.5,0.375,0.4,0.5200779150652153,5.0,-0.05068750230258412
2026-02-11,META,Technology,-0.023236388951136867,0.5309204964998008,0.7,0.5375,0.2,0.5052301241249502,6.0,0.07234962549471069
2026-02-11,GOOGL,Technology,-0.02390552781665911,0.46959113036899075,0.8,0.48750000000000004,0.3,0.4648977825922477,7.0,-0.06862251477108461
2026-02-11,AMZN,Consumer Discretionary,-0.03300240763898319,0.36988239501458253,1.0,0.7,0.5,0.45247059875364554,8.0,0.06703674728401188
2026-02-11,JNJ,Healthcare,-0.03311648668620649,0.3121182847812242,0.9,0.725,0.8,0.42802957119530605,9.0,0.0644565425595911
2026-02-11,XOM,Energy,-0.028070060959399547,0.3776839739167261,0.1,0.675,0.1,0.35442099347918155,10.0,-0.01511836549113088
2026-02-12,NVDA,Technology,-0.001713632153443929,0.4686103130664982,0.6,0.7375,0.7,0.7446525782666246,1.0,-0.008410682306259298
2026-02-12,AAPL,Technology,-0.004548433686864668,0.4780046048809768,0.2,0.3875,0.9,0.6220011512202442,2.0,0.09020391799582872
2026-02-12,JPM,Financials,-0.020706930067922374,0.480026931367305,0.4,0.5625,1.0,0.5825067328418262,3.0,-0.03582220218279386
2026-02-12,TSLA,Consumer Discretionary,-0.009366010619018343,0.4626779835496669,0.3,0.3125,0.8,0.5681694958874166,4.0,0.1717533285073809
2026-02-12,MSFT,Technology,-0.016812587401285904,0.44068808156124517,0.5,0.375,0.5,0.5301720203903113,5.0,-0.08476023277595013
2026-02-12,META,Technology,-0.020808515553446788,0.5377604029732772,0.8,0.5375,0.2,0.5169401007433193,6.0,0.07509714978785809
2026-02-12,JNJ,Healthcare,-0.026976522605990996,0.32783863791706547,0.9,0.725,0.6,0.48195965947926633,7.0,0.08802938551689254
2026-02-12,GOOGL,Technology,-0.021299672010648453,0.48320536385614354,0.7,0.48750000000000004,0.3,0.45830134096403585,8.0,-0.06801868705445024
2026-02-12,AMZN,Consumer Discretionary,-0.03279781064138981,0.3692188932995646,1.0,0.7,0.4,0.4073047233248912,9.0,0.02246555319046828
2026-02-12,XOM,Energy,-0.030938333215616926,0.3718838684388547,0.1,0.675,0.1,0.3179709671097137,10.0,0.05077776402586642
2026-02-13,NVDA,Technology,-0.002095841009867339,0.46473665731621944,0.5,0.7375,0.9,0.7536841643290549,1.0,-0.04522999382486037
2026-02-13,GOOGL,Technology,-0.012183888557402552,0.517468911843816,0.8,0.48750000000000004,0.3,0.616867227960954,2.0,-0.05833793342980642
2026-02-13,TSLA,Consumer Discretionary,-0.011072754742743387,0.4575528047994791,0.2,0.3125,0.8,0.5918882011998698,3.0,0.17038411074673765
2026-02-13,META,Technology,-0.01964075064785207,0.5409496448816147,0.9,0.5375,0.2,0.5277374112204036,4.0,0.09908055936624649
2026-02-13,MSFT,Technology,-0.013675824080090248,0.4556065651825276,0.4,0.375,0.4,0.5139016412956319,5.0,-0.08874489590134216
2026-02-13,JNJ,Healthcare,-0.02212979132445172,0.34825057641816276,0.7,0.725,0.7,0.5120626441045407,6.0,0.09750468012337987
2026-02-13,JPM,Financials,-0.025328099606629635,0.4573619033547799,0.6,0.5625,1.0,0.49184047583869495,7.0,-0.057963531655322975
2026-02-13,AAPL,Technology,-0.01441425292186463,0.4332205187342665,0.3,0.3875,0.6,0.48580512968356665,8.0,0.09628620426036272
2026-02-13,AMZN,Consumer Discretionary,-0.030863450986936845,0.3685401294712564,1.0,0.7,0.5,0.4521350323678141,9.0,0.028103401705879216
2026-02-13,XOM,Energy,-0.03472119099781005,0.3682017908755284,0.1,0.675,0.1,0.2820504477188821,10.0,-0.013745485973043703
2026-02-16,NVDA,Technology,-0.0001229736257265775,0.47507694806984024,0.4,0.7375,0.8,0.7362692370174602,1.0,-0.0429450189073759
2026-02-16,TSLA,Consumer Discretionary,-0.008699920517714869,0.45583063407323793,0.2,0.3125,0.9,0.6014576585183095,2.0,0.152884437848247
2026-02-16,META,Technology,-0.01757453344643821,0.5477537743045896,0.9,0.5375,0.2,0.5994384435761474,3.0,0.09773549142185178
2026-02-16,MSFT,Technology,-0.01501629134419037,0.45145715017437216,0.5,0.375,0.5,0.5678642875435931,4.0,-0.11173579421057123
2026-02-16,GOOGL,Technology,-0.019920861868898118,0.48500708233203493,0.8,0.48750000000000004,0.4,0.5487517705830087,5.0,-0.051802884020109574
2026-02-16,JNJ,Healthcare,-0.023022253061345435,0.349574382766732,0.6,0.725,0.7,0.537393595691683,6.0,0.06220388075945338
2026-02-16,JPM,Financials,-0.0244222987865782,0.456462313674225,0.7,0.5625,1.0,0.5366155784185562,7.0,-0.09780334847575345
2026-02-16,AMZN,Consumer Discretionary,-0.027772964193520794,0.38654003477592863,1.0,0.7,0.6,0.501635008693982,8.0,0.031093030599717686
2026-02-16,AAPL,Technology,-0.02849619675809774,0.3706641555931014,0.3,0.3875,0.3,0.3001660388982754,9.0,0.04355747981128455
2026-02-16,XOM,Energy,-0.042038030337980814,0.345775953194397,0.1,0.675,0.1,0.2764439882985993,10.0,-0.035652853932573114
2026-02-17,NVDA,Technology,0.0035736520190149113,0.5028128189157887,0.2,0.7375,0.9,0.7332032047289471,1.0,-0.013074888472635826
2026-02-17,TSLA,Consumer Discretionary,-0.009909604170034008,0.45103175822549335,0.3,0.3125,0.8,0.6002579395563734,2.0,0.1410791221585712
2026-02-17,META,Technology,-0.015481885132209985,0.5499778348456246,0.9,0.5375,0.2,0.5999944587114061,3.0,0.09651824610120507
2026-02-17,MSFT,Technology,-0.012636538161254368,0.47227653345370424,0.7,0.375,0.5,0.593069133363426,4.0,-0.11329060096693033
2026-02-17,AMZN,Consumer Discretionary,-0.022676864007761484,0.4108599064857647,1.0,0.7,0.6,0.5777149766214411,5.0,0.06321220397017613
2026-02-17,GOOGL,Technology,-0.021712325725943026,0.48277262388182485,0.8,0.48750000000000004,0.4,0.5481931559704563,6.0,-0.04855743843136484
2026-02-17,JPM,Financials,-0.025214676551606682,0.45650328552722935,0.6,0.5625,1.0,0.4916258213818073,7.0,-0.07611138167266707
2026-02-17,JNJ,Healthcare,-0.02975407317755671,0.32854799857401784,0.5,0.725,0.7,0.4171369996435045,8.0,0.06034741155292611
2026-02-17,AAPL,Technology,-0.022871647868557235,0.3931740668574622,0.4,0.3875,0.3,0.38579351671436557,9.0,0.07995967283305982
2026-02-17,XOM,Energy,-0.043618544302702365,0.34645069247057403,0.1,0.675,0.1,0.27661267311764354,10.0,-0.04222662372180652
2026-02-18,NVDA,Technology,-0.0010497383413317287,0.48356113382046206,0.2,0.7375,0.9,0.7283902834551156,1.0,-0.0006253113804776111
2026-02-18,META,Technology,-0.011323385271630654,0.5724391555959266,0.9,0.5375,0.3,0.6856097888989817,2.0,0.10670249141788046
2026-02-18,AMZN,Consumer Discretionary,-0.020588695652293112,0.41430306982583964,1.0,0.7,0.7,0.6235757674564598,3.0,0.04896368784546201
2026-02-18,MSFT,Technology,-0.015372617551418935,0.4859201623872512,0.4,0.375,0.5,0.5664800405968128,4.0,-0.1153352382953069
2026-02-18,TSLA,Consumer Discretionary,-0.020301398017815733,0.4187390438823652,0.7,0.3125,0.8,0.5621847609705912,5.0,0.09446088420455068
2026-02-18,GOOGL,Technology,-0.024848673222368958,0.4810958671957269,0.8,0.48750000000000004,0.4,0.5127739667989317,6.0,-0.06715113144934426
2026-02-18,JPM,Financials,-0.02743020832175965,0.4635670872166826,0.5,0.5625,1.0,0.4833917718041706,7.0,-0.08478629082587563
2026-02-18,AAPL,Technology,-0.02668138080692952,0.39014788701829917,0.6,0.3875,0.2,0.3950369717545748,8.0,0.07549339176191805
2026-02-18,JNJ,Healthcare,-0.036164244727789,0.3209921312901711,0.3,0.725,0.6,0.3852480328225428,9.0,0.06706524133490777
2026-02-18,XOM,Energy,-0.042737308277816605,0.36063532538928894,0.1,0.675,0.1,0.2801588313473222,10.0,-0.07123316654693379
2026-02-19,META,Technology,0.00037663320669944697,0.59237220669735,0.9,0.5375,0.7,0.7655930516743374,1.0,0.09078693104798985
2026-02-19,NVDA,Technology,-0.005742782508192889,0.4674234009951559,0.4,0.7375,0.9,0.709355850248789,2.0,0.02144544009912419
2026-02-19,AMZN,Consumer Discretionary,-0.013272940088990498,0.4421779639451143,1.0,0.7,0.8,0.6755444909862784,3.0,0.07014975423187808
2026-02-19,JPM,Financials,-0.026333176451398946,0.4667066936959234,0.5,0.5625,1.0,0.5541766734239808,4.0,-0.09322898159582516
2026-02-19,MSFT,Technology,-0.011731008667441698,0.5055589510543387,0.3,0.375,0.4,0.5513897377635847,5.0,-0.1386449334030747
2026-02-19,GOOGL,Technology,-0.0181932603539343,0.49945582388208165,0.6,0.48750000000000004,0.3,0.5223639559705204,6.0,-0.06464398777405522
2026-02-19,AAPL,Technology,-0.02715196403688725,0.3868357439624512,0.7,0.3875,0.2,0.4042089359906128,7.0,0.09641718817716272
2026-02-19,TSLA,Consumer Discretionary,-0.029293620371393263,0.3823315164385021,0.8,0.3125,0.5,0.3930828791096255,8.0,0.05562557254256406
2026-02-19,JNJ,Healthcare,-0.0404440627630096,0.3117546656783962,0.2,0.725,0.6,0.37293866641959905,9.0,0.03870183615041389
2026-02-19,XOM,Energy,-0.050214575137948435,0.3501382518753674,0.1,0.675,0.1,0.2775345629688419,10.0,-0.07405524000698849
2026-02-20,META,Technology,0.003685023568765774,0.6021813234212262,0.9,0.5375,0.9,0.7880453308553065,1.0,0.06539551617944417
2026-02-20,NVDA,Technology,-0.006975526111751616,0.46922067089873054,0.3,0.7375,0.6,0.6698051677246828,2.0,0.11408352289650647
2026-02-20,AMZN,Consumer Discretionary,-0.014539493072602041,0.42957322464449227,1.0,0.7,0.8,0.637393306161123,3.0,0.056970539690335276
2026-02-20,GOOGL,Technology,-0.01414363343917698,0.5099667983397574,0.7,0.48750000000000004,0.3,0.5699916995849393,4.0,-0.042918294568727644
2026-02-20,MSFT,Technology,-0.013315055540736863,0.49487717150927657,0.4,0.375,0.4,0.5587192928773191,5.0,-0.12469658342017298
2026-02-20,JPM,Financials,-0.026379494214656622,0.47165510043914555,0.5,0.5625,1.0,0.5204137751097864,6.0,-0.07706118820122387
2026-02-20,TSLA,Consumer Discretionary,-0.02620150418901101,0.39409703859626266,0.6,0.3125,0.7,0.4660242596490657,7.0,0.0858595406285263
2026-02-20,AAPL,Technology,-0.026748562077249925,0.39151349529686336,0.8,0.3875,0.2,0.38037837382421585,8.0,0.11499715669812871
2026-02-20,JNJ,Healthcare,-0.043236569681703856,0.3068084247188905,0.2,0.725,0.5,0.3617021061797226,9.0,0.03054359501192505
2026-02-20,XOM,Energy,-0.05967256771025829,0.31861847078537064,0.1,0.675,0.1,0.2696546176963427,10.0,-0.11803832137354586
2026-02-23,META,Technology,0.00018388465744844165,0.5977886719956907,0.9,0.5375,0.9,0.7869471679989226,1.0,0.0438589204912212
2026-02-23,NVDA,Technology,-0.001861519607971267,0.4882064716767878,0.1,0.7375,0.4,0.634551617919197,2.0,0.19918174628056207
2026-02-23,AMZN,Consumer Discretionary,-0.022148274644674552,0.4061306586064385,1.0,0.7,0.8,0.6315326646516095,3.0,0.04714489850640757
2026-02-23,GOOGL,Technology,-0.009428572298784466,0.5281685352461989,0.7,0.48750000000000004,0.3,0.5745421338115497,4.0,-0.03874624347788291
2026-02-23,MSFT,Technology,-0.00922302933944725,0.5085935253360307,0.4,0.375,0.5,0.5721483813340077,5.0,-0.07121429929065115
2026-02-23,JPM,Financials,-0.0236959280685722,0.4809299269952861,0.5,0.5625,1.0,0.5577324817488215,6.0,-0.11224262032630161
2026-02-23,TSLA,Consumer Discretionary,-0.024750753025549077,0.39567972671636065,0.8,0.3125,0.7,0.45141993167909017,7.0,0.08098473397896089
2026-02-23,JNJ,Healthcare,-0.04078220511595825,0.3043161891598113,0.3,0.725,0.6,0.38107904728995284,8.0,0.005050047985146744
2026-02-23,AAPL,Technology,-0.024956627139177137,0.40742098772027435,0.6,0.3875,0.2,0.3643552469300686,9.0,0.11903702023606266
2026-02-23,XOM,Energy,-0.0576337653269119,0.32448389665333877,0.2,0.675,0.1,0.2811209741633347,10.0,-0.12123970667422013
2026-02-24,META,Technology,0.0033719300823868313,0.6108578061382951,0.8,0.5375,0.9,0.7802144515345738,1.0,0.03189421469243614
2026-02-24,NVDA,Technology,-0.005281951888237566,0.4701208579873332,0.1,0.7375,0.4,0.6300302144968334,2.0,0.20461196929226966
2026-02-24,AMZN,Consumer Discretionary,-0.01642206396802986,0.42875898587598577,1.0,0.7,0.7,0.6271897464689964,3.0,0.017262601528242216
2026-02-24,GOOGL,Technology,-0.01032421464054212,0.5285318763195276,0.5,0.48750000000000004,0.2,0.5796329690798819,4.0,-0.029642878450661825
2026-02-24,JPM,Financials,-0.02230594218479858,0.4873160265449999,0.6,0.5625,1.0,0.56932900663625,5.0,-0.1033493012086576
2026-02-24,MSFT,Technology,-0.012078650463875957,0.49243779599703946,0.3,0.375,0.8,0.5531094489992598,6.0,-0.025137250772353292
2026-02-24,AAPL,Technology,-0.027979871686553172,0.4026278596774498,0.7,0.3875,0.3,0.4181569649193625,7.0,0.1303254383395016
2026-02-24,TSLA,Consumer Discretionary,-0.028028759890378542,0.37442377037744684,0.9,0.3125,0.5,0.4011059425943617,8.0,0.06942438744514345
2026-02-24,JNJ,Healthcare,-0.03747424649737147,0.31360328933868215,0.4,0.725,0.6,0.3934008223346705,9.0,0.012009479417748548
2026-02-24,XOM,Energy,-0.05419066968367055,0.33819704397554984,0.2,0.675,0.1,0.2845492609938875,10.0,-0.103766691842192
2026-02-25,META,Technology,0.0018401475816253877,0.5995679567484408,0.8,0.5375,0.9,0.7773919891871103,1.0,0.0277659904119254
2026-02-25,NVDA,Technology,-0.0021166041809785657,0.48135772791330894,0.1,0.7375,0.8,0.6728394319783273,2.0,0.21073825137014301
2026-02-25,AMZN,Consumer Discretionary,-0.025563969281590875,0.403918041854925,0.9,0.7,0.4,0.5809795104637312,3.0,0.046071391579830534
2026-02-25,JPM,Financials,-0.027129176803734195,0.4733729908581194,0.6,0.5625,1.0,0.5658432477145299,4.0,-0.0865724294214999
2026-02-25,GOOGL,Technology,-0.010542004634071817,0.5356513188548352,0.3,0.48750000000000004,0.2,0.5614128297137089,5.0,-0.0006232254975501172
2026-02-25,MSFT,Technology,-0.01566390013471692,0.48122666452536267,0.2,0.375,0.5,0.5103066661313407,6.0,0.008773951158435489
2026-02-25,TSLA,Consumer Discretionary,-0.031791138482275015,0.3590754329003329,1.0,0.3125,0.7,0.42726885822508326,7.0,0.05015072499599027
2026-02-25,AAPL,Technology,-0.031027960607530804,0.40353251303523463,0.7,0.3875,0.3,0.41838312825880863,8.0,0.10027320681590601
2026-02-25,JNJ,Healthcare,-0.04369520179766182,0.3023752889084159,0.5,0.725,0.6,0.40059382222710394,9.0,0.034689428548643875
2026-02-25,XOM,Energy,-0.051071967505933284,0.3441707404150714,0.4,0.675,0.1,0.30604268510376786,10.0,-0.10162835965839012
2026-02-26,META,Technology,-0.002305515865922269,0.5938539784391338,0.7,0.5375,0.8,0.7209634946097834,1.0,0.04323470969415766
2026-02-26,NVDA,Technology,-2.8533550304934725e-05,0.4945179546299256,0.1,0.7375,0.6,0.6911294886574815,2.0,0.23278263724652204
2026-02-26,AMZN,Consumer Discretionary,-0.02250429767808694,0.4135370268468334,0.9,0.7,0.4,0.5833842567117083,3.0,0.06330139318452432
2026-02-26,GOOGL,Technology,-0.011310801829832887,0.5440063669296337,0.2,0.48750000000000004,0.2,0.5535015917324084,4.0,-0.0007060135642774634
2026-02-26,MSFT,Technology,-0.012647401999296664,0.4835659725462686,0.3,0.375,0.7,0.540891493136567,5.0,-0.016961183801959878
2026-02-26,JPM,Financials,-0.02788424070159609,0.46609511430245226,0.6,0.5625,1.0,0.529023778575613,6.0,-0.11041300594930215
2026-02-26,TSLA,Consumer Discretionary,-0.02783553694906922,0.37245765754398524,1.0,0.3125,0.5,0.48061441438599634,7.0,0.04737808511197206
2026-02-26,JNJ,Healthcare,-0.0344966040565185,0.323171348901445,0.5,0.725,0.9,0.4357928372253612,8.0,0.013497390726820546
2026-02-26,AAPL,Technology,-0.030781699767937515,0.40042262054093863,0.8,0.3875,0.3,0.3926056551352347,9.0,0.12744662009333907
2026-02-26,XOM,Energy,-0.0588155537299337,0.3116261620057011,0.4,0.675,0.1,0.2979065405014253,10.0,-0.09166842713341983
2026-02-27,META,Technology,-0.0009159322541092136,0.6014256398000072,0.8,0.5375,0.8,0.7678564099500018,1.0,0.04297547837136606
2026-02-27,NVDA,Technology,-0.007357539085831116,0.46813369610462724,0.2,0.7375,0.5,0.6145334240261568,2.0,0.15037652112349775
2026-02-27,GOOGL,Technology,-0.0042420953400691625,0.5773537273017941,0.1,0.48750000000000004,0.4,0.6068384318254486,3.0,0.03817225575230343
2026-02-27,AMZN,Consumer Discretionary,-0.024046700920806734,0.4049761484370653,1.0,0.7,0.3,0.5462440371092663,4.0,0.05479077821776834
2026-02-27,MSFT,Technology,-0.017855592591910677,0.4645569827097174,0.3,0.375,0.7,0.5361392456774293,5.0,-0.05177540889994825
2026-02-27,TSLA,Consumer Discretionary,-0.021403510162997505,0.3993937295682425,0.9,0.3125,0.6,0.5223484323920606,6.0,0.05194571947058235
2026-02-27,JPM,Financials,-0.02597241038429076,0.47533213721310935,0.4,0.5625,1.0,0.5113330343032773,7.0,-0.1012610176913763
2026-02-27,JNJ,Healthcare,-0.03115527755775386,0.3389548544412834,0.5,0.725,0.9,0.43973871361032085,8.0,0.027579230719419146
2026-02-27,AAPL,Technology,-0.029195922616905325,0.4050486129137003,0.7,0.3875,0.2,0.3737621532284251,9.0,0.1285324490149089
2026-02-27,XOM,Energy,-0.05427517982096822,0.3234652560568201,0.6,0.675,0.1,0.320866314014205,10.0,-0.08438820293601612
2026-03-02,META,Technology,0.012023369136232715,0.6461528271036192,0.8,0.5375,0.8,0.7440382067759048,1.0,0.004247168614210262
2026-03-02,GOOGL,Technology,0.01214777330123808,0.6283702937326019,0.1,0.48750000000000004,0.5,0.6645925734331505,2.0,0.01329012832490295
2026-03-02,NVDA,Technology,0.005720910592515121,0.5285223832822111,0.2,0.7375,0.6,0.6396305958205528,3.0,0.1583653337464892
2026-03-02,MSFT,Technology,-0.007227794223096638,0.5020858235618105,0.7,0.375,0.7,0.5855214558904526,4.0,-0.07087776600179696
2026-03-02,JPM,Financials,-0.010098626692502798,0.538666792943871,0.3,0.5625,1.0,0.5521666982359676,5.0,-0.07374621249738855
2026-03-02,AMZN,Consumer Discretionary,-0.013288827980994745,0.4522535050596012,0.9,0.7,0.3,0.5130633762649003,6.0,0.031031458584627414
2026-03-02,AAPL,Technology,-0.007697789786398982,0.48098670365920165,0.6,0.3875,0.2,0.4877466759148004,7.0,0.14784419363690682
2026-03-02,JNJ,Healthcare,-0.015732069548461847,0.3986840033243149,0.5,0.725,0.9,0.4546710008310787,8.0,0.006746994110956139
2026-03-02,TSLA,Consumer Discretionary,-0.014091114606234538,0.4273337587927977,1.0,0.3125,0.4,0.41433343969819947,9.0,-0.0008616126610359043
2026-03-02,XOM,Energy,-0.03400033862827538,0.3935153763799508,0.4,0.675,0.1,0.31837884409498773,10.0,-0.04046515365660197
2026-03-03,META,Technology,0.008808421436847413,0.6364952032562746,0.8,0.5375,0.8,0.7416238008140688,1.0,0.026051566338342935
2026-03-03,GOOGL,Technology,0.01141025980541311,0.6227753868237614,0.2,0.48750000000000004,0.5,0.6731938467059404,2.0,0.0034953323234903078
2026-03-03,NVDA,Technology,0.0035324891955070747,0.5230912305600371,0.1,0.7375,0.4,0.6082728076400092,3.0,0.20995807649632492
2026-03-03,MSFT,Technology,-0.006952911312761122,0.5026971850449982,0.7,0.375,0.7,0.5856742962612494,4.0,-0.057367432828820064
2026-03-03,JPM,Financials,-0.013622318007271797,0.5250019734001119,0.4,0.5625,1.0,0.5587504933500279,5.0,-0.030182081203063316
2026-03-03,AAPL,Technology,-0.008305303802238954,0.47191740681527633,0.6,0.3875,0.2,0.4854793517038191,6.0,0.1640829628541809
2026-03-03,AMZN,Consumer Discretionary,-0.01708434154699095,0.43525699917353267,0.9,0.7,0.3,0.47381424979338316,7.0,-0.016738315616481314
2026-03-03,TSLA,Consumer Discretionary,-0.016233862322262045,0.41641052651229954,1.0,0.3125,0.6,0.46660263162807486,8.0,-0.017782978337029465
2026-03-03,JNJ,Healthcare,-0.017952205999552225,0.38962037403837685,0.5,0.725,0.9,0.45240509350959424,9.0,0.03661013526414081
2026-03-03,XOM,Energy,-0.032550714099523696,0.40663058430584226,0.3,0.675,0.1,0.3116576460764606,10.0,-0.036276477256198314
2026-03-04,META,Technology,0.011073654757249028,0.6421302735855903,0.7,0.5375,0.8,0.7680325683963976,1.0,0.08473411442115308
2026-03-04,NVDA,Technology,0.010838087364388902,0.5486844538123374,0.1,0.7375,0.3,0.6396711134530844,2.0,0.23574671464635766
2026-03-04,GOOGL,Technology,0.010307281976881869,0.6169376671331469,0.2,0.48750000000000004,0.5,0.6017344167832868,3.0,0.034312638467153045
2026-03-04,MSFT,Technology,-0.0025434349108188568,0.5318199988990956,0.4,0.375,0.7,0.5629549997247738,4.0,-0.014360822211300306
2026-03-04,AMZN,Consumer Discretionary,-0.013217824413809526,0.461805047328026,0.9,0.7,0.4,0.5604512618320064,5.0,0.004373667489637523
2026-03-04,AAPL,Technology,-0.005989377008829904,0.4798873840552602,0.8,0.3875,0.2,0.507471846013815,6.0,0.1929515137738116
2026-03-04,JNJ,Healthcare,-0.01531330295423662,0.39354603172987346,0.6,0.725,0.9,0.4983865079324684,7.0,0.026775147858474124
2026-03-04,TSLA,Consumer Discretionary,-0.013392233722049432,0.42571259902135417,1.0,0.3125,0.6,0.46892814975533853,8.0,-0.04670580340285391
2026-03-04,JPM,Financials,-0.016111352475020782,0.5118873039600557,0.3,0.5625,1.0,0.4404718259900139,9.0,-0.023680381122119898
2026-03-04,XOM,Energy,-0.03890776462655066,0.38604259248989603,0.5,0.675,0.1,0.32651064812247405,10.0,-0.06329423092327158
2026-03-05,GOOGL,Technology,0.019716402077286185,0.6414655306374141,0.4,0.48750000000000004,0.8,0.7278663826593537,1.0,0.03038549260149015
2026-03-05,META,Technology,0.011041365068935854,0.6451811323679207,0.7,0.5375,0.7,0.7237952830919802,2.0,0.05322276610190224
2026-03-05,NVDA,Technology,0.009560810221746045,0.5392026773966649,0.2,0.7375,0.4,0.6223006693491663,3.0,0.17094866854785606
2026-03-05,AMZN,Consumer Discretionary,-0.011169811901798919,0.4696485403759296,0.9,0.7,0.6,0.5824121350939824,4.0,-0.006270389137353005
2026-03-05,AAPL,Technology,-0.005923327943208026,0.48468775586511686,0.6,0.3875,0.2,0.5236719389662792,5.0,0.2485321210404816
2026-03-05,JNJ,Healthcare,-0.018329319527471,0.3721913900102998,0.8,0.725,0.9,0.478047847502575,6.0,0.0017231299804001399
2026-03-05,JPM,Financials,-0.017347466752699277,0.5140551203088323,0.3,0.5625,1.0,0.47601378007720807,7.0,0.0022516896062041436
2026-03-05,MSFT,Technology,-0.00609571521297857,0.5218593119502849,0.1,0.375,0.3,0.45546482798757126,8.0,0.016530212983559167
2026-03-05,TSLA,Consumer Discretionary,-0.015128976423505516,0.4089215625794577,1.0,0.3125,0.5,0.45473039064486437,9.0,-0.050438311472369546
2026-03-05,XOM,Energy,-0.03345130098621906,0.3991935029783832,0.5,0.675,0.1,0.3297983757445958,10.0,-0.0675012735983882
2026-03-06,GOOGL,Technology,0.022067599949982565,0.6566392203718313,0.1,0.48750000000000004,0.9,0.7116598050929578,1.0,0.09249086660791339
2026-03-06,META,Technology,0.010465033835670455,0.6455090701586965,0.4,0.5375,0.7,0.6938772675396742,2.0,0.10872888176506401
2026-03-06,AMZN,Consumer Discretionary,-0.007733654943498484,0.47927632979073853,0.9,0.7,0.6,0.6198190824476846,3.0,-0.021018400231534784
2026-03-06,MSFT,Technology,-0.0019279548799847855,0.5349702257966625,0.2,0.375,0.4,0.5487425564491656,4.0,0.031177503239180338
2026-03-06,AAPL,Technology,-0.004708448981588364,0.4950629433513902,0.5,0.3875,0.2,0.5162657358378475,5.0,0.2408139527844131
2026-03-06,JPM,Financials,-0.018611860816430036,0.5099837603578381,0.3,0.5625,1.0,0.5099959400894595,6.0,-0.02103861859565359
2026-03-06,NVDA,Technology,-0.00831871515338112,0.4672186531138068,0.6,0.7375,0.1,0.5093046632784517,7.0,0.15871990117898682
2026-03-06,JNJ,Healthcare,-0.022723351455941163,0.3586276993467386,0.8,0.725,0.8,0.46465692483668464,8.0,0.041881109412282624
2026-03-06,TSLA,Consumer Discretionary,-0.021319649923759565,0.39269215958031306,1.0,0.3125,0.5,0.41567303989507826,9.0,-0.028502924664556728
2026-03-06,XOM,Energy,-0.03376352058342703,0.38206250537408015,0.7,0.675,0.3,0.3655156263435201,10.0,-0.11680763280098738
2026-03-09,GOOGL,Technology,0.023310842408975983,0.653625749111854,0.2,0.48750000000000004,0.9,0.7209064372779634,1.0,0.07312987440826602
2026-03-09,META,Technology,0.002764350141327111,0.6199741949224832,0.4,0.5375,0.7,0.6874935487306209,2.0,0.07967390605519964
2026-03-09,AMZN,Consumer Discretionary,-0.011182871676453515,0.4548814800110136,0.9,0.7,0.6,0.6137203700027534,3.0,0.04292140966515423
2026-03-09,JNJ,Healthcare,-0.015636833279957622,0.37908112089513774,0.8,0.725,0.8,0.5747702802237844,4.0,0.028408031111084142
2026-03-09,MSFT,Technology,0.00012958687767870066,0.547799913519889,0.1,0.375,0.4,0.5419499783799723,5.0,0.10678196658151573
2026-03-09,AAPL,Technology,-0.003865226937485971,0.4959942957657239,0.6,0.3875,0.3,0.536498573941431,6.0,0.1884153891224598
2026-03-09,JPM,Financials,-0.016806379429157123,0.5148459586717308,0.3,0.5625,1.0,0.4762114896679327,7.0,-0.032810982060898164
2026-03-09,TSLA,Consumer Discretionary,-0.0167086594799572,0.40969698031828317,1.0,0.3125,0.5,0.4549242450795708,8.0,-0.03717629747542439
2026-03-09,NVDA,Technology,-0.019600613113700947,0.4358907254307111,0.7,0.7375,0.1,0.40647268135767783,9.0,0.14663937088984524
2026-03-09,XOM,Energy,-0.03146359474894226,0.3955729393384718,0.5,0.675,0.2,0.338893234834618,10.0,-0.06944466286514883
2026-03-10,GOOGL,Technology,0.020894040924040055,0.6470573890379919,0.2,0.48750000000000004,1.0,0.729264347259498,1.0,0.08255227327773551
2026-03-10,META,Technology,-8.841503550291365e-05,0.6078766910677942,0.7,0.5375,0.5,0.6944691727669485,2.0,0.055231726229983735
2026-03-10,AMZN,Consumer Discretionary,-0.0032509794566734206,0.4802294616230694,0.9,0.7,0.7,0.6300573654057673,3.0,0.008028634885138164
2026-03-10,AAPL,Technology,-0.0020221903760803952,0.501439804932423,0.4,0.3875,0.2,0.5428599512331058,4.0,0.1774233340244631
2026-03-10,JNJ,Healthcare,-0.014152704836317106,0.38972132977101204,0.8,0.725,0.8,0.507430332442753,5.0,0.030486709628299247
2026-03-10,TSLA,Consumer Discretionary,-0.011683780332474712,0.42667779277483014,1.0,0.3125,0.6,0.5041694481937076,6.0,-0.027313158860730824
2026-03-10,MSFT,Technology,-0.0031073932658119384,0.5323069491766823,0.1,0.375,0.3,0.49307673729417056,7.0,0.09305891315695014
2026-03-10,NVDA,Technology,-0.013062704437348744,0.4647646773517994,0.5,0.7375,0.1,0.46369116933794985,8.0,0.20637514585117445
2026-03-10,JPM,Financials,-0.016338810570328904,0.5239276566756778,0.3,0.5625,0.9,0.4334819141689194,9.0,-0.015121725003691577
2026-03-10,XOM,Energy,-0.023781961694104133,0.416524582657409,0.6,0.675,0.4,0.37413114566435224,10.0,-0.0871236483734682
2026-03-11,GOOGL,Technology,0.021494087871523154,0.65331190219529,0.1,0.48750000000000004,0.9,0.7108279755488225,1.0,0.13182679306360678
2026-03-11,META,Technology,0.001393654808912854,0.6132927013123837,0.7,0.5375,0.5,0.6958231753280959,2.0,0.03307805876824621
2026-03-11,AMZN,Consumer Discretionary,-0.010818498362199294,0.4528010872671123,0.8,0.7,0.7,0.613200271816778,3.0,0.013243471743801027
2026-03-11,TSLA,Consumer Discretionary,-0.01029066003641158,0.43017593925741876,1.0,0.3125,0.6,0.5750439848143547,4.0,-0.04718252646549759
2026-03-11,AAPL,Technology,-0.0014680765409987228,0.5024835652276127,0.4,0.3875,0.3,0.5531208913069032,5.0,0.19741015260395667
2026-03-11,JPM,Financials,-0.017069091053301795,0.5208672412367157,0.2,0.5625,1.0,0.5027168103091789,6.0,0.0033886635847333313
2026-03-11,NVDA,Technology,-0.010931983608785658,0.47392291593809727,0.5,0.7375,0.1,0.5009807289845243,7.0,0.23522627406627805
2026-03-11,JNJ,Healthcare,-0.022599791773177037,0.3562360960875943,0.9,0.725,0.8,0.4740590240218986,8.0,-0.038987126220758395
2026-03-11,XOM,Energy,-0.023268330827908863,0.4156041342922892,0.6,0.675,0.4,0.37390103357307225,9.0,-0.09406347354728928
2026-03-11,MSFT,Technology,-0.018589252445242066,0.4737825771848912,0.3,0.375,0.2,0.3484456442962228,10.0,0.05560336363833285
2026-03-12,GOOGL,Technology,0.02037011116505999,0.6474755325904622,0.1,0.48750000000000004,0.9,0.7093688831476155,1.0,0.1162247463445445
2026-03-12,META,Technology,-0.0018047499458158298,0.6068804642128799,0.8,0.5375,0.5,0.70422011605322,2.0,0.018449189003045152
2026-03-12,AMZN,Consumer Discretionary,-0.0090827423042684,0.4649294423014832,0.4,0.7,0.6,0.6012323605753709,3.0,0.026847625851490253
2026-03-12,AAPL,Technology,-0.006231266812380188,0.4772293422855451,0.5,0.3875,0.3,0.5568073355713863,4.0,0.1678923559755432
2026-03-12,JPM,Financials,-0.01515939944698441,0.5271285138255541,0.3,0.5625,1.0,0.4792821284563885,5.0,-0.021766085070515584
2026-03-12,NVDA,Technology,-0.012905327623571704,0.4623744228288844,0.6,0.7375,0.1,0.47309360570722114,6.0,0.27520001604928557
2026-03-12,MSFT,Technology,-0.010831016878706166,0.507391609242081,0.2,0.375,0.4,0.4718479023105203,7.0,0.08833659917352676
2026-03-12,TSLA,Consumer Discretionary,-0.01195384350525322,0.43869245058419354,1.0,0.3125,0.2,0.46717311264604844,8.0,-0.024927170920030828
2026-03-12,XOM,Energy,-0.021772466613745114,0.41186373045328356,0.7,0.675,0.8,0.4579659326133209,9.0,-0.08942003885880256
2026-03-12,JNJ,Healthcare,-0.02393509407699758,0.3510794384875313,0.9,0.725,0.7,0.42776985962188285,10.0,-0.08831304002907747
2026-03-13,META,Technology,0.0024881546872365804,0.6321120307791313,0.8,0.5375,0.5,0.7105280076947829,1.0,-0.005652185326236792
2026-03-13,GOOGL,Technology,0.020237075724508953,0.6495025312016612,0.1,0.48750000000000004,0.9,0.7098756328004153,2.0,0.086662463908034
2026-03-13,NVDA,Technology,-0.007432585034641314,0.4830510729878606,0.5,0.7375,0.1,0.6082627682469652,3.0,0.380031031213119
2026-03-13,AMZN,Consumer Discretionary,-0.010834609100172584,0.4577528028728149,0.6,0.7,0.7,0.5944382007182037,4.0,0.02763293451381621
2026-03-13,JPM,Financials,-0.01298368459163568,0.5355197263593496,0.2,0.5625,1.0,0.5413799315898374,5.0,-0.03832214211339424
2026-03-13,MSFT,Technology,-0.008605129695850158,0.5191573451905607,0.3,0.375,0.4,0.5197893362976401,6.0,0.12129402466045902
2026-03-13,JNJ,Healthcare,-0.021759033801380688,0.36619415225047325,0.9,0.725,0.8,0.4765485380626183,7.0,-0.09499184433869623
2026-03-13,AAPL,Technology,-0.013440068024766183,0.44903367759764895,0.7,0.3875,0.3,0.4297584193994123,8.0,0.15679710157182525
2026-03-13,TSLA,Consumer Discretionary,-0.015017890141654019,0.42513545513998774,1.0,0.3125,0.2,0.39378386378499697,9.0,-0.03598054934512529
2026-03-13,XOM,Energy,-0.026742233966809976,0.40648244797356253,0.4,0.675,0.6,0.37162061199339064,10.0,-0.0657034801123707
2026-03-16,GOOGL,Technology,0.015057785034164307,0.6141808730188478,0.4,0.48750000000000004,0.9,0.731045218254712,1.0,0.033828601326156615
2026-03-16,META,Technology,0.009354118862034026,0.658343890737922,0.9,0.5375,0.4,0.7170859726844805,2.0,-0.02169758266458577
2026-03-16,NVDA,Technology,-0.0049090132033499405,0.4984824069851731,0.5,0.7375,0.1,0.5771206017462933,3.0,0.35623479238079137
2026-03-16,AMZN,Consumer Discretionary,-0.009301827352262523,0.4672426398667241,0.6,0.7,0.8,0.571810659966681,4.0,0.027842642301723508
2026-03-16,MSFT,Technology,-0.004686174552297019,0.538686883064372,0.2,0.375,0.3,0.5396717207660929,5.0,0.15967086608458803
2026-03-16,AAPL,Technology,-0.009056477380622261,0.46010290940035503,0.7,0.3875,0.6,0.5325257273500887,6.0,0.13518544851264092
2026-03-16,JPM,Financials,-0.013444526788095221,0.533426483867823,0.1,0.5625,1.0,0.4608566209669558,7.0,-0.02553502070032565
2026-03-16,JNJ,Healthcare,-0.020364846255307968,0.37296877398645745,0.8,0.725,0.7,0.4582421934966143,8.0,-0.07837569637516106
2026-03-16,TSLA,Consumer Discretionary,-0.010456256222179135,0.44505663130703316,1.0,0.3125,0.2,0.43376415782675826,9.0,-0.01868492710375813
2026-03-16,XOM,Energy,-0.02537526812489884,0.4205772328641626,0.3,0.675,0.5,0.35514430821604065,10.0,-0.08965816612588207
2026-03-17,GOOGL,Technology,0.014547607682449018,0.6113949085033296,0.4,0.48750000000000004,0.9,0.7303487271258324,1.0,0.050961058005766
2026-03-17,META,Technology,0.006049673883921949,0.6463422615306175,1.0,0.5375,0.4,0.7240855653826545,2.0,-0.027005673321346513
2026-03-17,AMZN,Consumer Discretionary,-0.009242768544120487,0.4564536377158313,0.7,0.7,0.8,0.5791134094289578,3.0,-0.01472827930582532
2026-03-17,AAPL,Technology,-0.008659408815488408,0.457879788120828,0.6,0.3875,0.6,0.556969947030207,4.0,0.11994055767769396
2026-03-17,MSFT,Technology,-0.0024823334522310007,0.5440661998978471,0.2,0.375,0.3,0.5410165499744618,5.0,0.16533709960209664
2026-03-17,TSLA,Consumer Discretionary,-0.008990550861341864,0.4556953433794323,0.9,0.3125,0.2,0.4964238358448581,6.0,0.01742788404458806
2026-03-17,NVDA,Technology,-0.014424871351684776,0.4666424639663758,0.5,0.7375,0.1,0.46416061599159397,7.0,0.32036087882371445
2026-03-17,JPM,Financials,-0.016452286796891064,0.5207238866537475,0.1,0.5625,1.0,0.4576809716634369,8.0,-0.02730222254340675
2026-03-17,JNJ,Healthcare,-0.021366026974466115,0.369443285188056,0.8,0.725,0.7,0.45736082129701405,9.0,-0.07988050054519524
2026-03-17,XOM,Energy,-0.02601418705802338,0.420783423611193,0.3,0.675,0.5,0.3551958559027983,10.0,-0.05577960534331616
2026-03-18,GOOGL,Technology,0.013929541586129059,0.6107061086028507,0.4,0.48750000000000004,0.9,0.7301765271507127,1.0,0.04152150792645615
2026-03-18,META,Technology,0.0006102668487920047,0.6312825784015825,1.0,0.5375,0.4,0.7203206446003957,2.0,-0.07966343973757728
2026-03-18,AMZN,Consumer Discretionary,-0.009412351997256554,0.45901937202957316,0.7,0.7,0.8,0.5797548430073933,3.0,-0.0023290095478645245
2026-03-18,AAPL,Technology,-0.0064186516419679745,0.47126242196134066,0.9,0.3875,0.7,0.5653156054903352,4.0,0.06628306206045975
2026-03-18,MSFT,Technology,-0.002101917612368555,0.5592106982460924,0.2,0.375,0.3,0.5448026745615231,5.0,0.176796157504868
2026-03-18,TSLA,Consumer Discretionary,-0.004972192047405221,0.46946595893532594,0.6,0.3125,0.2,0.5048664897338314,6.0,-0.030994376627297093
2026-03-18,JPM,Financials,-0.015676427232032795,0.5267046251933127,0.1,0.5625,1.0,0.49417615629832823,7.0,-0.010766480880235574
2026-03-18,JNJ,Healthcare,-0.019566537954949996,0.37978208937919317,0.8,0.725,0.6,0.48494552234479826,8.0,-0.10350448069110718
2026-03-18,XOM,Energy,-0.021058404760203923,0.4410763474639124,0.3,0.675,0.5,0.3952690868659781,9.0,-0.01603825850390639
2026-03-18,NVDA,Technology,-0.02561854747612175,0.4167654883791471,0.5,0.7375,0.1,0.3466913720947868,10.0,0.2519923134919837
2026-03-19,GOOGL,Technology,0.014062880965385483,0.6077315739945173,0.4,0.48750000000000004,0.9,0.7294328934986294,1.0,0.03530206021659987
2026-03-19,META,Technology,0.00223319746535942,0.6364982996571338,0.9,0.5375,0.3,0.6666245749142834,2.0,-0.06092572467835522
2026-03-19,AMZN,Consumer Discretionary,-0.007609211449506242,0.47051012348020066,0.8,0.7,0.8,0.6626275308700502,3.0,0.00039648337832787206
2026-03-19,TSLA,Consumer Discretionary,0.004349546244112759,0.5044358096874693,0.7,0.3125,0.4,0.6136089524218673,4.0,-0.01065172012422877
2026-03-19,AAPL,Technology,-0.011782788857053599,0.4514965758960749,1.0,0.3875,0.7,0.5353741439740187,5.0,0.050676647198474756
2026-03-19,JPM,Financials,-0.014996856774175912,0.5288977001825544,0.2,0.5625,1.0,0.5047244250456386,6.0,-0.01267426658127968
2026-03-19,JNJ,Healthcare,-0.01842936552226762,0.38549094516481064,0.5,0.725,0.6,0.4563727362912027,7.0,-0.06101105153733466
2026-03-19,MSFT,Technology,-0.00881963572074683,0.5434260233663414,0.1,0.375,0.2,0.4508565058415854,8.0,0.19761381015710233
2026-03-19,XOM,Energy,-0.022603335235754154,0.43854492192754074,0.3,0.675,0.5,0.3946362304818852,9.0,-0.02692827175679302
2026-03-19,NVDA,Technology,-0.031602154828529905,0.3999862574373325,0.6,0.7375,0.1,0.35249656435933313,10.0,0.1904232375847923
2026-03-20,GOOGL,Technology,0.013814485266560223,0.6036070610627977,0.4,0.48750000000000004,0.9,0.7284017652656994,1.0,0.05499761503969913
2026-03-20,AMZN,Consumer Discretionary,-0.0014496642286096887,0.4919366880487497,0.8,0.7,0.8,0.6679841720121875,2.0,-0.018104409656757303
2026-03-20,META,Technology,-0.0004682402879427447,0.6343372141967636,0.7,0.5375,0.3,0.6460843035491909,3.0,-0.042936386318164654
2026-03-20,TSLA,Consumer Discretionary,0.004875736372140329,0.510878887811421,0.6,0.3125,0.5,0.6152197219528552,4.0,-0.018991305162503913
2026-03-20,AAPL,Technology,-0.0117888082632599,0.4480534586665294,1.0,0.3875,0.7,0.5695133646666323,5.0,0.03669956378076167
2026-03-20,JPM,Financials,-0.016664148598240815,0.5144878791165636,0.3,0.5625,1.0,0.4761219697791409,6.0,-0.027092427655807994
2026-03-20,XOM,Energy,-0.014830028160089498,0.46884902070942186,0.2,0.675,0.4,0.4522122551773555,7.0,0.020869534288265212
2026-03-20,JNJ,Healthcare,-0.025180684921425313,0.3621445144314878,0.5,0.725,0.6,0.4155361286078719,8.0,-0.02699253489256148
2026-03-20,MSFT,Technology,-0.013700959732959659,0.5237684779989846,0.1,0.375,0.2,0.4109421194997462,9.0,0.14215431483550778
2026-03-20,NVDA,Technology,-0.026116963715788685,0.41260585234406644,0.9,0.7375,0.1,0.38565146308601667,10.0,0.1858254286717731
2026-03-23,GOOGL,Technology,0.01796903743552207,0.6226014649958675,0.4,0.48750000000000004,0.9,0.7331503662489669,1.0,0.08928567104919871
2026-03-23,META,Technology,0.0021985571260214136,0.6354787666867178,0.7,0.5375,0.3,0.6813696916716795,2.0,0.012762832757640341
2026-03-23,AMZN,Consumer Discretionary,-0.006129765788825585,0.48345290277376085,0.8,0.7,0.8,0.6658632256934403,3.0,-0.018981467722648082
2026-03-23,TSLA,Consumer Discretionary,0.0007972499897932548,0.4985480909363577,0.6,0.3125,0.5,0.5771370227340895,4.0,-0.05993356412057549
2026-03-23,AAPL,Technology,-0.009268147307573792,0.45802564022566344,1.0,0.3875,0.7,0.5720064100564158,5.0,0.006258741383973199
2026-03-23,JPM,Financials,-0.019182347345052184,0.5054177659289361,0.1,0.5625,1.0,0.488854441482234,6.0,-0.01147868212600378
2026-03-23,XOM,Energy,-0.017963518030636595,0.45884851941061877,0.2,0.675,0.4,0.48471212985265477,7.0,0.04244645973092065
2026-03-23,JNJ,Healthcare,-0.025217354559593896,0.35615672937643883,0.5,0.725,0.6,0.44903918234410967,8.0,-0.0468480919843236
2026-03-23,NVDA,Technology,-0.027495516098726795,0.39586255007221655,0.9,0.7375,0.2,0.42646563751805416,9.0,0.14002776814908224
2026-03-23,MSFT,Technology,-0.03469044853229702,0.44248386449357885,0.3,0.375,0.1,0.2606209661233947,10.0,0.03555488277487706
2026-03-24,GOOGL,Technology,0.01818177252137944,0.623264718502562,0.4,0.48750000000000004,1.0,0.7433161796256406,1.0,0.12363586933292936
2026-03-24,META,Technology,0.006603543440839054,0.6453965207338709,0.8,0.5375,0.4,0.7038491301834677,2.0,0.034169541304205575
2026-03-24,AMZN,Consumer Discretionary,-0.004057983370782773,0.4910080677863599,0.7,0.7,0.8,0.6577520169465898,3.0,0.0006816328689480677
2026-03-24,TSLA,Consumer Discretionary,-0.0003663233606015395,0.4939652514021225,0.6,0.3125,0.5,0.5759913128505306,4.0,-0.11289114188042582
2026-03-24,AAPL,Technology,-0.00865238125178906,0.45909794670984266,0.9,0.3875,0.6,0.5522744866774607,5.0,-0.010327393340194724
2026-03-24,JPM,Financials,-0.020817259306708448,0.5024964515514753,0.1,0.5625,0.9,0.5131241128878689,6.0,-0.022494043084580806
2026-03-24,JNJ,Healthcare,-0.029060643523614593,0.34339446410535657,0.5,0.725,0.7,0.4558486160263391,7.0,-0.055645431102247844
2026-03-24,NVDA,Technology,-0.032434723190621406,0.38105072759464353,1.0,0.7375,0.2,0.43276268189866096,8.0,0.1147245491854898
2026-03-24,XOM,Energy,-0.027002955031866997,0.4169892177207299,0.2,0.675,0.3,0.42924730443018244,9.0,0.000923802791653161
2026-03-24,MSFT,Technology,-0.03802470865112911,0.4257871223196797,0.3,0.375,0.1,0.25644678057991993,10.0,0.02160598649461587
2026-03-25,GOOGL,Technology,0.012118428988693704,0.6000863498498178,0.5,0.48750000000000004,0.9,0.7375215874624544,1.0,0.10464721180765935
2026-03-25,META,Technology,0.008174730674523446,0.6541736199303438,0.8,0.5375,0.4,0.7060434049825861,2.0,0.04805767398314065
2026-03-25,AMZN,Consumer Discretionary,0.0004649148750663788,0.4985032021177425,0.7,0.7,0.8,0.6596258005294355,3.0,0.01834792887151493
2026-03-25,TSLA,Consumer Discretionary,0.0006972251485216567,0.5082006800024446,0.3,0.3125,0.6,0.5595501700006111,4.0,-0.11815835315899015
2026-03-25,AAPL,Technology,-0.012864594962905878,0.4440320978528781,0.9,0.3875,0.5,0.5385080244632195,5.0,0.010110891973330371
2026-03-25,JPM,Financials,-0.02209942836773711,0.4966373454117691,0.1,0.5625,1.0,0.5216593363529423,6.0,-0.04552648938434534
2026-03-25,JNJ,Healthcare,-0.025980194262973468,0.35049131294836533,0.4,0.725,0.7,0.4476228282370914,7.0,-0.05525381625282422
2026-03-25,XOM,Energy,-0.025765244126011902,0.42345827424790583,0.2,0.675,0.3,0.4308645685619765,8.0,-0.023045452866759963
2026-03-25,NVDA,Technology,-0.03623250590844847,0.362803561810741,1.0,0.7375,0.2,0.39320089045268525,9.0,0.07761174937215287
2026-03-25,MSFT,Technology,-0.03341620673403336,0.4352270863235926,0.6,0.375,0.1,0.32380677158089816,10.0,0.026826217327927226
2026-03-26,GOOGL,Technology,0.009660562920300795,0.5930618764570383,0.6,0.48750000000000004,0.9,0.7457654691142596,1.0,0.14577286936307998
2026-03-26,META,Technology,0.004864834781921896,0.6370112807276952,0.8,0.5375,0.4,0.7017528201819239,2.0,0.052064906905214814
2026-03-26,AMZN,Consumer Discretionary,-0.003389669355936961,0.4864270481423077,0.7,0.7,0.8,0.6916067620355768,3.0,0.013782146862930444
2026-03-26,AAPL,Technology,-0.009531765660374928,0.45362211087843174,0.9,0.3875,0.5,0.540905527719608,4.0,-0.011201316039557097
2026-03-26,JPM,Financials,-0.019797840407850327,0.5111603077862903,0.1,0.5625,1.0,0.5252900769465726,5.0,-0.03586804035209856
2026-03-26,TSLA,Consumer Discretionary,-0.003580368215610032,0.4925220111223029,0.3,0.3125,0.6,0.5206305027805758,6.0,-0.07923178177212675
2026-03-26,JNJ,Healthcare,-0.023927432236481486,0.35641233201604183,0.4,0.725,0.7,0.44910308300401053,7.0,-0.05811098299578632
2026-03-26,XOM,Energy,-0.02257956323649149,0.4367673391157985,0.2,0.675,0.3,0.4341918347789496,8.0,-0.013503928499642326
2026-03-26,NVDA,Technology,-0.03769906663352579,0.35619956629507227,1.0,0.7375,0.1,0.38154989157376806,9.0,0.09003719961900791
2026-03-26,MSFT,Technology,-0.02962657959808984,0.4557770961033623,0.5,0.375,0.2,0.3289442740258406,10.0,0.040692144887819026
2026-03-27,META,Technology,0.007694269677260193,0.6449971471234309,0.7,0.5375,0.4,0.7287492867808577,1.0,0.05552490478805061
2026-03-27,GOOGL,Technology,0.005105831183583979,0.5727287243471026,0.6,0.48750000000000004,0.9,0.7056821810867756,2.0,0.12766936737162116
2026-03-27,AMZN,Consumer Discretionary,-0.004524889714086451,0.47457700510636414,0.8,0.7,0.8,0.663644251276591,3.0,0.02468537839331275
2026-03-27,TSLA,Consumer Discretionary,-0.00016411904434408082,0.5028386204820247,0.3,0.3125,0.6,0.5582096551205062,4.0,-0.05903644832648047
2026-03-27,AAPL,Technology,-0.00454654740054401,0.46459168199618867,1.0,0.3875,0.5,0.5536479204990472,5.0,0.05913968923892421
2026-03-27,JPM,Financials,-0.018844734881902456,0.5181143634799359,0.1,0.5625,1.0,0.527028590869984,6.0,-0.04099762049124123
2026-03-27,JNJ,Healthcare,-0.02329612476151556,0.3595595697968603,0.4,0.725,0.7,0.48488989244921504,7.0,-0.08388940153426949
2026-03-27,XOM,Energy,-0.02758279976839898,0.42536131769159946,0.2,0.675,0.3,0.3963403294228999,8.0,-0.031193890136703706
2026-03-27,NVDA,Technology,-0.045197679571116645,0.33970930406645616,0.9,0.7375,0.1,0.3674273260166141,9.0,0.125211095594552
2026-03-27,MSFT,Technology,-0.02880834527554947,0.45811747513511253,0.5,0.375,0.2,0.32952936878377814,10.0,0.03295578702549595
2026-03-30,META,Technology,0.009730825026466033,0.6601224441632262,0.7,0.5375,0.4,0.7325306110408065,1.0,0.04131658522714554
2026-03-30,GOOGL,Technology,0.0038364571385511716,0.5690962237008331,0.6,0.48750000000000004,0.9,0.7047740559252084,2.0,0.14046715039879687
2026-03-30,AAPL,Technology,-0.005119708837491598,0.4573961000930544,0.9,0.3875,0.7,0.6318490250232636,3.0,0.07570120360275423
2026-03-30,AMZN,Consumer Discretionary,-0.00911224209377044,0.461423031732894,0.8,0.7,0.8,0.6253557579332236,4.0,0.025879422506658978
2026-03-30,JPM,Financials,-0.02938873250455455,0.4805162010400079,0.1,0.5625,1.0,0.5176290502600019,5.0,-0.048469866775012194
2026-03-30,TSLA,Consumer Discretionary,-0.005400117566790775,0.49273447641583945,0.2,0.3125,0.6,0.5106836191039599,6.0,-0.010759917442977773
2026-03-30,JNJ,Healthcare,-0.0327006101984727,0.331264773409546,0.5,0.725,0.5,0.43281619335238647,7.0,-0.07607581345428349
2026-03-30,MSFT,Technology,-0.03259200424052432,0.4601885497907837,0.4,0.375,0.2,0.3900471374476959,8.0,0.04847002679761214
2026-03-30,NVDA,Technology,-0.04979572681399326,0.3304310341661622,1.0,0.7375,0.1,0.37510775854154055,9.0,0.1563387169967374
2026-03-30,XOM,Energy,-0.03788304481273546,0.38699345011311514,0.3,0.675,0.3,0.3617483625282788,10.0,-0.051394778020757426
2026-03-31,META,Technology,0.007662329757968711,0.6526214108999905,0.7,0.5375,0.4,0.7306553527249976,1.0,0.02620806090853267
2026-03-31,GOOGL,Technology,0.004841048409436389,0.5736636497215678,0.8,0.48750000000000004,0.9,0.7259159124303919,2.0,0.12202613476353208
2026-03-31,AMZN,Consumer Discretionary,-0.00864910897248749,0.4643136732854993,0.5,0.7,0.8,0.5960784183213748,3.0,0.07626799373515336
2026-03-31,AAPL,Technology,-0.008456565925317428,0.4372264632163791,0.9,0.3875,0.5,0.5718066158040948,4.0,0.039994203904693215
2026-03-31,TSLA,Consumer Discretionary,-0.003680685812719591,0.5053982513813189,0.1,0.3125,0.7,0.5488495628453297,5.0,-0.012446136659720719
2026-03-31,JPM,Financials,-0.033019766953536915,0.4558471017907794,0.3,0.5625,1.0,0.5314617754476948,6.0,-0.07596032001484854
2026-03-31,JNJ,Healthcare,-0.034915637297724414,0.33010766279218323,0.4,0.725,0.6,0.4675269156980458,7.0,-0.06925723804656103
2026-03-31,NVDA,Technology,-0.04657419549702341,0.3349032178766588,1.0,0.7375,0.1,0.37622580446916476,8.0,0.12130159191005974
2026-03-31,MSFT,Technology,-0.03527531708933711,0.453572857869671,0.6,0.375,0.2,0.37339321446741774,9.0,0.02745888252429407
2026-03-31,XOM,Energy,-0.03932504299606287,0.389588640013921,0.2,0.675,0.3,0.3523971600034803,10.0,-0.04323946591012262
2026-04-01,META,Technology,-0.0038635244398795097,0.5574936195174547,0.7,0.5375,0.4,0.7068734048793637,1.0,-0.0006048537344076621
2026-04-01,GOOGL,Technology,-0.01506463782136812,0.45585614633684335,0.8,0.48750000000000004,0.9,0.6964640365842109,2.0,0.08138129196688171
2026-04-01,AMZN,Consumer Discretionary,-0.024241829540117416,0.3614889449081788,0.5,0.7,0.8,0.5703722362270447,3.0,0.08259466607905819
2026-04-01,AAPL,Technology,-0.019128867559012865,0.357248011068713,1.0,0.3875,0.5,0.5618120027671782,4.0,-0.026199109186564318
2026-04-01,TSLA,Consumer Discretionary,-0.01598965423489636,0.4168033786569157,0.2,0.3125,0.6,0.526700844664229,5.0,0.008678832206451492
2026-04-01,JNJ,Healthcare,-0.04695451129911648,0.26360032921551013,0.3,0.725,0.7,0.48590008230387755,6.0,-0.05484389158412617
2026-04-01,JPM,Financials,-0.048037059901080335,0.36346189744242685,0.4,0.5625,1.0,0.48336547436060673,7.0,-0.09352247962607274
2026-04-01,NVDA,Technology,-0.050387801598174846,0.2803660548778786,0.9,0.7375,0.2,0.4325915137194697,8.0,0.1660703264953045
2026-04-01,MSFT,Technology,-0.051575179878986986,0.3518285205854514,0.6,0.375,0.1,0.30295713014636283,9.0,0.03394423821158088
2026-04-01,XOM,Energy,-0.055184561612256954,0.3047905659021067,0.1,0.675,0.3,0.2861976414755266,10.0,-0.052656791718407536
2026-04-02,GOOGL,Technology,-0.013328148876308088,0.4611585717946869,0.8,0.48750000000000004,0.8,0.6877896429486718,1.0,0.07714300393062445
2026-04-02,META,Technology,-0.008968846057691516,0.5462401018963261,0.4,0.5375,0.4,0.6740600254740816,2.0,0.01567453291776366
2026-04-02,AMZN,Consumer Discretionary,-0.023341010219299387,0.3665578549362689,0.5,0.7,0.7,0.5616394637340673,3.0,0.09686378227825432
2026-04-02,AAPL,Technology,-0.021982740433029842,0.3414131875217629,1.0,0.3875,0.5,0.5578532968804407,4.0,-0.0757524285154747
2026-04-02,TSLA,Consumer Discretionary,-0.020339668852045772,0.38433364629928435,0.3,0.3125,0.6,0.5285834115748211,5.0,-0.06281305553212813
2026-04-02,JNJ,Healthcare,-0.044805109780629675,0.27014714741108703,0.2,0.725,1.0,0.5075367868527717,6.0,-0.07493688444462498
2026-04-02,NVDA,Technology,-0.046695982909814374,0.2938904492523902,0.9,0.7375,0.1,0.4609726123130976,7.0,0.23991991289786685
2026-04-02,JPM,Financials,-0.04899645755976591,0.36292268589829924,0.6,0.5625,0.9,0.4582306714745748,8.0,-0.09507449035091209
2026-04-02,MSFT,Technology,-0.05067319038507232,0.34250911420828,0.7,0.375,0.2,0.32062727855207,9.0,0.08398869623390759
2026-04-02,XOM,Energy,-0.05162297491662097,0.30984550805279826,0.1,0.675,0.3,0.2874613770131995,10.0,-0.03846276121235381
2026-04-03,META,Technology,-0.008462893962022922,0.542870372540282,0.4,0.5375,0.4,0.6732175931350706,1.0,0.00025172235228798634
2026-04-03,AAPL,Technology,-0.01856534161060991,0.3585692160409066,1.0,0.3875,0.5,0.6321423040102268,2.0,-0.07557594439551896
2026-04-03,AMZN,Consumer Discretionary,-0.02093858700156921,0.37401835789871024,0.3,0.7,0.8,0.6235045894746776,3.0,0.06142993182193601
2026-04-03,GOOGL,Technology,-0.02258906897681802,0.42267847567098743,0.8,0.48750000000000004,0.6,0.5531696189177469,4.0,0.036261397700436016
2026-04-03,NVDA,Technology,-0.03924502405441507,0.3081778247014744,0.9,0.7375,0.1,0.49954445617536863,5.0,0.17990543099732093
2026-04-03,JPM,Financials,-0.04385706760065853,0.37854554917201977,0.6,0.5625,0.9,0.49713638729300497,6.0,-0.08038379818001629
2026-04-03,TSLA,Consumer Discretionary,-0.021780609608701755,0.37480244610130126,0.2,0.3125,0.7,0.4912006115253253,7.0,-0.09462756310567955
2026-04-03,JNJ,Healthcare,-0.047899328921865304,0.25705725350906683,0.5,0.725,1.0,0.42926431337726667,8.0,-0.0854584527185942
2026-04-03,MSFT,Technology,-0.047423413032159197,0.3485737361298529,0.7,0.375,0.2,0.35714343403246324,9.0,0.056291602767567284
2026-04-03,XOM,Energy,-0.05220067089482292,0.31887482929272837,0.1,0.675,0.3,0.28971870732318206,10.0,-0.022887976217754957
2026-04-06,META,Technology,-0.011124421239722213,0.5358664183417312,0.4,0.5375,0.5,0.6814666045854328,1.0,-0.031497261530322396
2026-04-06,AMZN,Consumer Discretionary,-0.020722886088503076,0.36446797842535805,0.6,0.7,1.0,0.6361169946063395,2.0,0.036378635952228455
2026-04-06,AAPL,Technology,-0.016444502566355247,0.37170531274414925,0.9,0.3875,0.4,0.6154263281860374,3.0,-0.06581322110012844
2026-04-06,GOOGL,Technology,-0.02213428748167251,0.4280942673902187,0.7,0.48750000000000004,0.6,0.5445235668475548,4.0,-0.0004341693707538008
2026-04-06,TSLA,Consumer Discretionary,-0.017672630577099828,0.38929568804677067,0.3,0.3125,0.7,0.5398239220116926,5.0,-0.08748968426569181
2026-04-06,NVDA,Technology,-0.03569234578950895,0.31971757346904517,1.0,0.7375,0.1,0.5124293933672613,6.0,0.2089191641936159
2026-04-06,JNJ,Healthcare,-0.04776984403044192,0.26248377660315064,0.5,0.725,0.9,0.42062094415078766,7.0,-0.07881436417429044
2026-04-06,MSFT,Technology,-0.03781057483891715,0.3694351571673482,0.8,0.375,0.3,0.417358789291837,8.0,0.041743542201889694
2026-04-06,JPM,Financials,-0.04695430863494684,0.37013077094021773,0.2,0.5625,0.8,0.41003269273505444,9.0,-0.06331790350695699
2026-04-06,XOM,Energy,-0.05522240862092264,0.30440638660329183,0.1,0.675,0.2,0.27610159665082296,10.0,-0.027118593381629585
2026-04-07,META,Technology,-0.006950274973484138,0.5566186563211067,0.2,0.5375,0.6,0.6766546640802766,1.0,-0.06089857778777341
2026-04-07,AMZN,Consumer Discretionary,-0.021356648822197753,0.36935591446882465,0.3,0.7,1.0,0.6073389786172061,2.0,0.0647889734546283
2026-04-07,AAPL,Technology,-0.01559488678413727,0.3852276893047604,0.7,0.3875,0.4,0.5988069223261901,3.0,-0.03219361016350297
2026-04-07,TSLA,Consumer Discretionary,-0.016961606550313438,0.3933451670113114,0.6,0.3125,0.7,0.5708362917528277,4.0,-0.12483489187701224
2026-04-07,GOOGL,Technology,-0.022629832530081863,0.42559445208549695,0.9,0.48750000000000004,0.5,0.5538986130213743,5.0,-0.009385202040730456
2026-04-07,NVDA,Technology,-0.03779091755385096,0.3075613519570946,1.0,0.7375,0.1,0.47439033798927366,6.0,0.19263878614220853
2026-04-07,MSFT,Technology,-0.03518987225848302,0.37755767644308713,0.8,0.375,0.3,0.4543894191107718,7.0,0.032037851626260494
2026-04-07,JPM,Financials,-0.04359718709932903,0.3819161630813312,0.5,0.5625,0.8,0.4429790407703328,8.0,-0.07076151883332904
2026-04-07,JNJ,Healthcare,-0.04632991406735229,0.26759998998765017,0.4,0.725,0.9,0.4118999974969126,9.0,-0.08400696777245076
2026-04-07,XOM,Energy,-0.04992530263862043,0.316316304821439,0.1,0.675,0.2,0.27907907620535977,10.0,-0.037756689127198095
2026-04-08,META,Technology,-0.005780792896196247,0.5628045539391398,0.4,0.5375,0.7,0.7082011384847849,1.0,-0.045708859639365995
2026-04-08,AMZN,Consumer Discretionary,-0.02301184998336482,0.36738577000420214,0.3,0.7,0.9,0.5968464425010505,2.0,0.04392231685971759
2026-04-08,TSLA,Consumer Discretionary,-0.016354853864266175,0.39862017273483946,0.5,0.3125,0.6,0.5871550431837098,3.0,-0.11813114303809458
2026-04-08,AAPL,Technology,-0.02059833458953724,0.37182947327734855,0.7,0.3875,0.4,0.5604573683193371,4.0,-0.03788255289606124
2026-04-08,GOOGL,Technology,-0.02589159661810378,0.4128105154386518,0.9,0.48750000000000004,0.5,0.550702628859663,5.0,-0.043264102642536884
2026-04-08,JNJ,Healthcare,-0.04044027408893289,0.27793518026575403,0.2,0.725,1.0,0.47448379506643845,6.0,-0.0629626284636996
2026-04-08,MSFT,Technology,-0.03200052369861268,0.38836718230768835,0.8,0.375,0.3,0.45709179557692214,7.0,-0.025978405167430996
2026-04-08,NVDA,Technology,-0.04091606021227839,0.296857647085899,1.0,0.7375,0.1,0.43671441177147474,8.0,0.18537801506998997
2026-04-08,JPM,Financials,-0.0453304732099157,0.3715332337497722,0.6,0.5625,0.8,0.41538330843744303,9.0,-0.09802496628408253
2026-04-08,XOM,Energy,-0.04995161217665159,0.3177564896529294,0.1,0.675,0.2,0.2794391224132324,10.0,-0.0736058048842464
2026-04-09,META,Technology,-0.005933684090212528,0.5652872827361747,0.3,0.5375,0.6,0.6888218206840437,1.0,-0.04795944035627275
2026-04-09,TSLA,Consumer Discretionary,-0.013207065273783767,0.4178483352045964,0.4,0.3125,0.8,0.6019620838011492,2.0,-0.10467154810157386
2026-04-09,AMZN,Consumer Discretionary,-0.020327425688033897,0.37718909347975865,0.2,0.7,0.9,0.5892972733699396,3.0,0.040389422721752055
2026-04-09,AAPL,Technology,-0.016760050165496816,0.39409193040161034,0.7,0.3875,0.5,0.5760229826004026,4.0,-0.01224830865754345
2026-04-09,GOOGL,Technology,-0.029678496031098282,0.3979993557702411,0.8,0.48750000000000004,0.4,0.5269998389425603,5.0,-0.004931450803791759
2026-04-09,MSFT,Technology,-0.03213154751464609,0.3912353265192455,0.9,0.375,0.3,0.46780883162981135,6.0,-0.002982833214741909
2026-04-09,JNJ,Healthcare,-0.04100224535294576,0.27463927920818926,0.1,0.725,1.0,0.4636598198020473,7.0,-0.05122003369869976
2026-04-09,NVDA,Technology,-0.04114877851674117,0.30878478087019606,1.0,0.7375,0.1,0.439696195217549,8.0,0.11888419951071372
2026-04-09,JPM,Financials,-0.047597870170142456,0.3736659311759777,0.5,0.5625,0.7,0.3959164827939944,9.0,-0.07321376969674354
2026-04-09,XOM,Energy,-0.053267351858662694,0.30384085011766593,0.6,0.675,0.2,0.32596021252941654,10.0,-0.09908343264976882
2026-04-10,META,Technology,-0.0020763974035675646,0.5718281765539722,0.6,0.5375,0.7,0.7304570441384931,1.0,-0.06916717854822929
2026-04-10,AMZN,Consumer Discretionary,-0.022063530130640337,0.3718291409457931,0.2,0.7,0.9,0.6229572852364482,2.0,0.007461395984251329
2026-04-10,TSLA,Consumer Discretionary,-0.012958339019366796,0.4201771191704316,0.3,0.3125,0.8,0.5925442797926079,3.0,-0.08965461504819727
2026-04-10,AAPL,Technology,-0.023126771485198407,0.36752823447447797,0.8,0.3875,0.5,0.5443820586186195,4.0,-0.03504439262403369
2026-04-10,GOOGL,Technology,-0.02425458973212187,0.4236379479390033,0.7,0.48750000000000004,0.2,0.5034094869847509,5.0,0.05835702740199489
2026-04-10,MSFT,Technology,-0.035869616816738926,0.3800914495441697,0.9,0.375,0.3,0.4650228623860424,6.0,-0.028090505721242498
2026-04-10,JNJ,Healthcare,-0.04116227265074103,0.275604076587263,0.1,0.725,1.0,0.4639010191468157,7.0,-0.030752802808069912
2026-04-10,NVDA,Technology,-0.04627968877332225,0.2839213091858995,1.0,0.7375,0.1,0.4334803272964749,8.0,0.10919205455585201
2026-04-10,XOM,Energy,-0.04809784554965991,0.3140322261225783,0.4,0.675,0.4,0.36350805653064466,9.0,-0.060090444692304956
2026-04-10,JPM,Financials,-0.048329487994775835,0.3686371499830634,0.5,0.5625,0.6,0.34965928749576586,10.0,-0.05587415936134632
2026-04-13,META,Technology,-0.00043449605380701693,0.5790185005124444,0.6,0.5375,0.8,0.7422546251281112,1.0,-0.07699451411928404
2026-04-13,AMZN,Consumer Discretionary,-0.02571391099160019,0.35567464481527394,0.5,0.7,0.9,0.6139186612038184,2.0,-0.0036312156763192993
2026-04-13,GOOGL,Technology,-0.02124394297570424,0.43764667246792804,0.7,0.48750000000000004,0.3,0.586911668116982,3.0,0.07826158128149507
2026-04-13,TSLA,Consumer Discretionary,-0.016778986185626815,0.4123670209351058,0.3,0.3125,0.7,0.5805917552337764,4.0,-0.09192644332353961
2026-04-13,AAPL,Technology,-0.025844411415693186,0.36585111529579645,0.8,0.3875,0.5,0.5089627788239491,5.0,-0.02649039919541052
2026-04-13,MSFT,Technology,-0.03672069485079583,0.376907317497423,0.9,0.375,0.4,0.4742268293743558,6.0,-0.014408150720268131
2026-04-13,JNJ,Healthcare,-0.04477971569273242,0.2624124948255001,0.2,0.725,1.0,0.435603123706375,7.0,-0.004860771556624677
2026-04-13,XOM,Energy,-0.04156089747970807,0.34368189956132905,0.1,0.675,0.2,0.39092047489033227,8.0,-0.01953081224373776
2026-04-13,JPM,Financials,-0.04614210105690907,0.37283077220775646,0.4,0.5625,0.6,0.37570769305193913,9.0,-0.0715781206934355
2026-04-13,NVDA,Technology,-0.04817905609435317,0.2781177758372882,1.0,0.7375,0.1,0.362029443959322,10.0,0.12983160750873246
2026-04-14,META,Technology,-0.001962994334646271,0.5707652725374515,0.5,0.5375,0.8,0.7301913181343629,1.0,-0.07945282598508174
2026-04-14,AAPL,Technology,-0.02066685348196612,0.3786290501707164,0.8,0.3875,0.5,0.6171572625426791,2.0,-0.03588785601289124
2026-04-14,TSLA,Consumer Discretionary,-0.021468488910690427,0.3881697184778019,0.6,0.3125,0.7,0.5695424296194505,3.0,-0.1346395797837976
2026-04-14,AMZN,Consumer Discretionary,-0.02875708160077172,0.3505802344372794,0.3,0.7,0.9,0.5576450586093198,4.0,0.023548547449155022
2026-04-14,GOOGL,Technology,-0.024270989968241806,0.4274256486391952,0.7,0.48750000000000004,0.3,0.5493564121597988,5.0,0.04371684458403635
2026-04-14,MSFT,Technology,-0.033936801246983915,0.38599705604059437,0.9,0.375,0.4,0.47649926401014864,6.0,-0.035304060010007965
2026-04-14,JPM,Financials,-0.04279216166325131,0.3811029606706059,0.4,0.5625,0.6,0.4477757401676515,7.0,-0.0953336757963269
2026-04-14,NVDA,Technology,-0.04503972572467151,0.2913626517473923,1.0,0.7375,0.1,0.4003406629368481,8.0,0.14551130769357612
2026-04-14,XOM,Energy,-0.044151305259510984,0.3320861355518263,0.2,0.675,0.2,0.3630215338879566,9.0,-0.027967732267306977
2026-04-14,JNJ,Healthcare,-0.0473154132461777,0.2526337009870511,0.1,0.725,1.0,0.3531584252467628,10.0,0.0061301460109370876
2026-04-15,META,Technology,0.005197910984866799,0.59208409728789,0.3,0.5375,0.9,0.7255210243219725,1.0,-0.0330886716339851
2026-04-15,AAPL,Technology,-0.016783900417143713,0.3932027154733635,0.8,0.3875,0.6,0.6308006788683409,2.0,-0.014302299868772739
2026-04-15,AMZN,Consumer Discretionary,-0.028481155286272902,0.3566818163631188,0.5,0.7,0.8,0.6041704540907797,3.0,-0.01643401183322568
2026-04-15,GOOGL,Technology,-0.018392393761698246,0.4518004595288926,0.7,0.48750000000000004,0.2,0.5804501148822231,4.0,0.039484953800712264
2026-04-15,MSFT,Technology,-0.02943785525405712,0.4025161458857071,1.0,0.375,0.3,0.48062903647142685,5.0,-0.06193711884756925
2026-04-15,JPM,Financials,-0.04141534327194902,0.3820688932922962,0.6,0.5625,0.7,0.47801722332307406,6.0,-0.10535871565140442
2026-04-15,NVDA,Technology,-0.04201492222917846,0.3064957675097534,0.9,0.7375,0.1,0.4291239418774384,7.0,0.15978233057370272
2026-04-15,TSLA,Consumer Discretionary,-0.02856932472916829,0.36571374779008303,0.2,0.3125,0.4,0.4239284369475208,8.0,-0.11807989424068888
2026-04-15,XOM,Energy,-0.04478175972370548,0.3257342339595825,0.4,0.675,0.5,0.3764335584898956,9.0,-0.012551020570852556
2026-04-15,JNJ,Healthcare,-0.046688998264035206,0.2531324043193458,0.1,0.725,1.0,0.3532831010798364,10.0,0.009769643723471333
2026-04-16,META,Technology,-0.0010556577290639075,0.5823576314121991,0.3,0.5375,1.0,0.7330894078530498,1.0,-0.05906115357456598
2026-04-16,AAPL,Technology,-0.010130519425954927,0.40892158312888455,0.8,0.3875,0.6,0.6347303957822212,2.0,0.013018346581365803
2026-04-16,GOOGL,Technology,-0.018836725504113264,0.4513748947063431,0.7,0.48750000000000004,0.2,0.5803437236765858,3.0,0.04123084032309521
2026-04-16,AMZN,Consumer Discretionary,-0.029874751394152375,0.35526868834787334,0.5,0.7,0.8,0.5688171720869684,4.0,-0.028131790654241096
2026-04-16,MSFT,Technology,-0.03407912482159154,0.3805886708822385,1.0,0.375,0.5,0.4951471677205596,5.0,-0.06785052779001022
2026-04-16,JPM,Financials,-0.03770720599878631,0.39470524316547845,0.6,0.5625,0.7,0.4811763107913696,6.0,-0.10972993976545253
2026-04-16,TSLA,Consumer Discretionary,-0.023331240809728565,0.37764268343400664,0.4,0.3125,0.3,0.4719106708585017,7.0,-0.13015719638299517
2026-04-16,NVDA,Technology,-0.04540235003377956,0.3023681360017741,0.9,0.7375,0.1,0.42809203400044354,8.0,0.18708277320556244
2026-04-16,XOM,Energy,-0.047911714822352666,0.3191113515255641,0.2,0.675,0.4,0.34477783788139105,9.0,0.024340584118629716
2026-04-16,JNJ,Healthcare,-0.04824023840540505,0.24554763885320016,0.1,0.725,0.9,0.34138690971330005,10.0,0.00234564230989065
2026-04-17,META,Technology,-0.0018457872616655787,0.5780633644281725,0.5,0.5375,0.9,0.7420158411070431,1.0,-0.07305766080699272
2026-04-17,AAPL,Technology,-0.0109753277253279,0.4093784254340994,0.8,0.3875,0.6,0.6348446063585249,2.0,-0.038902663006367355
2026-04-17,GOOGL,Technology,-0.014590494560033892,0.4609844465987663,0.7,0.48750000000000004,0.2,0.5827461116496916,3.0,0.014061551614215295
2026-04-17,AMZN,Consumer Discretionary,-0.027348571384024266,0.3620003010673719,0.6,0.7,0.8,0.580500075266843,4.0,-0.025876443580404307
2026-04-17,MSFT,Technology,-0.034502547492987964,0.3834168729530899,0.9,0.375,0.4,0.47585421823827256,5.0,-0.03730027143854986
2026-04-17,JPM,Financials,-0.03703387885693039,0.4001933608406455,0.4,0.5625,0.7,0.4625483402101614,6.0,-0.1115426216915173
2026-04-17,TSLA,Consumer Discretionary,-0.02391945322384126,0.3793794820462537,0.3,0.3125,0.3,0.4623448705115635,7.0,-0.13165971933902643
2026-04-17,NVDA,Technology,-0.04156721154727153,0.3043542073833049,1.0,0.7375,0.1,0.43858855184582624,8.0,0.11361096970207951
2026-04-17,JNJ,Healthcare,-0.046959994248368844,0.24324748414261194,0.1,0.725,1.0,0.38581187103565295,9.0,0.007749415837407181
2026-04-17,XOM,Energy,-0.04973942071650937,0.3116860696102593,0.2,0.675,0.5,0.3179215174025648,10.0,0.015811587802169846
2026-04-20,META,Technology,-0.0002472399793605469,0.5708940079314859,0.8,0.5375,1.0,0.7802235019828715,1.0,-0.10500314742644867
2026-04-20,AAPL,Technology,-0.012648040606486744,0.4085574635131297,0.5,0.3875,0.5,0.5946393658782825,2.0,-0.06589770598964162
2026-04-20,AMZN,Consumer Discretionary,-0.02219683263051215,0.3720812188417548,0.7,0.7,0.8,0.5930203047104388,3.0,-0.014504791204233203
2026-04-20,MSFT,Technology,-0.01917309512874677,0.4308249155983015,0.6,0.375,0.6,0.5827062288995755,4.0,0.003018311285743369
2026-04-20,GOOGL,Technology,-0.01968650713214181,0.4335375694325219,0.9,0.48750000000000004,0.2,0.5608843923581305,5.0,-0.007104200346509715
2026-04-20,JPM,Financials,-0.03640724901260537,0.4001681158634935,0.3,0.5625,0.7,0.4525420289658733,6.0,-0.09360960352010372
2026-04-20,NVDA,Technology,-0.03787188064545993,0.3145887241132058,1.0,0.7375,0.1,0.4411471810283015,7.0,0.07107766815355321
2026-04-20,TSLA,Consumer Discretionary,-0.022306079510119446,0.3845665472090894,0.2,0.3125,0.3,0.38364163680227237,8.0,-0.10886178889701448
2026-04-20,JNJ,Healthcare,-0.048347660460865666,0.2414514886672989,0.1,0.725,0.9,0.37536287216682473,9.0,0.010181695115751621
2026-04-20,XOM,Energy,-0.05053773304365524,0.3043568088421822,0.4,0.675,0.4,0.3260892022105456,10.0,-0.033876185574919115
2026-04-21,META,Technology,-0.002099436865264078,0.5685870585810816,0.8,0.5375,1.0,0.7796467646452704,1.0,-0.12334923894152816
2026-04-21,AAPL,Technology,-0.012491925687460938,0.415160203574141,0.4,0.3875,0.4,0.5762900508935354,2.0,-0.07226625590798008
2026-04-21,AMZN,Consumer Discretionary,-0.02334255362424338,0.3744546835395171,0.7,0.7,0.9,0.5686136708848792,3.0,-0.028616015461867206
2026-04-21,MSFT,Technology,-0.019736830648185294,0.4323469756131131,0.6,0.375,0.6,0.5480867439032782,4.0,0.0007630978278880818
2026-04-21,GOOGL,Technology,-0.02204198657562386,0.42272739150646577,0.9,0.48750000000000004,0.2,0.5231818478766165,5.0,-0.0006344916352982732
2026-04-21,TSLA,Consumer Discretionary,-0.015912653865491032,0.41072216687167856,0.3,0.3125,0.3,0.5051805417179196,6.0,-0.08092032495202561
2026-04-21,NVDA,Technology,-0.02911303136158245,0.3396730116681653,1.0,0.7375,0.1,0.4824182529170413,7.0,0.014371565088448612
2026-04-21,JPM,Financials,-0.036727946688121356,0.404688152720326,0.2,0.5625,0.7,0.4086720381800815,8.0,-0.08946200650332259
2026-04-21,XOM,Energy,-0.047529254703597555,0.3123787412870068,0.5,0.675,0.5,0.38309468532175167,9.0,-0.034907918707365426
2026-04-21,JNJ,Healthcare,-0.047693617366382654,0.24726567770390118,0.1,0.725,0.8,0.3318164194259753,10.0,0.014991926252076127
2026-04-22,META,Technology,-6.332923023616693e-06,0.5852938163919927,0.8,0.5375,1.0,0.7838234540979981,1.0,-0.13850661807940967
2026-04-22,AMZN,Consumer Discretionary,-0.022637491173757483,0.37423914764311045,0.7,0.7,0.9,0.6035597869107775,2.0,-0.04832610018566408
2026-04-22,GOOGL,Technology,-0.013449417534975581,0.4609181986658833,0.9,0.48750000000000004,0.2,0.6027295496664709,3.0,-0.03639170573401618
2026-04-22,AAPL,Technology,-0.01029670436809593,0.42832211995691444,0.4,0.3875,0.5,0.5895805299892287,4.0,-0.06818158795553608
2026-04-22,NVDA,Technology,-0.027841458225800676,0.34459557854647227,1.0,0.7375,0.1,0.4836488946366181,5.0,0.056336969421993066
2026-04-22,MSFT,Technology,-0.022867971637331452,0.41682493269758053,0.6,0.375,0.6,0.47420623317439514,6.0,-0.013294718267005123
2026-04-22,TSLA,Consumer Discretionary,-0.016222245630406973,0.4218686575150046,0.2,0.3125,0.3,0.4629671643787512,7.0,-0.0719313056280444
2026-04-22,JPM,Financials,-0.03539618751519061,0.41659956295564343,0.1,0.5625,0.7,0.4016498907389109,8.0,-0.06427832603408368
2026-04-22,XOM,Energy,-0.044201883468536776,0.3196132701365078,0.5,0.675,0.4,0.374903317534127,9.0,-0.05645790450664434
2026-04-22,JNJ,Healthcare,-0.048738618654566454,0.24844419205778076,0.3,0.725,0.8,0.3521110480144452,10.0,0.007459912866072171
2026-04-23,META,Technology,-0.00037494919146693504,0.5865899118439059,0.8,0.5375,1.0,0.7841474779609764,1.0,-0.13434715526675578
2026-04-23,AMZN,Consumer Discretionary,-0.023159127633376728,0.37390572655588067,0.7,0.7,0.9,0.60347643163897,2.0,-0.07102619278442879
2026-04-23,AAPL,Technology,-0.007786189224560565,0.4393301199785469,0.4,0.3875,0.6,0.6023325299946367,3.0,-0.0483171764721988
2026-04-23,GOOGL,Technology,-0.02013884999757764,0.4369766667142507,0.9,0.48750000000000004,0.2,0.5967441666785627,4.0,-0.05067504268907641
2026-04-23,NVDA,Technology,-0.022527282426812796,0.3627035085226055,1.0,0.7375,0.1,0.5931758771306513,5.0,-0.026078826305022673
2026-04-23,MSFT,Technology,-0.024560274053724518,0.4112787550605285,0.6,0.375,0.5,0.46281968876513213,6.0,-0.02273498989079059
2026-04-23,JPM,Financials,-0.039389543402323424,0.40136976678759173,0.1,0.5625,0.7,0.3978424416968979,7.0,-0.07037298871667141
2026-04-23,XOM,Energy,-0.04235429388982586,0.3223134470769988,0.5,0.675,0.4,0.37557836176924975,8.0,-0.0492237586322517
2026-04-23,TSLA,Consumer Discretionary,-0.02535138119151962,0.3827258516870486,0.3,0.3125,0.3,0.3581814629217621,9.0,-0.0788957141129688
2026-04-23,JNJ,Healthcare,-0.0540225785822808,0.24865479201162063,0.2,0.725,0.8,0.3421636980029052,10.0,0.005100321127172069
2026-04-24,META,Technology,0.0022648005913607915,0.5960024021006803,0.8,0.5375,1.0,0.7865006005251701,1.0,-0.11311396315823208
2026-04-24,NVDA,Technology,-0.014053365985923218,0.3873144468721099,1.0,0.7375,0.1,0.6693286117180275,2.0,0.0013461862654622347
2026-04-24,AMZN,Consumer Discretionary,-0.022726789234956038,0.3790598380236302,0.7,0.7,0.8,0.5947649595059075,3.0,-0.08903641030600262
2026-04-24,AAPL,Technology,-0.01423046403363428,0.388452209545151,0.6,0.3875,0.5,0.5646130523862878,4.0,-0.07455681244106105
2026-04-24,MSFT,Technology,-0.02207265317439621,0.4258715594516702,0.5,0.375,0.6,0.5364678898629176,5.0,-0.023066734935544453
2026-04-24,GOOGL,Technology,-0.02639508427482832,0.42269330240925324,0.9,0.48750000000000004,0.3,0.4981733256023133,6.0,-0.03730185495313443
2026-04-24,JPM,Financials,-0.04190512842072939,0.39283321956772344,0.1,0.5625,0.7,0.3957083048919309,7.0,-0.059758287431003976
2026-04-24,XOM,Energy,-0.046079014203509766,0.32136906841688906,0.4,0.675,0.4,0.36534226710422235,8.0,-0.040784814185382934
2026-04-24,JNJ,Healthcare,-0.05295977877023531,0.25397201777043593,0.2,0.725,0.9,0.353493004442609,9.0,0.02464430120002481
2026-04-24,TSLA,Consumer Discretionary,-0.028700935691658033,0.3664711332402285,0.3,0.3125,0.2,0.34411778331005716,10.0,-0.07737327765236934
2026-04-27,META,Technology,0.0005720533484833603,0.5895945659710103,0.6,0.5375,0.8,0.7448986414927528,1.0,-0.1029803379775529
2026-04-27,AMZN,Consumer Discretionary,-0.01932627190743886,0.3815254168514177,0.8,0.7,0.9,0.6503813542128544,2.0,-0.07251035687409124
2026-04-27,AAPL,Technology,-0.014808057338236364,0.3854303687801966,0.7,0.3875,0.5,0.6088575921950492,3.0,-0.08040626550985608
2026-04-27,NVDA,Technology,-0.0213188240174325,0.3600931393858542,1.0,0.7375,0.1,0.5575232848464636,4.0,-0.0166492539549028
2026-04-27,MSFT,Technology,-0.01872014278254687,0.43946663091354893,0.5,0.375,0.4,0.5548666577283873,5.0,0.007960377604291802
2026-04-27,GOOGL,Technology,-0.028430772701803775,0.4184024636709939,0.9,0.48750000000000004,0.3,0.49710061591774846,6.0,-0.010182045688953312
2026-04-27,JPM,Financials,-0.04438296137055548,0.37972968941793095,0.2,0.5625,0.7,0.40243242235448273,7.0,-0.08332373628663747
2026-04-27,XOM,Energy,-0.046078570955036285,0.32784162653711396,0.4,0.675,0.6,0.3869604066342785,8.0,-0.04159673815468601
2026-04-27,JNJ,Healthcare,-0.05229244894265297,0.2556677914509218,0.1,0.725,1.0,0.3539169478627304,9.0,0.018657960789862038
2026-04-27,TSLA,Consumer Discretionary,-0.03395162976143973,0.34471979266391733,0.3,0.3125,0.2,0.33867994816597935,10.0,-0.09991295938130762
2026-04-28,META,Technology,-0.0017901271816631358,0.5862235731660049,0.5,0.5375,0.7,0.7240558932915012,1.0,-0.10321964498879643
2026-04-28,AMZN,Consumer Discretionary,-0.022012135704974727,0.3663727274899831,1.0,0.7,1.0,0.6765931818724957,2.0,-0.08618282268768984
2026-04-28,AAPL,Technology,-0.010267893191323171,0.40480028249142097,0.7,0.3875,0.6,0.6237000706228553,3.0,-0.05463822865033696
2026-04-28,MSFT,Technology,-0.01672679529413299,0.4461979174701632,0.6,0.375,0.5,0.5765494793675408,4.0,-0.02467763744955398
2026-04-28,NVDA,Technology,-0.0227452112765225,0.36114460241642443,0.9,0.7375,0.1,0.5477861506041062,5.0,-0.007254187703164217
2026-04-28,GOOGL,Technology,-0.025599644049634607,0.43127355323748845,0.8,0.48750000000000004,0.3,0.49031838830937213,6.0,-0.028361654556553817
2026-04-28,JPM,Financials,-0.03822828760034342,0.40204116714496596,0.1,0.5625,0.9,0.4180102917862415,7.0,-0.07906246865333322
2026-04-28,XOM,Energy,-0.04406134178990832,0.33522529143241675,0.3,0.675,0.4,0.3588063228581042,8.0,-0.04390386936024604
2026-04-28,TSLA,Consumer Discretionary,-0.029029750830021316,0.3655009025783649,0.4,0.3125,0.2,0.3538752256445913,9.0,-0.113963693936459
2026-04-28,JNJ,Healthcare,-0.05595895549691346,0.24137884787619865,0.2,0.725,0.8,0.3403447119690497,10.0,-0.007571659453408208
2026-04-29,META,Technology,0.009521081323424451,0.6632910222612154,0.6,0.5375,0.8,0.7633227555653039,1.0,-0.10794688604523806
2026-04-29,AMZN,Consumer Discretionary,-0.0089522261199912,0.4496898634851432,1.0,0.7,0.9,0.6874224658712857,2.0,-0.10782631752403737
2026-04-29,MSFT,Technology,-0.004272644879115216,0.5264107622437617,0.7,0.375,0.6,0.6166026905609403,3.0,-0.07102829635448649
2026-04-29,AAPL,Technology,-0.00224075849713994,0.47697819366515287,0.3,0.3875,0.4,0.5817445484162883,4.0,0.0137775786246781
2026-04-29,NVDA,Technology,-0.013734416272706352,0.43114943306238973,0.9,0.7375,0.1,0.5652873582655975,5.0,-0.014459648432270655
2026-04-29,GOOGL,Technology,-0.013958502546872675,0.5143122973034104,0.8,0.48750000000000004,0.3,0.5110780743258526,6.0,-0.033633491505451585
2026-04-29,JPM,Financials,-0.021906838117203814,0.49903541961773634,0.1,0.5625,1.0,0.45225885490443407,7.0,-0.0748811893761464
2026-04-29,XOM,Energy,-0.028773244044325255,0.4289008351892253,0.2,0.675,0.5,0.3822252087973063,8.0,-0.032166455997450494
2026-04-29,TSLA,Consumer Discretionary,-0.02101867848036186,0.4352126472090007,0.5,0.3125,0.2,0.38130316180225016,9.0,-0.12556080814682324
2026-04-29,JNJ,Healthcare,-0.04805135842030073,0.29112773280559456,0.4,0.725,0.7,0.3627819332013987,10.0,-0.027641686287215084
2026-04-30,META,Technology,0.009506922305958527,0.6600682149629739,0.6,0.5375,0.8,0.7625170537407435,1.0,-0.07664981128851911
2026-04-30,AMZN,Consumer Discretionary,-0.007588910500587921,0.4559024483574936,1.0,0.7,0.9,0.6889756120893733,2.0,-0.11747740337274226
2026-04-30,MSFT,Technology,-0.0070621312497919485,0.5095412131046467,0.7,0.375,0.6,0.6123853032761617,3.0,-0.0980851624669361
2026-04-30,AAPL,Technology,0.006028837026513996,0.509347693765386,0.1,0.3875,0.4,0.5698369234413465,4.0,0.038385948542573045
2026-04-30,GOOGL,Technology,-0.01270283609349225,0.5240373399247512,0.8,0.48750000000000004,0.3,0.5135093349811878,5.0,-0.056276647411521274
2026-04-30,NVDA,Technology,-0.01713117756904811,0.41208997415010523,0.9,0.7375,0.1,0.49052249353752636,6.0,-0.042855748967784546
2026-04-30,JPM,Financials,-0.021833826074085738,0.48504552186555483,0.2,0.5625,1.0,0.4587613804663887,7.0,-0.11485689402367827
2026-04-30,TSLA,Consumer Discretionary,-0.012281130537888495,0.4625739666465253,0.3,0.3125,0.2,0.43814349166163136,8.0,-0.08340273147552402
2026-04-30,XOM,Energy,-0.027888278177625805,0.4326205055614374,0.4,0.675,0.5,0.4031551263903594,9.0,-0.015068238495122732
2026-04-30,JNJ,Healthcare,-0.04255420388952138,0.3099810100728493,0.5,0.725,0.7,0.3774952525182123,10.0,-0.03955442910811069
2026-05-01,META,Technology,-0.009249747825787379,0.5169712135909862,0.6,0.5375,0.9,0.7367428033977464,1.0,-0.08000809160745637
2026-05-01,GOOGL,Technology,-0.028823061628722668,0.3864248934264917,0.9,0.48750000000000004,0.3,0.594106223356623,2.0,-0.050088434837630036
2026-05-01,NVDA,Technology,-0.02947887875052812,0.29653388433698846,1.0,0.7375,0.2,0.5866334710842471,3.0,-0.021840707603133502
2026-05-01,AAPL,Technology,-0.013538976290721061,0.3697161680004308,0.1,0.3875,0.4,0.5349290420001077,4.0,0.066637446355861
2026-05-01,AMZN,Consumer Discretionary,-0.03277716287422294,0.30213758756921155,0.8,0.7,0.7,0.5055343968923028,5.0,-0.09902509352703004
2026-05-01,MSFT,Technology,-0.03146954357690252,0.35649705714796565,0.7,0.375,0.5,0.4941242642869914,6.0,-0.031197953600461514
2026-05-01,JPM,Financials,-0.04161642026367337,0.3384755150822545,0.3,0.5625,1.0,0.43211887877056354,7.0,-0.12194054114524266
2026-05-01,XOM,Energy,-0.046275809709138534,0.2972894008483789,0.5,0.675,0.6,0.3893223502120947,8.0,-0.009574332463566204
2026-05-01,JNJ,Healthcare,-0.05553509849736206,0.21398017031288752,0.4,0.725,0.8,0.3534950425782219,9.0,-0.078104870787426
2026-05-01,TSLA,Consumer Discretionary,-0.03180538853337144,0.3212548910849634,0.2,0.3125,0.1,0.3478137227712409,10.0,-0.029056552559491466
2026-05-04,META,Technology,-0.00964541882784425,0.5117226184495994,0.4,0.5375,0.8,0.7054306546123998,1.0,-0.030522943858372065
2026-05-04,AMZN,Consumer Discretionary,-0.030965824246677494,0.30894258324772983,0.9,0.7,0.9,0.6422356458119324,2.0,-0.056858236191430156
2026-05-04,GOOGL,Technology,-0.02475808801192131,0.40268826365676996,0.7,0.48750000000000004,0.3,0.5781720659141925,3.0,-0.00246186245540414
2026-05-04,AAPL,Technology,-0.014856650297093195,0.3652834089668691,0.1,0.3875,0.4,0.5338208522417173,4.0,0.0895456113724129
2026-05-04,NVDA,Technology,-0.03398545239554516,0.27883054712610006,1.0,0.7375,0.1,0.502207636781525,5.0,-0.10017245717660028
2026-05-04,MSFT,Technology,-0.03461865697402042,0.3511167264934273,0.8,0.375,0.5,0.4327791816233568,6.0,-0.025347909096132715
2026-05-04,JPM,Financials,-0.041799881516515876,0.340062740798468,0.3,0.5625,1.0,0.4325156851996169,7.0,-0.11758006253216435
2026-05-04,TSLA,Consumer Discretionary,-0.03241428409389295,0.32783662079657033,0.2,0.3125,0.2,0.3944591551991426,8.0,-0.05093564839337661
2026-05-04,XOM,Energy,-0.04400866721078262,0.29861209390377413,0.5,0.675,0.6,0.38965302347594355,9.0,-0.0462680892967573
2026-05-04,JNJ,Healthcare,-0.05608492369014288,0.21487696430775752,0.6,0.725,0.7,0.36371924107693937,10.0,-0.06440887396408601
2026-05-05,META,Technology,-0.0073396541858628365,0.5143474494632412,0.5,0.5375,0.8,0.7160868623658103,1.0,-0.011133739773568463
2026-05-05,AMZN,Consumer Discretionary,-0.030599103437811193,0.3126962388330446,0.9,0.7,0.9,0.643174059708261,2.0,-0.07301378352938326
2026-05-05,GOOGL,Technology,-0.020462136916302255,0.4139326195146577,0.8,0.48750000000000004,0.3,0.6259831548786645,3.0,-0.04933243956670186
2026-05-05,NVDA,Technology,-0.032532516899704655,0.2824531465556277,1.0,0.7375,0.2,0.548113286638907,4.0,-0.17300801402339683
2026-05-05,AAPL,Technology,-0.024973047640892067,0.3229352782926722,0.4,0.3875,0.4,0.518233819573168,5.0,0.04420624952591523
2026-05-05,MSFT,Technology,-0.0333186755079611,0.35727312924244836,0.7,0.375,0.5,0.45931828231061206,6.0,-0.027812944982537502
2026-05-05,JPM,Financials,-0.04062290162377639,0.34672028211907774,0.2,0.5625,1.0,0.42418007052976947,7.0,-0.10607116775539727
2026-05-05,XOM,Energy,-0.04498467337557499,0.30315402773286115,0.3,0.675,0.6,0.37078850693321525,8.0,-0.05230480345208255
2026-05-05,JNJ,Healthcare,-0.05478564281979906,0.21827711331439903,0.6,0.725,0.7,0.36456927832859976,9.0,-0.06031584530435874
2026-05-05,TSLA,Consumer Discretionary,-0.034644293408554,0.31982611685558615,0.1,0.3125,0.1,0.30245652921389654,10.0,0.005545541187524039
2026-05-06,META,Technology,-0.009856000108655285,0.503227547530156,0.7,0.5375,0.7,0.7233068868825389,1.0,-0.003051082945022099
2026-05-06,AMZN,Consumer Discretionary,-0.03189934078933574,0.3157405338174257,0.9,0.7,0.9,0.6439351334543563,2.0,-0.06312733387659086
2026-05-06,GOOGL,Technology,-0.01546678743975234,0.42993094403478027,0.8,0.48750000000000004,0.4,0.6399827360086952,3.0,-0.05524183391613402
2026-05-06,AAPL,Technology,-0.024675153491522335,0.3324700869464403,0.4,0.3875,0.5,0.5306175217366101,4.0,0.06415961226112676
2026-05-06,NVDA,Technology,-0.038477527860947006,0.2690476608861991,1.0,0.7375,0.2,0.47476191522154976,5.0,-0.18754948103289037
2026-05-06,JPM,Financials,-0.04076754149011771,0.3480220939939057,0.2,0.5625,1.0,0.4245055234984765,6.0,-0.08567309717346916
2026-05-06,MSFT,Technology,-0.038215191028037394,0.34023210402645815,0.5,0.375,0.3,0.41505802600661457,7.0,0.05502064316759925
2026-05-06,JNJ,Healthcare,-0.05098440000000176,0.22983952208689132,0.6,0.725,0.8,0.3774598805217228,8.0,-0.023427761089817367
2026-05-06,TSLA,Consumer Discretionary,-0.03366606352772893,0.32574474673994147,0.1,0.3125,0.1,0.3739361866849854,9.0,0.007125212038014972
2026-05-06,XOM,Energy,-0.04377279981757552,0.3127492799600477,0.3,0.675,0.6,0.3731873199900119,10.0,-0.02098642369146908
2026-05-07,META,Technology,-0.011567178839639624,0.4977515572041569,0.5,0.5375,0.7,0.7019378893010392,1.0,0.022168686438424956
2026-05-07,GOOGL,Technology,-0.012770860197536291,0.4321205563650772,0.9,0.48750000000000004,0.5,0.6605301390912693,2.0,-0.05077196327257072
2026-05-07,AMZN,Consumer Discretionary,-0.03412511086360746,0.30865723860522704,0.8,0.7,0.8,0.5521643096513068,3.0,-0.0017649516910980267
2026-05-07,NVDA,Technology,-0.03348046414110731,0.2848442571546832,1.0,0.7375,0.1,0.5387110642886709,4.0,-0.15859535905379674
2026-05-07,AAPL,Technology,-0.02933842670417921,0.3144584238360858,0.6,0.3875,0.4,0.5361146059590214,5.0,0.03726454530688006
2026-05-07,JPM,Financials,-0.03680046981200577,0.3624222065192938,0.3,0.5625,1.0,0.4731055516298234,6.0,-0.09463981083019057
2026-05-07,TSLA,Consumer Discretionary,-0.03095404586680322,0.330016580574278,0.2,0.3125,0.3,0.44000414514356945,7.0,0.019671779880073847
2026-05-07,XOM,Energy,-0.04178192751348611,0.3274260382811627,0.1,0.675,0.6,0.39185650957029067,8.0,-0.043823318162662606
2026-05-07,JNJ,Healthcare,-0.050552018158645,0.22890963397963363,0.4,0.725,0.9,0.3672274084949084,9.0,0.02839346773352025
2026-05-07,MSFT,Technology,-0.04263080944269751,0.3175216790655309,0.7,0.375,0.2,0.31438041976638276,10.0,0.02643108173267117
2026-05-08,META,Technology,-0.011824173813085474,0.5002061177070644,0.2,0.5375,0.6,0.6625515294267661,1.0,0.047736360179412074
2026-05-08,GOOGL,Technology,-0.015012967828446808,0.4141124591482114,0.9,0.48750000000000004,0.4,0.6460281147870529,2.0,-0.07648517452343495
2026-05-08,AAPL,Technology,-0.022058556148772918,0.33563218135449724,0.6,0.3875,0.5,0.5514080453386243,3.0,0.03588466593378303
2026-05-08,NVDA,Technology,-0.03391841070615565,0.2858334223424822,1.0,0.7375,0.2,0.5489583555856206,4.0,-0.15555404491314528
2026-05-08,AMZN,Consumer Discretionary,-0.035687090854451355,0.3055488847269969,0.7,0.7,0.8,0.5413872211817492,5.0,0.031614132228754865
2026-05-08,JPM,Financials,-0.04061668049351132,0.3487299678875583,0.4,0.5625,1.0,0.4796824919718895,6.0,-0.08849532727514264
2026-05-08,TSLA,Consumer Discretionary,-0.033335026949203955,0.3154773923015966,0.3,0.3125,0.1,0.42636934807539917,7.0,0.0499747857463364
2026-05-08,JNJ,Healthcare,-0.05627153350063184,0.20867018930298864,0.5,0.725,0.9,0.3721675473257472,8.0,0.0013171897281152312
2026-05-08,MSFT,Technology,-0.04516848538829725,0.30891688057819194,0.8,0.375,0.3,0.36722922014454795,9.0,0.04207703447329192
2026-05-08,XOM,Energy,-0.046744925117222454,0.3111240165299287,0.1,0.675,0.7,0.3627810041324822,10.0,-0.011700806918824802
2026-05-11,META,Technology,-0.014457199614976745,0.501553276925836,0.1,0.5375,0.7,0.662888319231459,1.0,0.015642893747804365
2026-05-11,GOOGL,Technology,-0.01516306808081356,0.4241869284514453,0.9,0.48750000000000004,0.4,0.6485467321128613,2.0,-0.07716952766319629
2026-05-11,NVDA,Technology,-0.029413953650854717,0.29634065383764735,1.0,0.7375,0.3,0.5965851634594118,3.0,-0.160588374899569
2026-05-11,AAPL,Technology,-0.02272416062552992,0.34643650337740256,0.5,0.3875,0.5,0.5441091258443507,4.0,0.06867796668400272
2026-05-11,AMZN,Consumer Discretionary,-0.03794127454472273,0.29720238436469265,0.6,0.7,0.9,0.5393005960911732,5.0,-0.004507077054630937
2026-05-11,JPM,Financials,-0.04203826418448941,0.3445257030789693,0.2,0.5625,1.0,0.45863142576974236,6.0,-0.054300134561973024
2026-05-11,TSLA,Consumer Discretionary,-0.03091203675430948,0.3176462260278012,0.4,0.3125,0.1,0.4019115565069503,7.0,0.016503952466479843
2026-05-11,JNJ,Healthcare,-0.06230143537308955,0.1904222639424438,0.8,0.725,0.8,0.38760556598561097,8.0,0.013662176067698484
2026-05-11,XOM,Energy,-0.0501400444651972,0.29675284008260444,0.3,0.675,0.6,0.3691882100206511,9.0,0.0033334085903624633
2026-05-11,MSFT,Technology,-0.04905691143871742,0.2947771608391058,0.7,0.375,0.2,0.3436942902097765,10.0,0.03393260269259146
2026-05-12,META,Technology,-0.015053182092918003,0.5012794059720309,0.1,0.5375,0.6,0.6528198514930077,1.0,0.002094626069425898
2026-05-12,GOOGL,Technology,-0.01738939127047858,0.42085532532915015,0.8,0.48750000000000004,0.4,0.6377138313322877,2.0,-0.06751557530652208
2026-05-12,NVDA,Technology,-0.032206296061348505,0.286088999273257,1.0,0.7375,0.3,0.5590222498183143,3.0,-0.1565297455013689
2026-05-12,AMZN,Consumer Discretionary,-0.036835136214552096,0.2950448495457301,0.7,0.7,0.9,0.5487612123864325,4.0,0.0074557160882797735
2026-05-12,AAPL,Technology,-0.021410837310357554,0.3543745627023584,0.5,0.3875,0.5,0.5460936406755896,5.0,0.012862905999447394
2026-05-12,JPM,Financials,-0.04204120747048388,0.3437969289816739,0.2,0.5625,1.0,0.45844923224541845,6.0,-0.04507147067957351
2026-05-12,TSLA,Consumer Discretionary,-0.02634725580373809,0.33324462318792314,0.3,0.3125,0.1,0.4308111557969808,7.0,0.055356828273241065
2026-05-12,JNJ,Healthcare,-0.05869621046361073,0.19895924631865827,0.9,0.725,0.8,0.3997398115796646,8.0,0.03576148367883558
2026-05-12,XOM,Energy,-0.05128929105580831,0.29193677007025204,0.4,0.675,0.7,0.38798419251756305,9.0,-0.047796849502743544
2026-05-12,MSFT,Technology,-0.04784270505639768,0.3003739090977987,0.6,0.375,0.2,0.3350934772744497,10.0,0.05153005813064038
2026-05-13,GOOGL,Technology,-0.017898870193413373,0.41798953086573815,0.5,0.48750000000000004,0.4,0.6419973827164346,1.0,-0.05367547400307171
2026-05-13,META,Technology,-0.018194773307166547,0.481082461501417,0.1,0.5375,0.7,0.6227706153753543,2.0,0.0013845545304855822
2026-05-13,NVDA,Technology,-0.026822376978890172,0.3011431601588427,1.0,0.7375,0.3,0.5977857900397107,3.0,-0.1418067955092328
2026-05-13,AMZN,Consumer Discretionary,-0.036757092651633995,0.2976149630688117,0.4,0.7,0.8,0.509403740767203,4.0,0.021055508840386983
2026-05-13,AAPL,Technology,-0.02712634606212104,0.3386006484936182,0.8,0.3875,0.5,0.5021501621234046,5.0,-0.018906862619409215
2026-05-13,TSLA,Consumer Discretionary,-0.021033700411658883,0.34656388551807005,0.2,0.3125,0.2,0.4691409713795175,6.0,0.08827211293381021
2026-05-13,JNJ,Healthcare,-0.05503691041745416,0.2053552930579493,0.9,0.725,0.9,0.44633882326448737,7.0,0.03582479914381942
2026-05-13,JPM,Financials,-0.04092566805737091,0.34793571544864077,0.3,0.5625,1.0,0.43448392886216014,8.0,-0.05408684192883173
2026-05-13,MSFT,Technology,-0.03764901611103235,0.3410742925286353,0.6,0.375,0.1,0.37026857313215883,9.0,0.07594786161209321
2026-05-13,XOM,Energy,-0.05666041007442901,0.2785673768974849,0.7,0.675,0.6,0.36964184422437124,10.0,-0.05005717667994536
2026-05-14,GOOGL,Technology,-0.01653542453431902,0.42382969628018646,0.5,0.48750000000000004,0.5,0.6534574240700467,1.0,-0.066093835938558
2026-05-14,NVDA,Technology,-0.020280839668146103,0.31779393655499244,1.0,0.7375,0.3,0.6369484841387482,2.0,-0.14386509917886414
2026-05-14,META,Technology,-0.020262612740796083,0.47231182518930154,0.1,0.5375,0.7,0.6205779562973254,3.0,0.04905310873338786
2026-05-14,AMZN,Consumer Discretionary,-0.03493098718478508,0.3018070827463222,0.4,0.7,0.8,0.5104517706865805,4.0,0.031132224358035643
2026-05-14,JNJ,Healthcare,-0.05178692227421669,0.21313091943312204,0.9,0.725,0.9,0.44828272985828055,5.0,-0.023678346988780352
2026-05-14,MSFT,Technology,-0.03219712642254524,0.36150891660949336,0.6,0.375,0.1,0.4453772291523733,6.0,0.05040117229312546
2026-05-14,JPM,Financials,-0.03851635336121376,0.35288105723020075,0.3,0.5625,1.0,0.4357202643075502,7.0,-0.04761625307286732
2026-05-14,TSLA,Consumer Discretionary,-0.022514974684540667,0.34888203276927243,0.2,0.3125,0.2,0.4347205081923181,8.0,0.09535591987748138
2026-05-14,AAPL,Technology,-0.035379874202079324,0.3127753060598904,0.7,0.3875,0.4,0.40569382651497266,9.0,-0.0795213659981685
2026-05-14,XOM,Energy,-0.06442775185684127,0.25390610899731736,0.8,0.675,0.6,0.3734765272493294,10.0,-0.05066739098296702
2026-05-15,NVDA,Technology,-0.01737082421997948,0.33780664140272953,1.0,0.7375,0.5,0.6969516603506823,1.0,-0.11267037053032469
2026-05-15,GOOGL,Technology,-0.015833884135878745,0.4349056761286914,0.4,0.48750000000000004,0.4,0.6362264190321729,2.0,-0.04958027503157303
2026-05-15,META,Technology,-0.01794713575651151,0.48004179377478123,0.3,0.5375,0.7,0.6075104484436953,3.0,0.09994621492738087
2026-05-15,JPM,Financials,-0.037714449586425954,0.35742558180924555,0.2,0.5625,1.0,0.4968563954523114,4.0,-0.06917279015498612
2026-05-15,AMZN,Consumer Discretionary,-0.03936554187281543,0.29216051448493724,0.5,0.7,0.9,0.49304012862123425,5.0,0.028292942954897038
2026-05-15,MSFT,Technology,-0.03304840605540834,0.356595415664081,0.7,0.375,0.1,0.4541488539160203,6.0,0.07935819176700831
2026-05-15,JNJ,Healthcare,-0.0505932249942626,0.21547167959532088,0.9,0.725,0.8,0.4388679198988302,7.0,-0.03180090256076484
2026-05-15,TSLA,Consumer Discretionary,-0.02457929382743853,0.3565981116928082,0.1,0.3125,0.3,0.436649527923202,8.0,0.09557945875183416
2026-05-15,XOM,Energy,-0.06770819915346403,0.24514286657342652,0.8,0.675,0.6,0.37128571664335663,9.0,-0.0701511347375251
2026-05-15,AAPL,Technology,-0.04044141464063174,0.29455133367937164,0.6,0.3875,0.2,0.33613783341984294,10.0,-0.0376382181541387
2026-05-18,NVDA,Technology,-0.014617606916597374,0.34800546821174877,1.0,0.7375,0.3,0.7145013670529372,1.0,-0.10392587432632316
2026-05-18,META,Technology,-0.018615130274721635,0.4770913633719994,0.2,0.5375,0.7,0.6317728408429999,2.0,0.08343820982806527
2026-05-18,GOOGL,Technology,-0.01880662623808546,0.4171713800932432,0.6,0.48750000000000004,0.5,0.5917928450233109,3.0,-0.054022013405960356
2026-05-18,JPM,Financials,-0.03854588808336224,0.3535432100208089,0.3,0.5625,1.0,0.5058858025052022,4.0,-0.06881396253514249
2026-05-18,AMZN,Consumer Discretionary,-0.04128855819570933,0.28766779484700966,0.5,0.7,0.8,0.4819169487117524,5.0,0.010940779217340824
2026-05-18,MSFT,Technology,-0.03028162273461702,0.36134474910202635,0.8,0.375,0.2,0.47533618727550664,6.0,0.06374235032144915
2026-05-18,JNJ,Healthcare,-0.04976163572070575,0.2208650930844883,0.9,0.725,0.9,0.4502162732711221,7.0,-0.013655866436680819
2026-05-18,TSLA,Consumer Discretionary,-0.026107102902815413,0.34975686672942463,0.1,0.3125,0.4,0.44493921668235614,8.0,0.03902645990924425
2026-05-18,XOM,Energy,-0.061436645737133366,0.2591126166954342,0.7,0.675,0.6,0.36477815417385856,9.0,-0.03976292734600906
2026-05-18,AAPL,Technology,-0.04153963687161629,0.2893970451799517,0.4,0.3875,0.1,0.3048492612949879,10.0,0.0011762681264109176
2026-05-19,NVDA,Technology,-0.008693491844460853,0.3752605331685527,0.8,0.7375,0.2,0.6913151332921383,1.0,-0.10242679917109265
2026-05-19,META,Technology,-0.016605028062711226,0.4847755909882953,0.2,0.5375,0.9,0.6536938977470739,2.0,0.09057529738906478
2026-05-19,GOOGL,Technology,-0.023327078987801085,0.39585305237790724,0.7,0.48750000000000004,0.5,0.5964632630944768,3.0,-0.06621885141235684
2026-05-19,JPM,Financials,-0.03879331119113241,0.35455099563107323,0.3,0.5625,1.0,0.4711377489077683,4.0,-0.050600494496498616
2026-05-19,MSFT,Technology,-0.03336316733290764,0.35488493983902036,0.6,0.375,0.3,0.46372123495975515,5.0,0.021246485999524056
2026-05-19,JNJ,Healthcare,-0.05208073050803619,0.2171323407007503,1.0,0.725,0.8,0.4492830851751876,6.0,-0.0044530714137431815
2026-05-19,TSLA,Consumer Discretionary,-0.02887691835447421,0.34241743956883613,0.1,0.3125,0.4,0.443104359892209,7.0,0.027596305951246514
2026-05-19,AMZN,Consumer Discretionary,-0.03998598761727254,0.29789451332303996,0.4,0.7,0.7,0.42947362833076,8.0,0.0472156284966434
2026-05-19,AAPL,Technology,-0.03705436002340765,0.29704241299229156,0.5,0.3875,0.1,0.3867606032480729,9.0,-0.020383960566815684
2026-05-19,XOM,Energy,-0.06470567206022239,0.2502976193753684,0.9,0.675,0.6,0.3825744048438421,10.0,-0.04103703375526602
2026-05-20,NVDA,Technology,-0.0067344604960454,0.3791678369641942,0.9,0.7375,0.2,0.7022919592410485,1.0,-0.12065000503567314
2026-05-20,META,Technology,-0.013211639071076824,0.5028260013699398,0.2,0.5375,0.9,0.658206500342485,2.0,0.07895116625669041
2026-05-20,GOOGL,Technology,-0.023031501815504174,0.4065320822113057,0.7,0.48750000000000004,0.5,0.5991330205528265,3.0,-0.03662019302779529
2026-05-20,JPM,Financials,-0.0429129864181219,0.34852321992380286,0.3,0.5625,1.0,0.5046308049809507,4.0,-0.0383329661989511
2026-05-20,AMZN,Consumer Discretionary,-0.0430894623427605,0.3036458989329499,0.4,0.7,0.7,0.4659114747332375,5.0,0.07309702629637393
2026-05-20,JNJ,Healthcare,-0.05171364511617716,0.22244111178219436,1.0,0.725,0.8,0.4506102779455486,6.0,-0.007172858153803197
2026-05-20,TSLA,Consumer Discretionary,-0.031077853783810297,0.34418963556174725,0.1,0.3125,0.4,0.44354740889043676,7.0,0.036158982731487876
2026-05-20,AAPL,Technology,-0.039336269865392945,0.29148827354198487,0.5,0.3875,0.1,0.42037206838549623,8.0,-0.04198820751891563
2026-05-20,XOM,Energy,-0.06837354951655827,0.24410673957463214,0.8,0.675,0.6,0.37102668489365803,9.0,0.01541732016206443
2026-05-20,MSFT,Technology,-0.04399116631511411,0.3355872232781714,0.6,0.375,0.3,0.35389680581954286,10.0,0.021055042357063458
2026-05-21,META,Technology,-0.014243461923122239,0.5053598844279327,0.2,0.5375,0.9,0.6588399711069832,1.0,0.06343558983982622
2026-05-21,NVDA,Technology,-0.010721591338010383,0.3712919285736776,0.5,0.7375,0.1,0.6503229821434194,2.0,-0.047243053756855224
2026-05-21,GOOGL,Technology,-0.018668554464705146,0.4201099934385918,0.7,0.48750000000000004,0.5,0.6025274983596479,3.0,-0.0268815884494501
2026-05-21,TSLA,Consumer Discretionary,-0.031259403984959376,0.33139632709496236,0.4,0.3125,0.4,0.4703490817737406,4.0,0.03913693563206988
2026-05-21,MSFT,Technology,-0.03617679961528679,0.3611831703092302,0.6,0.375,0.3,0.4652957925773076,5.0,0.009067736606248156
2026-05-21,JPM,Financials,-0.041100288977335885,0.36138050147823325,0.1,0.5625,1.0,0.45284512536955834,6.0,-0.0456494383282563
2026-05-21,JNJ,Healthcare,-0.0553088599775995,0.2164574689738977,1.0,0.725,0.8,0.44911436724347437,7.0,-0.01319792005402387
2026-05-21,AAPL,Technology,-0.03813088085041509,0.2938863444538274,0.8,0.3875,0.2,0.42597158611345687,8.0,-0.07428522331753529
2026-05-21,AMZN,Consumer Discretionary,-0.042831965515032946,0.3028156800102654,0.3,0.7,0.7,0.42070392000256635,9.0,0.10688850576789921
2026-05-21,XOM,Energy,-0.06919911432692372,0.24443136577642324,0.9,0.675,0.6,0.3811078414441058,10.0,-0.008001279965411223
2026-05-22,NVDA,Technology,-0.00991972307916866,0.37007400903917576,0.6,0.7375,0.1,0.660018502259794,1.0,-0.08026691873536973
2026-05-22,GOOGL,Technology,-0.01802122662217718,0.41449296491079846,1.0,0.48750000000000004,0.4,0.6561232412276996,2.0,-0.056789042374931986
2026-05-22,META,Technology,-0.020932785511502114,0.47514555869420083,0.3,0.5375,0.7,0.6062863896735502,3.0,0.027568533961100483
2026-05-22,TSLA,Consumer Discretionary,-0.029249747699626648,0.33335971996776903,0.4,0.3125,0.5,0.4808399299919422,4.0,0.025988998274204977
2026-05-22,AAPL,Technology,-0.03429124884131553,0.3063910295331302,0.8,0.3875,0.2,0.46409775738328257,5.0,-0.034167067391733474
2026-05-22,JPM,Financials,-0.039964986949722066,0.36438740912513806,0.1,0.5625,1.0,0.45359685228128455,6.0,-0.03375999020664433
2026-05-22,JNJ,Healthcare,-0.053542911459647756,0.21868809333587197,0.9,0.725,0.9,0.44967202333396805,7.0,-0.026006896965451887
2026-05-22,AMZN,Consumer Discretionary,-0.044584353230303846,0.2989195402122337,0.2,0.7,0.8,0.41972988505305847,8.0,0.12625714022477208
2026-05-22,MSFT,Technology,-0.038065293180283906,0.354747004887367,0.5,0.375,0.3,0.41868675122184174,9.0,0.010073175001505064
2026-05-22,XOM,Energy,-0.06522649223127513,0.25566567899893783,0.7,0.675,0.6,0.36391641974973443,10.0,0.03397352040949153
2026-05-25,META,Technology,-0.019737911060034544,0.4768482218135459,0.4,0.5375,0.7,0.6517120554533865,1.0,0.04991520167405272
2026-05-25,NVDA,Technology,-0.009543907072318381,0.37179034464140565,0.3,0.7375,0.1,0.6304475861603515,2.0,-0.07704159078578476
2026-05-25,GOOGL,Technology,-0.020713132010624143,0.40204914778689255,1.0,0.48750000000000004,0.4,0.6180122869467232,3.0,-0.09982342015290535
2026-05-25,TSLA,Consumer Discretionary,-0.02599725534172767,0.3419356005329589,0.5,0.3125,0.6,0.5029839001332397,4.0,0.048400482686379975
2026-05-25,AMZN,Consumer Discretionary,-0.04223660326125142,0.3061769994080855,0.2,0.7,0.9,0.4665442498520214,5.0,0.11696779092939447
2026-05-25,AAPL,Technology,-0.031856643074299175,0.3284019986399333,0.6,0.3875,0.2,0.44960049965998333,6.0,0.012823092666564673
2026-05-25,JNJ,Healthcare,-0.05117879429119025,0.22289097280582237,0.9,0.725,0.8,0.44072274320145566,7.0,-0.0037478695491605096
2026-05-25,MSFT,Technology,-0.03993729168489452,0.3381348909207315,0.7,0.375,0.3,0.43453372273018287,8.0,-0.005661539501710333
2026-05-25,JPM,Financials,-0.04238680823105121,0.35726313973601925,0.1,0.5625,1.0,0.41681578493400484,9.0,-0.017806121637621408
2026-05-25,XOM,Energy,-0.062025494791171296,0.2621792937042304,0.8,0.675,0.5,0.3655448234260576,10.0,0.026673734604621302
2026-05-26,NVDA,Technology,-0.008467033527315936,0.3812688304609701,0.4,0.7375,0.1,0.6428172076152425,1.0,-0.09357227519558975
2026-05-26,META,Technology,-0.020182324521072423,0.4801455929641841,0.3,0.5375,0.7,0.642536398241046,2.0,0.05059283128971259
2026-05-26,GOOGL,Technology,-0.023505673854390154,0.3917945807896536,0.9,0.48750000000000004,0.4,0.6054486451974135,3.0,-0.05428407292157922
2026-05-26,AMZN,Consumer Discretionary,-0.04119400999658319,0.3055696966805055,0.2,0.7,0.9,0.5013924241701263,4.0,0.12616189626019003
2026-05-26,TSLA,Consumer Discretionary,-0.029902582925810932,0.3293339955284026,0.5,0.3125,0.6,0.4998334988821006,5.0,0.05694882801418277
2026-05-26,AAPL,Technology,-0.03407603101554866,0.3193073471019397,0.6,0.3875,0.3,0.4573268367754849,6.0,-0.018452898450822763
2026-05-26,JNJ,Healthcare,-0.052363278979376725,0.22031024578246297,0.7,0.725,0.8,0.42007756144561575,7.0,-0.0007468125486036481
2026-05-26,JPM,Financials,-0.04636812863714143,0.3426460198393569,0.1,0.5625,1.0,0.4131615049598393,8.0,-0.057002047010780155
2026-05-26,MSFT,Technology,-0.04433483906126107,0.3193339307014247,0.8,0.375,0.2,0.3948334826753562,9.0,0.04901027886371656
2026-05-26,XOM,Energy,-0.06127405846935481,0.26188631027887366,1.0,0.675,0.5,0.38547157756971845,10.0,0.020051229585699826
2026-05-27,NVDA,Technology,-0.00969821374310962,0.37200263210064366,0.6,0.7375,0.1,0.6605006580251609,1.0,-0.128492301279723
2026-05-27,META,Technology,-0.016562745230895022,0.49326214635484517,0.3,0.5375,0.7,0.6458155365887113,2.0,0.05800223878783717
2026-05-27,GOOGL,Technology,-0.025874827799842313,0.3885389582939538,0.7,0.48750000000000004,0.4,0.5846347395734884,3.0,-0.03649862796545322
2026-05-27,AMZN,Consumer Discretionary,-0.04071860249321684,0.30743596891342,0.2,0.7,1.0,0.511858992228355,4.0,0.15433573043947746
2026-05-27,TSLA,Consumer Discretionary,-0.031133230844821072,0.330179868042913,0.4,0.3125,0.5,0.48004496701072824,5.0,0.056447431487447686
2026-05-27,AAPL,Technology,-0.03265046485387886,0.3163502174651652,0.8,0.3875,0.3,0.4765875543662913,6.0,-0.04797186154905697
2026-05-27,JNJ,Healthcare,-0.05242108585125182,0.21806994388569184,0.9,0.725,0.8,0.439517485971423,7.0,-0.004912463544173518
2026-05-27,JPM,Financials,-0.04586284281931267,0.34703631644935085,0.1,0.5625,0.9,0.4042590791123377,8.0,-0.06275201538431874
2026-05-27,XOM,Energy,-0.05548426679465604,0.2799573188052734,1.0,0.675,0.6,0.39998932970131834,9.0,0.049530725406843334
2026-05-27,MSFT,Technology,-0.041356754361270426,0.3360441681668505,0.5,0.375,0.2,0.36901104204171264,10.0,0.020679434213571435
2026-05-28,META,Technology,-0.02413897564461541,0.4630036952221454,0.7,0.5375,0.7,0.6432509238055363,1.0,0.04477603087285664
2026-05-28,NVDA,Technology,-0.004126758750926307,0.4070918838401618,0.3,0.7375,0.1,0.6392729709600404,2.0,-0.11768207100724026
2026-05-28,GOOGL,Technology,-0.021507455660963223,0.40779561650487894,0.6,0.48750000000000004,0.3,0.6044489041262198,3.0,-0.0033702351351611037
2026-05-28,AAPL,Technology,-0.026643216633393356,0.33177415829975043,1.0,0.3875,0.4,0.5454435395749376,4.0,-0.07586925912673925
2026-05-28,AMZN,Consumer Discretionary,-0.03769007903298091,0.31544006731335095,0.2,0.7,0.9,0.5038600168283377,5.0,0.1658957165921997
2026-05-28,TSLA,Consumer Discretionary,-0.03335147132221333,0.32885440408345423,0.5,0.3125,0.5,0.45471360102086356,6.0,0.04773194602930042
2026-05-28,JPM,Financials,-0.041615340612301446,0.3601070443706706,0.1,0.5625,1.0,0.45252676109266765,7.0,-0.0519816301609175
2026-05-28,XOM,Energy,-0.050625041268822245,0.2947300555335974,0.9,0.675,0.6,0.4286825138833994,8.0,0.06905624633783836
2026-05-28,JNJ,Healthcare,-0.05351345148529616,0.22032774366535837,0.8,0.725,0.8,0.3950819359163396,9.0,-0.0054091113506823385
2026-05-28,MSFT,Technology,-0.04213967989042498,0.34196980987864306,0.4,0.375,0.2,0.32549245246966085,10.0,0.01848588838842824
2026-05-29,NVDA,Technology,0.015502847969051358,0.5558227751226127,0.4,0.7375,0.2,0.6964556937806532,1.0,-0.14096255900534593
2026-05-29,META,Technology,-0.0009630119438158017,0.6250783194520596,0.6,0.5375,0.7,0.6737695798630149,2.0,0.07032791961720486
2026-05-29,GOOGL,Technology,0.0005338819148951533,0.5638408947858287,0.5,0.48750000000000004,0.4,0.6434602236964573,3.0,-0.03668364523351286
2026-05-29,AMZN,Consumer Discretionary,-0.011439894099130933,0.47817265473684833,0.2,0.7,0.9,0.614543163684212,4.0,0.21088395916079783
2026-05-29,AAPL,Technology,-0.012025160769651754,0.45214838495174464,1.0,0.3875,0.3,0.5305370962379362,5.0,-0.13319689333466056
2026-05-29,XOM,Energy,-0.026260415742683466,0.4510944713648036,0.9,0.675,0.6,0.5027736178412009,6.0,0.0032913438383608273
2026-05-29,JPM,Financials,-0.016507899588567743,0.5197214720235717,0.1,0.5625,1.0,0.4924303680058929,7.0,-0.032577298863759485
2026-05-29,TSLA,Consumer Discretionary,-0.01425766146284623,0.45704548695992636,0.8,0.3125,0.5,0.48176137173998157,8.0,0.01360621726363953
2026-05-29,JNJ,Healthcare,-0.03079956095506952,0.3502083744576794,0.3,0.725,0.8,0.3775520936144198,9.0,0.03007816026352539
2026-05-29,MSFT,Technology,-0.02898708045392559,0.44667728895650577,0.7,0.375,0.1,0.33666932223912643,10.0,-0.04516013569403676
2026-06-01,META,Technology,-0.016166062173897218,0.5185674599115392,0.9,0.5375,0.7,0.6771418649778848,1.0,0.058986620890523644
2026-06-01,NVDA,Technology,0.0020577948608208347,0.452323557324559,0.2,0.7375,0.2,0.6505808893311398,2.0,-0.10861784092597504
2026-06-01,GOOGL,Technology,-0.007076371620020451,0.4754815019153509,0.7,0.48750000000000004,0.4,0.6413703754788377,3.0,-0.011824722301456148
2026-06-01,JPM,Financials,-0.026159633539686165,0.43350364085007165,0.1,0.5625,1.0,0.5408759102125179,4.0,-0.04463427348011306
2026-06-01,TSLA,Consumer Discretionary,-0.025644327803850522,0.365340299650613,0.6,0.3125,0.5,0.5088350749126532,5.0,0.063281567610318
2026-06-01,AMZN,Consumer Discretionary,-0.03455723026745898,0.33840385375762005,0.4,0.7,0.9,0.494600963439405,6.0,0.17667255122625525
2026-06-01,AAPL,Technology,-0.02808579991890999,0.35254975044041614,1.0,0.3875,0.3,0.470637437610104,7.0,-0.14060334171661204
2026-06-01,XOM,Energy,-0.03813233071885736,0.36567334161712944,0.5,0.675,0.6,0.4414183354042823,8.0,-0.061065559876023134
2026-06-01,JNJ,Healthcare,-0.047123991835134736,0.25209593778791184,0.3,0.725,0.8,0.35302398444697797,9.0,-0.0030291636529629073
2026-06-01,MSFT,Technology,-0.04381486294893454,0.35112778224877894,0.8,0.375,0.1,0.32278194556219475,10.0,-0.06567801067406398
2026-06-02,META,Technology,-0.01335753781070124,0.5353399361727563,0.7,0.5375,0.7,0.661334984043189,1.0,0.07238349992286319
2026-06-02,NVDA,Technology,0.0015869148386351128,0.44806410549974807,0.1,0.7375,0.2,0.6395160263749371,2.0,-0.11710590327337111
2026-06-02,GOOGL,Technology,-0.005517274071113177,0.4782891106798139,0.5,0.48750000000000004,0.3,0.6120722776699535,3.0,0.05517855343397282
2026-06-02,JPM,Financials,-0.027374757040758306,0.4271812819313044,0.2,0.5625,1.0,0.5492953204828261,4.0,-0.0406224574536177
2026-06-02,AAPL,Technology,-0.02713600227508163,0.35567768519342235,0.9,0.3875,0.4,0.5414194212983556,5.0,-0.14898290176006035
2026-06-02,AMZN,Consumer Discretionary,-0.03582611077931807,0.3322609157198068,0.6,0.7,0.9,0.47806522892995174,6.0,0.1975531093809375
2026-06-02,TSLA,Consumer Discretionary,-0.029738706307405598,0.338112690658724,1.0,0.3125,0.5,0.47202817266468095,7.0,0.0029525445562257335
2026-06-02,XOM,Energy,-0.03515657229528878,0.3773039943862284,0.3,0.675,0.6,0.45932599859655715,8.0,-0.022420180679307067
2026-06-02,JNJ,Healthcare,-0.049985938514561366,0.24185105177363242,0.4,0.725,0.8,0.3604627629434081,9.0,0.023858895006679592
2026-06-02,MSFT,Technology,-0.04073817374068547,0.3597428300055962,0.8,0.375,0.1,0.3249357075013991,10.0,-0.008835006509851806
2026-06-03,META,Technology,-0.014455560406798061,0.5308417343839539,0.9,0.5375,0.8,0.6902104335959884,1.0,0.04442898643428994
2026-06-03,NVDA,Technology,0.007284093011524233,0.4716051525050842,0.1,0.7375,0.1,0.6354012881262711,2.0,-0.09368290986608274
2026-06-03,JPM,Financials,-0.02659978393598754,0.42142097808031675,0.3,0.5625,1.0,0.5928552445200791,3.0,-0.046692495552452695
2026-06-03,GOOGL,Technology,-0.0071198629609708075,0.47619276524337745,0.4,0.48750000000000004,0.2,0.5915481913108445,4.0,0.05543570772299633
2026-06-03,AMZN,Consumer Discretionary,-0.034553604251666994,0.33828835635604176,0.5,0.7,0.9,0.5045720890890104,5.0,0.21499068984547542
2026-06-03,AAPL,Technology,-0.027405880698996618,0.3586255093165874,0.7,0.3875,0.4,0.48715637732914685,6.0,-0.16345853426318047
2026-06-03,TSLA,Consumer Discretionary,-0.02871478415011093,0.342633466323456,0.8,0.3125,0.5,0.453158366580864,7.0,0.03630664055613675
2026-06-03,MSFT,Technology,-0.03657439803245278,0.36084387757389713,1.0,0.375,0.3,0.40021096939347434,8.0,-0.04589158243018321
2026-06-03,XOM,Energy,-0.040748094178025406,0.36265676786621187,0.2,0.675,0.7,0.385664191966553,9.0,-0.04973637302011691
2026-06-03,JNJ,Healthcare,-0.060091929076414835,0.21502591956447753,0.6,0.725,0.6,0.35375647989111936,10.0,-0.021765222406828544
2026-06-04,META,Technology,-0.012620424020705456,0.5381832997006203,1.0,0.5375,0.9,0.712045824925155,1.0,0.024151612445364457
2026-06-04,NVDA,Technology,-0.00321526902351546,0.43235312186722075,0.1,0.7375,0.1,0.6255882804668051,2.0,-0.10560464822781446
2026-06-04,GOOGL,Technology,-0.007358662815890477,0.47151912317650974,0.4,0.48750000000000004,0.2,0.5903797807941275,3.0,0.02135444433079381
2026-06-04,JPM,Financials,-0.025626683029662436,0.43085572752696316,0.3,0.5625,1.0,0.5602139318817407,4.0,-0.05713285722784889
2026-06-04,AAPL,Technology,-0.023517268430260807,0.3654217157245126,0.8,0.3875,0.4,0.5338554289311281,5.0,-0.19496441317158952
2026-06-04,TSLA,Consumer Discretionary,-0.027190598312777273,0.3463730408871092,0.9,0.3125,0.6,0.47409326022177734,6.0,0.047299053979499295
2026-06-04,XOM,Energy,-0.039668433598722706,0.3678085605776273,0.2,0.675,0.7,0.42195214014440685,7.0,-0.05286067506906722
2026-06-04,MSFT,Technology,-0.03140057318678162,0.3800953894504794,0.7,0.375,0.3,0.4100238473626199,8.0,-0.022907883202292423
2026-06-04,AMZN,Consumer Discretionary,-0.04760194730732139,0.28728435035751915,0.6,0.7,0.5,0.3918210875893797,9.0,0.1504703534603753
2026-06-04,JNJ,Healthcare,-0.064729393030972,0.20262218619857514,0.5,0.725,0.8,0.36065554654964377,10.0,-0.05630572464892003
2026-06-05,META,Technology,-0.00878335307325709,0.5518307282934083,0.9,0.5375,0.9,0.705457682073352,1.0,0.02383574729331084
2026-06-05,GOOGL,Technology,-0.001601047924918093,0.49114692158072143,0.4,0.48750000000000004,0.2,0.6302867303951804,2.0,0.03922223370380418
2026-06-05,NVDA,Technology,-0.0053260677446412006,0.4248925978666724,0.1,0.7375,0.1,0.5887231494666681,3.0,-0.1462715917883176
2026-06-05,AAPL,Technology,-0.02299791704726048,0.3620410700585277,1.0,0.3875,0.6,0.5730102675146318,4.0,-0.20852456412203713
2026-06-05,JPM,Financials,-0.025943587714755495,0.4266031779406684,0.2,0.5625,1.0,0.5491507944851671,5.0,-0.07547213738936465
2026-06-05,MSFT,Technology,-0.03175080028292133,0.3877792043981497,0.7,0.375,0.5,0.46694480109953745,6.0,-0.03240546110622633
2026-06-05,AMZN,Consumer Discretionary,-0.045313401287765634,0.29547307854370825,0.6,0.7,0.7,0.4488682696359271,7.0,0.11646146724224393
2026-06-05,TSLA,Consumer Discretionary,-0.03549360455326986,0.3109302968064409,0.8,0.3125,0.3,0.39023257420161017,8.0,-0.0008649087805232547
2026-06-05,JNJ,Healthcare,-0.05748420531547967,0.22528168965070347,0.5,0.725,0.8,0.3663204224126759,9.0,-0.015488843668693852
2026-06-05,XOM,Energy,-0.05477436407151237,0.30737468682313557,0.3,0.675,0.4,0.3518436717057839,10.0,-0.10710350025251891
2026-06-08,META,Technology,-0.014502859876147479,0.5348708131412013,0.7,0.5375,0.9,0.6812177032853003,1.0,0.031969445996849144
2026-06-08,GOOGL,Technology,0.0009291212804884419,0.5070259087625892,0.2,0.48750000000000004,0.4,0.6342564771906474,2.0,0.01480224516309847
2026-06-08,NVDA,Technology,-0.0022943025999642994,0.4359942061683861,0.1,0.7375,0.1,0.5914985515420965,3.0,-0.10396945469386498
2026-06-08,MSFT,Technology,-0.026563426904342977,0.4060249716318471,0.8,0.375,0.6,0.5615062429079618,4.0,-0.012978355183396073
2026-06-08,JPM,Financials,-0.027098648300467765,0.4167747651483368,0.3,0.5625,1.0,0.5566936912870841,5.0,-0.06163941000891893
2026-06-08,AAPL,Technology,-0.030329236478264757,0.3299418833587781,1.0,0.3875,0.5,0.4849854708396945,6.0,-0.23092720895865393
2026-06-08,AMZN,Consumer Discretionary,-0.043906086685545985,0.30461795361595884,0.5,0.7,0.7,0.4411544884039897,7.0,0.14275622834970902
2026-06-08,JNJ,Healthcare,-0.05659130774649554,0.22615307690242153,0.6,0.725,0.8,0.4115382692256054,8.0,-0.05581652366664325
2026-06-08,TSLA,Consumer Discretionary,-0.03391946645948262,0.3206203218936033,0.9,0.3125,0.2,0.39265508047340086,9.0,0.05060411239638807
2026-06-08,XOM,Energy,-0.062485297270607004,0.2774088957699529,0.4,0.675,0.3,0.3093522239424883,10.0,-0.06829267340519485
2026-06-09,META,Technology,-0.01620035766412408,0.5250428070139035,0.5,0.5375,0.9,0.6587607017534759,1.0,0.06836431771262008
2026-06-09,NVDA,Technology,3.584326089622718e-05,0.4574346099585918,0.1,0.7375,0.1,0.6318586524896479,2.0,-0.12661163742311776
2026-06-09,GOOGL,Technology,-0.0003424385198928879,0.5123723347662402,0.3,0.48750000000000004,0.5,0.6205930836915602,3.0,0.0654716644559592
2026-06-09,JPM,Financials,-0.024136277224485428,0.4283286008465021,0.2,0.5625,1.0,0.5845821502116255,4.0,-0.05382171457681362
2026-06-09,MSFT,Technology,-0.02885363890179545,0.4027586614533922,0.9,0.375,0.6,0.535689665363348,5.0,-0.0214513220222442
2026-06-09,AMZN,Consumer Discretionary,-0.0419969165131273,0.31026820382161097,0.7,0.7,0.7,0.46256705095540274,6.0,0.13029430091385774
2026-06-09,AAPL,Technology,-0.03094267254587755,0.3303354582300946,0.8,0.3875,0.2,0.4350838645575237,7.0,-0.18038271882934487
2026-06-09,TSLA,Consumer Discretionary,-0.034610017217858974,0.3160906701648509,1.0,0.3125,0.4,0.4215226675412127,8.0,0.02667000593748914
2026-06-09,JNJ,Healthcare,-0.052747196815531965,0.24188403088444896,0.6,0.725,0.8,0.41547100772111223,9.0,-0.07641021232004253
2026-06-09,XOM,Energy,-0.06150277514931832,0.28113911625412813,0.4,0.675,0.3,0.310284779063532,10.0,-0.06127445756040051
2026-06-10,META,Technology,-0.01809530646520771,0.520995435233265,0.6,0.5375,0.9,0.6677488588083161,1.0,0.02336801109281228
2026-06-10,NVDA,Technology,-0.0013043700909694347,0.4484970535055188,0.3,0.7375,0.1,0.6496242633763798,2.0,-0.15399105994964124
2026-06-10,GOOGL,Technology,-0.0015295424471301906,0.5045388467743326,0.2,0.48750000000000004,0.4,0.5986347116935832,3.0,0.07462117381150768
2026-06-10,JPM,Financials,-0.024489139158053966,0.4273099570176984,0.1,0.5625,1.0,0.5743274892544246,4.0,-0.02433893163847234
2026-06-10,MSFT,Technology,-0.03150986843329044,0.3922728495308131,1.0,0.375,0.6,0.5080682123827034,5.0,-0.03504801976146876
2026-06-10,AMZN,Consumer Discretionary,-0.039190007976265255,0.31559587005772144,0.8,0.7,0.7,0.4738989675144304,6.0,0.1404015713492046
2026-06-10,AAPL,Technology,-0.02605521629334226,0.350718094556977,0.5,0.3875,0.2,0.44517952363924423,7.0,-0.14611800913541695
2026-06-10,JNJ,Healthcare,-0.050821259217592875,0.2469899119437315,0.7,0.725,0.8,0.4267474779859329,8.0,-0.057955203467348504
2026-06-10,TSLA,Consumer Discretionary,-0.03315790669806697,0.31691632121307217,0.9,0.3125,0.5,0.42172908030326806,9.0,0.01601353601011235
2026-06-10,XOM,Energy,-0.06406055225587413,0.2760576767117393,0.4,0.675,0.3,0.3090144191779348,10.0,-0.05467187781253191
2026-06-11,META,Technology,-0.01665662833295692,0.5197811044130463,0.7,0.5375,0.9,0.6774452761032614,1.0,0.0012875876746831771
2026-06-11,GOOGL,Technology,-0.0008066269565399874,0.5174611224672832,0.1,0.48750000000000004,0.6,0.6468652806168207,2.0,0.10988607570056352
2026-06-11,NVDA,Technology,-0.0029950527224118888,0.4455577236720556,0.3,0.7375,0.1,0.613889430918014,3.0,-0.17136507208970042
2026-06-11,JPM,Financials,-0.024791293356858285,0.42676190116578216,0.2,0.5625,1.0,0.5491904752914456,4.0,-0.0022562643421027984
2026-06-11,AMZN,Consumer Discretionary,-0.038314329093187736,0.32509774778015416,0.9,0.7,0.8,0.4962744369450386,5.0,0.12898144945679424
2026-06-11,TSLA,Consumer Discretionary,-0.030833340222523146,0.32434682910216517,1.0,0.3125,0.7,0.48858670727554127,6.0,0.014105708083949287
2026-06-11,AAPL,Technology,-0.021176500805616803,0.36880339516663635,0.4,0.3875,0.2,0.4747008487916591,7.0,-0.14869968334689776
2026-06-11,MSFT,Technology,-0.03564634556716172,0.3728375093558304,0.8,0.375,0.4,0.4282093773389576,8.0,0.0006395114933950286
2026-06-11,JNJ,Healthcare,-0.054926365592668,0.2391572469716375,0.5,0.725,0.5,0.3747893117429093,9.0,-0.0453783759280717
2026-06-11,XOM,Energy,-0.06555527704201254,0.26924189258829256,0.6,0.675,0.3,0.3273104731470732,10.0,-0.10293139321984768
2026-06-12,GOOGL,Technology,0.00017106730531820692,0.5223994765298248,0.1,0.48750000000000004,0.5,0.6380998691324562,1.0,0.10493370200502272
2026-06-12,META,Technology,-0.025452445826894647,0.48007387828826537,1.0,0.5375,0.8,0.6175184695720664,2.0,-0.06524260863793119
2026-06-12,NVDA,Technology,-0.004642548245606364,0.443782710891962,0.3,0.7375,0.1,0.6134456777229906,3.0,-0.16100864099844325
2026-06-12,AAPL,Technology,-0.015148653674411457,0.3766625713567802,0.5,0.3875,0.4,0.541665642839195,4.0,-0.12563405244987835
2026-06-12,TSLA,Consumer Discretionary,-0.023982716880053337,0.3537652297778721,0.8,0.3125,0.6,0.535941307444468,5.0,0.011992482987239317
2026-06-12,JPM,Financials,-0.026512864063151315,0.4247373381880019,0.2,0.5625,1.0,0.5136843345470005,6.0,0.013352987065823996
2026-06-12,AMZN,Consumer Discretionary,-0.04112734041802449,0.317474333216866,0.7,0.7,0.9,0.4843685833042165,7.0,0.13366930042223935
2026-06-12,MSFT,Technology,-0.03195686344419129,0.37991150503299825,0.9,0.375,0.3,0.42997787625824957,8.0,-0.0027621812078337804
2026-06-12,JNJ,Healthcare,-0.05628533968859839,0.23784304375312437,0.6,0.725,0.7,0.4044607609382811,9.0,-0.036843995208227676
2026-06-12,XOM,Energy,-0.06409777520323214,0.2803691826796857,0.4,0.675,0.2,0.30009229566992146,10.0,-0.12482414431281763
2026-06-15,GOOGL,Technology,-0.0002329549653028347,0.5126483606520904,0.2,0.48750000000000004,0.6,0.6556620901630226,1.0,0.12484394566336521
2026-06-15,META,Technology,-0.023580938034994718,0.48853944488721696,1.0,0.5375,0.5,0.6246348612218042,2.0,-0.04427781054364888
2026-06-15,AAPL,Technology,-0.009021882722834473,0.3982541012100955,0.4,0.3875,0.8,0.612063525302524,3.0,-0.1362211353657552
2026-06-15,NVDA,Technology,-0.01030246684358445,0.4226652523519102,0.3,0.7375,0.1,0.5731663130879776,4.0,-0.10673070965614873
2026-06-15,JPM,Financials,-0.02731090328712993,0.42712606218319893,0.1,0.5625,1.0,0.5392815155457997,5.0,-0.009172651716712
2026-06-15,AMZN,Consumer Discretionary,-0.03270576428268698,0.34581583198563154,0.8,0.7,0.9,0.5364539579964079,6.0,0.15836357994394845
2026-06-15,TSLA,Consumer Discretionary,-0.03008398661807514,0.33780307406386734,0.7,0.3125,0.3,0.4219507685159668,7.0,0.07098625324307228
2026-06-15,JNJ,Healthcare,-0.054078244368866234,0.2431003308617446,0.6,0.725,0.7,0.40577508271543616,8.0,-0.02195662045727842
2026-06-15,MSFT,Technology,-0.033387715093911245,0.3824021115787296,0.9,0.375,0.4,0.4056005278946825,9.0,0.011458822012120118
2026-06-15,XOM,Energy,-0.06623211609762811,0.27439697463498974,0.5,0.675,0.2,0.30859924365874747,10.0,-0.14796308048861573
2026-06-16,GOOGL,Technology,-0.007010401399158508,0.48569265398666733,0.4,0.48750000000000004,0.9,0.6989231634966668,1.0,0.09484007601910904
2026-06-16,META,Technology,-0.01962577044205617,0.5091600957925094,1.0,0.5375,0.6,0.6397900239481273,2.0,-0.06632268932691798
2026-06-16,AAPL,Technology,-0.010997708449249745,0.40074881132681683,0.3,0.3875,0.5,0.5726872028317043,3.0,-0.09402192756396144
2026-06-16,NVDA,Technology,-0.016144255555236887,0.40233754094429114,0.1,0.7375,0.1,0.5480843852360728,4.0,-0.03838531952027058
2026-06-16,JPM,Financials,-0.03281689958275985,0.3986899992374349,0.2,0.5625,1.0,0.5071724998093587,5.0,-0.04316645991573198
2026-06-16,AMZN,Consumer Discretionary,-0.03786658387918357,0.3245694796937844,0.9,0.7,0.7,0.4861423699234461,6.0,0.13939004437421532
2026-06-16,TSLA,Consumer Discretionary,-0.02445390099291255,0.35730838589831143,0.6,0.3125,0.3,0.45182709647457786,7.0,0.09386100088506977
2026-06-16,MSFT,Technology,-0.036518018659475404,0.3747910943936741,0.8,0.375,0.4,0.42869777359841854,8.0,0.04654985371803133
2026-06-16,JNJ,Healthcare,-0.05939473334535807,0.22811139553991633,0.7,0.725,0.8,0.42202784888497913,9.0,-0.02050405161758806
2026-06-16,XOM,Energy,-0.07019710727508936,0.27437201436215125,0.5,0.675,0.2,0.3085930035905378,10.0,-0.1786845831618823
2026-06-17,GOOGL,Technology,-0.005953711219307982,0.48784736868173384,0.3,0.48750000000000004,0.9,0.6894618421704335,1.0,0.09345685475107257
2026-06-17,META,Technology,-0.016682948970923546,0.5180613144830358,0.9,0.5375,0.6,0.6320153286207588,2.0,-0.06197954699123409
2026-06-17,AAPL,Technology,-0.009213136282197278,0.4092686301016435,0.2,0.3875,0.5,0.564817157525411,3.0,-0.07410543488510135
2026-06-17,NVDA,Technology,-0.012770167745196164,0.41758666020555046,0.1,0.7375,0.1,0.5518966650513877,4.0,0.006058325532510844
2026-06-17,AMZN,Consumer Discretionary,-0.03917497241951174,0.32072146187116773,1.0,0.7,0.8,0.505180365467792,5.0,0.1313692803720503
2026-06-17,JPM,Financials,-0.035329599332853324,0.3824067486383585,0.4,0.5625,1.0,0.48810168715958957,6.0,-0.04274453572604542
2026-06-17,MSFT,Technology,-0.033397092802756906,0.3822104020193664,0.8,0.375,0.3,0.4555526005048416,7.0,0.07469618381380494
2026-06-17,TSLA,Consumer Discretionary,-0.027060303716593404,0.34868359533593946,0.5,0.3125,0.2,0.42967089883398485,8.0,0.08488723725967784
2026-06-17,JNJ,Healthcare,-0.0551704521906064,0.2352583532701332,0.7,0.725,0.7,0.41381458831753326,9.0,-0.07022585840717221
2026-06-17,XOM,Energy,-0.06933524841691044,0.26949001681979623,0.6,0.675,0.4,0.33737250420494913,10.0,-0.22895856830172678
2026-06-18,GOOGL,Technology,-0.003920304211251388,0.4857421642793891,0.4,0.48750000000000004,0.9,0.6989355410698472,1.0,0.08758792598496412
2026-06-18,META,Technology,-0.013025863968463072,0.5248189610752424,0.9,0.5375,0.5,0.6237047402688106,2.0,-0.049509843928421726
2026-06-18,NVDA,Technology,-0.005949529628406804,0.4190002511263225,0.2,0.7375,0.3,0.5822500627815806,3.0,-0.027192051797986894
2026-06-18,AAPL,Technology,-0.005299611818501704,0.42148632384671414,0.1,0.3875,0.6,0.5678715809616786,4.0,-0.08484328404952002
2026-06-18,AMZN,Consumer Discretionary,-0.028352520634773504,0.3433081882405905,1.0,0.7,0.8,0.5458270470601476,5.0,0.08501861620216888
2026-06-18,MSFT,Technology,-0.027172124326445543,0.40552769888654117,0.5,0.375,0.2,0.4563819247216353,6.0,0.06417682294797644
2026-06-18,JPM,Financials,-0.03408007674267766,0.3838994923957582,0.3,0.5625,1.0,0.4434748730989395,7.0,-0.02468856493461924
2026-06-18,JNJ,Healthcare,-0.046124542452597096,0.25524505305702067,0.8,0.725,0.7,0.42881126326425517,8.0,-0.05676796349285662
2026-06-18,TSLA,Consumer Discretionary,-0.027276314942653722,0.33715928831687864,0.7,0.3125,0.1,0.40178982207921965,9.0,0.062419232302010075
2026-06-18,XOM,Energy,-0.07005431832043257,0.2679871939097286,0.6,0.675,0.4,0.33699679847743214,10.0,-0.2349866066909797
2026-06-19,GOOGL,Technology,-0.0007684192439737954,0.5002138160356719,0.3,0.48750000000000004,0.9,0.692553454008918,1.0,0.10903343658254205
2026-06-19,META,Technology,-0.008611238812468208,0.5511502754586444,0.6,0.5375,0.6,0.6452875688646611,2.0,-0.08649839667724091
2026-06-19,NVDA,Technology,-0.00187558587725102,0.43568824615300394,0.1,0.7375,0.5,0.6314220615382511,3.0,0.03073292540566719
2026-06-19,AMZN,Consumer Discretionary,-0.026476519170169736,0.351133333277952,1.0,0.7,0.8,0.5477833333194879,4.0,0.11101675640494957
2026-06-19,JPM,Financials,-0.03116524283474867,0.39489907621773546,0.5,0.5625,1.0,0.4662247690544339,5.0,-0.06101602055432742
2026-06-19,TSLA,Consumer Discretionary,-0.020620553790819646,0.35239331448318173,0.8,0.3125,0.2,0.46059832862079547,6.0,0.0672332115183556
2026-06-19,AAPL,Technology,-0.019240181750902183,0.35439298282859605,0.2,0.3875,0.1,0.441098245707149,7.0,-0.1379765189626042
2026-06-19,MSFT,Technology,-0.023040579084693466,0.42994568565888325,0.4,0.375,0.4,0.4374864214147208,8.0,0.09292067649892188
2026-06-19,JNJ,Healthcare,-0.046908682953015125,0.2564652135011802,0.7,0.725,0.7,0.41911630337529504,9.0,-0.0696733224188687
2026-06-19,XOM,Energy,-0.06778854971795435,0.2655049492032702,0.9,0.675,0.3,0.3563762373008176,10.0,-0.278389643536764
2026-06-22,GOOGL,Technology,0.0002763382623534906,0.4939039693979624,0.2,0.48750000000000004,0.9,0.6809759923494906,1.0,0.16381168182298578
2026-06-22,META,Technology,-0.014003201274342332,0.5312188031431655,0.6,0.5375,0.6,0.6403047007857914,2.0,-0.12620685963861
2026-06-22,NVDA,Technology,-0.00454431782081854,0.417095578608328,0.1,0.7375,0.4,0.616773894652082,3.0,0.009655044761766485
2026-06-22,MSFT,Technology,-0.022280989001304596,0.41936689784620973,0.5,0.375,0.5,0.5248417244615524,4.0,0.05776859367922271
2026-06-22,AMZN,Consumer Discretionary,-0.029574671289936016,0.34461969175397106,1.0,0.7,0.8,0.5111549229384929,5.0,0.11705115020415735
2026-06-22,JPM,Financials,-0.02904712412492262,0.4031902565216548,0.4,0.5625,1.0,0.4932975641304137,6.0,-0.050508012504440036
2026-06-22,JNJ,Healthcare,-0.043294493748846946,0.260569259921961,0.8,0.725,0.7,0.43014231498049027,7.0,-0.06350407911322975
2026-06-22,TSLA,Consumer Discretionary,-0.027282093141672355,0.33914510645046625,0.7,0.3125,0.2,0.4122862766126166,8.0,0.03472916368897794
2026-06-22,AAPL,Technology,-0.023068232246345757,0.3317614189484491,0.3,0.3875,0.1,0.41044035473711227,9.0,-0.16425580042779098
2026-06-22,XOM,Energy,-0.06403183422685539,0.27364440816894847,0.9,0.675,0.3,0.35841110204223714,10.0,-0.27844263775309575
2026-06-23,GOOGL,Technology,0.00294584056282718,0.4945106523316187,0.5,0.48750000000000004,0.9,0.7111276630829046,1.0,0.14280730658493757
2026-06-23,NVDA,Technology,-0.0010181106993282772,0.4349778766973054,0.3,0.7375,0.4,0.6412444691743264,2.0,-0.003455102261292531
2026-06-23,META,Technology,-0.019859794888055192,0.5132947764018456,0.4,0.5375,0.6,0.6158236941004613,3.0,-0.10014835796868837
2026-06-23,AMZN,Consumer Discretionary,-0.027680271250001172,0.35386315997823725,1.0,0.7,0.8,0.5484657899945593,4.0,0.10342771260837869
2026-06-23,MSFT,Technology,-0.024647188977292192,0.4054325468681563,0.7,0.375,0.5,0.5063581367170391,5.0,0.06974430010890953
2026-06-23,TSLA,Consumer Discretionary,-0.02359596941807643,0.3504626162118851,0.8,0.3125,0.2,0.49511565405297125,6.0,0.03507431325398902
2026-06-23,JPM,Financials,-0.03409973663840865,0.3936370304848494,0.1,0.5625,1.0,0.42590925762121234,7.0,-0.041540401788661474
2026-06-23,JNJ,Healthcare,-0.042008224089276874,0.26644847522791515,0.6,0.725,0.7,0.4116121188069788,8.0,-0.04221612890117432
2026-06-23,AAPL,Technology,-0.027571320207210814,0.3291542224543384,0.2,0.3875,0.1,0.36478855561358464,9.0,-0.14518365828424795
2026-06-23,XOM,Energy,-0.06964663583725746,0.26142369884029926,0.9,0.675,0.3,0.3553559247100748,10.0,-0.26864199950313583
2026-06-24,GOOGL,Technology,-0.0007789900188292561,0.48505945023878977,0.6,0.48750000000000004,0.9,0.6837648625596974,1.0,0.14191248243783905
2026-06-24,NVDA,Technology,0.0065619119482192975,0.4621135404774062,0.1,0.7375,0.5,0.6730283851193516,2.0,0.00041696204861119135
2026-06-24,META,Technology,-0.01806858022379256,0.5206480451014925,0.7,0.5375,0.6,0.647662011275373,3.0,-0.09809635396388938
2026-06-24,AMZN,Consumer Discretionary,-0.033133859295482425,0.3389283518299791,1.0,0.7,0.8,0.5447320879574948,4.0,0.07357611007465503
2026-06-24,TSLA,Consumer Discretionary,-0.023777207173866284,0.3506531214590664,0.8,0.3125,0.2,0.4951632803647666,5.0,0.06424090487041312
2026-06-24,JPM,Financials,-0.0350231630413454,0.39505446993172993,0.3,0.5625,1.0,0.4462636174829324,6.0,-0.04865068158730057
2026-06-24,MSFT,Technology,-0.027922298899090363,0.39230017717888566,0.4,0.375,0.3,0.4180750442947214,7.0,0.1318296094064959
2026-06-24,AAPL,Technology,-0.027092717427685917,0.3371887687214195,0.2,0.3875,0.1,0.4017971921803549,8.0,-0.1409506757201937
2026-06-24,JNJ,Healthcare,-0.04406835222974802,0.2644722787838883,0.5,0.725,0.7,0.4011180696959721,9.0,-0.030633336474478856
2026-06-24,XOM,Energy,-0.0697009498949232,0.25525625765176696,0.9,0.675,0.4,0.36381406441294173,10.0,-0.2972711306545488
2026-06-25,GOOGL,Technology,-0.0009397615722921294,0.48043316224736105,0.8,0.48750000000000004,0.9,0.7026082905618402,1.0,0.1579629873434918
2026-06-25,NVDA,Technology,0.005163504027257184,0.4652709362727187,0.1,0.7375,0.5,0.6738177340681797,2.0,0.0024653729415724523
2026-06-25,META,Technology,-0.014936529972312125,0.5302452447283559,0.7,0.5375,0.6,0.650061311182089,3.0,-0.12575874021307976
2026-06-25,AMZN,Consumer Discretionary,-0.031854291418629783,0.3418982116975063,1.0,0.7,0.8,0.5454745529243765,4.0,0.06168988869646297
2026-06-25,TSLA,Consumer Discretionary,-0.021789866771091945,0.36997333832136786,0.6,0.3125,0.3,0.4899933345803419,5.0,0.06277019813320517
2026-06-25,JPM,Financials,-0.03729902444313161,0.3931892824275387,0.3,0.5625,1.0,0.4457973206068846,6.0,-0.04113387517244915
2026-06-25,MSFT,Technology,-0.03166422141873035,0.3837337722607793,0.4,0.375,0.4,0.42593344306519487,7.0,0.16405099081400665
2026-06-25,AAPL,Technology,-0.027970478585365346,0.34132325635167626,0.2,0.3875,0.1,0.4028308140879191,8.0,-0.0888039587106435
2026-06-25,JNJ,Healthcare,-0.05211536677207503,0.24086219029977837,0.5,0.725,0.7,0.3952155475749446,9.0,-0.025584861769666012
2026-06-25,XOM,Energy,-0.0697948024923873,0.25586817929824207,0.9,0.675,0.2,0.34396704482456053,10.0,-0.30242443715406186
2026-06-26,GOOGL,Technology,-0.0013237068362045752,0.48999153692187297,0.6,0.48750000000000004,0.9,0.6849978842304681,1.0,0.17048746704739925
2026-06-26,NVDA,Technology,0.00849636169985029,0.48136685128585616,0.2,0.7375,0.4,0.6778417128214641,2.0,0.0030306179560042334
2026-06-26,META,Technology,-0.011444709822743471,0.5354520566783008,0.9,0.5375,0.5,0.6613630141695752,3.0,-0.12839938139751184
2026-06-26,AMZN,Consumer Discretionary,-0.038157338091958586,0.31149987514405253,1.0,0.7,0.7,0.527874968786013,4.0,0.05697077195046418
2026-06-26,MSFT,Technology,-0.016594735782431654,0.432029324547471,0.3,0.375,0.6,0.5180073311368678,5.0,0.1203181950706611
2026-06-26,TSLA,Consumer Discretionary,-0.021370818590115186,0.3698375584145827,0.7,0.3125,0.3,0.4649593896036457,6.0,0.08040196796025612
2026-06-26,JPM,Financials,-0.04258752634449272,0.3733499936603874,0.5,0.5625,1.0,0.4608374984150968,7.0,-0.022693584457339155
2026-06-26,JNJ,Healthcare,-0.048205303785528446,0.25180705294307154,0.4,0.725,0.8,0.3979517632357679,8.0,-0.0036533347042949638
2026-06-26,AAPL,Technology,-0.023504795560321187,0.36349663247971786,0.1,0.3875,0.2,0.37337415811992947,9.0,-0.02759875596541883
2026-06-26,XOM,Energy,-0.07375682464281247,0.2463365746034603,0.8,0.675,0.1,0.3215841436508651,10.0,-0.2678504299245765
2026-06-29,GOOGL,Technology,0.009277771492283218,0.5618687444085079,0.8,0.48750000000000004,0.9,0.7229671861021271,1.0,0.14444564762048429
2026-06-29,NVDA,Technology,0.02526411953272211,0.5817908688058386,0.3,0.7375,0.5,0.7229477172014598,2.0,0.01910367500045984
2026-06-29,META,Technology,0.00024519947347813363,0.6172316490853009,0.9,0.5375,0.4,0.6718079122713252,3.0,-0.1513518136648081
2026-06-29,AMZN,Consumer Discretionary,-0.020687160852539105,0.41461576125666605,1.0,0.7,0.8,0.5636539403141665,4.0,0.06690191699018944
2026-06-29,MSFT,Technology,-0.0017987657219424354,0.5318584425249862,0.4,0.375,0.6,0.5529646106312465,5.0,0.14334589808360798
2026-06-29,JPM,Financials,-0.029748732196687423,0.46056893643803676,0.5,0.5625,1.0,0.4826422341095091,6.0,0.0022804634899202814
2026-06-29,TSLA,Consumer Discretionary,-0.016136643953099945,0.4266306479514225,0.7,0.3125,0.3,0.44415766198785567,7.0,0.06902872513893965
2026-06-29,AAPL,Technology,-0.006031860963080534,0.47329657926038105,0.1,0.3875,0.2,0.4358241448150953,8.0,-0.030605885832478807
2026-06-29,JNJ,Healthcare,-0.03506214095878018,0.33025357824906987,0.2,0.725,0.7,0.38756339456226746,9.0,0.010193899726078426
2026-06-29,XOM,Energy,-0.05521276268793655,0.3283031647387164,0.6,0.675,0.1,0.3220757911846791,10.0,-0.20714019826645502
2026-06-30,GOOGL,Technology,0.015601333627562268,0.5619148802036421,0.9,0.48750000000000004,1.0,0.7429787200509105,1.0,0.1246239517988259
2026-06-30,NVDA,Technology,0.020034424746420747,0.5574657899352019,0.1,0.7375,0.5,0.6968664474838004,2.0,0.10315747825584332
2026-06-30,META,Technology,0.004037262521171571,0.6361265505862227,0.8,0.5375,0.6,0.6865316376465558,3.0,-0.16874495015170476
2026-06-30,AMZN,Consumer Discretionary,-0.016098978296643085,0.4247104514615627,1.0,0.7,0.8,0.5661776128653906,4.0,0.07130142246929405
2026-06-30,MSFT,Technology,-0.013835824828461631,0.48013383740787113,0.4,0.375,0.4,0.48503345935196784,5.0,0.09509177620181064
2026-06-30,AAPL,Technology,-0.01009014340907831,0.4586656467830183,0.2,0.3875,0.2,0.4771664116957546,6.0,0.007629403465521545
2026-06-30,JPM,Financials,-0.025956932919574342,0.47392409734534025,0.5,0.5625,0.9,0.47598102433633505,7.0,-0.013254699759842947
2026-06-30,TSLA,Consumer Discretionary,-0.015942969539056183,0.42985026146012106,0.7,0.3125,0.3,0.4449625653650302,8.0,0.10310056835196213
2026-06-30,JNJ,Healthcare,-0.0384840776951384,0.3088807775430358,0.3,0.725,0.7,0.392220194385759,9.0,0.02437679208193355
2026-06-30,XOM,Energy,-0.05386149261359313,0.3284044053773193,0.6,0.675,0.1,0.32210110134432984,10.0,-0.2618087657434862
2026-07-01,GOOGL,Technology,0.01634196419109827,0.5663651146832819,0.9,0.48750000000000004,1.0,0.7440912786708205,1.0,0.1351677259008135
2026-07-01,META,Technology,0.005950275944219243,0.6444107518821678,0.8,0.5375,0.6,0.688602687970542,2.0,-0.17947021193312784
2026-07-01,NVDA,Technology,0.01855714497262568,0.5452584945782608,0.1,0.7375,0.4,0.6838146236445652,3.0,0.09178516184812158
2026-07-01,AMZN,Consumer Discretionary,-0.011617082303551306,0.4364806005209291,1.0,0.7,0.8,0.6041201501302322,4.0,0.06448261091704466
2026-07-01,MSFT,Technology,-0.009333049650517851,0.49912252954824277,0.5,0.375,0.5,0.5447806323870606,5.0,0.07887786867503932
2026-07-01,JPM,Financials,-0.019983622215812416,0.4931492534407663,0.6,0.5625,0.9,0.4907873133601916,6.0,-0.011253961251076361
2026-07-01,AAPL,Technology,-0.009714445679574612,0.45548351184478897,0.2,0.3875,0.2,0.4413708779611973,7.0,0.05260049393042032
2026-07-01,TSLA,Consumer Discretionary,-0.014583439952968435,0.4286632617100132,0.7,0.3125,0.3,0.40966581542750324,8.0,0.07701169361654348
2026-07-01,JNJ,Healthcare,-0.035158517248101595,0.3138322391776809,0.4,0.725,0.7,0.40345805979442023,9.0,0.04102101143962855
2026-07-01,XOM,Energy,-0.04665098262715946,0.35642263427321275,0.3,0.675,0.1,0.2991056585683032,10.0,-0.24629718908971532
2026-07-02,GOOGL,Technology,0.020633668931572806,0.5867075225455967,0.9,0.48750000000000004,0.9,0.7391768806363991,1.0,0.15742171387808424
2026-07-02,NVDA,Technology,0.020695052808366268,0.5583223737445921,0.2,0.7375,0.5,0.7070805934361482,2.0,0.11258095079295538
2026-07-02,AMZN,Consumer Discretionary,0.0017761714393736655,0.4771835991142011,1.0,0.7,1.0,0.7042958997785502,3.0,0.0735959503761876
2026-07-02,META,Technology,0.006390218173080018,0.6540978521555179,0.7,0.5375,0.6,0.6810244630388793,4.0,-0.13827754510991574
2026-07-02,JPM,Financials,-0.02246730391264308,0.48555062476091476,0.6,0.5625,0.8,0.4788876561902287,5.0,0.024486811892807436
2026-07-02,TSLA,Consumer Discretionary,-0.013627878744470858,0.4259084034174666,0.8,0.3125,0.3,0.4539771008543666,6.0,0.03875629346635656
2026-07-02,AAPL,Technology,-0.010987128284227944,0.45078422493804604,0.1,0.3875,0.2,0.4301960562345115,7.0,0.13833788265123959
2026-07-02,MSFT,Technology,-0.015307226851289395,0.478241993094509,0.5,0.375,0.4,0.4245604982736273,8.0,0.04329494970449965
2026-07-02,JNJ,Healthcare,-0.0327590334744987,0.3286726445289607,0.3,0.725,0.7,0.39716816113224024,9.0,0.054506077375924944
2026-07-02,XOM,Energy,-0.0418733443829468,0.37697126804396,0.4,0.675,0.1,0.31424281701099,10.0,-0.16880705966362308
2026-07-03,GOOGL,Technology,0.01811351678336346,0.5827761569187608,0.8,0.48750000000000004,0.8,0.7181940392296904,1.0,0.11746995925619719
2026-07-03,AMZN,Consumer Discretionary,0.0004103398635126991,0.4767825172898957,1.0,0.7,0.9,0.6941956293224738,2.0,0.0995088128253454
2026-07-03,NVDA,Technology,0.021501453995938488,0.5628396468223981,0.1,0.7375,0.4,0.6882099117055995,3.0,0.13397678213207342
2026-07-03,META,Technology,0.0064445079765125335,0.6528490146258449,0.7,0.5375,0.5,0.6707122536564613,4.0,-0.1434717128580899
2026-07-03,JPM,Financials,-0.017581225694811346,0.5074483307382088,0.4,0.5625,1.0,0.5193620826845522,5.0,0.05497465640460675
2026-07-03,TSLA,Consumer Discretionary,-0.004718407949747752,0.44547226213072977,0.9,0.3125,0.6,0.4988680655326825,6.0,0.02943335487760379
2026-07-03,AAPL,Technology,-0.0015642481795577886,0.48572018788850735,0.2,0.3875,0.2,0.4489300469721269,7.0,0.12643082435968123
2026-07-03,JNJ,Healthcare,-0.03886773115915892,0.29893252728172653,0.6,0.725,0.7,0.3847331318204316,8.0,0.011543204578516653
2026-07-03,MSFT,Technology,-0.017880720881183317,0.47231567325294294,0.5,0.375,0.3,0.3780789183132357,9.0,0.009836669716635438
2026-07-03,XOM,Energy,-0.030227717293511806,0.41693805202825684,0.3,0.675,0.1,0.3492345130070642,10.0,-0.1415911844598765
2026-07-06,GOOGL,Technology,0.014143860775619205,0.5787228228207318,0.8,0.48750000000000004,0.7,0.7421807057051829,1.0,0.1355920408528799
2026-07-06,AMZN,Consumer Discretionary,0.0006129596535268307,0.47475834625668134,1.0,0.7,1.0,0.6686895865641703,2.0,0.09754450503317713
2026-07-06,NVDA,Technology,0.012574931862915528,0.5157698906617414,0.2,0.7375,0.3,0.6414424726654354,3.0,0.06579043323925293
2026-07-06,META,Technology,0.007347542929351084,0.6512754289342378,0.6,0.5375,0.5,0.6253188572335595,4.0,-0.12160440763425762
2026-07-06,AAPL,Technology,0.008250692412220461,0.5123993369412548,0.1,0.3875,0.2,0.5155998342353137,5.0,0.0997920344067178
2026-07-06,TSLA,Consumer Discretionary,-0.0009564950121769395,0.44661874405266405,0.9,0.3125,0.6,0.49915468601316604,6.0,0.02074790160941009
2026-07-06,JPM,Financials,-0.02161978967622103,0.48741836778799397,0.5,0.5625,0.9,0.4793545919469985,7.0,0.027539108396325007
2026-07-06,MSFT,Technology,-0.01737754501016882,0.4691698570641723,0.7,0.375,0.4,0.4422924642660431,8.0,-0.01196343985565429
2026-07-06,JNJ,Healthcare,-0.028922500612049276,0.33131371451165104,0.3,0.725,0.8,0.40782842862791274,9.0,0.03952620578520549
2026-07-06,XOM,Energy,-0.04531917163116816,0.3486441066917484,0.4,0.675,0.1,0.3071610266729371,10.0,-0.20948959763913377
2026-07-07,NVDA,Technology,0.012973412515935616,0.5289197648504778,0.2,0.7375,0.2,0.6697299412126194,1.0,0.0476219041364232
2026-07-07,GOOGL,Technology,0.006871004383733936,0.5423533809426687,0.8,0.48750000000000004,0.6,0.6530883452356673,2.0,0.09207325300818958
2026-07-07,META,Technology,0.006331412622515525,0.6388915743407411,0.7,0.5375,0.7,0.6522228935851851,3.0,-0.1155034784743223
2026-07-07,AMZN,Consumer Discretionary,-0.0018566884597693688,0.4659249208837703,1.0,0.7,1.0,0.6314812302209425,4.0,0.09982096961201337
2026-07-07,AAPL,Technology,0.008343382418476677,0.5014978651175411,0.1,0.3875,0.4,0.5678744662793853,5.0,0.12672542578089163
2026-07-07,TSLA,Consumer Discretionary,0.0003519050721451579,0.4624806226625456,0.9,0.3125,0.5,0.5281201556656364,6.0,0.04502232307959475
2026-07-07,JPM,Financials,-0.025772226772752753,0.48013659703183975,0.5,0.5625,0.8,0.46753414925795994,7.0,0.026842206439974037
2026-07-07,MSFT,Technology,-0.01397884958830665,0.48084544662154977,0.6,0.375,0.3,0.4252113616553874,8.0,0.028488906505641287
2026-07-07,JNJ,Healthcare,-0.026169974683296314,0.3424516543353842,0.3,0.725,0.9,0.42061291358384606,9.0,0.0571692397217165
2026-07-07,XOM,Energy,-0.045141303248991446,0.34557383666946934,0.4,0.675,0.1,0.3063934591673674,10.0,-0.20557629691596768
2026-07-08,NVDA,Technology,0.01519117672340803,0.5409261117864378,0.1,0.7375,0.3,0.6727315279466095,1.0,0.0587568477366851
2026-07-08,AMZN,Consumer Discretionary,0.0007299899396284754,0.4728704817944351,1.0,0.7,1.0,0.6682176204486087,2.0,0.09932619023529377
2026-07-08,GOOGL,Technology,0.0058618448315685455,0.5412044862646403,0.8,0.48750000000000004,0.7,0.6628011215661601,3.0,0.10272193854974021
2026-07-08,META,Technology,0.004942041551729549,0.6341082880065096,0.7,0.5375,0.6,0.6410270720016273,4.0,-0.12958582347771908
2026-07-08,AAPL,Technology,0.006477250995380532,0.4898397026923633,0.2,0.3875,0.4,0.5749599256730908,5.0,0.09036675844802611
2026-07-08,TSLA,Consumer Discretionary,-0.002241152531027417,0.4653150128530178,0.9,0.3125,0.5,0.4938287532132545,6.0,0.0656811022001329
2026-07-08,JNJ,Healthcare,-0.025095660797588792,0.3449567907579879,0.4,0.725,0.8,0.456239197689497,7.0,0.07159269457200468
2026-07-08,JPM,Financials,-0.02851077909070237,0.4617791702594172,0.5,0.5625,0.9,0.4379447925648543,8.0,0.000548473403886085
2026-07-08,MSFT,Technology,-0.017735897197685827,0.4734869053071502,0.6,0.375,0.2,0.41337172632678754,9.0,-0.0044812088703820585
2026-07-08,XOM,Energy,-0.044899233864729216,0.3419721545596404,0.3,0.675,0.1,0.29549303863991017,10.0,-0.18953212166863487
2026-07-09,META,Technology,0.008753718806130998,0.6431247770248449,0.6,0.5375,0.7,0.7132811942562113,1.0,-0.1392390052899205
2026-07-09,NVDA,Technology,0.018033752458023,0.5508534126924289,0.2,0.7375,0.2,0.6752133531731073,2.0,0.07005708888923179
2026-07-09,AMZN,Consumer Discretionary,-0.0014750862587141222,0.4639933561340154,1.0,0.7,1.0,0.6309983390335038,3.0,0.09766390789875778
2026-07-09,GOOGL,Technology,0.0035933851907571555,0.528062954648269,0.9,0.48750000000000004,0.6,0.6245157386620672,4.0,0.09974222624246565
2026-07-09,AAPL,Technology,0.005996436180260974,0.4990921294795967,0.1,0.3875,0.3,0.5222730323698992,5.0,0.09031589756199598
2026-07-09,TSLA,Consumer Discretionary,-9.601137724100494e-06,0.4767392717838486,0.8,0.3125,0.5,0.5216848179459622,6.0,0.06568092800276171
2026-07-09,JNJ,Healthcare,-0.024872639434838827,0.3403508803594097,0.4,0.725,0.9,0.4650877200898525,7.0,0.10637977822566347
2026-07-09,MSFT,Technology,-0.01528258282041695,0.478414036657238,0.7,0.375,0.4,0.44460350916430946,8.0,-0.0046516080782232905
2026-07-09,JPM,Financials,-0.028412559558812778,0.46588396766292833,0.5,0.5625,0.8,0.42897099191573207,9.0,-0.0021973872125913285
2026-07-09,XOM,Energy,-0.03667736714695052,0.3730623474175077,0.3,0.675,0.1,0.303265586854377,10.0,-0.17575195922351472
2026-07-10,META,Technology,0.020677312251254264,0.6775417898297393,0.5,0.5375,0.9,0.7668854474574349,1.0,-0.11264222626028064
2026-07-10,AMZN,Consumer Discretionary,0.0024030042865413417,0.4756222728311771,1.0,0.7,1.0,0.7389055682077942,2.0,0.10123836189045621
2026-07-10,NVDA,Technology,0.011364827630668695,0.5315445792574889,0.2,0.7375,0.2,0.6353861448143723,3.0,0.03880227023678495
2026-07-10,GOOGL,Technology,-0.0013612742776155963,0.5091876605305657,0.9,0.48750000000000004,0.6,0.5497969151326415,4.0,0.12462930693168306
2026-07-10,TSLA,Consumer Discretionary,-0.0005127062253287708,0.4794376877986843,0.7,0.3125,0.5,0.547359421949671,5.0,0.057438905417459996
2026-07-10,JPM,Financials,-0.022822849519659495,0.48407570569382746,0.6,0.5625,0.7,0.4685189264234569,6.0,0.01994346142580672
2026-07-10,MSFT,Technology,-0.017360250586443457,0.4715270580695422,0.8,0.375,0.4,0.4528817645173856,7.0,-0.03744852260195786
2026-07-10,AAPL,Technology,-0.0005803715061699381,0.48197757480337317,0.1,0.3875,0.3,0.44799439370084326,8.0,0.05865041237215407
2026-07-10,JNJ,Healthcare,-0.02408711095130517,0.346107235814657,0.4,0.725,0.8,0.4215268089536643,9.0,0.08376658578247986
2026-07-10,XOM,Energy,-0.041967740070764474,0.356507280910587,0.3,0.675,0.1,0.2991268202276468,10.0,-0.1572126175417724
2026-07-13,META,Technology,0.02398355714451804,0.6815512271201074,0.4,0.5375,0.9,0.7578878067800269,1.0,-0.1055322831345169
2026-07-13,AMZN,Consumer Discretionary,0.002712790504364088,0.47061350311765604,1.0,0.7,1.0,0.7026533757794139,2.0,0.09793487151675895
2026-07-13,TSLA,Consumer Discretionary,0.008240987946189661,0.4953004299090949,0.8,0.3125,0.6,0.6413251074772739,3.0,0.04141178465786455
2026-07-13,NVDA,Technology,0.004162229872807316,0.5012032059757585,0.3,0.7375,0.2,0.6028008014939397,4.0,-0.04751624058562409
2026-07-13,GOOGL,Technology,0.0012399805647877588,0.5220885738423425,0.9,0.48750000000000004,0.5,0.5780221434605857,5.0,0.0980163874505211
2026-07-13,JPM,Financials,-0.024325662507244286,0.47804937966001243,0.6,0.5625,0.7,0.4670123449150031,6.0,0.009755954341064799
2026-07-13,MSFT,Technology,-0.018913868139941788,0.4748812096730097,0.7,0.375,0.4,0.44372030241825244,7.0,-0.08542991576309589
2026-07-13,JNJ,Healthcare,-0.029322507099691086,0.32875759935558463,0.5,0.725,0.8,0.42718939983889614,8.0,0.0769322567272035
2026-07-13,AAPL,Technology,0.0008385021268632793,0.48787033053988865,0.1,0.3875,0.3,0.4144675826349722,9.0,0.08767492989555103
2026-07-13,XOM,Energy,-0.0426328577707505,0.37829412838155535,0.2,0.675,0.1,0.29457353209538883,10.0,-0.15807849768546411
2026-07-14,META,Technology,0.024520014842848506,0.6855683161667314,0.3,0.5375,0.9,0.7488920790416829,1.0,-0.05315279156800001
2026-07-14,AMZN,Consumer Discretionary,0.0034667169177880737,0.47238318509139166,1.0,0.7,1.0,0.7380957962728478,2.0,0.0731543963326946
2026-07-14,GOOGL,Technology,0.003483649970817315,0.5356774180442756,0.8,0.48750000000000004,0.5,0.676419354511069,3.0,0.09742192054305998
2026-07-14,TSLA,Consumer Discretionary,0.00253314190363589,0.4742744074420364,0.7,0.3125,0.6,0.5560686018605091,4.0,0.04903224451812527
2026-07-14,NVDA,Technology,-0.010495619455062168,0.44273837809273614,0.5,0.7375,0.2,0.503184594523184,5.0,-0.11208864787144068
2026-07-14,MSFT,Technology,-0.012109503760368573,0.48486873243885353,0.9,0.375,0.4,0.4662171831097134,6.0,-0.0704359957840347
2026-07-14,AAPL,Technology,-0.0033962414986141503,0.4653523137547792,0.2,0.3875,0.3,0.45383807843869484,7.0,0.07026999236905818
2026-07-14,JPM,Financials,-0.02090944663249942,0.4901375197982105,0.4,0.5625,0.7,0.4500343799495526,8.0,0.021353782139109434
2026-07-14,JNJ,Healthcare,-0.025561498667503985,0.340789969157599,0.6,0.725,0.8,0.44019749228939975,9.0,0.0926830838437731
2026-07-14,XOM,Energy,-0.03763449196615302,0.39577282790703106,0.1,0.675,0.1,0.2889432069767578,10.0,-0.07318009156940675
2026-07-15,META,Technology,0.024052600781318337,0.6845592541440634,0.3,0.5375,0.9,0.7486398135360158,1.0,-0.04811090722827305
2026-07-15,AMZN,Consumer Discretionary,0.004980045689607724,0.4812695006273479,1.0,0.7,1.0,0.7403173751568369,2.0,0.08350145781582352
2026-07-15,TSLA,Consumer Discretionary,0.005298778547090247,0.4869095184687714,0.7,0.3125,0.7,0.6392273796171928,3.0,0.03299238971834617
2026-07-15,GOOGL,Technology,0.0036122886612362528,0.5387033278069581,0.8,0.48750000000000004,0.5,0.6071758319517395,4.0,0.07996443374208462
2026-07-15,NVDA,Technology,-0.013625796694131146,0.4304293969576324,0.6,0.7375,0.2,0.5101073492394081,5.0,-0.12927902745709663
2026-07-15,JPM,Financials,-0.021867562929562004,0.4803866656320373,0.5,0.5625,0.8,0.46759666640800934,6.0,-0.018477954932953344
2026-07-15,MSFT,Technology,-0.015873689685391143,0.47006305340736365,0.9,0.375,0.4,0.46251576335184097,7.0,-0.07067042453563355
2026-07-15,AAPL,Technology,-0.0025904752073223824,0.46583059062817744,0.2,0.3875,0.3,0.4539576476570444,8.0,0.05515237862889899
2026-07-15,JNJ,Healthcare,-0.035259829514497326,0.3050582503694348,0.4,0.725,0.6,0.35626456259235867,9.0,0.17423540232599355
2026-07-15,XOM,Energy,-0.030209822122577168,0.43336178832564803,0.1,0.675,0.1,0.33334044708141203,10.0,-0.0342368808179907
2026-07-16,META,Technology,0.022148629556685326,0.6813900410313581,0.3,0.5375,0.9,0.7478475102578396,1.0,-0.028410091083475475
2026-07-16,AMZN,Consumer Discretionary,0.002041695811648254,0.4791252576733039,0.7,0.7,1.0,0.7097813144183258,2.0,0.09261742788429417
2026-07-16,TSLA,Consumer Discretionary,0.00958283788943758,0.5011630684149532,0.8,0.3125,0.8,0.6627907671037383,3.0,0.030104909993876605
2026-07-16,GOOGL,Technology,-0.00045153992647518296,0.5248708776676771,1.0,0.48750000000000004,0.5,0.6237177194169193,4.0,0.10344482077351547
2026-07-16,MSFT,Technology,-0.009659280285168576,0.48816466528699043,0.9,0.375,0.4,0.5020411663217477,5.0,-0.00645117586109778
2026-07-16,NVDA,Technology,-0.011308881747613105,0.4440675724815935,0.6,0.7375,0.2,0.4785168931203984,6.0,-0.15179777612378764
2026-07-16,JPM,Financials,-0.025541928786190736,0.46963040827277586,0.5,0.5625,0.7,0.454907602068194,7.0,-0.018490113833842803
2026-07-16,AAPL,Technology,-0.006910184478311274,0.44939654823935893,0.2,0.3875,0.3,0.44984913705983975,8.0,0.07201461317379665
2026-07-16,JNJ,Healthcare,-0.03212265941845074,0.31547271757919076,0.4,0.725,0.6,0.3588681793947977,9.0,0.18176770860618796
2026-07-16,XOM,Energy,-0.031228601807901595,0.42953006762347634,0.1,0.675,0.1,0.3323825169058691,10.0,-0.0021223043984525125
2026-07-17,META,Technology,0.015189168269987058,0.654035582930085,0.2,0.5375,0.7,0.7110088957325212,1.0,0.03771473371343781
2026-07-17,TSLA,Consumer Discretionary,0.010332031656928704,0.5089024388078629,0.7,0.3125,0.9,0.6647256097019656,2.0,0.018281007585928544
2026-07-17,AMZN,Consumer Discretionary,-0.005220412397508238,0.4499654242882735,0.8,0.7,1.0,0.6424913560720683,3.0,0.04805076746110615
2026-07-17,GOOGL,Technology,0.002447219847423874,0.5350176537933236,0.9,0.48750000000000004,0.4,0.6062544134483309,4.0,0.06904236774340733
2026-07-17,AAPL,Technology,0.003398486105277018,0.48827877293454675,0.3,0.3875,0.5,0.5595696932336367,5.0,0.06257729447873661
2026-07-17,MSFT,Technology,-0.009423428868953667,0.4887754915802038,1.0,0.375,0.3,0.502193872895051,6.0,-0.00278901976517687
2026-07-17,NVDA,Technology,-0.021419667968708166,0.40280200749987266,0.6,0.7375,0.2,0.4682005018749682,7.0,-0.1890452310638494
2026-07-17,JPM,Financials,-0.025958141440301938,0.46922813002137553,0.5,0.5625,0.8,0.4648070325053439,8.0,-0.01101986099066754
2026-07-17,JNJ,Healthcare,-0.028447004938016565,0.32469481512135434,0.4,0.725,0.6,0.3611737037803386,9.0,0.1704423103768693
2026-07-17,XOM,Energy,-0.026734652537525376,0.4414799475203509,0.1,0.675,0.1,0.33536998688008773,10.0,0.023181998454516073
2026-07-20,TSLA,Consumer Discretionary,0.014538365923235123,0.5188030195285723,0.9,0.3125,1.0,0.732200754882143,1.0,0.01799951071301975
2026-07-20,META,Technology,0.011922137400025247,0.6443088081334484,0.1,0.5375,0.6,0.6535772020333621,2.0,0.0797022837783552
2026-07-20,GOOGL,Technology,-0.001384676691189279,0.5158373143282612,1.0,0.48750000000000004,0.5,0.6214593285820653,3.0,0.0495285111362056
2026-07-20,AAPL,Technology,0.010660345482131208,0.5048147681082631,0.3,0.3875,0.7,0.5837036920270657,4.0,0.03362006438979037
2026-07-20,AMZN,Consumer Discretionary,-0.006985799712155863,0.44501224111006354,0.6,0.7,0.9,0.5762530602775159,5.0,0.040808244552785755
2026-07-20,MSFT,Technology,-0.0031333954816695677,0.5140737130729688,0.7,0.375,0.3,0.5135184282682422,6.0,-0.008702478004561032
2026-07-20,NVDA,Technology,-0.01598462208360238,0.4143977672450217,0.8,0.7375,0.2,0.45609944181125545,7.0,-0.20175016983983984
2026-07-20,JPM,Financials,-0.023523525504355047,0.47601594787762613,0.5,0.5625,0.8,0.4315039869694065,8.0,-0.04247811289396175
2026-07-20,XOM,Energy,-0.015707290633794932,0.47579895994946864,0.2,0.675,0.1,0.4239497399873672,9.0,0.025483663985105265
2026-07-20,JNJ,Healthcare,-0.031422584311135475,0.31398370704257267,0.4,0.725,0.4,0.3384959267606432,10.0,0.164648096677658
2026-07-21,TSLA,Consumer Discretionary,0.00995089039924274,0.5145568322193744,0.7,0.3125,1.0,0.7111392080548435,1.0,0.04167509731032237
2026-07-21,AMZN,Consumer Discretionary,-0.010514861574560795,0.4438444741815963,0.8,0.7,0.9,0.630961118545399,2.0,0.022408897897169933
2026-07-21,GOOGL,Technology,0.0020371344768477513,0.5399173025947123,1.0,0.48750000000000004,0.5,0.6274793256486781,3.0,0.06649642617848595
2026-07-21,META,Technology,0.004076429911284484,0.6178628032527377,0.2,0.5375,0.6,0.6219657008131845,4.0,0.06949172380507096
2026-07-21,AAPL,Technology,0.0053118992258902155,0.49197739092207954,0.3,0.3875,0.7,0.6154943477305198,5.0,0.07117390758193043
2026-07-21,MSFT,Technology,-0.011584368739199,0.48382308483050557,0.9,0.375,0.3,0.49095577120762646,6.0,-0.030066626365960136
2026-07-21,NVDA,Technology,-0.0210962630094508,0.4050976564049835,0.6,0.7375,0.2,0.46877441410124593,7.0,-0.1885473445341559
2026-07-21,JPM,Financials,-0.024663785023014632,0.47513244807675775,0.4,0.5625,0.8,0.4562831120191894,8.0,0.00032931373099875927
2026-07-21,JNJ,Healthcare,-0.041316973240107316,0.2878085539933112,0.5,0.725,0.4,0.34195213849832773,9.0,0.11881210351330451
2026-07-21,XOM,Energy,-0.025041416015056925,0.4503006494256273,0.1,0.675,0.1,0.33757516235640683,10.0,0.008690677353673903
2026-07-22,TSLA,Consumer Discretionary,0.006098118633815321,0.49959176575560915,0.8,0.3125,0.9,0.6723979414389022,1.0,0.029510311187982197
2026-07-22,GOOGL,Technology,0.00020182455625036757,0.5319262265053146,1.0,0.48750000000000004,0.5,0.6604815566263287,2.0,0.05853278168503917
2026-07-22,AAPL,Technology,0.006710251719441972,0.49896535914213175,0.3,0.3875,0.7,0.6522413397855329,3.0,0.08157169105244222
2026-07-22,AMZN,Consumer Discretionary,-0.011667730220726057,0.44281315871966587,0.7,0.7,1.0,0.5957032896799165,4.0,0.04729173298613332
2026-07-22,META,Technology,-0.0009862954971115293,0.5989779474553307,0.2,0.5375,0.6,0.5822444868638328,5.0,0.06013501990903358
2026-07-22,MSFT,Technology,-0.01128183608465473,0.47643939038714633,0.9,0.375,0.4,0.5341098475967866,6.0,-0.0106866271021816
2026-07-22,NVDA,Technology,-0.021655786976876236,0.4081967987283063,0.6,0.7375,0.2,0.4345491996820766,7.0,-0.17824567218392762
2026-07-22,JPM,Financials,-0.02176070709321285,0.485481761802779,0.4,0.5625,0.8,0.4238704404506947,8.0,0.01033150908326963
2026-07-22,XOM,Energy,-0.017199545473106155,0.47867255129753233,0.1,0.675,0.1,0.4146681378243831,9.0,0.07190650164189649
2026-07-22,JNJ,Healthcare,-0.03659138802591596,0.3105576978941589,0.5,0.725,0.3,0.3376394244735397,10.0,0.11250670906430771
2026-07-23,TSLA,Consumer Discretionary,0.005518292673850863,0.5010878024280596,0.8,0.3125,1.0,0.7177719506070149,1.0,-0.0005077790402551186
2026-07-23,GOOGL,Technology,0.0024705185924190714,0.5356676700777018,0.9,0.48750000000000004,0.4,0.6764169175194255,2.0,0.014589650430691714
2026-07-23,AMZN,Consumer Discretionary,-0.010643419893270493,0.44522776711785916,0.7,0.7,0.9,0.6213069417794647,3.0,0.03824811787637694
2026-07-23,META,Technology,-6.340891563294841e-05,0.6022455330884893,0.1,0.5375,0.7,0.6180613832721222,4.0,0.03318132349859182
2026-07-23,AAPL,Technology,-0.0028299859635211467,0.4599668214158798,0.5,0.3875,0.5,0.53749170535397,5.0,0.06667981243066712
2026-07-23,MSFT,Technology,-0.011516109717945604,0.4756956873719081,1.0,0.375,0.6,0.5289239218429771,6.0,-0.0369393996495706
2026-07-23,JPM,Financials,-0.021758588443159442,0.4865175345456885,0.4,0.5625,0.8,0.45912938363642214,7.0,0.00820123741627743
2026-07-23,XOM,Energy,-0.01970886222853531,0.4645608313647083,0.2,0.675,0.1,0.4211402078411771,8.0,0.054807166251566786
2026-07-23,NVDA,Technology,-0.026060469277452716,0.39400614623230207,0.6,0.7375,0.2,0.3960015365580755,9.0,-0.18419671080445799
2026-07-23,JNJ,Healthcare,-0.040056145942202484,0.3023257652739125,0.3,0.725,0.3,0.3155814413184781,10.0,0.13232289546500997
2026-07-24,GOOGL,Technology,0.001693287058006752,0.5248143249185996,1.0,0.48750000000000004,0.5,0.72870358122965,1.0,0.013043481758654885
2026-07-24,AMZN,Consumer Discretionary,-0.010552271927482775,0.4444304102213009,0.9,0.7,1.0,0.6511076025553252,2.0,-0.0021167363895346902
2026-07-24,AAPL,Technology,0.0013646938529821694,0.4663297741022249,0.6,0.3875,0.6,0.6290824435255564,3.0,0.03221744068348187
2026-07-24,TSLA,Consumer Discretionary,0.0008475473430082283,0.4886418768467924,0.7,0.3125,0.9,0.624660469211698,4.0,0.0007772807307062646
2026-07-24,META,Technology,0.0005689427172082245,0.605024775200451,0.2,0.5375,0.8,0.6037561938001128,5.0,0.020489158725740753
2026-07-24,MSFT,Technology,-0.012649551147257616,0.4733309072269546,0.8,0.375,0.3,0.47833272680673866,6.0,0.031166619430238907
2026-07-24,NVDA,Technology,-0.017133189750962258,0.4347209063501893,0.5,0.7375,0.2,0.4661802265875473,7.0,-0.15996155962431124
2026-07-24,JPM,Financials,-0.02800504313774365,0.45626023944335004,0.3,0.5625,0.7,0.3965650598608375,8.0,-0.022139651978202668
2026-07-24,XOM,Energy,-0.019114629727403423,0.47237316354693354,0.1,0.675,0.1,0.3780932908867334,9.0,0.03265430472770969
2026-07-24,JNJ,Healthcare,-0.03514158410092812,0.3170633497291128,0.4,0.725,0.4,0.33926583743227823,10.0,0.08059286591935533
